<DATE>	<TIME>	<OPEN>	<HIGH>	<LOW>	<CLOSE>	<TICKVOL>	<VOL>	<SPREAD>
2024.04.11	00:00:00	2335.489	2335.972	2333.324	2335.123	5047	0	199
2024.04.11	01:00:00	2335.082	2342.260	2334.027	2340.653	7877	0	199
2024.04.11	02:00:00	2340.599	2345.790	2339.480	2343.835	4865	0	199
2024.04.11	03:00:00	2343.825	2346.939	2342.915	2343.967	4607	0	199
2024.04.11	04:00:00	2343.911	2346.089	2341.428	2342.975	4399	0	199
2024.04.11	05:00:00	2342.956	2344.557	2338.877	2341.881	5183	0	199
2024.04.11	06:00:00	2341.835	2342.170	2333.881	2335.990	7987	0	199
2024.04.11	07:00:00	2336.039	2340.669	2335.177	2336.396	7797	0	199
2024.04.11	08:00:00	2336.437	2337.953	2325.593	2327.970	8520	0	199
2024.04.11	09:00:00	2327.942	2335.278	2327.900	2330.778	6672	0	199
2024.04.11	10:00:00	2330.727	2339.200	2330.645	2338.514	6301	0	199
2024.04.11	11:00:00	2338.514	2339.678	2335.620	2337.254	5851	0	199
2024.04.11	12:00:00	2337.269	2344.369	2331.625	2341.406	16846	0	199
2024.04.11	13:00:00	2341.365	2347.431	2336.877	2343.341	16340	0	199
2024.04.11	14:00:00	2343.309	2346.824	2332.269	2338.968	18064	0	199
2024.04.11	15:00:00	2339.000	2345.533	2337.567	2344.667	8370	0	199
2024.04.11	16:00:00	2344.713	2350.802	2342.660	2349.778	7817	0	199
2024.04.11	17:00:00	2349.788	2357.232	2348.023	2356.250	9166	0	199
2024.04.11	18:00:00	2356.273	2364.997	2355.629	2361.437	7796	0	199
2024.04.11	19:00:00	2361.477	2374.624	2361.377	2372.744	7125	0	199
2024.04.11	20:00:00	2372.820	2377.721	2372.218	2373.250	5040	0	199
2024.04.11	22:00:00	2371.543	2379.373	2371.219	2373.593	3187	0	599
2024.04.11	23:00:00	2373.658	2377.113	2373.658	2377.001	4068	0	199
2024.04.12	00:00:00	2376.787	2379.126	2374.580	2378.633	4762	0	199
2024.04.12	01:00:00	2378.681	2391.426	2378.667	2390.701	19257	0	199
2024.04.12	02:00:00	2390.741	2395.458	2387.897	2390.502	11373	0	199
2024.04.12	03:00:00	2390.550	2391.196	2382.961	2384.240	6855	0	199
2024.04.12	04:00:00	2384.247	2387.023	2382.701	2384.202	4611	0	199
2024.04.12	05:00:00	2384.142	2390.087	2383.337	2387.513	5952	0	199
2024.04.12	06:00:00	2387.461	2395.193	2384.714	2395.030	8353	0	199
2024.04.12	07:00:00	2395.042	2400.348	2392.742	2399.913	9451	0	199
2024.04.12	08:00:00	2399.954	2400.640	2394.139	2396.714	7559	0	199
2024.04.12	09:00:00	2396.759	2400.194	2393.254	2398.072	6275	0	199
2024.04.12	10:00:00	2398.107	2400.420	2395.921	2398.123	6367	0	199
2024.04.12	11:00:00	2398.130	2398.144	2390.416	2395.362	8491	0	199
2024.04.12	12:00:00	2395.365	2397.679	2391.535	2395.805	13761	0	199
2024.04.12	13:00:00	2395.852	2406.544	2393.384	2404.308	25239	0	199
2024.04.12	14:00:00	2404.400	2429.074	2400.330	2426.587	27522	0	199
2024.04.12	15:00:00	2426.555	2431.527	2382.143	2395.556	45967	0	199
2024.04.12	16:00:00	2395.517	2395.517	2360.695	2369.236	35846	0	199
2024.04.12	17:00:00	2369.286	2373.111	2346.320	2355.123	27034	0	199
2024.04.12	18:00:00	2355.089	2356.642	2335.364	2338.795	15120	0	199
2024.04.12	19:00:00	2338.742	2345.422	2333.783	2343.375	11603	0	199
2024.04.12	20:00:00	2343.412	2345.169	2341.691	2344.382	4257	0	199
2024.04.14	22:00:00	2369.105	2371.920	2346.783	2356.806	7206	0	199
2024.04.14	23:00:00	2356.771	2365.290	2354.821	2364.486	4465	0	599
2024.04.15	00:00:00	2364.665	2366.003	2350.444	2353.245	11452	0	199
2024.04.15	01:00:00	2353.280	2359.776	2348.395	2355.633	18068	0	199
2024.04.15	02:00:00	2355.615	2364.654	2353.551	2359.565	10059	0	199
2024.04.15	03:00:00	2359.586	2360.403	2354.725	2358.511	7209	0	199
2024.04.15	04:00:00	2358.444	2358.691	2355.562	2356.659	4501	0	199
2024.04.15	05:00:00	2356.668	2362.467	2352.082	2361.097	7382	0	199
2024.04.15	06:00:00	2361.080	2361.513	2353.047	2354.858	10690	0	199
2024.04.15	07:00:00	2354.816	2356.356	2349.952	2353.051	9196	0	199
2024.04.15	08:00:00	2353.038	2356.011	2344.710	2351.557	10749	0	199
2024.04.15	09:00:00	2351.585	2353.498	2346.308	2349.609	6928	0	199
2024.04.15	10:00:00	2349.626	2356.981	2349.189	2356.747	5869	0	199
2024.04.15	11:00:00	2356.711	2361.183	2355.500	2357.947	7280	0	199
2024.04.15	12:00:00	2357.985	2359.260	2351.100	2357.347	12445	0	199
2024.04.15	13:00:00	2357.379	2361.138	2343.118	2348.627	19648	0	199
2024.04.15	14:00:00	2348.596	2352.501	2324.114	2349.464	34998	0	199
2024.04.15	15:00:00	2349.417	2352.576	2342.572	2351.685	15008	0	199
2024.04.15	16:00:00	2351.706	2359.988	2346.117	2357.120	11109	0	199
2024.04.15	17:00:00	2357.099	2370.645	2354.065	2365.439	14350	0	199
2024.04.15	18:00:00	2365.376	2378.187	2363.679	2375.865	9389	0	199
2024.04.15	19:00:00	2375.832	2387.636	2373.941	2386.315	12409	0	199
2024.04.15	20:00:00	2386.369	2386.718	2380.037	2382.778	4668	0	199
2024.04.15	22:00:00	2380.800	2392.013	2380.686	2384.121	3381	0	599
2024.04.15	23:00:00	2384.120	2387.325	2381.073	2381.833	4035	0	199
2024.04.16	00:00:00	2381.896	2387.654	2380.127	2383.451	7039	0	199
2024.04.16	01:00:00	2383.400	2386.953	2379.216	2383.675	10756	0	199
2024.04.16	02:00:00	2383.690	2388.008	2379.530	2386.145	7066	0	199
2024.04.16	03:00:00	2386.092	2389.328	2384.437	2387.870	5861	0	199
2024.04.16	04:00:00	2387.903	2388.251	2384.000	2386.050	5736	0	199
2024.04.16	05:00:00	2386.106	2389.020	2384.890	2386.485	5341	0	199
2024.04.16	06:00:00	2386.217	2388.142	2368.630	2373.032	12469	0	199
2024.04.16	07:00:00	2372.996	2375.232	2362.964	2365.653	9624	0	199
2024.04.16	08:00:00	2365.497	2371.925	2365.102	2369.409	6818	0	199
2024.04.16	09:00:00	2369.444	2373.198	2367.428	2372.339	6287	0	199
2024.04.16	10:00:00	2372.391	2375.370	2368.633	2370.125	7427	0	199
2024.04.16	11:00:00	2370.180	2375.271	2369.685	2373.956	6924	0	199
2024.04.16	12:00:00	2373.956	2378.208	2368.478	2376.184	10610	0	199
2024.04.16	13:00:00	2376.223	2379.272	2365.228	2366.317	22988	0	199
2024.04.16	14:00:00	2366.257	2383.405	2363.470	2382.913	24908	0	199
2024.04.16	15:00:00	2382.956	2393.012	2377.843	2385.980	19968	0	199
2024.04.16	16:00:00	2386.046	2398.252	2385.465	2397.499	12184	0	199
2024.04.16	17:00:00	2397.533	2397.645	2379.716	2384.702	21555	0	199
2024.04.16	18:00:00	2384.655	2396.448	2383.489	2392.297	15237	0	199
2024.04.16	19:00:00	2392.275	2395.218	2389.049	2389.641	7455	0	199
2024.04.16	20:00:00	2389.693	2390.279	2378.367	2382.208	4305	0	199
2024.04.16	22:00:00	2382.746	2386.773	2382.396	2384.744	2638	0	599
2024.04.16	23:00:00	2384.742	2386.874	2382.662	2382.843	4449	0	199
2024.04.17	00:00:00	2382.703	2384.687	2380.709	2384.360	5686	0	199
2024.04.17	01:00:00	2384.411	2385.547	2381.283	2384.598	8107	0	199
2024.04.17	02:00:00	2384.598	2386.253	2382.255	2382.338	5124	0	199
2024.04.17	03:00:00	2382.284	2383.667	2380.672	2381.651	4694	0	199
2024.04.17	04:00:00	2381.653	2383.021	2380.242	2381.915	3233	0	199
2024.04.17	05:00:00	2381.914	2382.054	2374.146	2377.501	6142	0	199
2024.04.17	06:00:00	2377.604	2381.528	2372.643	2380.981	8320	0	199
2024.04.17	07:00:00	2380.938	2383.238	2377.911	2382.493	6441	0	199
2024.04.17	08:00:00	2382.461	2393.573	2382.461	2392.876	7313	0	199
2024.04.17	09:00:00	2392.933	2394.287	2389.778	2392.123	6822	0	199
2024.04.17	10:00:00	2392.159	2393.851	2384.966	2386.602	6757	0	199
2024.04.17	11:00:00	2386.559	2390.336	2385.764	2387.294	5795	0	199
2024.04.17	12:00:00	2387.364	2387.989	2378.346	2383.237	10949	0	199
2024.04.17	13:00:00	2383.205	2395.207	2382.912	2393.316	15628	0	199
2024.04.17	14:00:00	2393.369	2395.586	2386.055	2390.460	14677	0	199
2024.04.17	15:00:00	2390.498	2393.600	2381.913	2382.173	14816	0	199
2024.04.17	16:00:00	2382.219	2384.448	2361.002	2372.353	22313	0	199
2024.04.17	17:00:00	2372.416	2375.975	2368.035	2372.174	13999	0	199
2024.04.17	18:00:00	2372.215	2379.070	2371.840	2374.387	8997	0	199
2024.04.17	19:00:00	2374.309	2375.095	2367.806	2372.657	7458	0	199
2024.04.17	20:00:00	2372.604	2373.302	2354.546	2360.888	5869	0	199
2024.04.17	22:00:00	2363.478	2367.493	2363.478	2365.090	2429	0	599
2024.04.17	23:00:00	2365.114	2368.143	2363.469	2367.838	3675	0	199
2024.04.18	00:00:00	2367.837	2370.067	2366.831	2369.741	4558	0	199
2024.04.18	01:00:00	2369.788	2371.996	2364.047	2367.246	7880	0	199
2024.04.18	02:00:00	2367.299	2374.911	2366.651	2373.137	5961	0	199
2024.04.18	03:00:00	2373.100	2375.337	2372.293	2374.755	4821	0	199
2024.04.18	04:00:00	2374.747	2376.565	2373.136	2375.078	3550	0	199
2024.04.18	05:00:00	2375.074	2377.137	2373.769	2376.750	5208	0	199
2024.04.18	06:00:00	2376.724	2380.873	2376.262	2380.579	6385	0	199
2024.04.18	07:00:00	2380.544	2381.047	2374.922	2377.808	6041	0	199
2024.04.18	08:00:00	2377.841	2380.756	2377.364	2379.946	5699	0	199
2024.04.18	09:00:00	2379.945	2380.808	2377.722	2379.572	4833	0	199
2024.04.18	10:00:00	2379.528	2384.022	2377.227	2382.952	5217	0	199
2024.04.18	11:00:00	2382.922	2385.352	2378.908	2380.917	6106	0	199
2024.04.18	12:00:00	2380.971	2387.535	2380.628	2385.361	12080	0	199
2024.04.18	13:00:00	2385.381	2392.799	2375.398	2379.639	24893	0	199
2024.04.18	14:00:00	2379.681	2384.997	2369.477	2379.887	19463	0	199
2024.04.18	15:00:00	2379.830	2385.489	2378.504	2384.106	10806	0	199
2024.04.18	16:00:00	2384.114	2388.746	2381.462	2387.886	8394	0	199
2024.04.18	17:00:00	2387.928	2389.329	2382.207	2384.749	7911	0	199
2024.04.18	18:00:00	2384.699	2384.787	2379.502	2381.616	5999	0	199
2024.04.18	19:00:00	2381.643	2385.133	2378.057	2380.230	5375	0	199
2024.04.18	20:00:00	2380.265	2380.464	2376.855	2377.450	2781	0	200
2024.04.18	22:00:00	2378.459	2380.389	2378.044	2379.040	1626	0	599
2024.04.18	23:00:00	2379.040	2381.471	2379.040	2380.004	2591	0	199
2024.04.19	00:00:00	2379.867	2379.867	2373.708	2379.416	5470	0	199
2024.04.19	01:00:00	2379.367	2417.905	2378.719	2409.408	34054	0	199
2024.04.19	02:00:00	2409.442	2414.819	2395.396	2400.384	25693	0	199
2024.04.19	03:00:00	2400.396	2402.516	2382.831	2391.347	25733	0	199
2024.04.19	04:00:00	2391.349	2391.426	2379.297	2383.526	11638	0	199
2024.04.19	05:00:00	2383.576	2384.405	2380.267	2381.360	9120	0	199
2024.04.19	06:00:00	2381.410	2391.880	2378.600	2389.969	11598	0	199
2024.04.19	07:00:00	2390.024	2393.878	2384.561	2385.426	9300	0	199
2024.04.19	08:00:00	2385.374	2386.299	2377.970	2384.260	10373	0	199
2024.04.19	09:00:00	2384.278	2386.127	2379.874	2381.036	7299	0	199
2024.04.19	10:00:00	2381.022	2383.136	2379.205	2381.054	6552	0	199
2024.04.19	11:00:00	2381.060	2381.294	2372.761	2376.819	10561	0	199
2024.04.19	12:00:00	2376.854	2384.514	2374.458	2381.470	10579	0	199
2024.04.19	13:00:00	2381.414	2386.813	2373.074	2378.574	16490	0	199
2024.04.19	14:00:00	2378.626	2392.018	2378.591	2391.065	16481	0	199
2024.04.19	15:00:00	2391.018	2396.008	2389.199	2394.753	11640	0	199
2024.04.19	16:00:00	2394.753	2399.688	2389.793	2399.618	8608	0	199
2024.04.19	17:00:00	2399.588	2401.970	2392.305	2393.649	8573	0	199
2024.04.19	18:00:00	2393.701	2398.148	2392.683	2398.148	5655	0	199
2024.04.19	19:00:00	2398.156	2398.270	2386.590	2387.607	6725	0	199
2024.04.19	20:00:00	2387.652	2391.251	2386.631	2390.677	3713	0	199
2024.04.21	22:00:00	2384.011	2388.596	2381.878	2383.830	4857	0	199
2024.04.21	23:00:00	2383.814	2387.822	2382.970	2386.483	4943	0	199
2024.04.22	00:00:00	2386.506	2386.506	2381.091	2382.131	5914	0	199
2024.04.22	01:00:00	2382.113	2384.234	2376.050	2378.025	9398	0	199
2024.04.22	02:00:00	2378.072	2378.113	2372.558	2372.717	5560	0	199
2024.04.22	03:00:00	2372.689	2372.689	2361.672	2369.325	10117	0	199
2024.04.22	04:00:00	2369.385	2372.902	2368.722	2369.678	5281	0	199
2024.04.22	05:00:00	2369.677	2370.499	2360.810	2365.492	9691	0	199
2024.04.22	06:00:00	2365.441	2367.018	2351.323	2355.879	11371	0	199
2024.04.22	07:00:00	2355.829	2361.113	2354.917	2360.983	8523	0	199
2024.04.22	08:00:00	2360.959	2363.052	2357.848	2359.512	6250	0	199
2024.04.22	09:00:00	2359.472	2363.644	2359.051	2361.185	5926	0	199
2024.04.22	10:00:00	2361.140	2361.435	2356.062	2357.639	5375	0	199
2024.04.22	11:00:00	2357.680	2357.680	2339.365	2342.055	11982	0	199
2024.04.22	12:00:00	2342.040	2350.382	2332.927	2336.810	14919	0	199
2024.04.22	13:00:00	2336.861	2343.738	2331.030	2338.468	22721	0	199
2024.04.22	14:00:00	2338.401	2343.860	2332.922	2341.215	13346	0	199
2024.04.22	15:00:00	2341.262	2341.851	2332.716	2334.797	9729	0	199
2024.04.22	16:00:00	2334.789	2336.455	2328.912	2329.846	7535	0	199
2024.04.22	17:00:00	2329.843	2334.862	2329.576	2330.006	6526	0	199
2024.04.22	18:00:00	2330.057	2330.987	2324.497	2327.592	5501	0	199
2024.04.22	19:00:00	2327.623	2331.670	2327.337	2329.332	4327	0	199
2024.04.22	20:00:00	2329.290	2330.178	2325.319	2326.498	2497	0	199
2024.04.22	22:00:00	2329.070	2331.320	2326.641	2330.253	2640	0	599
2024.04.22	23:00:00	2330.326	2333.929	2328.082	2333.737	4098	0	199
2024.04.23	00:00:00	2333.712	2333.830	2330.086	2332.589	4590	0	199
2024.04.23	01:00:00	2332.557	2334.377	2295.500	2298.946	23658	0	199
2024.04.23	02:00:00	2298.976	2314.265	2298.284	2301.871	16915	0	199
2024.04.23	03:00:00	2301.873	2307.237	2300.881	2302.608	8520	0	199
2024.04.23	04:00:00	2302.579	2308.201	2301.707	2305.489	5481	0	199
2024.04.23	05:00:00	2305.493	2314.746	2304.273	2308.229	8296	0	199
2024.04.23	06:00:00	2308.203	2309.988	2298.841	2301.983	10377	0	199
2024.04.23	07:00:00	2301.946	2311.255	2301.153	2309.052	8943	0	199
2024.04.23	08:00:00	2309.091	2309.766	2301.857	2303.296	7625	0	199
2024.04.23	09:00:00	2303.232	2303.444	2291.321	2295.671	10872	0	199
2024.04.23	10:00:00	2295.653	2306.191	2295.426	2303.205	6902	0	199
2024.04.23	11:00:00	2303.187	2303.279	2299.751	2302.135	6534	0	199
2024.04.23	12:00:00	2302.145	2313.588	2301.272	2311.713	10874	0	199
2024.04.23	13:00:00	2311.773	2330.688	2309.497	2329.651	22809	0	199
2024.04.23	14:00:00	2329.485	2332.162	2314.410	2320.387	23432	0	199
2024.04.23	15:00:00	2320.421	2324.503	2315.200	2323.196	11162	0	199
2024.04.23	16:00:00	2323.224	2331.162	2321.704	2330.229	8201	0	199
2024.04.23	17:00:00	2330.233	2331.351	2325.018	2326.313	7110	0	199
2024.04.23	18:00:00	2326.304	2329.761	2323.571	2324.253	5197	0	199
2024.04.23	19:00:00	2324.247	2325.112	2321.196	2322.307	4111	0	199
2024.04.23	20:00:00	2322.352	2323.274	2321.376	2321.929	2381	0	199
2024.04.23	22:00:00	2322.080	2322.914	2321.097	2321.683	1857	0	599
2024.04.23	23:00:00	2321.664	2324.336	2321.664	2323.210	2730	0	199
2024.04.24	00:00:00	2323.227	2323.598	2320.693	2320.852	3911	0	199
2024.04.24	01:00:00	2320.906	2323.175	2315.997	2318.217	7783	0	199
2024.04.24	02:00:00	2318.212	2322.140	2315.747	2321.639	6031	0	199
2024.04.24	03:00:00	2321.653	2328.149	2320.816	2327.841	5521	0	199
2024.04.24	04:00:00	2327.866	2330.072	2325.160	2326.636	4332	0	199
2024.04.24	05:00:00	2326.648	2329.888	2324.443	2328.821	5039	0	199
2024.04.24	06:00:00	2328.823	2331.318	2324.183	2326.855	6978	0	199
2024.04.24	07:00:00	2326.804	2326.804	2320.675	2320.701	6410	0	199
2024.04.24	08:00:00	2320.657	2321.910	2316.042	2319.178	5950	0	199
2024.04.24	09:00:00	2319.224	2319.318	2311.699	2315.002	7002	0	199
2024.04.24	10:00:00	2315.043	2318.502	2314.246	2316.771	4605	0	199
2024.04.24	11:00:00	2316.771	2316.979	2313.152	2316.167	4830	0	199
2024.04.24	12:00:00	2316.219	2323.493	2312.058	2323.154	11155	0	199
2024.04.24	13:00:00	2323.125	2326.053	2315.839	2321.244	17996	0	199
2024.04.24	14:00:00	2321.283	2330.410	2316.886	2329.662	12384	0	199
2024.04.24	15:00:00	2329.694	2337.290	2322.524	2322.593	12072	0	199
2024.04.24	16:00:00	2322.557	2326.390	2321.802	2325.159	7421	0	199
2024.04.24	17:00:00	2325.117	2330.477	2321.767	2324.391	7284	0	199
2024.04.24	18:00:00	2324.404	2324.668	2318.584	2320.492	5245	0	199
2024.04.24	19:00:00	2320.523	2322.462	2317.790	2319.074	4437	0	199
2024.04.24	20:00:00	2319.104	2319.647	2313.633	2315.786	3504	0	199
2024.04.24	22:00:00	2315.996	2318.372	2315.057	2317.790	1906	0	599
2024.04.24	23:00:00	2317.777	2318.277	2315.380	2316.219	3425	0	199
2024.04.25	00:00:00	2316.223	2319.425	2315.390	2319.111	3734	0	200
2024.04.25	01:00:00	2319.118	2320.667	2315.988	2319.155	5161	0	199
2024.04.25	02:00:00	2319.157	2322.041	2318.851	2319.855	4072	0	199
2024.04.25	03:00:00	2319.854	2320.690	2304.834	2313.177	8845	0	199
2024.04.25	04:00:00	2313.225	2315.890	2312.364	2315.320	3406	0	199
2024.04.25	05:00:00	2315.355	2320.796	2314.453	2319.484	5119	0	199
2024.04.25	06:00:00	2319.543	2323.585	2317.743	2322.640	6242	0	199
2024.04.25	07:00:00	2322.607	2326.111	2320.237	2325.621	5139	0	199
2024.04.25	08:00:00	2325.648	2328.851	2324.842	2326.869	5326	0	199
2024.04.25	09:00:00	2326.849	2327.569	2324.090	2324.879	4333	0	199
2024.04.25	10:00:00	2324.875	2328.700	2324.238	2328.076	4166	0	199
2024.04.25	11:00:00	2328.044	2330.619	2326.673	2328.506	4717	0	199
2024.04.25	12:00:00	2328.501	2334.768	2323.253	2330.717	16662	0	199
2024.04.25	13:00:00	2330.766	2331.204	2312.688	2318.974	28728	0	199
2024.04.25	14:00:00	2319.005	2344.872	2316.918	2333.793	24430	0	199
2024.04.25	15:00:00	2333.828	2336.677	2327.082	2330.474	13334	0	199
2024.04.25	16:00:00	2330.505	2332.439	2322.962	2328.737	7744	0	199
2024.04.25	17:00:00	2328.783	2332.210	2326.220	2332.200	6312	0	199
2024.04.25	18:00:00	2332.243	2335.028	2330.614	2332.953	5267	0	199
2024.04.25	19:00:00	2332.909	2336.414	2331.585	2332.887	4334	0	199
2024.04.25	20:00:00	2332.929	2333.739	2330.830	2331.927	2696	0	199
2024.04.25	22:00:00	2331.959	2333.157	2331.356	2332.461	1845	0	599
2024.04.25	23:00:00	2332.414	2332.617	2330.021	2330.620	2672	0	199
2024.04.26	00:00:00	2330.617	2331.404	2328.702	2329.817	2904	0	199
2024.04.26	01:00:00	2329.825	2333.230	2326.212	2332.083	5791	0	199
2024.04.26	02:00:00	2332.071	2336.196	2331.098	2333.837	4955	0	199
2024.04.26	03:00:00	2333.829	2334.905	2332.191	2334.634	4432	0	199
2024.04.26	04:00:00	2334.634	2338.355	2333.425	2335.880	3997	0	199
2024.04.26	05:00:00	2335.864	2338.558	2333.949	2337.800	4417	0	199
2024.04.26	06:00:00	2337.748	2343.153	2337.323	2341.030	6278	0	199
2024.04.26	07:00:00	2340.968	2347.319	2338.115	2345.504	6838	0	199
2024.04.26	08:00:00	2345.510	2350.404	2344.107	2347.032	9909	0	199
2024.04.26	09:00:00	2347.039	2352.555	2346.730	2349.316	5289	0	199
2024.04.26	10:00:00	2349.340	2350.338	2345.698	2348.135	4576	0	200
2024.04.26	11:00:00	2348.076	2348.628	2343.400	2344.905	4803	0	199
2024.04.26	12:00:00	2344.878	2351.594	2340.496	2344.669	12311	0	199
2024.04.26	13:00:00	2344.720	2350.359	2336.832	2341.374	16395	0	199
2024.04.26	14:00:00	2341.306	2345.253	2328.671	2333.552	15264	0	199
2024.04.26	15:00:00	2333.584	2337.684	2331.197	2336.631	10330	0	199
2024.04.26	16:00:00	2336.687	2338.951	2333.036	2333.603	6372	0	199
2024.04.26	17:00:00	2333.573	2340.322	2332.598	2338.450	5393	0	199
2024.04.26	18:00:00	2338.482	2341.409	2337.727	2340.851	4040	0	199
2024.04.26	19:00:00	2340.814	2340.891	2336.104	2339.895	4095	0	199
2024.04.26	20:00:00	2339.946	2340.112	2336.320	2337.792	3444	0	199
2024.04.28	22:00:00	2333.884	2336.096	2332.476	2334.733	3508	0	199
2024.04.28	23:00:00	2334.679	2336.825	2334.295	2335.987	2901	0	199
2024.04.29	00:00:00	2335.937	2336.331	2330.584	2332.062	3896	0	199
2024.04.29	01:00:00	2332.015	2332.015	2319.735	2330.989	12886	0	199
2024.04.29	02:00:00	2330.977	2331.531	2324.078	2324.282	5641	0	199
2024.04.29	03:00:00	2324.339	2329.461	2323.578	2328.433	4680	0	199
2024.04.29	04:00:00	2328.443	2333.196	2327.357	2332.563	10483	0	199
2024.04.29	05:00:00	2332.593	2336.502	2329.323	2330.552	6420	0	199
2024.04.29	06:00:00	2330.599	2333.524	2327.461	2329.196	6033	0	199
2024.04.29	07:00:00	2329.141	2337.905	2329.033	2337.317	9749	0	199
2024.04.29	08:00:00	2337.246	2341.280	2336.156	2338.086	5855	0	199
2024.04.29	09:00:00	2337.978	2344.345	2336.664	2343.164	5391	0	199
2024.04.29	10:00:00	2343.160	2344.154	2339.867	2341.174	4573	0	199
2024.04.29	11:00:00	2341.170	2342.898	2335.378	2337.059	4832	0	199
2024.04.29	12:00:00	2337.022	2337.570	2328.273	2331.869	7071	0	199
2024.04.29	13:00:00	2331.824	2336.509	2325.574	2333.919	12096	0	199
2024.04.29	14:00:00	2333.977	2339.504	2333.862	2337.767	10067	0	199
2024.04.29	15:00:00	2337.804	2338.951	2332.771	2337.783	7152	0	199
2024.04.29	16:00:00	2337.799	2346.718	2337.330	2342.916	10002	0	199
2024.04.29	17:00:00	2342.947	2346.639	2339.775	2342.134	6824	0	199
2024.04.29	18:00:00	2342.127	2343.832	2337.526	2341.199	5532	0	199
2024.04.29	19:00:00	2341.147	2341.170	2332.976	2335.628	7198	0	199
2024.04.29	20:00:00	2335.677	2337.110	2335.186	2335.198	2433	0	199
2024.04.29	22:00:00	2334.576	2336.139	2333.791	2334.755	1743	0	599
2024.04.29	23:00:00	2334.750	2334.961	2332.635	2333.173	2994	0	199
2024.04.30	00:00:00	2333.178	2334.789	2331.680	2333.913	4148	0	199
2024.04.30	01:00:00	2333.884	2336.113	2332.396	2333.973	5986	0	199
2024.04.30	02:00:00	2334.020	2334.434	2326.820	2331.301	5651	0	199
2024.04.30	03:00:00	2331.265	2331.649	2328.538	2329.190	4271	0	199
2024.04.30	04:00:00	2329.227	2329.492	2324.909	2326.442	3593	0	199
2024.04.30	05:00:00	2326.435	2327.009	2321.741	2322.961	5379	0	199
2024.04.30	06:00:00	2322.956	2323.564	2318.742	2322.372	6602	0	199
2024.04.30	07:00:00	2322.426	2322.634	2315.280	2317.527	5858	0	199
2024.04.30	08:00:00	2317.519	2318.458	2310.672	2312.870	5712	0	199
2024.04.30	09:00:00	2312.825	2317.423	2312.246	2314.776	5297	0	199
2024.04.30	10:00:00	2314.785	2317.961	2314.183	2315.479	4485	0	199
2024.04.30	11:00:00	2315.416	2315.560	2309.449	2312.702	5497	0	199
2024.04.30	12:00:00	2312.657	2313.363	2304.574	2306.056	12178	0	199
2024.04.30	13:00:00	2306.025	2313.282	2302.808	2307.479	14829	0	199
2024.04.30	14:00:00	2307.390	2310.640	2293.093	2293.347	18817	0	199
2024.04.30	15:00:00	2293.380	2300.502	2293.218	2295.834	11854	0	199
2024.04.30	16:00:00	2295.798	2299.308	2294.450	2294.705	7403	0	199
2024.04.30	17:00:00	2294.708	2297.201	2291.545	2295.913	7153	0	199
2024.04.30	18:00:00	2295.958	2297.498	2289.843	2290.128	5207	0	199
2024.04.30	19:00:00	2290.078	2294.855	2289.307	2290.788	5972	0	199
2024.04.30	20:00:00	2290.738	2293.467	2284.967	2285.328	5035	0	199
2024.04.30	22:00:00	2287.354	2291.656	2287.021	2291.095	2400	0	599
2024.04.30	23:00:00	2291.096	2293.278	2289.866	2291.244	3198	0	199
2024.05.01	00:00:00	2291.256	2292.869	2285.660	2286.906	4729	0	199
2024.05.01	01:00:00	2286.899	2289.493	2286.008	2287.946	4519	0	199
2024.05.01	02:00:00	2287.975	2288.653	2286.740	2287.985	3181	0	199
2024.05.01	03:00:00	2287.979	2288.366	2282.949	2284.047	3476	0	199
2024.05.01	04:00:00	2284.010	2285.498	2281.557	2283.239	3578	0	199
2024.05.01	05:00:00	2283.190	2288.427	2282.539	2287.477	3731	0	199
2024.05.01	06:00:00	2287.432	2289.744	2286.413	2286.867	4165	0	199
2024.05.01	07:00:00	2286.880	2287.963	2283.484	2285.785	4458	0	199
2024.05.01	08:00:00	2285.735	2286.818	2283.799	2286.189	4401	0	199
2024.05.01	09:00:00	2286.244	2293.105	2285.670	2291.895	5004	0	199
2024.05.01	10:00:00	2291.878	2294.339	2289.101	2293.117	4800	0	199
2024.05.01	11:00:00	2293.127	2297.093	2291.370	2294.535	4732	0	199
2024.05.01	12:00:00	2294.486	2300.028	2294.092	2298.189	9136	0	199
2024.05.01	13:00:00	2298.249	2303.460	2295.150	2303.043	10038	0	199
2024.05.01	14:00:00	2303.092	2310.411	2297.356	2304.382	16963	0	199
2024.05.01	15:00:00	2304.431	2310.459	2302.488	2307.259	9018	0	199
2024.05.01	16:00:00	2307.290	2307.353	2301.818	2303.719	6468	0	199
2024.05.01	17:00:00	2303.773	2304.954	2297.597	2299.826	6449	0	199
2024.05.01	18:00:00	2299.778	2328.284	2295.825	2325.242	34988	0	199
2024.05.01	19:00:00	2325.282	2327.862	2309.724	2309.724	17216	0	199
2024.05.01	20:00:00	2309.757	2320.564	2306.997	2317.703	10483	0	199
2024.05.01	22:00:00	2319.266	2322.998	2317.552	2320.638	2783	0	599
2024.05.01	23:00:00	2320.736	2324.833	2320.598	2323.809	3980	0	199
2024.05.02	00:00:00	2323.848	2325.995	2322.921	2324.455	4357	0	199
2024.05.02	01:00:00	2324.411	2326.492	2321.746	2324.117	4602	0	199
2024.05.02	02:00:00	2324.089	2325.591	2318.732	2320.193	4631	0	199
2024.05.02	03:00:00	2320.179	2320.753	2317.280	2319.492	4399	0	199
2024.05.02	04:00:00	2319.495	2320.985	2318.043	2318.188	3198	0	199
2024.05.02	05:00:00	2318.189	2318.471	2313.011	2314.911	4893	0	199
2024.05.02	06:00:00	2314.978	2319.046	2312.497	2313.672	6408	0	199
2024.05.02	07:00:00	2313.616	2315.053	2308.140	2309.262	6677	0	199
2024.05.02	08:00:00	2309.292	2311.047	2303.001	2304.035	6033	0	199
2024.05.02	09:00:00	2304.074	2305.381	2298.799	2301.799	5482	0	199
2024.05.02	10:00:00	2301.748	2301.853	2295.140	2299.227	6592	0	199
2024.05.02	11:00:00	2299.282	2302.922	2297.513	2299.009	5831	0	199
2024.05.02	12:00:00	2298.957	2304.466	2293.490	2294.462	10304	0	199
2024.05.02	13:00:00	2294.524	2295.759	2285.423	2291.589	16028	0	199
2024.05.02	14:00:00	2291.579	2304.880	2287.633	2303.936	16657	0	199
2024.05.02	15:00:00	2303.988	2306.887	2297.296	2299.939	11237	0	199
2024.05.02	16:00:00	2299.938	2303.795	2297.931	2299.657	6887	0	199
2024.05.02	17:00:00	2299.667	2308.525	2299.299	2308.023	6145	0	199
2024.05.02	18:00:00	2308.012	2309.475	2305.029	2307.989	4886	0	199
2024.05.02	19:00:00	2308.029	2308.029	2301.579	2302.920	4983	0	199
2024.05.02	20:00:00	2302.877	2304.135	2300.573	2303.937	3101	0	199
2024.05.02	22:00:00	2303.709	2305.496	2303.529	2303.606	1841	0	599
2024.05.02	23:00:00	2303.615	2304.548	2302.351	2304.247	2723	0	199
2024.05.03	00:00:00	2304.243	2304.811	2300.188	2303.906	3968	0	199
2024.05.03	01:00:00	2303.899	2306.388	2301.832	2302.574	4708	0	199
2024.05.03	02:00:00	2302.506	2303.048	2299.868	2301.103	4497	0	199
2024.05.03	03:00:00	2301.062	2302.425	2300.495	2302.403	3029	0	199
2024.05.03	04:00:00	2302.476	2308.018	2302.091	2307.368	3736	0	199
2024.05.03	05:00:00	2307.423	2308.781	2305.781	2306.144	3542	0	199
2024.05.03	06:00:00	2306.147	2306.445	2298.277	2298.473	5507	0	199
2024.05.03	07:00:00	2298.511	2301.408	2297.712	2299.215	5927	0	199
2024.05.03	08:00:00	2299.170	2302.632	2298.364	2301.296	5207	0	199
2024.05.03	09:00:00	2301.250	2303.184	2299.396	2301.431	4536	0	199
2024.05.03	10:00:00	2301.457	2301.733	2297.872	2299.089	4364	0	199
2024.05.03	11:00:00	2299.147	2299.841	2296.239	2298.280	4814	0	199
2024.05.03	12:00:00	2298.281	2320.712	2294.602	2304.772	20571	0	199
2024.05.03	13:00:00	2304.685	2308.914	2277.089	2290.328	31764	0	199
2024.05.03	14:00:00	2290.394	2302.743	2283.162	2291.122	28953	0	199
2024.05.03	15:00:00	2291.157	2298.966	2289.627	2293.728	11369	0	199
2024.05.03	16:00:00	2293.774	2300.234	2292.806	2299.186	7060	0	199
2024.05.03	17:00:00	2299.144	2303.090	2296.341	2302.030	5553	0	199
2024.05.03	18:00:00	2302.068	2302.898	2297.381	2299.278	4403	0	199
2024.05.03	19:00:00	2299.253	2301.493	2295.962	2301.365	4816	0	199
2024.05.03	20:00:00	2301.349	2303.414	2300.629	2301.626	3132	0	199
2024.05.05	22:00:00	2302.321	2303.288	2300.794	2301.786	2370	0	199
2024.05.05	23:00:00	2301.769	2302.934	2293.260	2293.968	4854	0	199
2024.05.06	00:00:00	2293.929	2297.969	2291.769	2295.970	5547	0	199
2024.05.06	01:00:00	2296.027	2309.113	2295.745	2308.277	13111	0	199
2024.05.06	02:00:00	2308.328	2315.394	2307.505	2311.173	7512	0	199
2024.05.06	03:00:00	2311.116	2311.966	2308.347	2309.322	4619	0	199
2024.05.06	04:00:00	2309.367	2311.806	2308.130	2309.187	3400	0	200
2024.05.06	05:00:00	2309.164	2313.950	2308.676	2313.438	6014	0	199
2024.05.06	06:00:00	2313.389	2314.788	2311.737	2314.141	5739	0	199
2024.05.06	07:00:00	2314.123	2324.142	2312.370	2322.646	6924	0	199
2024.05.06	08:00:00	2322.643	2323.082	2317.278	2318.307	5540	0	199
2024.05.06	09:00:00	2318.304	2322.031	2315.588	2321.112	5065	0	199
2024.05.06	10:00:00	2321.174	2322.069	2318.706	2319.274	4769	0	199
2024.05.06	11:00:00	2319.305	2322.427	2315.947	2318.193	4830	0	199
2024.05.06	12:00:00	2318.134	2330.285	2314.546	2323.290	10292	0	199
2024.05.06	13:00:00	2323.259	2332.092	2321.602	2327.858	14766	0	199
2024.05.06	14:00:00	2327.902	2330.561	2318.950	2321.064	12447	0	199
2024.05.06	15:00:00	2320.999	2325.493	2319.467	2324.777	6258	0	199
2024.05.06	16:00:00	2324.731	2327.462	2317.607	2325.569	9268	0	199
2024.05.06	17:00:00	2325.586	2326.133	2320.960	2324.614	6132	0	199
2024.05.06	18:00:00	2324.655	2326.533	2324.293	2326.245	3930	0	199
2024.05.06	19:00:00	2326.300	2327.174	2323.525	2325.030	4017	0	199
2024.05.06	20:00:00	2324.991	2328.821	2323.577	2323.942	3571	0	199
2024.05.06	22:00:00	2324.803	2326.683	2324.189	2326.536	2006	0	599
2024.05.06	23:00:00	2326.482	2326.897	2322.185	2325.943	3160	0	199
2024.05.07	00:00:00	2325.950	2329.481	2325.482	2329.200	4415	0	199
2024.05.07	01:00:00	2329.231	2329.926	2322.426	2322.766	6726	0	199
2024.05.07	02:00:00	2322.792	2324.338	2319.603	2321.578	5416	0	199
2024.05.07	03:00:00	2321.551	2325.090	2321.164	2324.857	3939	0	199
2024.05.07	04:00:00	2324.879	2325.077	2321.305	2322.638	4050	0	199
2024.05.07	05:00:00	2322.642	2323.268	2320.262	2321.500	4779	0	199
2024.05.07	06:00:00	2321.499	2321.499	2318.330	2320.389	5018	0	199
2024.05.07	07:00:00	2320.435	2322.000	2317.682	2319.252	5204	0	199
2024.05.07	08:00:00	2319.228	2319.841	2311.641	2315.675	5626	0	199
2024.05.07	09:00:00	2315.629	2317.213	2312.670	2313.741	4773	0	199
2024.05.07	10:00:00	2313.702	2315.912	2312.165	2315.312	4495	0	199
2024.05.07	11:00:00	2315.352	2316.524	2312.079	2312.348	4574	0	199
2024.05.07	12:00:00	2312.333	2317.352	2309.895	2315.990	7605	0	199
2024.05.07	13:00:00	2315.956	2323.705	2315.288	2318.536	11082	0	199
2024.05.07	14:00:00	2318.538	2322.382	2312.280	2314.177	8015	0	199
2024.05.07	15:00:00	2314.215	2319.104	2312.742	2314.704	7700	0	199
2024.05.07	16:00:00	2314.755	2316.114	2312.395	2312.507	4898	0	199
2024.05.07	17:00:00	2312.557	2317.463	2311.034	2314.147	4954	0	199
2024.05.07	18:00:00	2314.116	2315.321	2312.930	2314.415	3937	0	199
2024.05.07	19:00:00	2314.456	2315.551	2311.793	2314.618	3947	0	199
2024.05.07	20:00:00	2314.634	2315.511	2312.723	2314.015	2423	0	199
2024.05.07	22:00:00	2314.110	2316.512	2313.866	2314.391	1643	0	599
2024.05.07	23:00:00	2314.392	2316.318	2314.177	2315.211	1939	0	199
2024.05.08	00:00:00	2315.254	2316.275	2313.746	2314.194	3966	0	199
2024.05.08	01:00:00	2314.192	2314.464	2306.785	2307.868	6141	0	199
2024.05.08	02:00:00	2307.830	2317.465	2307.326	2317.082	6025	0	199
2024.05.08	03:00:00	2317.087	2318.190	2315.352	2317.001	4374	0	199
2024.05.08	04:00:00	2317.000	2319.298	2316.794	2319.234	3378	0	199
2024.05.08	05:00:00	2319.222	2321.336	2317.649	2317.711	3972	0	199
2024.05.08	06:00:00	2317.709	2318.946	2313.561	2314.693	5327	0	199
2024.05.08	07:00:00	2314.644	2314.909	2305.294	2305.657	6042	0	199
2024.05.08	08:00:00	2305.624	2309.257	2303.584	2307.302	6769	0	199
2024.05.08	09:00:00	2307.294	2311.392	2306.918	2310.763	4898	0	199
2024.05.08	10:00:00	2310.807	2317.098	2310.658	2315.519	5056	0	199
2024.05.08	11:00:00	2315.519	2318.084	2312.890	2314.669	5743	0	199
2024.05.08	12:00:00	2314.647	2319.091	2313.316	2314.488	8471	0	199
2024.05.08	13:00:00	2314.459	2316.230	2306.710	2310.005	14887	0	199
2024.05.08	14:00:00	2310.068	2317.701	2309.007	2315.468	8513	0	199
2024.05.08	15:00:00	2315.465	2320.391	2312.670	2320.391	7365	0	199
2024.05.08	16:00:00	2320.422	2321.095	2315.787	2316.972	5184	0	199
2024.05.08	17:00:00	2316.991	2317.489	2313.660	2313.861	4507	0	199
2024.05.08	18:00:00	2313.831	2313.900	2311.413	2312.634	3473	0	199
2024.05.08	19:00:00	2312.681	2312.811	2307.860	2308.174	3918	0	199
2024.05.08	20:00:00	2308.231	2309.582	2307.806	2308.766	2634	0	199
2024.05.08	22:00:00	2308.369	2310.687	2308.357	2309.521	1659	0	599
2024.05.08	23:00:00	2309.551	2309.985	2307.909	2308.734	2290	0	199
2024.05.09	00:00:00	2308.774	2310.535	2307.763	2309.311	3276	0	199
2024.05.09	01:00:00	2309.378	2312.216	2308.772	2309.944	4525	0	199
2024.05.09	02:00:00	2309.898	2311.612	2307.849	2310.348	4177	0	199
2024.05.09	03:00:00	2310.325	2312.996	2309.337	2312.274	3627	0	199
2024.05.09	04:00:00	2312.273	2315.254	2311.838	2314.508	3691	0	199
2024.05.09	05:00:00	2314.510	2319.735	2314.444	2316.509	5356	0	199
2024.05.09	06:00:00	2316.468	2317.050	2313.669	2314.218	4806	0	199
2024.05.09	07:00:00	2314.277	2314.960	2307.406	2309.314	5394	0	199
2024.05.09	08:00:00	2309.262	2313.334	2308.982	2310.410	5091	0	199
2024.05.09	09:00:00	2310.352	2311.941	2306.479	2307.633	4186	0	199
2024.05.09	10:00:00	2307.606	2312.874	2307.281	2311.796	4638	0	199
2024.05.09	11:00:00	2311.768	2316.643	2311.001	2315.918	4870	0	199
2024.05.09	12:00:00	2315.915	2329.421	2314.588	2326.698	10011	0	199
2024.05.09	13:00:00	2326.646	2326.699	2312.064	2324.367	16740	0	199
2024.05.09	14:00:00	2324.317	2338.930	2323.233	2333.319	15572	0	199
2024.05.09	15:00:00	2333.356	2337.636	2328.118	2330.400	7871	0	199
2024.05.09	16:00:00	2330.430	2333.967	2329.508	2329.721	5087	0	199
2024.05.09	17:00:00	2329.746	2334.997	2329.126	2334.760	5245	0	199
2024.05.09	18:00:00	2334.761	2337.650	2333.820	2337.492	3786	0	199
2024.05.09	19:00:00	2337.537	2343.998	2335.566	2343.750	5575	0	199
2024.05.09	20:00:00	2343.697	2347.186	2343.121	2345.439	4465	0	199
2024.05.09	22:00:00	2346.034	2347.320	2344.919	2346.032	1880	0	599
2024.05.09	23:00:00	2346.034	2348.325	2345.851	2346.524	2528	0	199
2024.05.10	00:00:00	2346.557	2349.047	2345.924	2347.564	3839	0	199
2024.05.10	01:00:00	2347.612	2355.814	2347.352	2350.351	9655	0	199
2024.05.10	02:00:00	2350.298	2351.823	2347.114	2349.436	5513	0	199
2024.05.10	03:00:00	2349.434	2354.065	2349.065	2353.325	4544	0	199
2024.05.10	04:00:00	2353.375	2354.517	2351.171	2353.912	3290	0	199
2024.05.10	05:00:00	2353.908	2358.771	2353.679	2357.131	5520	0	199
2024.05.10	06:00:00	2357.061	2369.044	2356.004	2368.397	8372	0	199
2024.05.10	07:00:00	2368.356	2370.382	2364.697	2366.700	7239	0	199
2024.05.10	08:00:00	2366.733	2372.199	2365.834	2369.525	5979	0	199
2024.05.10	09:00:00	2369.571	2375.446	2369.571	2372.469	6397	0	199
2024.05.10	10:00:00	2372.481	2378.476	2371.591	2374.721	5754	0	199
2024.05.10	11:00:00	2374.718	2375.707	2371.053	2372.126	5966	0	199
2024.05.10	12:00:00	2372.132	2375.766	2361.635	2364.832	11520	0	199
2024.05.10	13:00:00	2364.846	2372.069	2360.114	2367.766	15220	0	199
2024.05.10	14:00:00	2367.715	2373.003	2357.768	2360.607	15133	0	199
2024.05.10	15:00:00	2360.575	2366.355	2356.566	2364.804	9274	0	199
2024.05.10	16:00:00	2364.779	2369.961	2361.647	2368.235	6416	0	199
2024.05.10	17:00:00	2368.283	2370.056	2366.812	2369.555	5714	0	199
2024.05.10	18:00:00	2369.615	2370.961	2366.581	2367.318	3985	0	199
2024.05.10	19:00:00	2367.276	2367.482	2362.179	2363.310	4498	0	199
2024.05.10	20:00:00	2363.368	2365.048	2359.697	2360.449	2978	0	199
2024.05.12	22:00:00	2361.401	2363.087	2360.036	2361.523	2606	0	199
2024.05.12	23:00:00	2361.514	2362.573	2359.715	2360.407	2700	0	199
2024.05.13	00:00:00	2360.447	2364.488	2359.868	2364.007	3730	0	199
2024.05.13	01:00:00	2363.983	2364.124	2354.778	2359.135	7395	0	199
2024.05.13	02:00:00	2359.146	2359.854	2357.608	2358.944	4573	0	199
2024.05.13	03:00:00	2358.991	2359.336	2356.228	2357.071	4065	0	199
2024.05.13	04:00:00	2357.012	2357.043	2354.010	2354.307	3302	0	200
2024.05.13	05:00:00	2354.277	2355.060	2351.154	2352.537	4477	0	199
2024.05.13	06:00:00	2352.597	2354.409	2347.376	2349.579	5972	0	199
2024.05.13	07:00:00	2349.570	2351.298	2346.425	2348.571	5205	0	199
2024.05.13	08:00:00	2348.522	2350.343	2341.642	2343.232	5763	0	199
2024.05.13	09:00:00	2343.302	2344.347	2339.029	2340.112	5370	0	199
2024.05.13	10:00:00	2340.065	2344.059	2339.244	2343.272	5197	0	199
2024.05.13	11:00:00	2343.224	2346.659	2338.364	2344.548	6910	0	199
2024.05.13	12:00:00	2344.469	2349.777	2343.600	2347.072	9550	0	199
2024.05.13	13:00:00	2347.008	2349.354	2340.324	2344.074	11264	0	199
2024.05.13	14:00:00	2344.028	2345.968	2340.735	2343.623	11405	0	199
2024.05.13	15:00:00	2343.680	2343.680	2332.065	2335.866	11106	0	199
2024.05.13	16:00:00	2335.884	2337.784	2334.638	2336.634	5976	0	199
2024.05.13	17:00:00	2336.679	2338.163	2334.424	2335.977	4889	0	199
2024.05.13	18:00:00	2335.997	2337.897	2335.745	2337.290	3840	0	199
2024.05.13	19:00:00	2337.273	2338.490	2335.837	2337.333	3501	0	199
2024.05.13	20:00:00	2337.375	2337.518	2335.222	2335.949	2025	0	200
2024.05.13	22:00:00	2336.444	2338.254	2336.320	2337.377	1371	0	599
2024.05.13	23:00:00	2337.384	2339.302	2337.303	2338.408	2171	0	200
2024.05.14	00:00:00	2338.390	2339.618	2334.734	2336.401	3330	0	199
2024.05.14	01:00:00	2336.350	2342.080	2336.350	2341.940	5652	0	199
2024.05.14	02:00:00	2341.974	2344.422	2340.094	2340.433	4814	0	199
2024.05.14	03:00:00	2340.467	2343.575	2339.971	2343.059	3626	0	199
2024.05.14	04:00:00	2343.077	2344.826	2342.513	2343.974	3075	0	200
2024.05.14	05:00:00	2344.012	2345.924	2342.626	2344.736	4631	0	199
2024.05.14	06:00:00	2344.679	2345.207	2336.854	2338.165	5978	0	199
2024.05.14	07:00:00	2338.113	2339.732	2336.081	2339.151	4908	0	199
2024.05.14	08:00:00	2339.111	2343.919	2337.728	2343.743	4960	0	199
2024.05.14	09:00:00	2343.742	2348.205	2343.650	2345.844	5291	0	199
2024.05.14	10:00:00	2345.841	2347.526	2342.619	2345.632	4823	0	199
2024.05.14	11:00:00	2345.613	2346.262	2342.404	2343.587	4685	0	199
2024.05.14	12:00:00	2343.615	2350.241	2336.518	2348.244	13097	0	199
2024.05.14	13:00:00	2348.285	2355.172	2344.857	2353.863	13869	0	199
2024.05.14	14:00:00	2353.810	2357.088	2348.035	2353.057	14085	0	199
2024.05.14	15:00:00	2353.019	2353.888	2347.199	2347.925	8326	0	199
2024.05.14	16:00:00	2347.881	2355.550	2346.291	2354.188	7219	0	199
2024.05.14	17:00:00	2354.144	2356.563	2351.969	2355.842	5025	0	199
2024.05.14	18:00:00	2355.796	2359.593	2355.656	2357.626	4163	0	199
2024.05.14	19:00:00	2357.628	2357.956	2354.978	2356.486	4152	0	199
2024.05.14	20:00:00	2356.521	2358.383	2356.049	2358.247	2144	0	199
2024.05.14	22:00:00	2357.052	2357.746	2356.037	2357.311	1495	0	599
2024.05.14	23:00:00	2357.241	2357.529	2355.047	2355.774	2401	0	199
2024.05.15	00:00:00	2355.770	2356.866	2354.840	2355.808	3307	0	199
2024.05.15	01:00:00	2355.823	2358.991	2354.873	2357.452	5377	0	199
2024.05.15	02:00:00	2357.507	2359.102	2356.572	2358.592	3996	0	199
2024.05.15	03:00:00	2358.580	2360.989	2357.706	2360.273	3913	0	199
2024.05.15	04:00:00	2360.296	2360.856	2356.128	2356.955	3760	0	199
2024.05.15	05:00:00	2356.944	2359.055	2355.686	2358.526	4149	0	199
2024.05.15	06:00:00	2358.528	2359.679	2356.801	2358.721	5227	0	199
2024.05.15	07:00:00	2358.717	2365.200	2358.416	2362.411	5637	0	199
2024.05.15	08:00:00	2362.434	2374.313	2362.385	2373.073	6597	0	200
2024.05.15	09:00:00	2373.129	2374.258	2368.188	2369.220	5202	0	199
2024.05.15	10:00:00	2369.268	2370.845	2365.226	2365.879	4532	0	199
2024.05.15	11:00:00	2365.836	2366.815	2362.006	2362.742	5178	0	199
2024.05.15	12:00:00	2362.743	2378.947	2358.334	2372.620	19923	0	199
2024.05.15	13:00:00	2372.582	2375.450	2351.746	2358.105	20946	0	199
2024.05.15	14:00:00	2358.051	2373.765	2353.776	2373.765	14439	0	199
2024.05.15	15:00:00	2373.768	2385.715	2372.974	2377.551	12663	0	199
2024.05.15	16:00:00	2377.591	2386.769	2377.066	2383.685	8573	0	199
2024.05.15	17:00:00	2383.720	2390.295	2383.457	2389.207	6548	0	199
2024.05.15	18:00:00	2389.204	2389.378	2383.561	2385.399	5096	0	199
2024.05.15	19:00:00	2385.342	2387.450	2383.810	2386.313	4668	0	199
2024.05.15	20:00:00	2386.283	2388.664	2385.866	2386.450	3303	0	199
2024.05.15	22:00:00	2385.385	2389.426	2385.385	2388.763	2246	0	599
2024.05.15	23:00:00	2388.706	2391.910	2388.573	2391.769	3798	0	199
2024.05.16	00:00:00	2391.764	2395.069	2390.211	2394.910	5014	0	199
2024.05.16	01:00:00	2394.907	2397.343	2389.549	2391.550	8783	0	199
2024.05.16	02:00:00	2391.520	2391.825	2386.542	2387.545	7294	0	199
2024.05.16	03:00:00	2387.495	2390.726	2386.579	2388.637	4771	0	199
2024.05.16	04:00:00	2388.684	2392.148	2387.040	2391.261	4108	0	199
2024.05.16	05:00:00	2391.277	2394.502	2390.112	2390.174	5083	0	199
2024.05.16	06:00:00	2390.211	2390.412	2386.418	2387.093	5849	0	199
2024.05.16	07:00:00	2387.131	2391.190	2384.597	2389.337	6255	0	199
2024.05.16	08:00:00	2389.313	2391.345	2385.324	2386.077	5449	0	199
2024.05.16	09:00:00	2386.034	2387.743	2383.587	2385.362	5038	0	199
2024.05.16	10:00:00	2385.364	2385.676	2380.835	2384.786	4685	0	199
2024.05.16	11:00:00	2384.833	2386.560	2381.484	2384.624	5147	0	199
2024.05.16	12:00:00	2384.666	2386.328	2377.809	2379.175	12220	0	199
2024.05.16	13:00:00	2379.123	2382.172	2371.620	2375.157	17554	0	199
2024.05.16	14:00:00	2375.101	2379.065	2370.885	2373.320	10213	0	199
2024.05.16	15:00:00	2373.332	2382.336	2373.097	2381.511	7061	0	199
2024.05.16	16:00:00	2381.564	2383.742	2379.137	2381.903	6082	0	199
2024.05.16	17:00:00	2381.940	2382.449	2379.822	2381.411	4624	0	199
2024.05.16	18:00:00	2381.378	2381.994	2378.348	2379.659	4113	0	199
2024.05.16	19:00:00	2379.643	2381.759	2377.704	2378.109	3954	0	199
2024.05.16	20:00:00	2378.150	2378.400	2375.840	2376.607	2508	0	199
2024.05.16	22:00:00	2377.550	2379.172	2377.281	2378.180	1714	0	599
2024.05.16	23:00:00	2378.219	2379.661	2377.726	2377.726	2162	0	199
2024.05.17	00:00:00	2377.722	2379.676	2377.469	2377.984	3647	0	199
2024.05.17	01:00:00	2377.997	2378.823	2376.078	2378.157	4927	0	200
2024.05.17	02:00:00	2378.203	2381.223	2373.934	2375.205	5068	0	199
2024.05.17	03:00:00	2375.238	2377.823	2374.664	2377.805	3640	0	199
2024.05.17	04:00:00	2377.867	2379.102	2376.566	2378.799	2857	0	200
2024.05.17	05:00:00	2378.810	2382.385	2378.508	2381.324	4893	0	199
2024.05.17	06:00:00	2381.282	2386.690	2380.853	2385.950	5453	0	199
2024.05.17	07:00:00	2386.009	2387.766	2382.828	2383.813	5406	0	199
2024.05.17	08:00:00	2383.872	2385.680	2381.296	2384.185	5191	0	199
2024.05.17	09:00:00	2384.173	2386.535	2381.601	2382.507	4419	0	199
2024.05.17	10:00:00	2382.464	2387.547	2381.782	2387.328	4451	0	199
2024.05.17	11:00:00	2387.376	2390.140	2385.740	2389.682	4800	0	199
2024.05.17	12:00:00	2389.644	2393.990	2386.798	2393.217	7598	0	199
2024.05.17	13:00:00	2393.263	2405.142	2393.263	2401.648	16925	0	199
2024.05.17	14:00:00	2401.603	2415.501	2398.766	2413.376	14398	0	199
2024.05.17	15:00:00	2413.337	2419.174	2403.539	2407.708	13042	0	199
2024.05.17	16:00:00	2407.739	2414.145	2407.647	2407.812	7426	0	199
2024.05.17	17:00:00	2407.779	2414.390	2405.734	2414.224	6687	0	199
2024.05.17	18:00:00	2414.256	2419.180	2413.290	2417.388	5434	0	199
2024.05.17	19:00:00	2417.353	2417.796	2411.480	2416.402	6114	0	199
2024.05.17	20:00:00	2416.451	2422.741	2413.420	2413.939	5397	0	199
2024.05.19	22:00:00	2425.202	2425.202	2416.739	2417.733	5570	0	199
2024.05.19	23:00:00	2417.755	2420.565	2417.121	2420.193	4668	0	199
2024.05.20	00:00:00	2420.204	2426.554	2416.470	2425.322	6474	0	199
2024.05.20	01:00:00	2425.320	2440.665	2425.320	2434.518	19406	0	199
2024.05.20	02:00:00	2434.574	2437.084	2428.772	2434.010	8438	0	199
2024.05.20	03:00:00	2433.964	2438.928	2430.900	2437.543	6846	0	199
2024.05.20	04:00:00	2437.543	2439.645	2435.147	2437.283	4930	0	199
2024.05.20	05:00:00	2437.297	2450.026	2436.933	2449.525	9128	0	199
2024.05.20	06:00:00	2449.561	2449.695	2431.764	2438.676	13511	0	199
2024.05.20	07:00:00	2438.674	2443.732	2435.491	2442.196	9168	0	199
2024.05.20	08:00:00	2442.238	2443.630	2436.817	2440.090	6659	0	199
2024.05.20	09:00:00	2440.049	2447.193	2438.681	2441.605	7272	0	199
2024.05.20	10:00:00	2441.661	2442.992	2434.558	2436.247	6434	0	199
2024.05.20	11:00:00	2436.279	2437.167	2427.592	2430.606	9356	0	199
2024.05.20	12:00:00	2430.570	2430.898	2407.278	2413.868	20887	0	199
2024.05.20	13:00:00	2413.792	2422.659	2410.358	2420.147	21736	0	199
2024.05.20	14:00:00	2420.193	2423.700	2414.744	2422.959	12293	0	199
2024.05.20	15:00:00	2423.031	2426.956	2419.375	2424.838	9925	0	199
2024.05.20	16:00:00	2424.808	2428.066	2422.471	2426.513	6449	0	199
2024.05.20	17:00:00	2426.533	2436.745	2425.639	2435.226	6733	0	199
2024.05.20	18:00:00	2435.310	2437.381	2431.851	2435.167	6259	0	199
2024.05.20	19:00:00	2435.218	2435.296	2426.054	2426.734	6471	0	199
2024.05.20	20:00:00	2426.783	2427.977	2423.280	2425.263	4645	0	199
2024.05.20	22:00:00	2427.372	2430.347	2426.170	2427.105	2290	0	599
2024.05.20	23:00:00	2427.196	2428.584	2425.104	2426.133	2990	0	199
2024.05.21	00:00:00	2426.135	2429.917	2424.297	2428.910	4593	0	199
2024.05.21	01:00:00	2428.914	2433.081	2419.528	2420.464	14368	0	199
2024.05.21	02:00:00	2420.407	2422.674	2411.416	2413.915	13593	0	199
2024.05.21	03:00:00	2413.893	2417.199	2406.058	2413.695	8146	0	199
2024.05.21	04:00:00	2413.675	2415.933	2410.597	2412.347	4999	0	199
2024.05.21	05:00:00	2412.343	2418.016	2412.085	2416.516	5829	0	199
2024.05.21	06:00:00	2416.561	2417.379	2409.583	2410.632	8075	0	199
2024.05.21	07:00:00	2410.596	2422.172	2408.497	2419.208	8432	0	199
2024.05.21	08:00:00	2419.266	2419.957	2414.322	2418.693	6648	0	199
2024.05.21	09:00:00	2418.644	2420.193	2412.111	2416.326	6439	0	199
2024.05.21	10:00:00	2416.304	2420.059	2414.790	2419.808	5301	0	199
2024.05.21	11:00:00	2419.738	2423.734	2417.301	2423.388	5695	0	199
2024.05.21	12:00:00	2423.406	2429.990	2422.343	2426.204	8717	0	199
2024.05.21	13:00:00	2426.254	2431.503	2420.423	2427.742	18342	0	199
2024.05.21	14:00:00	2427.750	2431.714	2425.312	2429.446	11203	0	199
2024.05.21	15:00:00	2429.497	2433.944	2420.009	2423.354	11913	0	199
2024.05.21	16:00:00	2423.311	2423.680	2417.958	2422.839	8688	0	199
2024.05.21	17:00:00	2422.891	2423.771	2418.499	2419.971	5932	0	199
2024.05.21	18:00:00	2419.921	2420.568	2417.294	2420.285	4524	0	199
2024.05.21	19:00:00	2420.342	2425.001	2419.886	2423.317	4137	0	199
2024.05.21	20:00:00	2423.306	2423.461	2420.325	2420.747	2389	0	199
2024.05.21	22:00:00	2420.730	2422.054	2420.591	2421.764	1525	0	599
2024.05.21	23:00:00	2421.773	2422.165	2421.210	2421.654	2305	0	199
2024.05.22	00:00:00	2421.659	2423.173	2420.300	2420.466	3440	0	199
2024.05.22	01:00:00	2420.509	2423.356	2419.289	2421.903	6439	0	199
2024.05.22	02:00:00	2421.950	2426.533	2415.853	2417.774	6448	0	199
2024.05.22	03:00:00	2417.724	2419.502	2412.532	2414.163	5949	0	199
2024.05.22	04:00:00	2414.164	2416.164	2412.030	2412.879	4243	0	199
2024.05.22	05:00:00	2412.848	2417.364	2411.368	2417.051	6070	0	199
2024.05.22	06:00:00	2417.182	2418.021	2413.720	2417.041	6143	0	199
2024.05.22	07:00:00	2416.990	2418.530	2412.269	2417.232	6209	0	199
2024.05.22	08:00:00	2417.199	2417.505	2410.583	2416.827	6140	0	199
2024.05.22	09:00:00	2416.852	2418.018	2414.341	2417.203	5286	0	199
2024.05.22	10:00:00	2417.251	2419.395	2414.222	2414.711	4604	0	199
2024.05.22	11:00:00	2414.673	2415.270	2404.686	2408.671	7990	0	199
2024.05.22	12:00:00	2408.710	2415.039	2408.710	2412.421	9667	0	199
2024.05.22	13:00:00	2412.374	2413.311	2405.811	2411.529	13162	0	199
2024.05.22	14:00:00	2411.499	2411.499	2382.132	2388.565	24147	0	199
2024.05.22	15:00:00	2388.501	2395.325	2386.537	2391.966	11741	0	199
2024.05.22	16:00:00	2391.922	2394.988	2389.417	2391.985	7442	0	199
2024.05.22	17:00:00	2391.992	2394.312	2386.737	2388.650	7104	0	199
2024.05.22	18:00:00	2388.482	2390.736	2374.942	2377.761	11869	0	199
2024.05.22	19:00:00	2377.726	2380.069	2376.822	2379.306	6476	0	199
2024.05.22	20:00:00	2379.266	2380.567	2377.308	2378.556	4050	0	199
2024.05.22	22:00:00	2378.371	2381.045	2378.185	2380.519	2312	0	599
2024.05.22	23:00:00	2380.561	2382.709	2380.099	2382.124	3002	0	199
2024.05.23	00:00:00	2382.156	2383.692	2378.830	2380.315	4522	0	199
2024.05.23	01:00:00	2380.317	2381.849	2366.730	2372.943	13977	0	199
2024.05.23	02:00:00	2372.914	2375.689	2368.155	2369.527	7138	0	199
2024.05.23	03:00:00	2369.480	2372.875	2367.838	2372.438	4762	0	199
2024.05.23	04:00:00	2372.424	2373.985	2371.433	2372.739	4074	0	199
2024.05.23	05:00:00	2372.792	2373.103	2358.258	2360.013	8379	0	199
2024.05.23	06:00:00	2360.045	2367.232	2354.913	2364.276	9204	0	199
2024.05.23	07:00:00	2364.218	2364.727	2355.119	2356.114	9099	0	199
2024.05.23	08:00:00	2356.058	2361.825	2355.086	2360.517	7075	0	199
2024.05.23	09:00:00	2360.466	2364.277	2358.795	2364.022	6170	0	199
2024.05.23	10:00:00	2364.069	2367.688	2363.515	2366.295	5459	0	199
2024.05.23	11:00:00	2366.309	2369.420	2365.593	2368.040	5916	0	199
2024.05.23	12:00:00	2368.002	2369.298	2360.689	2362.636	9709	0	199
2024.05.23	13:00:00	2362.685	2369.862	2350.618	2358.611	20193	0	199
2024.05.23	14:00:00	2358.563	2363.870	2341.460	2345.888	25415	0	199
2024.05.23	15:00:00	2345.896	2349.864	2340.313	2346.081	12487	0	199
2024.05.23	16:00:00	2346.044	2350.143	2339.963	2340.898	8181	0	199
2024.05.23	17:00:00	2340.920	2343.049	2331.825	2332.236	9628	0	199
2024.05.23	18:00:00	2332.184	2336.334	2331.729	2334.757	7116	0	199
2024.05.23	19:00:00	2334.723	2334.845	2330.908	2331.580	5086	0	199
2024.05.23	20:00:00	2331.622	2332.736	2326.865	2328.366	3605	0	199
2024.05.23	22:00:00	2328.610	2331.896	2328.436	2330.815	1925	0	599
2024.05.23	23:00:00	2330.820	2333.613	2330.439	2332.012	2909	0	199
2024.05.24	00:00:00	2332.015	2332.347	2327.418	2329.074	4155	0	199
2024.05.24	01:00:00	2329.023	2335.157	2326.569	2333.781	7913	0	199
2024.05.24	02:00:00	2333.819	2334.473	2325.351	2330.732	8017	0	199
2024.05.24	03:00:00	2330.719	2331.581	2328.452	2330.601	4438	0	199
2024.05.24	04:00:00	2330.587	2335.142	2330.415	2335.025	4056	0	199
2024.05.24	05:00:00	2334.976	2339.265	2333.180	2338.442	5302	0	199
2024.05.24	06:00:00	2338.488	2339.529	2335.276	2338.746	6324	0	199
2024.05.24	07:00:00	2338.702	2340.569	2336.903	2337.731	5463	0	199
2024.05.24	08:00:00	2337.686	2341.021	2336.032	2340.148	5369	0	199
2024.05.24	09:00:00	2340.137	2343.298	2337.440	2337.575	5193	0	199
2024.05.24	10:00:00	2337.580	2343.922	2336.945	2340.249	5345	0	199
2024.05.24	11:00:00	2340.295	2342.035	2337.733	2338.175	4980	0	199
2024.05.24	12:00:00	2338.175	2340.786	2335.738	2339.251	7835	0	199
2024.05.24	13:00:00	2339.198	2347.385	2336.789	2337.320	10046	0	199
2024.05.24	14:00:00	2337.229	2343.192	2335.407	2338.332	9806	0	199
2024.05.24	15:00:00	2338.390	2340.213	2332.345	2334.490	7798	0	199
2024.05.24	16:00:00	2334.523	2336.968	2332.786	2334.270	5442	0	199
2024.05.24	17:00:00	2334.244	2334.531	2331.890	2332.695	4740	0	199
2024.05.24	18:00:00	2332.671	2336.728	2332.488	2334.845	4061	0	199
2024.05.24	19:00:00	2334.848	2334.848	2331.792	2333.766	3774	0	199
2024.05.24	20:00:00	2333.803	2335.165	2333.309	2333.782	2365	0	199
2024.05.26	22:00:00	2335.785	2340.598	2332.184	2340.186	3741	0	199
2024.05.26	23:00:00	2340.165	2340.683	2336.560	2337.175	3038	0	199
2024.05.27	00:00:00	2337.188	2337.447	2334.360	2336.195	3739	0	199
2024.05.27	01:00:00	2336.151	2340.299	2334.546	2339.678	5831	0	199
2024.05.27	02:00:00	2339.673	2346.392	2338.720	2346.064	4736	0	199
2024.05.27	03:00:00	2346.059	2347.609	2343.571	2345.976	4782	0	199
2024.05.27	04:00:00	2345.973	2346.018	2340.988	2342.918	3679	0	199
2024.05.27	05:00:00	2342.913	2344.199	2340.310	2343.664	4612	0	199
2024.05.27	06:00:00	2343.618	2344.582	2341.237	2341.411	5366	0	199
2024.05.27	07:00:00	2341.425	2341.572	2338.110	2338.606	4465	0	199
2024.05.27	08:00:00	2338.594	2346.156	2338.157	2344.207	5412	0	199
2024.05.27	09:00:00	2344.233	2345.786	2342.979	2343.288	3887	0	199
2024.05.27	10:00:00	2343.336	2345.794	2342.398	2344.896	4063	0	199
2024.05.27	11:00:00	2344.897	2346.015	2343.155	2345.031	4880	0	199
2024.05.27	12:00:00	2345.076	2349.816	2343.675	2347.111	6983	0	199
2024.05.27	13:00:00	2347.133	2357.002	2344.619	2354.892	10850	0	199
2024.05.27	14:00:00	2354.937	2358.449	2354.079	2354.294	7180	0	199
2024.05.27	15:00:00	2354.273	2356.813	2352.180	2352.446	5761	0	199
2024.05.27	16:00:00	2352.398	2355.595	2352.118	2354.913	4170	0	199
2024.05.27	17:00:00	2354.923	2355.043	2353.406	2353.899	829	0	200
2024.05.27	22:00:00	2352.085	2353.654	2351.319	2351.916	1577	0	599
2024.05.27	23:00:00	2352.000	2352.782	2351.050	2352.371	2496	0	199
2024.05.28	00:00:00	2352.411	2353.541	2351.194	2351.763	3831	0	199
2024.05.28	01:00:00	2351.751	2356.320	2349.143	2354.744	7778	0	199
2024.05.28	02:00:00	2354.719	2355.836	2351.523	2354.137	4917	0	199
2024.05.28	03:00:00	2354.131	2354.509	2350.087	2350.858	4750	0	199
2024.05.28	04:00:00	2350.825	2352.047	2350.407	2350.988	3476	0	199
2024.05.28	05:00:00	2350.985	2353.668	2349.584	2350.401	4754	0	199
2024.05.28	06:00:00	2350.368	2350.368	2341.293	2341.794	9462	0	199
2024.05.28	07:00:00	2341.739	2344.932	2341.684	2344.008	6137	0	199
2024.05.28	08:00:00	2343.974	2345.018	2340.234	2344.818	5965	0	199
2024.05.28	09:00:00	2344.761	2345.135	2342.271	2343.824	4594	0	199
2024.05.28	10:00:00	2343.802	2346.273	2343.134	2345.622	4314	0	199
2024.05.28	11:00:00	2345.668	2348.447	2343.549	2347.396	4925	0	199
2024.05.28	12:00:00	2347.369	2357.078	2345.860	2353.182	9412	0	199
2024.05.28	13:00:00	2353.128	2364.082	2352.200	2354.961	16698	0	199
2024.05.28	14:00:00	2354.887	2356.832	2347.935	2355.308	13616	0	199
2024.05.28	15:00:00	2355.350	2362.123	2352.996	2360.203	9398	0	199
2024.05.28	16:00:00	2360.272	2362.191	2355.236	2356.697	6883	0	199
2024.05.28	17:00:00	2356.696	2360.022	2353.048	2356.867	7370	0	199
2024.05.28	18:00:00	2356.830	2357.755	2352.735	2357.041	5124	0	199
2024.05.28	19:00:00	2357.069	2360.192	2355.745	2358.154	4507	0	199
2024.05.28	20:00:00	2358.137	2361.240	2357.805	2361.240	3184	0	199
2024.05.28	22:00:00	2362.287	2362.287	2357.901	2358.957	1947	0	599
2024.05.28	23:00:00	2358.989	2360.820	2358.105	2359.685	3014	0	199
2024.05.29	00:00:00	2359.648	2361.036	2357.329	2357.894	3587	0	199
2024.05.29	01:00:00	2357.896	2359.448	2355.613	2356.463	6505	0	199
2024.05.29	02:00:00	2356.417	2360.852	2354.382	2355.663	5376	0	199
2024.05.29	03:00:00	2355.643	2359.085	2355.203	2358.124	5018	0	199
2024.05.29	04:00:00	2358.137	2358.972	2356.865	2358.269	3293	0	199
2024.05.29	05:00:00	2358.313	2361.325	2356.450	2356.801	6281	0	199
2024.05.29	06:00:00	2356.761	2356.761	2351.064	2355.765	6790	0	199
2024.05.29	07:00:00	2355.714	2356.151	2349.999	2350.471	5672	0	199
2024.05.29	08:00:00	2350.537	2351.728	2344.878	2345.538	6932	0	199
2024.05.29	09:00:00	2345.533	2346.149	2340.774	2345.681	6349	0	199
2024.05.29	10:00:00	2345.666	2347.196	2343.048	2346.391	4870	0	199
2024.05.29	11:00:00	2346.357	2346.962	2338.432	2341.666	5746	0	199
2024.05.29	12:00:00	2341.658	2343.766	2334.508	2337.770	8512	0	199
2024.05.29	13:00:00	2337.713	2347.214	2335.837	2345.612	13141	0	199
2024.05.29	14:00:00	2345.645	2346.467	2341.433	2343.432	9210	0	199
2024.05.29	15:00:00	2343.474	2343.715	2336.731	2339.149	7086	0	199
2024.05.29	16:00:00	2339.141	2341.923	2336.008	2341.923	5360	0	200
2024.05.29	17:00:00	2341.861	2344.262	2339.318	2343.605	5011	0	199
2024.05.29	18:00:00	2343.614	2344.289	2337.918	2338.201	4101	0	200
2024.05.29	19:00:00	2338.246	2339.285	2336.317	2336.745	4026	0	199
2024.05.29	20:00:00	2336.774	2338.695	2335.842	2338.409	3195	0	199
2024.05.29	22:00:00	2337.919	2338.879	2337.048	2337.508	1996	0	599
2024.05.29	23:00:00	2337.510	2338.996	2337.370	2338.364	2864	0	199
2024.05.30	00:00:00	2338.378	2338.378	2333.946	2336.861	4697	0	199
2024.05.30	01:00:00	2336.917	2339.852	2332.812	2334.079	7885	0	199
2024.05.30	02:00:00	2334.029	2336.547	2328.012	2330.866	7965	0	199
2024.05.30	03:00:00	2330.820	2335.071	2329.149	2334.311	6132	0	199
2024.05.30	04:00:00	2334.264	2337.093	2334.028	2335.266	4442	0	199
2024.05.30	05:00:00	2335.230	2335.783	2322.549	2324.927	8151	0	199
2024.05.30	06:00:00	2324.910	2333.031	2323.926	2332.811	7632	0	199
2024.05.30	07:00:00	2332.770	2337.698	2332.232	2334.342	6767	0	199
2024.05.30	08:00:00	2334.371	2335.758	2331.805	2334.993	6378	0	199
2024.05.30	09:00:00	2335.049	2337.979	2331.610	2333.107	6227	0	199
2024.05.30	10:00:00	2333.162	2340.935	2330.557	2340.603	5465	0	199
2024.05.30	11:00:00	2340.530	2340.603	2335.243	2335.826	6370	0	199
2024.05.30	12:00:00	2335.801	2345.232	2331.929	2341.354	13199	0	199
2024.05.30	13:00:00	2341.303	2348.628	2339.762	2348.628	14764	0	199
2024.05.30	14:00:00	2348.677	2351.847	2342.715	2344.067	12849	0	199
2024.05.30	15:00:00	2344.075	2345.744	2341.735	2343.804	8146	0	199
2024.05.30	16:00:00	2343.837	2348.001	2340.859	2347.835	5980	0	199
2024.05.30	17:00:00	2347.830	2348.806	2342.840	2344.401	5161	0	199
2024.05.30	18:00:00	2344.396	2344.547	2341.192	2342.603	4511	0	199
2024.05.30	19:00:00	2342.553	2342.566	2339.831	2341.567	4528	0	199
2024.05.30	20:00:00	2341.513	2343.540	2341.440	2343.147	2645	0	200
2024.05.30	22:00:00	2343.994	2344.572	2341.893	2343.896	2592	0	599
2024.05.30	23:00:00	2343.914	2346.375	2343.115	2343.907	3151	0	199
2024.05.31	00:00:00	2343.921	2347.515	2342.523	2346.319	4105	0	199
2024.05.31	01:00:00	2346.366	2347.628	2343.095	2346.550	7191	0	199
2024.05.31	02:00:00	2346.547	2347.687	2342.284	2342.508	5106	0	199
2024.05.31	03:00:00	2342.543	2343.697	2336.937	2343.697	6205	0	199
2024.05.31	04:00:00	2343.668	2345.545	2340.963	2344.002	4466	0	199
2024.05.31	05:00:00	2344.011	2344.838	2341.682	2342.360	5013	0	199
2024.05.31	06:00:00	2342.302	2347.059	2341.924	2345.851	5387	0	199
2024.05.31	07:00:00	2345.807	2345.807	2339.896	2340.364	5436	0	199
2024.05.31	08:00:00	2340.340	2343.851	2339.684	2343.209	5085	0	199
2024.05.31	09:00:00	2343.206	2344.435	2340.983	2342.075	4808	0	199
2024.05.31	10:00:00	2342.033	2344.493	2341.524	2343.982	4109	0	199
2024.05.31	11:00:00	2343.982	2344.922	2342.619	2343.784	4712	0	199
2024.05.31	12:00:00	2343.739	2356.779	2342.415	2354.752	11433	0	199
2024.05.31	13:00:00	2354.721	2359.695	2343.218	2348.134	14535	0	199
2024.05.31	14:00:00	2348.189	2349.029	2334.127	2335.228	17488	0	199
2024.05.31	15:00:00	2335.177	2336.131	2327.665	2330.025	15604	0	199
2024.05.31	16:00:00	2329.970	2336.693	2329.659	2332.912	8745	0	199
2024.05.31	17:00:00	2332.839	2333.744	2323.852	2325.937	9164	0	199
2024.05.31	18:00:00	2325.984	2327.187	2322.269	2322.924	5550	0	199
2024.05.31	19:00:00	2322.925	2328.242	2320.525	2327.686	6023	0	199
2024.05.31	20:00:00	2327.633	2330.551	2326.996	2327.192	4108	0	199
2024.06.02	22:00:00	2328.496	2328.774	2323.334	2326.369	3564	0	199
2024.06.02	23:00:00	2326.363	2326.795	2324.002	2325.937	3074	0	199
2024.06.03	00:00:00	2325.967	2327.465	2323.956	2327.037	4053	0	199
2024.06.03	01:00:00	2327.097	2331.110	2326.120	2330.709	6612	0	199
2024.06.03	02:00:00	2330.694	2330.944	2325.529	2326.318	4941	0	199
2024.06.03	03:00:00	2326.269	2328.149	2320.804	2321.394	5512	0	199
2024.06.03	04:00:00	2321.441	2322.499	2319.965	2321.371	3995	0	199
2024.06.03	05:00:00	2321.341	2323.689	2315.315	2320.147	6911	0	199
2024.06.03	06:00:00	2320.125	2322.794	2314.692	2322.344	7936	0	199
2024.06.03	07:00:00	2322.307	2328.845	2322.160	2325.951	6363	0	199
2024.06.03	08:00:00	2325.920	2328.498	2324.710	2325.493	5791	0	199
2024.06.03	09:00:00	2325.513	2328.716	2324.293	2327.726	4948	0	199
2024.06.03	10:00:00	2327.734	2333.311	2326.193	2330.713	5984	0	199
2024.06.03	11:00:00	2330.688	2332.385	2328.927	2329.977	5272	0	199
2024.06.03	12:00:00	2329.994	2334.346	2325.656	2333.977	7325	0	199
2024.06.03	13:00:00	2333.939	2336.669	2329.815	2333.456	11693	0	199
2024.06.03	14:00:00	2333.846	2345.664	2333.846	2341.722	16199	0	199
2024.06.03	15:00:00	2341.657	2344.215	2335.416	2342.781	9841	0	199
2024.06.03	16:00:00	2342.730	2350.258	2341.348	2349.131	7020	0	199
2024.06.03	17:00:00	2349.079	2354.730	2346.031	2348.410	7516	0	199
2024.06.03	18:00:00	2348.377	2349.440	2346.474	2348.169	5107	0	199
2024.06.03	19:00:00	2348.216	2349.027	2344.683	2347.609	4307	0	199
2024.06.03	20:00:00	2347.654	2351.098	2346.898	2350.814	2746	0	199
2024.06.03	22:00:00	2351.660	2351.811	2349.879	2350.491	1686	0	599
2024.06.03	23:00:00	2350.558	2351.120	2349.715	2350.629	2417	0	200
2024.06.04	00:00:00	2350.641	2352.798	2350.090	2350.667	3475	0	199
2024.06.04	01:00:00	2350.647	2352.312	2343.124	2347.104	6238	0	199
2024.06.04	02:00:00	2347.075	2349.583	2345.639	2346.836	4639	0	199
2024.06.04	03:00:00	2346.804	2347.006	2344.111	2345.751	4195	0	200
2024.06.04	04:00:00	2345.692	2349.859	2345.122	2349.267	3531	0	199
2024.06.04	05:00:00	2349.217	2349.576	2347.265	2347.725	4303	0	199
2024.06.04	06:00:00	2347.678	2351.777	2344.281	2344.519	6023	0	199
2024.06.04	07:00:00	2344.499	2345.127	2339.038	2339.732	6098	0	199
2024.06.04	08:00:00	2339.678	2339.785	2332.233	2333.369	8484	0	199
2024.06.04	09:00:00	2333.329	2334.186	2326.691	2329.860	8640	0	199
2024.06.04	10:00:00	2329.906	2334.812	2328.849	2329.163	6220	0	199
2024.06.04	11:00:00	2329.213	2329.794	2325.248	2327.916	6510	0	199
2024.06.04	12:00:00	2327.877	2335.958	2326.634	2335.082	8557	0	199
2024.06.04	13:00:00	2335.109	2337.922	2322.023	2324.330	14167	0	199
2024.06.04	14:00:00	2324.644	2332.486	2315.515	2317.620	19194	0	199
2024.06.04	15:00:00	2317.651	2328.776	2317.395	2326.065	9744	0	199
2024.06.04	16:00:00	2326.071	2329.663	2322.510	2323.861	7019	0	199
2024.06.04	17:00:00	2323.910	2330.320	2323.696	2328.753	6164	0	199
2024.06.04	18:00:00	2328.700	2329.740	2326.021	2328.240	4671	0	199
2024.06.04	19:00:00	2328.199	2328.352	2325.989	2327.312	3957	0	199
2024.06.04	20:00:00	2327.355	2327.659	2325.980	2327.058	2371	0	200
2024.06.04	22:00:00	2327.611	2328.120	2327.256	2327.563	1281	0	599
2024.06.04	23:00:00	2327.563	2328.897	2327.554	2328.785	2128	0	199
2024.06.05	00:00:00	2328.791	2329.659	2327.716	2328.182	3358	0	199
2024.06.05	01:00:00	2328.182	2330.908	2325.857	2330.448	5040	0	199
2024.06.05	02:00:00	2330.482	2333.516	2329.875	2333.310	4485	0	199
2024.06.05	03:00:00	2333.266	2337.923	2332.954	2337.121	4463	0	199
2024.06.05	04:00:00	2337.172	2338.216	2335.822	2337.964	3428	0	199
2024.06.05	05:00:00	2337.958	2341.666	2337.311	2337.311	4960	0	199
2024.06.05	06:00:00	2337.312	2338.379	2328.058	2332.702	6533	0	199
2024.06.05	07:00:00	2332.716	2333.694	2329.094	2331.588	5665	0	199
2024.06.05	08:00:00	2331.581	2335.083	2331.301	2332.536	5147	0	199
2024.06.05	09:00:00	2332.593	2333.919	2330.974	2332.304	5223	0	199
2024.06.05	10:00:00	2332.245	2335.527	2329.465	2333.750	5600	0	199
2024.06.05	11:00:00	2333.698	2335.484	2331.044	2332.513	4990	0	199
2024.06.05	12:00:00	2332.572	2344.047	2332.177	2342.112	10032	0	199
2024.06.05	13:00:00	2342.060	2345.927	2338.157	2345.755	12495	0	199
2024.06.05	14:00:00	2345.708	2350.269	2334.029	2348.880	18869	0	199
2024.06.05	15:00:00	2348.936	2357.389	2348.936	2353.649	10165	0	199
2024.06.05	16:00:00	2353.643	2354.971	2351.370	2352.542	6183	0	199
2024.06.05	17:00:00	2352.593	2355.716	2351.668	2355.029	4878	0	199
2024.06.05	18:00:00	2354.988	2356.738	2353.422	2355.767	4284	0	199
2024.06.05	19:00:00	2355.739	2356.071	2352.628	2353.928	4032	0	199
2024.06.05	20:00:00	2353.971	2355.221	2352.769	2355.147	2664	0	199
2024.06.05	22:00:00	2356.891	2356.891	2354.888	2356.609	1840	0	599
2024.06.05	23:00:00	2356.598	2357.230	2354.755	2355.011	2242	0	200
2024.06.06	00:00:00	2355.010	2355.983	2354.490	2355.737	2903	0	199
2024.06.06	01:00:00	2355.686	2373.322	2355.546	2367.466	10970	0	199
2024.06.06	02:00:00	2367.409	2374.652	2365.092	2374.322	6727	0	199
2024.06.06	03:00:00	2374.348	2374.965	2367.587	2368.445	5014	0	199
2024.06.06	04:00:00	2368.448	2370.566	2366.816	2369.380	3594	0	199
2024.06.06	05:00:00	2369.377	2371.395	2366.322	2367.700	4595	0	199
2024.06.06	06:00:00	2367.720	2367.955	2363.113	2367.050	5189	0	199
2024.06.06	07:00:00	2367.005	2368.391	2362.152	2362.906	5054	0	199
2024.06.06	08:00:00	2362.899	2363.179	2359.774	2362.862	4634	0	199
2024.06.06	09:00:00	2362.903	2363.888	2358.513	2361.552	4537	0	199
2024.06.06	10:00:00	2361.554	2361.924	2359.431	2361.014	3855	0	199
2024.06.06	11:00:00	2361.066	2361.965	2359.127	2359.760	4105	0	199
2024.06.06	12:00:00	2359.739	2365.181	2355.183	2357.532	10887	0	199
2024.06.06	13:00:00	2357.584	2366.991	2353.361	2360.620	16892	0	199
2024.06.06	14:00:00	2360.620	2366.317	2358.393	2364.193	10323	0	199
2024.06.06	15:00:00	2364.160	2378.511	2364.064	2374.226	9880	0	199
2024.06.06	16:00:00	2374.209	2376.908	2370.301	2372.854	7932	0	199
2024.06.06	17:00:00	2372.882	2373.996	2370.637	2373.075	5373	0	199
2024.06.06	18:00:00	2373.085	2373.650	2368.979	2372.057	4786	0	199
2024.06.06	19:00:00	2372.037	2375.452	2371.177	2372.497	4304	0	199
2024.06.06	20:00:00	2372.472	2376.102	2372.285	2375.754	2807	0	199
2024.06.06	22:00:00	2376.653	2377.131	2375.592	2376.945	1596	0	200
2024.06.06	23:00:00	2376.948	2378.125	2376.238	2376.730	2156	0	199
2024.06.07	00:00:00	2376.735	2379.242	2376.015	2378.418	3867	0	199
2024.06.07	01:00:00	2378.460	2379.967	2370.145	2370.927	7133	0	199
2024.06.07	02:00:00	2370.958	2378.226	2369.377	2376.536	6040	0	199
2024.06.07	03:00:00	2376.572	2381.969	2375.132	2380.121	4728	0	199
2024.06.07	04:00:00	2380.075	2387.495	2379.222	2386.549	4179	0	199
2024.06.07	05:00:00	2386.571	2387.702	2375.014	2375.938	7154	0	199
2024.06.07	06:00:00	2375.904	2377.754	2372.842	2375.404	6511	0	199
2024.06.07	07:00:00	2375.369	2379.284	2372.742	2373.584	5362	0	199
2024.06.07	08:00:00	2373.536	2373.934	2342.536	2347.262	18366	0	199
2024.06.07	09:00:00	2347.308	2347.946	2337.372	2339.276	9339	0	199
2024.06.07	10:00:00	2339.262	2339.262	2331.939	2333.613	7240	0	199
2024.06.07	11:00:00	2333.572	2339.308	2330.868	2336.498	8180	0	199
2024.06.07	12:00:00	2336.489	2339.313	2313.173	2319.268	23234	0	199
2024.06.07	13:00:00	2319.215	2328.040	2304.995	2309.403	21883	0	199
2024.06.07	14:00:00	2309.454	2321.109	2307.520	2313.248	16395	0	199
2024.06.07	15:00:00	2313.217	2315.497	2304.449	2304.957	11538	0	199
2024.06.07	16:00:00	2305.019	2314.486	2302.937	2311.573	9281	0	199
2024.06.07	17:00:00	2311.624	2312.331	2303.685	2305.475	7146	0	199
2024.06.07	18:00:00	2305.513	2307.119	2299.898	2301.410	6036	0	199
2024.06.07	19:00:00	2301.436	2301.443	2287.536	2288.334	7930	0	199
2024.06.07	20:00:00	2288.290	2294.327	2286.723	2293.798	5435	0	199
2024.06.09	22:00:00	2290.432	2298.434	2290.377	2297.428	3685	0	199
2024.06.09	23:00:00	2297.380	2300.041	2296.436	2298.479	3471	0	199
2024.06.10	00:00:00	2298.529	2299.847	2294.137	2296.991	4220	0	199
2024.06.10	01:00:00	2296.947	2297.970	2293.904	2297.629	4182	0	199
2024.06.10	02:00:00	2297.581	2301.403	2295.496	2296.219	5041	0	199
2024.06.10	03:00:00	2296.255	2297.727	2294.799	2295.329	3880	0	199
2024.06.10	04:00:00	2295.287	2295.768	2292.701	2294.788	4104	0	199
2024.06.10	05:00:00	2294.797	2297.247	2292.130	2295.650	4853	0	199
2024.06.10	06:00:00	2295.698	2296.546	2287.700	2291.199	6765	0	199
2024.06.10	07:00:00	2291.245	2297.246	2290.426	2296.475	6816	0	199
2024.06.10	08:00:00	2296.523	2297.566	2292.457	2292.627	5683	0	199
2024.06.10	09:00:00	2292.602	2297.444	2291.827	2295.304	5198	0	199
2024.06.10	10:00:00	2295.329	2298.776	2295.276	2298.438	4984	0	199
2024.06.10	11:00:00	2298.482	2305.283	2297.803	2305.044	5936	0	199
2024.06.10	12:00:00	2304.993	2308.662	2303.141	2306.100	8104	0	199
2024.06.10	13:00:00	2306.143	2307.790	2300.353	2305.567	9048	0	199
2024.06.10	14:00:00	2305.611	2307.198	2301.700	2302.695	8513	0	199
2024.06.10	15:00:00	2302.742	2308.635	2301.254	2307.300	6576	0	199
2024.06.10	16:00:00	2307.348	2313.766	2306.936	2312.918	6503	0	199
2024.06.10	17:00:00	2312.954	2313.375	2309.069	2311.830	4899	0	199
2024.06.10	18:00:00	2311.816	2312.018	2309.866	2310.879	4017	0	199
2024.06.10	19:00:00	2310.907	2312.274	2308.636	2308.733	3924	0	199
2024.06.10	20:00:00	2308.786	2310.947	2308.475	2310.782	2312	0	199
2024.06.10	22:00:00	2311.889	2312.147	2309.699	2309.741	2192	0	199
2024.06.10	23:00:00	2309.756	2310.582	2308.751	2309.930	2313	0	199
2024.06.11	00:00:00	2309.925	2311.898	2309.032	2310.866	3272	0	199
2024.06.11	01:00:00	2310.812	2310.812	2301.639	2302.838	10219	0	199
2024.06.11	02:00:00	2302.805	2303.667	2298.778	2301.869	7418	0	199
2024.06.11	03:00:00	2301.835	2304.388	2300.755	2303.733	4487	0	199
2024.06.11	04:00:00	2303.686	2303.934	2301.405	2303.571	3319	0	199
2024.06.11	05:00:00	2303.521	2304.373	2297.647	2299.568	4723	0	199
2024.06.11	06:00:00	2299.664	2304.625	2298.655	2302.071	5227	0	199
2024.06.11	07:00:00	2302.024	2305.421	2301.656	2304.485	5292	0	199
2024.06.11	08:00:00	2304.517	2307.760	2303.227	2306.019	5464	0	199
2024.06.11	09:00:00	2306.004	2307.350	2301.494	2306.420	5340	0	199
2024.06.11	10:00:00	2306.450	2308.868	2305.214	2307.829	4810	0	199
2024.06.11	11:00:00	2307.871	2308.262	2305.438	2307.644	4954	0	199
2024.06.11	12:00:00	2307.607	2319.950	2307.538	2317.959	8444	0	199
2024.06.11	13:00:00	2317.973	2319.573	2309.225	2314.715	16253	0	199
2024.06.11	14:00:00	2314.660	2317.780	2312.405	2314.709	8937	0	199
2024.06.11	15:00:00	2314.758	2315.912	2309.933	2310.121	6965	0	199
2024.06.11	16:00:00	2310.171	2312.362	2305.788	2308.472	5890	0	199
2024.06.11	17:00:00	2308.518	2313.432	2307.823	2312.702	5738	0	199
2024.06.11	18:00:00	2312.732	2315.756	2312.084	2313.808	3690	0	199
2024.06.11	19:00:00	2313.757	2315.669	2312.424	2315.310	3874	0	199
2024.06.11	20:00:00	2315.350	2316.872	2314.737	2316.639	2485	0	199
2024.06.11	22:00:00	2316.526	2317.605	2315.130	2316.864	2064	0	199
2024.06.11	23:00:00	2316.908	2317.442	2313.865	2315.071	2830	0	199
2024.06.12	00:00:00	2315.056	2315.631	2313.387	2313.797	3009	0	199
2024.06.12	01:00:00	2313.795	2315.144	2310.790	2314.418	5706	0	199
2024.06.12	02:00:00	2314.435	2315.493	2310.705	2313.640	5278	0	199
2024.06.12	03:00:00	2313.592	2316.748	2313.537	2314.024	3585	0	199
2024.06.12	04:00:00	2314.031	2314.376	2312.411	2312.710	2827	0	200
2024.06.12	05:00:00	2312.729	2315.342	2312.375	2314.949	3788	0	199
2024.06.12	06:00:00	2314.968	2317.780	2313.791	2314.880	4931	0	199
2024.06.12	07:00:00	2314.833	2315.464	2311.164	2314.479	4442	0	199
2024.06.12	08:00:00	2314.518	2315.697	2310.763	2312.775	4437	0	199
2024.06.12	09:00:00	2312.731	2315.383	2312.157	2314.005	4481	0	199
2024.06.12	10:00:00	2313.957	2314.718	2312.164	2313.348	3995	0	199
2024.06.12	11:00:00	2313.296	2314.769	2312.215	2312.847	5257	0	199
2024.06.12	12:00:00	2312.866	2337.684	2311.564	2335.912	16243	0	199
2024.06.12	13:00:00	2335.877	2341.629	2324.956	2329.789	22770	0	199
2024.06.12	14:00:00	2329.774	2329.942	2320.053	2325.229	11927	0	199
2024.06.12	15:00:00	2325.287	2337.158	2324.648	2335.552	10836	0	199
2024.06.12	16:00:00	2335.596	2338.166	2333.128	2337.635	7877	0	199
2024.06.12	17:00:00	2337.686	2339.558	2332.802	2335.292	6158	0	199
2024.06.12	18:00:00	2335.224	2335.224	2319.312	2322.697	26826	0	199
2024.06.12	19:00:00	2322.729	2324.638	2315.822	2321.263	9850	0	199
2024.06.12	20:00:00	2321.304	2324.717	2320.258	2324.393	3605	0	199
2024.06.12	22:00:00	2324.700	2325.354	2321.657	2321.925	2363	0	199
2024.06.12	23:00:00	2321.923	2322.385	2320.100	2320.555	2636	0	200
2024.06.13	00:00:00	2320.570	2322.964	2317.564	2320.728	3856	0	199
2024.06.13	01:00:00	2320.777	2321.545	2308.050	2312.612	10137	0	199
2024.06.13	02:00:00	2312.659	2316.122	2310.636	2314.150	5325	0	199
2024.06.13	03:00:00	2314.130	2316.313	2312.549	2314.248	4403	0	199
2024.06.13	04:00:00	2314.239	2314.844	2309.308	2311.773	3653	0	199
2024.06.13	05:00:00	2311.777	2312.222	2308.966	2311.612	4409	0	199
2024.06.13	06:00:00	2311.564	2316.115	2311.148	2315.632	5185	0	199
2024.06.13	07:00:00	2315.586	2318.566	2313.298	2317.012	5374	0	199
2024.06.13	08:00:00	2317.060	2317.201	2313.905	2315.560	4670	0	199
2024.06.13	09:00:00	2315.537	2318.424	2313.368	2315.446	4631	0	199
2024.06.13	10:00:00	2315.397	2319.954	2315.243	2316.290	4590	0	199
2024.06.13	11:00:00	2316.329	2316.692	2303.935	2307.026	7024	0	199
2024.06.13	12:00:00	2307.073	2326.755	2305.507	2323.261	14741	0	199
2024.06.13	13:00:00	2323.221	2324.740	2308.349	2310.736	13445	0	199
2024.06.13	14:00:00	2310.693	2314.446	2305.647	2313.508	12349	0	199
2024.06.13	15:00:00	2313.565	2317.038	2297.746	2298.992	13422	0	199
2024.06.13	16:00:00	2298.938	2300.326	2295.463	2299.236	8595	0	199
2024.06.13	17:00:00	2299.279	2304.409	2299.049	2301.444	6370	0	199
2024.06.13	18:00:00	2301.431	2303.966	2300.017	2302.970	4170	0	199
2024.06.13	19:00:00	2302.966	2304.894	2302.686	2303.413	4004	0	199
2024.06.13	20:00:00	2303.463	2304.322	2302.867	2303.847	2188	0	199
2024.06.13	22:00:00	2303.369	2304.117	2302.872	2302.887	1681	0	199
2024.06.13	23:00:00	2302.920	2303.268	2301.689	2302.335	1995	0	199
2024.06.14	00:00:00	2302.379	2305.729	2301.503	2304.884	3307	0	200
2024.06.14	01:00:00	2304.886	2307.128	2303.017	2305.967	5223	0	199
2024.06.14	02:00:00	2305.918	2307.040	2304.212	2306.591	4415	0	199
2024.06.14	03:00:00	2306.591	2308.605	2304.956	2305.461	4681	0	199
2024.06.14	04:00:00	2305.417	2306.097	2303.449	2305.864	3616	0	199
2024.06.14	05:00:00	2305.870	2311.589	2305.503	2309.880	4571	0	199
2024.06.14	06:00:00	2309.825	2312.771	2307.436	2312.613	5659	0	199
2024.06.14	07:00:00	2312.564	2316.707	2309.344	2315.226	6369	0	199
2024.06.14	08:00:00	2315.184	2321.637	2314.725	2317.349	6288	0	199
2024.06.14	09:00:00	2317.387	2322.736	2315.225	2322.651	5743	0	199
2024.06.14	10:00:00	2322.607	2332.649	2320.916	2330.492	7806	0	199
2024.06.14	11:00:00	2330.447	2336.559	2326.032	2332.012	8080	0	199
2024.06.14	12:00:00	2332.043	2333.387	2327.178	2330.287	9556	0	199
2024.06.14	13:00:00	2330.253	2332.867	2324.150	2330.386	11709	0	199
2024.06.14	14:00:00	2330.393	2335.474	2327.932	2330.052	10824	0	199
2024.06.14	15:00:00	2329.985	2332.168	2324.007	2326.087	7139	0	199
2024.06.14	16:00:00	2326.129	2331.916	2325.353	2328.788	6429	0	199
2024.06.14	17:00:00	2328.840	2335.557	2328.471	2334.089	5245	0	199
2024.06.14	18:00:00	2334.086	2335.085	2332.178	2334.573	4157	0	199
2024.06.14	19:00:00	2334.531	2335.378	2332.136	2332.452	4103	0	199
2024.06.14	20:00:00	2332.506	2333.064	2330.917	2332.825	2576	0	199
2024.06.16	22:00:00	2331.087	2331.486	2327.554	2328.796	1894	0	199
2024.06.16	23:00:00	2328.858	2329.675	2327.412	2328.873	2492	0	199
2024.06.17	00:00:00	2328.918	2328.918	2325.219	2326.418	3908	0	199
2024.06.17	01:00:00	2326.399	2328.948	2322.740	2326.257	6463	0	199
2024.06.17	02:00:00	2326.213	2326.213	2321.475	2322.655	5036	0	199
2024.06.17	03:00:00	2322.606	2325.146	2321.659	2324.309	4046	0	199
2024.06.17	04:00:00	2324.307	2326.233	2322.637	2323.692	3344	0	199
2024.06.17	05:00:00	2323.675	2323.675	2317.737	2318.552	4908	0	199
2024.06.17	06:00:00	2318.506	2319.237	2315.437	2317.335	5236	0	199
2024.06.17	07:00:00	2317.287	2320.112	2315.521	2316.993	4808	0	199
2024.06.17	08:00:00	2316.962	2322.281	2316.413	2321.279	4823	0	199
2024.06.17	09:00:00	2321.295	2322.586	2319.203	2320.062	4468	0	199
2024.06.17	10:00:00	2320.027	2322.550	2319.519	2320.460	4073	0	199
2024.06.17	11:00:00	2320.471	2321.943	2317.551	2318.185	4846	0	199
2024.06.17	12:00:00	2318.230	2321.100	2316.767	2319.568	6036	0	199
2024.06.17	13:00:00	2319.520	2326.312	2318.736	2320.978	8566	0	199
2024.06.17	14:00:00	2320.933	2327.643	2318.307	2324.476	7281	0	199
2024.06.17	15:00:00	2324.523	2325.481	2309.971	2312.489	8817	0	199
2024.06.17	16:00:00	2312.538	2317.025	2312.538	2316.843	5361	0	199
2024.06.17	17:00:00	2316.837	2318.307	2313.218	2316.635	4592	0	199
2024.06.17	18:00:00	2316.666	2319.227	2316.079	2317.846	4098	0	199
2024.06.17	19:00:00	2317.857	2320.569	2317.794	2320.138	3951	0	199
2024.06.17	20:00:00	2320.182	2320.725	2318.413	2319.015	2140	0	200
2024.06.17	22:00:00	2320.081	2321.196	2319.695	2320.950	1503	0	200
2024.06.17	23:00:00	2321.008	2321.229	2319.148	2320.645	2067	0	199
2024.06.18	00:00:00	2320.634	2325.538	2320.634	2324.085	3919	0	199
2024.06.18	01:00:00	2324.086	2325.440	2319.234	2322.544	5275	0	199
2024.06.18	02:00:00	2322.562	2325.633	2321.531	2324.351	4367	0	199
2024.06.18	03:00:00	2324.315	2325.102	2323.187	2324.411	3442	0	199
2024.06.18	04:00:00	2324.408	2324.812	2321.901	2322.609	3279	0	199
2024.06.18	05:00:00	2322.598	2323.741	2319.404	2322.125	4520	0	199
2024.06.18	06:00:00	2322.123	2322.706	2318.689	2320.085	4272	0	199
2024.06.18	07:00:00	2320.091	2320.171	2314.957	2315.505	4419	0	199
2024.06.18	08:00:00	2315.473	2315.473	2310.666	2311.259	5159	0	199
2024.06.18	09:00:00	2311.228	2314.247	2310.852	2311.168	4679	0	199
2024.06.18	10:00:00	2311.136	2312.402	2306.533	2308.304	4722	0	199
2024.06.18	11:00:00	2308.350	2314.168	2306.624	2313.311	4830	0	199
2024.06.18	12:00:00	2313.279	2324.185	2311.409	2313.896	11247	0	199
2024.06.18	13:00:00	2313.949	2327.703	2313.682	2326.715	14899	0	199
2024.06.18	14:00:00	2326.652	2327.152	2322.114	2323.637	8634	0	199
2024.06.18	15:00:00	2323.651	2329.758	2318.708	2326.864	8037	0	199
2024.06.18	16:00:00	2326.916	2330.729	2326.448	2330.181	5355	0	199
2024.06.18	17:00:00	2330.230	2333.087	2328.210	2329.688	5269	0	199
2024.06.18	18:00:00	2329.642	2331.488	2327.445	2331.226	4447	0	199
2024.06.18	19:00:00	2331.223	2331.223	2328.496	2329.358	3670	0	199
2024.06.18	20:00:00	2329.351	2330.549	2328.857	2329.408	1983	0	199
2024.06.18	22:00:00	2329.788	2330.182	2327.498	2328.289	1915	0	199
2024.06.18	23:00:00	2328.289	2329.606	2327.959	2328.254	1842	0	199
2024.06.19	00:00:00	2328.274	2329.958	2328.015	2329.447	3028	0	199
2024.06.19	01:00:00	2329.414	2330.922	2326.493	2330.070	4513	0	199
2024.06.19	02:00:00	2330.069	2331.271	2328.911	2330.282	3644	0	199
2024.06.19	03:00:00	2330.288	2331.753	2327.928	2328.270	3102	0	199
2024.06.19	04:00:00	2328.222	2328.470	2327.242	2327.919	2644	0	199
2024.06.19	05:00:00	2327.916	2330.026	2326.796	2329.300	3344	0	200
2024.06.19	06:00:00	2329.343	2330.719	2328.357	2330.237	3944	0	200
2024.06.19	07:00:00	2330.190	2332.693	2329.747	2331.768	4540	0	199
2024.06.19	08:00:00	2331.812	2334.964	2331.812	2332.541	4054	0	199
2024.06.19	09:00:00	2332.539	2332.753	2327.670	2328.112	4304	0	199
2024.06.19	10:00:00	2328.107	2329.923	2327.371	2327.924	3857	0	199
2024.06.19	11:00:00	2327.924	2331.059	2325.761	2330.405	4290	0	199
2024.06.19	12:00:00	2330.391	2332.905	2325.163	2328.307	5155	0	199
2024.06.19	13:00:00	2328.298	2331.394	2326.730	2328.228	5306	0	199
2024.06.19	14:00:00	2328.170	2328.422	2323.680	2326.091	5598	0	199
2024.06.19	15:00:00	2326.062	2329.777	2325.194	2329.774	4216	0	199
2024.06.19	16:00:00	2329.783	2331.336	2328.882	2329.464	3295	0	199
2024.06.19	17:00:00	2329.411	2330.864	2329.187	2329.971	521	0	199
2024.06.19	22:00:00	2329.947	2330.547	2329.087	2330.400	2056	0	199
2024.06.19	23:00:00	2330.415	2330.415	2328.645	2329.342	1975	0	199
2024.06.20	00:00:00	2329.361	2329.771	2327.740	2329.681	2801	0	199
2024.06.20	01:00:00	2329.667	2338.980	2329.667	2336.301	7020	0	199
2024.06.20	02:00:00	2336.291	2337.309	2332.822	2333.740	4750	0	199
2024.06.20	03:00:00	2333.731	2334.344	2332.346	2333.901	3845	0	199
2024.06.20	04:00:00	2333.897	2340.912	2333.692	2340.356	4473	0	199
2024.06.20	05:00:00	2340.349	2344.925	2339.731	2340.216	5294	0	199
2024.06.20	06:00:00	2340.271	2345.674	2340.177	2344.069	5171	0	199
2024.06.20	07:00:00	2344.124	2344.984	2338.448	2338.581	5536	0	199
2024.06.20	08:00:00	2338.532	2338.647	2332.639	2333.319	5917	0	199
2024.06.20	09:00:00	2333.321	2335.727	2331.561	2334.590	4667	0	199
2024.06.20	10:00:00	2334.644	2340.583	2333.457	2339.486	3910	0	199
2024.06.20	11:00:00	2339.445	2341.376	2337.704	2339.245	4574	0	199
2024.06.20	12:00:00	2339.292	2344.056	2335.266	2338.540	9675	0	199
2024.06.20	13:00:00	2338.579	2349.415	2336.608	2349.223	11186	0	199
2024.06.20	14:00:00	2349.268	2364.969	2348.860	2364.058	13184	0	199
2024.06.20	15:00:00	2364.050	2365.486	2351.333	2353.738	9201	0	199
2024.06.20	16:00:00	2353.725	2357.139	2352.796	2356.313	5547	0	199
2024.06.20	17:00:00	2356.324	2357.550	2354.575	2357.293	4978	0	199
2024.06.20	18:00:00	2357.341	2361.002	2357.247	2357.931	4188	0	199
2024.06.20	19:00:00	2358.006	2359.812	2357.580	2358.812	4032	0	199
2024.06.20	20:00:00	2358.856	2360.060	2358.166	2359.911	2344	0	199
2024.06.20	22:00:00	2360.374	2360.374	2358.155	2359.409	2838	0	199
2024.06.20	23:00:00	2359.399	2361.131	2358.833	2360.745	2531	0	199
2024.06.21	00:00:00	2360.764	2364.837	2360.764	2364.067	3590	0	199
2024.06.21	01:00:00	2364.119	2364.171	2357.068	2359.610	6317	0	199
2024.06.21	02:00:00	2359.651	2361.608	2358.115	2359.350	4319	0	199
2024.06.21	03:00:00	2359.312	2362.186	2358.687	2362.135	3444	0	199
2024.06.21	04:00:00	2362.160	2362.983	2361.003	2362.908	2768	0	199
2024.06.21	05:00:00	2362.902	2365.602	2362.180	2364.488	3669	0	199
2024.06.21	06:00:00	2364.447	2364.447	2357.906	2358.463	5355	0	199
2024.06.21	07:00:00	2358.422	2364.380	2355.088	2362.883	6671	0	199
2024.06.21	08:00:00	2362.929	2368.099	2362.631	2365.257	5558	0	199
2024.06.21	09:00:00	2365.212	2367.301	2362.846	2363.935	4736	0	199
2024.06.21	10:00:00	2363.955	2364.152	2361.277	2363.573	4571	0	199
2024.06.21	11:00:00	2363.573	2368.743	2363.417	2366.216	4696	0	199
2024.06.21	12:00:00	2366.271	2368.041	2360.381	2360.650	6715	0	199
2024.06.21	13:00:00	2360.617	2363.761	2334.682	2340.442	18064	0	199
2024.06.21	14:00:00	2340.406	2340.537	2328.497	2329.880	16016	0	199
2024.06.21	15:00:00	2329.922	2334.741	2323.276	2327.893	11758	0	199
2024.06.21	16:00:00	2327.946	2329.353	2323.668	2324.747	6722	0	199
2024.06.21	17:00:00	2324.700	2325.142	2316.696	2319.270	8248	0	199
2024.06.21	18:00:00	2319.285	2322.785	2316.700	2322.124	5051	0	199
2024.06.21	19:00:00	2322.167	2323.354	2320.364	2322.054	4572	0	199
2024.06.21	20:00:00	2322.105	2322.653	2320.760	2321.501	2875	0	199
2024.06.23	22:00:00	2321.110	2322.193	2320.409	2321.489	2173	0	199
2024.06.23	23:00:00	2321.492	2321.492	2317.688	2319.185	2940	0	199
2024.06.24	00:00:00	2319.175	2321.733	2317.852	2320.882	3820	0	199
2024.06.24	01:00:00	2320.915	2326.251	2319.016	2323.639	6792	0	199
2024.06.24	02:00:00	2323.584	2325.144	2319.546	2324.730	5212	0	199
2024.06.24	03:00:00	2324.680	2326.642	2324.316	2325.395	3956	0	199
2024.06.24	04:00:00	2325.405	2326.610	2324.089	2324.506	3155	0	199
2024.06.24	05:00:00	2324.494	2327.254	2323.608	2325.112	3957	0	199
2024.06.24	06:00:00	2325.065	2325.302	2321.350	2323.507	4909	0	199
2024.06.24	07:00:00	2323.441	2331.786	2321.706	2330.705	5231	0	199
2024.06.24	08:00:00	2330.722	2332.775	2329.139	2330.570	4988	0	199
2024.06.24	09:00:00	2330.538	2330.979	2320.809	2325.041	6181	0	199
2024.06.24	10:00:00	2325.023	2327.127	2324.445	2325.169	5128	0	199
2024.06.24	11:00:00	2325.162	2328.054	2324.053	2326.190	4634	0	199
2024.06.24	12:00:00	2326.236	2327.824	2323.284	2327.604	6175	0	199
2024.06.24	13:00:00	2327.603	2333.831	2325.836	2328.052	9285	0	199
2024.06.24	14:00:00	2328.008	2333.663	2326.910	2330.709	8006	0	199
2024.06.24	15:00:00	2330.653	2333.113	2327.422	2327.626	5762	0	199
2024.06.24	16:00:00	2327.581	2332.215	2326.813	2331.641	4477	0	199
2024.06.24	17:00:00	2331.602	2333.164	2330.506	2331.972	4389	0	199
2024.06.24	18:00:00	2331.978	2334.630	2331.909	2333.783	4155	0	199
2024.06.24	19:00:00	2333.804	2333.804	2330.922	2331.640	3989	0	199
2024.06.24	20:00:00	2331.607	2333.855	2331.607	2333.671	2248	0	199
2024.06.24	22:00:00	2333.991	2334.390	2331.631	2331.777	1486	0	199
2024.06.24	23:00:00	2331.770	2331.969	2330.226	2330.877	2229	0	199
2024.06.25	00:00:00	2330.871	2330.924	2328.218	2330.016	3198	0	199
2024.06.25	01:00:00	2330.017	2330.902	2323.164	2325.792	5761	0	199
2024.06.25	02:00:00	2325.802	2327.027	2324.506	2326.448	4668	0	199
2024.06.25	03:00:00	2326.403	2328.531	2324.003	2324.146	4037	0	199
2024.06.25	04:00:00	2324.188	2327.781	2322.679	2327.394	3654	0	199
2024.06.25	05:00:00	2327.399	2330.079	2324.501	2324.951	4305	0	199
2024.06.25	06:00:00	2324.998	2328.172	2323.410	2327.190	4761	0	199
2024.06.25	07:00:00	2327.148	2327.640	2324.027	2324.788	5083	0	199
2024.06.25	08:00:00	2324.745	2330.587	2322.814	2329.587	6133	0	199
2024.06.25	09:00:00	2329.592	2334.072	2329.253	2333.030	4696	0	199
2024.06.25	10:00:00	2333.005	2337.091	2332.583	2335.251	4912	0	199
2024.06.25	11:00:00	2335.306	2335.813	2327.305	2330.126	5254	0	199
2024.06.25	12:00:00	2330.162	2330.458	2323.991	2324.214	6434	0	199
2024.06.25	13:00:00	2324.263	2327.396	2320.174	2325.724	10704	0	199
2024.06.25	14:00:00	2325.725	2328.227	2319.500	2327.193	9416	0	199
2024.06.25	15:00:00	2327.221	2327.724	2315.562	2324.680	8636	0	199
2024.06.25	16:00:00	2324.751	2324.987	2315.436	2317.784	5553	0	199
2024.06.25	17:00:00	2317.730	2320.076	2316.774	2319.076	4964	0	199
2024.06.25	18:00:00	2319.133	2319.744	2316.995	2319.170	3923	0	199
2024.06.25	19:00:00	2319.126	2320.643	2318.765	2319.776	3518	0	199
2024.06.25	20:00:00	2319.725	2319.896	2317.858	2319.337	2276	0	199
2024.06.25	22:00:00	2319.490	2321.290	2318.987	2320.597	2800	0	199
2024.06.25	23:00:00	2320.668	2321.423	2318.723	2320.027	2551	0	199
2024.06.26	00:00:00	2319.979	2323.897	2317.745	2318.437	4341	0	199
2024.06.26	01:00:00	2318.385	2320.713	2310.563	2312.913	8936	0	199
2024.06.26	02:00:00	2312.905	2321.695	2312.396	2319.474	6306	0	199
2024.06.26	03:00:00	2319.442	2321.076	2316.630	2317.247	3907	0	199
2024.06.26	04:00:00	2317.289	2317.691	2315.059	2316.775	3272	0	199
2024.06.26	05:00:00	2316.791	2318.130	2311.835	2312.120	4614	0	199
2024.06.26	06:00:00	2312.067	2317.369	2309.671	2317.089	6033	0	199
2024.06.26	07:00:00	2317.155	2317.345	2312.913	2316.088	5180	0	199
2024.06.26	08:00:00	2316.044	2318.010	2312.911	2315.666	5324	0	199
2024.06.26	09:00:00	2315.713	2318.422	2315.660	2316.339	4742	0	199
2024.06.26	10:00:00	2316.326	2316.469	2307.689	2308.352	5831	0	199
2024.06.26	11:00:00	2308.311	2313.950	2304.374	2312.993	6592	0	199
2024.06.26	12:00:00	2313.049	2317.804	2310.081	2310.081	7471	0	199
2024.06.26	13:00:00	2310.046	2311.594	2293.559	2296.347	13469	0	199
2024.06.26	14:00:00	2296.304	2301.275	2295.324	2297.572	9909	0	199
2024.06.26	15:00:00	2297.488	2304.151	2295.822	2299.919	8743	0	199
2024.06.26	16:00:00	2299.959	2302.199	2298.402	2299.711	5375	0	199
2024.06.26	17:00:00	2299.726	2302.981	2299.286	2301.839	4997	0	199
2024.06.26	18:00:00	2301.887	2302.059	2298.543	2298.918	4021	0	199
2024.06.26	19:00:00	2298.964	2299.455	2296.872	2298.625	4015	0	199
2024.06.26	20:00:00	2298.681	2299.222	2297.197	2298.094	2637	0	200
2024.06.26	22:00:00	2298.442	2299.048	2298.113	2298.262	1800	0	199
2024.06.26	23:00:00	2298.264	2298.592	2296.764	2298.402	2270	0	199
2024.06.27	00:00:00	2298.412	2300.100	2297.857	2298.960	3643	0	199
2024.06.27	01:00:00	2299.015	2299.730	2296.806	2297.776	4651	0	199
2024.06.27	02:00:00	2297.771	2300.045	2297.758	2299.295	3881	0	199
2024.06.27	03:00:00	2299.298	2299.866	2298.010	2298.932	3070	0	199
2024.06.27	04:00:00	2298.935	2301.133	2298.700	2300.499	2985	0	199
2024.06.27	05:00:00	2300.500	2300.584	2296.751	2297.526	3805	0	199
2024.06.27	06:00:00	2297.538	2303.386	2296.429	2301.213	4935	0	199
2024.06.27	07:00:00	2301.163	2302.522	2299.949	2302.260	4706	0	199
2024.06.27	08:00:00	2302.213	2308.367	2301.964	2307.532	4858	0	199
2024.06.27	09:00:00	2307.525	2313.781	2307.255	2312.587	5602	0	199
2024.06.27	10:00:00	2312.554	2315.512	2312.231	2315.082	5024	0	199
2024.06.27	11:00:00	2315.131	2317.891	2313.294	2317.020	5052	0	199
2024.06.27	12:00:00	2316.975	2325.817	2316.028	2322.833	10367	0	199
2024.06.27	13:00:00	2322.802	2324.967	2319.474	2323.302	11421	0	199
2024.06.27	14:00:00	2323.219	2330.936	2322.613	2328.973	10515	0	199
2024.06.27	15:00:00	2328.999	2330.873	2325.055	2327.436	7264	0	199
2024.06.27	16:00:00	2327.401	2328.283	2323.915	2325.397	5466	0	199
2024.06.27	17:00:00	2325.442	2328.039	2324.192	2325.778	5191	0	199
2024.06.27	18:00:00	2325.832	2326.419	2322.391	2326.225	4170	0	199
2024.06.27	19:00:00	2326.289	2327.669	2325.588	2325.951	3806	0	199
2024.06.27	20:00:00	2325.917	2328.523	2325.380	2327.869	2467	0	199
2024.06.27	22:00:00	2327.490	2327.585	2325.878	2326.838	1432	0	199
2024.06.27	23:00:00	2326.833	2327.910	2326.425	2327.720	2103	0	200
2024.06.28	00:00:00	2327.665	2328.265	2321.396	2321.662	3745	0	199
2024.06.28	01:00:00	2321.656	2324.444	2319.010	2320.290	6711	0	199
2024.06.28	02:00:00	2320.236	2324.176	2319.789	2323.666	4855	0	199
2024.06.28	03:00:00	2323.692	2325.020	2320.756	2321.714	3955	0	200
2024.06.28	04:00:00	2321.788	2321.848	2319.712	2321.191	3137	0	199
2024.06.28	05:00:00	2321.182	2326.994	2320.900	2325.725	3946	0	199
2024.06.28	06:00:00	2325.675	2328.137	2325.070	2327.409	4544	0	199
2024.06.28	07:00:00	2327.458	2328.850	2324.791	2327.144	4526	0	199
2024.06.28	08:00:00	2327.153	2331.947	2326.430	2328.695	4983	0	199
2024.06.28	09:00:00	2328.685	2330.330	2327.221	2330.316	4726	0	199
2024.06.28	10:00:00	2330.228	2336.765	2329.330	2335.772	4958	0	199
2024.06.28	11:00:00	2335.817	2337.146	2333.294	2333.909	4467	0	199
2024.06.28	12:00:00	2333.959	2339.359	2331.159	2335.496	9259	0	199
2024.06.28	13:00:00	2335.441	2339.809	2326.598	2330.290	12115	0	199
2024.06.28	14:00:00	2330.337	2333.645	2322.837	2326.435	10751	0	199
2024.06.28	15:00:00	2326.481	2330.380	2324.156	2328.592	7102	0	199
2024.06.28	16:00:00	2328.642	2332.516	2327.673	2329.921	5270	0	199
2024.06.28	17:00:00	2330.032	2332.713	2326.384	2326.815	4873	0	199
2024.06.28	18:00:00	2326.869	2328.403	2325.330	2325.802	4026	0	199
2024.06.28	19:00:00	2325.795	2326.235	2322.926	2324.973	4487	0	199
2024.06.28	20:00:00	2325.021	2326.827	2322.839	2326.638	3396	0	199
2024.06.30	22:00:00	2322.849	2325.879	2322.840	2324.521	2257	0	199
2024.06.30	23:00:00	2324.529	2326.157	2323.087	2324.930	2482	0	200
2024.07.01	00:00:00	2324.952	2325.286	2322.102	2324.831	4044	0	199
2024.07.01	01:00:00	2324.761	2328.502	2323.467	2327.837	5122	0	199
2024.07.01	02:00:00	2327.785	2327.785	2324.434	2326.613	3976	0	199
2024.07.01	03:00:00	2326.605	2327.593	2324.454	2324.746	3377	0	199
2024.07.01	04:00:00	2324.729	2326.051	2321.387	2323.578	3445	0	199
2024.07.01	05:00:00	2323.532	2323.981	2318.438	2321.795	5100	0	199
2024.07.01	06:00:00	2321.746	2328.974	2321.287	2326.447	5468	0	199
2024.07.01	07:00:00	2326.400	2326.932	2323.641	2323.685	4613	0	199
2024.07.01	08:00:00	2323.651	2326.212	2321.838	2325.749	5230	0	199
2024.07.01	09:00:00	2325.750	2329.444	2325.403	2327.392	4682	0	199
2024.07.01	10:00:00	2327.448	2332.641	2327.412	2332.641	4742	0	199
2024.07.01	11:00:00	2332.732	2338.250	2332.026	2338.133	5402	0	199
2024.07.01	12:00:00	2338.163	2338.483	2327.102	2327.427	6939	0	199
2024.07.01	13:00:00	2327.462	2334.116	2322.549	2327.029	9817	0	199
2024.07.01	14:00:00	2327.321	2334.272	2319.205	2324.015	12695	0	199
2024.07.01	15:00:00	2324.059	2328.971	2323.006	2327.713	6896	0	199
2024.07.01	16:00:00	2327.707	2331.876	2326.612	2328.097	5580	0	199
2024.07.01	17:00:00	2328.116	2329.868	2326.736	2329.266	4498	0	199
2024.07.01	18:00:00	2329.230	2330.732	2326.977	2329.934	3733	0	199
2024.07.01	19:00:00	2329.976	2331.446	2328.921	2330.900	3708	0	199
2024.07.01	20:00:00	2330.973	2332.389	2330.856	2331.638	2213	0	199
2024.07.01	22:00:00	2332.521	2332.521	2331.298	2331.832	1652	0	199
2024.07.01	23:00:00	2331.813	2332.549	2331.673	2332.222	1782	0	200
2024.07.02	00:00:00	2332.216	2333.900	2331.736	2333.095	3070	0	199
2024.07.02	01:00:00	2333.064	2334.189	2331.092	2334.009	4365	0	199
2024.07.02	02:00:00	2334.043	2334.299	2331.217	2332.281	3471	0	199
2024.07.02	03:00:00	2332.276	2332.659	2325.708	2326.033	3845	0	199
2024.07.02	04:00:00	2326.036	2327.849	2324.872	2327.251	3218	0	199
2024.07.02	05:00:00	2327.242	2330.801	2326.302	2329.855	3936	0	199
2024.07.02	06:00:00	2329.920	2331.786	2327.606	2330.370	4244	0	199
2024.07.02	07:00:00	2330.337	2330.891	2323.261	2330.679	5534	0	199
2024.07.02	08:00:00	2330.735	2332.452	2328.374	2331.156	4966	0	199
2024.07.02	09:00:00	2331.183	2331.898	2324.105	2324.923	4760	0	199
2024.07.02	10:00:00	2324.965	2326.463	2322.834	2324.530	4556	0	199
2024.07.02	11:00:00	2324.533	2325.642	2319.902	2320.699	4907	0	199
2024.07.02	12:00:00	2320.727	2328.698	2319.004	2327.389	7769	0	199
2024.07.02	13:00:00	2327.343	2336.763	2326.089	2334.415	10626	0	199
2024.07.02	14:00:00	2334.421	2335.739	2322.874	2326.581	13403	0	199
2024.07.02	15:00:00	2326.565	2330.399	2324.120	2324.711	7050	0	199
2024.07.02	16:00:00	2324.678	2325.011	2320.921	2322.831	5077	0	199
2024.07.02	17:00:00	2322.877	2325.213	2322.062	2324.591	4384	0	199
2024.07.02	18:00:00	2324.545	2328.834	2324.429	2328.279	3612	0	200
2024.07.02	19:00:00	2328.277	2331.313	2328.036	2330.760	3511	0	200
2024.07.02	20:00:00	2330.725	2330.962	2328.616	2329.496	2356	0	199
2024.07.02	22:00:00	2330.266	2331.251	2329.713	2330.005	1715	0	200
2024.07.02	23:00:00	2329.986	2331.446	2329.649	2330.180	1681	0	199
2024.07.03	00:00:00	2330.177	2332.132	2330.177	2330.271	2840	0	199
2024.07.03	01:00:00	2330.250	2331.545	2328.414	2329.101	4429	0	199
2024.07.03	02:00:00	2329.145	2331.066	2326.782	2328.785	3807	0	199
2024.07.03	03:00:00	2328.772	2332.505	2328.012	2331.648	3445	0	200
2024.07.03	04:00:00	2331.699	2335.288	2331.699	2334.417	2924	0	199
2024.07.03	05:00:00	2334.384	2335.811	2331.931	2333.343	4317	0	199
2024.07.03	06:00:00	2333.369	2341.244	2332.867	2340.114	5554	0	199
2024.07.03	07:00:00	2340.145	2347.201	2338.867	2345.307	6374	0	199
2024.07.03	08:00:00	2345.317	2347.553	2343.044	2344.583	5527	0	199
2024.07.03	09:00:00	2344.641	2346.461	2342.115	2346.180	4751	0	199
2024.07.03	10:00:00	2346.210	2349.485	2344.520	2346.983	5121	0	199
2024.07.03	11:00:00	2346.949	2346.952	2342.412	2345.398	5183	0	199
2024.07.03	12:00:00	2345.442	2356.132	2344.871	2350.482	9539	0	199
2024.07.03	13:00:00	2350.427	2358.734	2347.470	2355.545	11400	0	199
2024.07.03	14:00:00	2355.578	2364.926	2355.578	2362.367	13432	0	199
2024.07.03	15:00:00	2362.425	2363.982	2359.960	2363.040	7637	0	199
2024.07.03	16:00:00	2363.001	2363.151	2355.132	2356.514	5948	0	199
2024.07.03	17:00:00	2356.455	2360.901	2353.832	2356.814	5206	0	199
2024.07.03	18:00:00	2356.775	2357.967	2355.175	2356.299	3271	0	199
2024.07.03	19:00:00	2356.344	2356.690	2353.615	2354.280	2795	0	199
2024.07.03	20:00:00	2354.302	2356.435	2354.223	2356.114	1492	0	199
2024.07.03	22:00:00	2357.081	2359.214	2356.099	2358.790	1736	0	199
2024.07.03	23:00:00	2358.840	2359.581	2357.655	2358.699	1953	0	199
2024.07.04	00:00:00	2358.721	2359.261	2356.443	2358.565	2872	0	199
2024.07.04	01:00:00	2358.543	2362.537	2358.250	2361.937	4682	0	199
2024.07.04	02:00:00	2361.915	2362.198	2357.410	2359.295	3635	0	199
2024.07.04	03:00:00	2359.308	2360.303	2357.136	2358.103	3865	0	199
2024.07.04	04:00:00	2358.102	2359.602	2357.586	2358.529	2803	0	199
2024.07.04	05:00:00	2358.487	2358.588	2355.478	2356.862	3646	0	199
2024.07.04	06:00:00	2356.876	2357.198	2350.342	2356.261	4978	0	199
2024.07.04	07:00:00	2356.214	2357.691	2353.591	2357.453	4179	0	199
2024.07.04	08:00:00	2357.513	2359.592	2355.449	2358.743	4120	0	199
2024.07.04	09:00:00	2358.753	2359.093	2355.665	2357.664	3692	0	199
2024.07.04	10:00:00	2357.680	2359.256	2356.382	2358.023	3483	0	199
2024.07.04	11:00:00	2358.022	2359.990	2357.524	2358.391	3572	0	199
2024.07.04	12:00:00	2358.463	2360.450	2356.875	2357.756	3810	0	199
2024.07.04	13:00:00	2357.758	2360.043	2357.262	2359.648	4331	0	199
2024.07.04	14:00:00	2359.636	2361.872	2358.016	2358.890	4360	0	199
2024.07.04	15:00:00	2358.838	2360.711	2355.459	2357.395	5473	0	199
2024.07.04	16:00:00	2357.411	2359.098	2356.903	2357.876	3436	0	199
2024.07.04	17:00:00	2357.833	2358.061	2357.225	2357.230	474	0	200
2024.07.04	22:00:00	2357.034	2357.387	2354.211	2357.387	2634	0	199
2024.07.04	23:00:00	2357.406	2357.704	2356.327	2356.721	2052	0	200
2024.07.05	00:00:00	2356.753	2358.977	2356.024	2358.805	3119	0	199
2024.07.05	01:00:00	2358.817	2360.227	2356.893	2358.432	4569	0	199
2024.07.05	02:00:00	2358.477	2363.107	2358.092	2360.487	4433	0	199
2024.07.05	03:00:00	2360.477	2362.303	2359.538	2361.713	3934	0	199
2024.07.05	04:00:00	2361.716	2364.660	2361.302	2363.901	3244	0	200
2024.07.05	05:00:00	2363.904	2365.009	2362.628	2364.653	3644	0	199
2024.07.05	06:00:00	2364.664	2366.295	2363.543	2363.979	4521	0	199
2024.07.05	07:00:00	2363.953	2367.446	2362.242	2365.224	4820	0	199
2024.07.05	08:00:00	2365.261	2368.002	2364.561	2366.342	4614	0	199
2024.07.05	09:00:00	2366.333	2366.819	2361.917	2362.428	4074	0	199
2024.07.05	10:00:00	2362.385	2365.460	2361.770	2364.907	4167	0	199
2024.07.05	11:00:00	2364.938	2366.012	2362.239	2365.755	4587	0	199
2024.07.05	12:00:00	2365.736	2376.105	2344.509	2372.064	15871	0	199
2024.07.05	13:00:00	2372.104	2385.161	2370.622	2383.165	17375	0	199
2024.07.05	14:00:00	2383.116	2384.377	2374.444	2380.717	12236	0	199
2024.07.05	15:00:00	2380.748	2388.347	2378.479	2384.639	8372	0	199
2024.07.05	16:00:00	2384.685	2387.570	2383.902	2386.481	6126	0	199
2024.07.05	17:00:00	2386.526	2389.895	2384.591	2385.764	5946	0	199
2024.07.05	18:00:00	2385.737	2392.584	2385.101	2391.031	4943	0	199
2024.07.05	19:00:00	2391.068	2392.941	2388.069	2388.783	4369	0	199
2024.07.05	20:00:00	2388.730	2391.626	2388.191	2391.567	2653	0	200
2024.07.07	22:00:00	2389.583	2390.178	2384.875	2385.335	2497	0	199
2024.07.07	23:00:00	2385.360	2386.900	2384.766	2386.122	2876	0	199
2024.07.08	00:00:00	2386.067	2387.798	2384.508	2386.665	3780	0	199
2024.07.08	01:00:00	2386.623	2391.090	2384.213	2386.421	6500	0	199
2024.07.08	02:00:00	2386.373	2387.154	2381.392	2382.832	4861	0	199
2024.07.08	03:00:00	2382.893	2384.127	2380.696	2382.875	4174	0	199
2024.07.08	04:00:00	2382.933	2384.995	2382.005	2384.874	2941	0	200
2024.07.08	05:00:00	2384.923	2386.769	2381.532	2382.775	4696	0	199
2024.07.08	06:00:00	2382.834	2384.167	2376.647	2376.924	5693	0	199
2024.07.08	07:00:00	2376.894	2381.099	2376.599	2377.830	5201	0	199
2024.07.08	08:00:00	2377.824	2378.825	2371.934	2372.753	5418	0	199
2024.07.08	09:00:00	2372.721	2373.765	2368.260	2370.174	5230	0	199
2024.07.08	10:00:00	2370.116	2374.269	2369.655	2374.016	4468	0	199
2024.07.08	11:00:00	2374.074	2375.636	2372.374	2375.284	4346	0	199
2024.07.08	12:00:00	2375.236	2377.481	2370.256	2372.749	6779	0	199
2024.07.08	13:00:00	2372.703	2377.070	2370.252	2375.436	10052	0	199
2024.07.08	14:00:00	2375.406	2379.503	2373.149	2373.255	8482	0	199
2024.07.08	15:00:00	2373.212	2374.989	2350.975	2355.459	12882	0	199
2024.07.08	16:00:00	2355.409	2358.771	2350.997	2358.613	7804	0	199
2024.07.08	17:00:00	2358.643	2359.717	2355.554	2357.159	5464	0	199
2024.07.08	18:00:00	2357.112	2358.195	2354.836	2356.591	3866	0	199
2024.07.08	19:00:00	2356.551	2359.839	2356.153	2359.173	3804	0	199
2024.07.08	20:00:00	2359.211	2359.833	2357.986	2358.713	2001	0	199
2024.07.08	22:00:00	2358.981	2359.782	2358.450	2359.774	1519	0	200
2024.07.08	23:00:00	2359.744	2362.000	2359.731	2361.711	2131	0	199
2024.07.09	00:00:00	2361.740	2363.665	2360.772	2361.890	3648	0	199
2024.07.09	01:00:00	2361.927	2365.281	2361.349	2363.416	4997	0	199
2024.07.09	02:00:00	2363.380	2366.714	2360.454	2364.025	4987	0	199
2024.07.09	03:00:00	2364.030	2367.949	2363.341	2367.625	4071	0	199
2024.07.09	04:00:00	2367.619	2368.777	2366.338	2367.371	3702	0	199
2024.07.09	05:00:00	2367.312	2368.290	2364.086	2364.600	4267	0	199
2024.07.09	06:00:00	2364.648	2365.477	2362.680	2364.067	4534	0	199
2024.07.09	07:00:00	2364.046	2364.522	2358.255	2358.933	4651	0	199
2024.07.09	08:00:00	2358.980	2361.930	2358.211	2361.602	4310	0	200
2024.07.09	09:00:00	2361.631	2365.352	2361.514	2364.245	4475	0	199
2024.07.09	10:00:00	2364.284	2365.636	2362.105	2363.120	3996	0	199
2024.07.09	11:00:00	2363.175	2363.175	2357.485	2360.583	4897	0	199
2024.07.09	12:00:00	2360.632	2361.326	2356.061	2360.125	5956	0	199
2024.07.09	13:00:00	2360.087	2368.455	2359.487	2367.713	11519	0	199
2024.07.09	14:00:00	2367.668	2371.583	2354.048	2354.885	15546	0	199
2024.07.09	15:00:00	2354.936	2362.218	2349.345	2361.993	10896	0	199
2024.07.09	16:00:00	2361.976	2363.114	2356.511	2357.492	6787	0	199
2024.07.09	17:00:00	2357.495	2362.471	2357.464	2361.915	5654	0	199
2024.07.09	18:00:00	2361.863	2365.312	2361.079	2364.449	3991	0	200
2024.07.09	19:00:00	2364.497	2365.585	2362.834	2363.497	3630	0	200
2024.07.09	20:00:00	2363.538	2364.895	2363.512	2363.706	1941	0	199
2024.07.09	22:00:00	2364.133	2364.430	2363.280	2364.430	1458	0	199
2024.07.09	23:00:00	2364.413	2366.044	2364.383	2364.965	1908	0	200
2024.07.10	00:00:00	2364.944	2366.542	2364.420	2364.630	3135	0	199
2024.07.10	01:00:00	2364.645	2369.898	2363.302	2368.230	5499	0	199
2024.07.10	02:00:00	2368.274	2370.292	2366.884	2369.282	4183	0	199
2024.07.10	03:00:00	2369.271	2369.767	2366.452	2368.144	3483	0	199
2024.07.10	04:00:00	2368.167	2368.895	2366.566	2367.734	3160	0	199
2024.07.10	05:00:00	2367.740	2370.340	2367.291	2368.321	3770	0	199
2024.07.10	06:00:00	2368.376	2372.783	2367.120	2371.883	4425	0	199
2024.07.10	07:00:00	2371.936	2374.928	2371.406	2372.604	4292	0	199
2024.07.10	08:00:00	2372.569	2374.225	2371.435	2372.817	4127	0	199
2024.07.10	09:00:00	2372.803	2374.154	2371.659	2371.897	3762	0	199
2024.07.10	10:00:00	2371.897	2375.310	2371.724	2372.480	3585	0	199
2024.07.10	11:00:00	2372.434	2378.360	2372.393	2378.356	4270	0	199
2024.07.10	12:00:00	2378.386	2381.782	2377.194	2377.768	5843	0	199
2024.07.10	13:00:00	2377.714	2386.670	2376.233	2383.180	9213	0	199
2024.07.10	14:00:00	2383.246	2385.094	2373.880	2374.900	9196	0	199
2024.07.10	15:00:00	2374.870	2380.713	2374.005	2378.760	6624	0	199
2024.07.10	16:00:00	2378.792	2381.331	2376.612	2377.889	4840	0	199
2024.07.10	17:00:00	2377.874	2378.523	2370.466	2372.944	5838	0	199
2024.07.10	18:00:00	2372.891	2373.565	2369.836	2372.647	3840	0	199
2024.07.10	19:00:00	2372.630	2372.630	2370.522	2371.766	3687	0	199
2024.07.10	20:00:00	2371.756	2372.423	2370.863	2371.289	2106	0	199
2024.07.10	22:00:00	2372.147	2372.881	2371.192	2372.840	1482	0	200
2024.07.10	23:00:00	2372.824	2372.911	2372.194	2372.852	1698	0	200
2024.07.11	00:00:00	2372.834	2374.407	2371.403	2374.189	3095	0	199
2024.07.11	01:00:00	2374.180	2376.294	2373.074	2375.848	4469	0	199
2024.07.11	02:00:00	2375.849	2377.772	2374.351	2377.353	4169	0	199
2024.07.11	03:00:00	2377.334	2380.222	2376.818	2378.744	3780	0	199
2024.07.11	04:00:00	2378.775	2382.487	2378.638	2381.885	3058	0	199
2024.07.11	05:00:00	2381.955	2383.013	2381.177	2382.523	4011	0	199
2024.07.11	06:00:00	2382.477	2383.197	2378.464	2381.725	4768	0	199
2024.07.11	07:00:00	2381.674	2381.969	2378.800	2379.887	4537	0	199
2024.07.11	08:00:00	2379.924	2384.100	2379.541	2381.328	4978	0	199
2024.07.11	09:00:00	2381.287	2384.526	2381.287	2383.932	4039	0	199
2024.07.11	10:00:00	2383.946	2383.987	2380.375	2382.142	3916	0	199
2024.07.11	11:00:00	2382.107	2383.369	2379.001	2380.795	4408	0	199
2024.07.11	12:00:00	2380.751	2409.781	2378.109	2406.309	19933	0	199
2024.07.11	13:00:00	2406.261	2413.032	2395.803	2406.613	26826	0	199
2024.07.11	14:00:00	2406.675	2417.863	2404.321	2417.620	15436	0	199
2024.07.11	15:00:00	2417.673	2424.538	2412.450	2417.353	12313	0	199
2024.07.11	16:00:00	2417.303	2419.246	2411.568	2411.649	7745	0	199
2024.07.11	17:00:00	2411.623	2416.634	2410.004	2413.621	7050	0	199
2024.07.11	18:00:00	2413.602	2416.594	2412.919	2416.378	4615	0	199
2024.07.11	19:00:00	2416.335	2418.666	2414.046	2414.078	4463	0	199
2024.07.11	20:00:00	2414.137	2415.092	2413.094	2414.838	2747	0	200
2024.07.11	22:00:00	2414.522	2414.522	2411.098	2413.968	2588	0	199
2024.07.11	23:00:00	2413.914	2416.010	2411.917	2415.851	4339	0	199
2024.07.12	00:00:00	2415.855	2416.252	2410.997	2411.959	4910	0	199
2024.07.12	01:00:00	2411.948	2414.229	2407.043	2407.937	5891	0	199
2024.07.12	02:00:00	2407.977	2410.916	2406.649	2409.576	4769	0	199
2024.07.12	03:00:00	2409.526	2410.188	2408.538	2408.778	3563	0	199
2024.07.12	04:00:00	2408.779	2409.923	2408.127	2408.620	2837	0	200
2024.07.12	05:00:00	2408.658	2410.070	2405.385	2408.016	4651	0	199
2024.07.12	06:00:00	2407.969	2408.248	2402.154	2404.105	5770	0	199
2024.07.12	07:00:00	2404.064	2405.510	2400.286	2404.174	5576	0	199
2024.07.12	08:00:00	2404.100	2408.127	2403.694	2407.315	5235	0	199
2024.07.12	09:00:00	2407.369	2408.311	2403.070	2404.907	4475	0	199
2024.07.12	10:00:00	2404.858	2405.482	2399.764	2400.180	4620	0	199
2024.07.12	11:00:00	2400.230	2402.667	2398.285	2401.711	4713	0	199
2024.07.12	12:00:00	2401.766	2404.262	2391.364	2397.860	13958	0	199
2024.07.12	13:00:00	2397.915	2405.672	2396.773	2403.677	14195	0	199
2024.07.12	14:00:00	2403.710	2410.903	2403.710	2408.863	10885	0	199
2024.07.12	15:00:00	2408.865	2413.684	2408.007	2411.715	6785	0	199
2024.07.12	16:00:00	2411.752	2416.912	2411.695	2415.903	5126	0	199
2024.07.12	17:00:00	2415.894	2418.233	2414.444	2417.778	4289	0	199
2024.07.12	18:00:00	2417.828	2417.949	2413.864	2414.137	3613	0	199
2024.07.12	19:00:00	2414.149	2414.746	2412.167	2412.823	3772	0	199
2024.07.12	20:00:00	2412.771	2412.771	2411.262	2411.399	2302	0	199
2024.07.14	22:00:00	2411.336	2412.245	2406.870	2407.603	3476	0	179
2024.07.14	23:00:00	2407.583	2408.707	2405.666	2408.653	3052	0	180
2024.07.15	00:00:00	2408.657	2408.859	2406.256	2408.408	3634	0	180
2024.07.15	01:00:00	2408.437	2410.332	2404.889	2410.007	5621	0	179
2024.07.15	02:00:00	2410.051	2410.889	2408.155	2409.155	4527	0	180
2024.07.15	03:00:00	2409.152	2411.970	2408.636	2411.556	3273	0	179
2024.07.15	04:00:00	2411.594	2413.354	2410.644	2411.480	2717	0	180
2024.07.15	05:00:00	2411.464	2413.973	2407.922	2408.113	4280	0	179
2024.07.15	06:00:00	2408.140	2408.281	2401.969	2403.198	5769	0	179
2024.07.15	07:00:00	2403.127	2407.925	2401.306	2407.881	5994	0	179
2024.07.15	08:00:00	2407.897	2412.056	2406.876	2411.992	4847	0	179
2024.07.15	09:00:00	2411.978	2412.562	2407.692	2410.700	4898	0	179
2024.07.15	10:00:00	2410.692	2415.793	2410.692	2414.761	4870	0	179
2024.07.15	11:00:00	2414.751	2420.325	2414.494	2418.231	6198	0	179
2024.07.15	12:00:00	2418.237	2420.848	2413.428	2414.773	7855	0	179
2024.07.15	13:00:00	2414.762	2419.273	2411.497	2419.100	9723	0	179
2024.07.15	14:00:00	2419.033	2431.989	2418.091	2431.555	10159	0	162
2024.07.15	15:00:00	2431.504	2437.450	2431.407	2433.281	10524	0	179
2024.07.15	16:00:00	2433.259	2439.771	2429.528	2430.135	10656	0	179
2024.07.15	17:00:00	2430.164	2430.216	2420.423	2421.585	9498	0	179
2024.07.15	18:00:00	2421.613	2424.797	2419.723	2422.421	5570	0	179
2024.07.15	19:00:00	2422.391	2423.251	2420.209	2421.089	5131	0	179
2024.07.15	20:00:00	2421.146	2422.429	2420.587	2422.115	2348	0	179
2024.07.15	22:00:00	2421.728	2422.186	2420.896	2420.989	1621	0	179
2024.07.15	23:00:00	2420.981	2422.729	2420.956	2422.494	2172	0	179
2024.07.16	00:00:00	2422.483	2422.877	2419.914	2421.219	3667	0	179
2024.07.16	01:00:00	2421.232	2427.692	2421.172	2427.219	6215	0	179
2024.07.16	02:00:00	2427.226	2430.255	2426.048	2430.133	5277	0	179
2024.07.16	03:00:00	2430.087	2431.435	2426.581	2428.578	4314	0	179
2024.07.16	04:00:00	2428.582	2429.532	2425.023	2429.352	3741	0	179
2024.07.16	05:00:00	2429.283	2432.798	2428.123	2431.870	5292	0	179
2024.07.16	06:00:00	2431.890	2433.837	2428.066	2433.837	5884	0	179
2024.07.16	07:00:00	2433.936	2439.339	2432.524	2436.968	6321	0	179
2024.07.16	08:00:00	2436.951	2438.584	2433.604	2436.517	6132	0	179
2024.07.16	09:00:00	2436.545	2443.409	2435.048	2442.381	6118	0	179
2024.07.16	10:00:00	2442.426	2443.418	2439.637	2440.090	5162	0	179
2024.07.16	11:00:00	2440.139	2442.474	2438.092	2439.521	5654	0	179
2024.07.16	12:00:00	2439.494	2443.988	2429.334	2432.564	13826	0	179
2024.07.16	13:00:00	2432.533	2448.002	2430.950	2442.766	14133	0	179
2024.07.16	14:00:00	2442.770	2454.031	2440.535	2452.025	11155	0	179
2024.07.16	15:00:00	2451.987	2465.283	2451.857	2463.131	11575	0	179
2024.07.16	16:00:00	2463.221	2463.704	2457.833	2459.165	8224	0	179
2024.07.16	17:00:00	2459.157	2466.406	2458.657	2464.631	6094	0	179
2024.07.16	18:00:00	2464.593	2466.599	2462.423	2465.339	5196	0	179
2024.07.16	19:00:00	2465.376	2468.700	2463.200	2468.483	4598	0	179
2024.07.16	20:00:00	2468.537	2469.806	2466.824	2468.876	3373	0	179
2024.07.16	22:00:00	2468.399	2469.967	2466.245	2468.969	2961	0	179
2024.07.16	23:00:00	2468.973	2469.769	2467.355	2468.278	2906	0	179
2024.07.17	00:00:00	2468.268	2473.330	2466.104	2468.773	5590	0	179
2024.07.17	01:00:00	2468.747	2481.241	2468.542	2479.403	11286	0	179
2024.07.17	02:00:00	2479.453	2482.365	2469.586	2474.502	7760	0	179
2024.07.17	03:00:00	2474.474	2474.519	2463.910	2471.702	7166	0	179
2024.07.17	04:00:00	2471.677	2472.744	2467.669	2467.821	4636	0	179
2024.07.17	05:00:00	2467.780	2471.023	2465.385	2465.415	6040	0	179
2024.07.17	06:00:00	2465.398	2467.513	2461.787	2466.453	7951	0	179
2024.07.17	07:00:00	2466.484	2474.324	2464.139	2474.104	7996	0	179
2024.07.17	08:00:00	2474.066	2478.844	2471.519	2474.972	8550	0	179
2024.07.17	09:00:00	2474.945	2475.486	2469.726	2475.023	6744	0	179
2024.07.17	10:00:00	2475.051	2476.357	2466.656	2467.829	6353	0	179
2024.07.17	11:00:00	2467.793	2473.209	2467.203	2470.029	6868	0	179
2024.07.17	12:00:00	2470.059	2475.361	2468.715	2473.379	8285	0	179
2024.07.17	13:00:00	2473.341	2483.443	2471.151	2482.962	15475	0	179
2024.07.17	14:00:00	2482.911	2483.739	2461.055	2463.738	19700	0	179
2024.07.17	15:00:00	2463.710	2465.965	2458.014	2463.374	14281	0	179
2024.07.17	16:00:00	2463.422	2465.106	2452.839	2455.646	9275	0	179
2024.07.17	17:00:00	2455.667	2459.270	2451.856	2452.566	7337	0	179
2024.07.17	18:00:00	2452.592	2458.113	2451.407	2457.905	5257	0	179
2024.07.17	19:00:00	2457.936	2460.422	2457.015	2457.986	4970	0	179
2024.07.17	20:00:00	2458.023	2459.428	2457.212	2458.879	2626	0	179
2024.07.17	22:00:00	2458.984	2459.541	2457.968	2459.256	2393	0	179
2024.07.17	23:00:00	2459.192	2461.849	2459.085	2461.296	3661	0	179
2024.07.18	00:00:00	2461.334	2461.454	2457.290	2458.851	4292	0	179
2024.07.18	01:00:00	2458.803	2464.176	2457.576	2462.401	6709	0	179
2024.07.18	02:00:00	2462.428	2465.971	2460.304	2465.532	5149	0	179
2024.07.18	03:00:00	2465.494	2468.874	2465.224	2468.011	5371	0	179
2024.07.18	04:00:00	2468.000	2468.186	2465.066	2465.269	4283	0	179
2024.07.18	05:00:00	2465.309	2469.927	2464.887	2466.949	6210	0	179
2024.07.18	06:00:00	2466.988	2472.172	2464.551	2471.411	6810	0	179
2024.07.18	07:00:00	2471.446	2474.966	2470.754	2471.930	6088	0	179
2024.07.18	08:00:00	2471.959	2473.694	2465.567	2465.986	6067	0	179
2024.07.18	09:00:00	2465.991	2467.688	2464.544	2465.651	5696	0	179
2024.07.18	10:00:00	2465.608	2466.380	2461.488	2464.180	6038	0	179
2024.07.18	11:00:00	2464.149	2466.291	2462.057	2464.461	5212	0	179
2024.07.18	12:00:00	2464.503	2468.765	2462.605	2464.043	9788	0	179
2024.07.18	13:00:00	2464.071	2466.177	2457.522	2464.971	12939	0	179
2024.07.18	14:00:00	2464.866	2469.919	2460.061	2468.397	10229	0	199
2024.07.18	15:00:00	2468.508	2469.098	2461.137	2461.291	8837	0	179
2024.07.18	16:00:00	2461.323	2462.032	2455.740	2456.227	7281	0	179
2024.07.18	17:00:00	2456.209	2457.574	2451.740	2456.278	7179	0	179
2024.07.18	18:00:00	2456.300	2456.453	2450.798	2451.484	5064	0	179
2024.07.18	19:00:00	2451.496	2451.813	2440.226	2442.916	8095	0	179
2024.07.18	20:00:00	2442.965	2445.470	2441.223	2444.902	3430	0	179
2024.07.18	22:00:00	2445.407	2445.563	2443.748	2444.423	2204	0	179
2024.07.18	23:00:00	2444.420	2445.194	2441.233	2441.250	2218	0	179
2024.07.19	00:00:00	2441.292	2441.343	2426.085	2434.301	10632	0	179
2024.07.19	01:00:00	2434.415	2434.632	2420.417	2426.191	13784	0	179
2024.07.19	02:00:00	2426.158	2428.695	2422.592	2428.256	7456	0	179
2024.07.19	03:00:00	2428.258	2429.468	2425.000	2428.700	5297	0	179
2024.07.19	04:00:00	2428.697	2429.321	2423.894	2425.397	4136	0	179
2024.07.19	05:00:00	2425.404	2426.149	2421.091	2423.371	6336	0	179
2024.07.19	06:00:00	2423.352	2424.051	2414.300	2419.943	11289	0	179
2024.07.19	07:00:00	2419.980	2422.171	2412.803	2418.127	7882	0	179
2024.07.19	08:00:00	2418.139	2421.641	2416.307	2420.384	7324	0	179
2024.07.19	09:00:00	2420.434	2421.183	2414.771	2416.122	6114	0	179
2024.07.19	10:00:00	2416.183	2416.372	2410.559	2412.460	6492	0	179
2024.07.19	11:00:00	2412.504	2414.329	2408.411	2410.053	7008	0	179
2024.07.19	12:00:00	2410.059	2410.228	2401.470	2403.745	10983	0	179
2024.07.19	13:00:00	2403.700	2406.724	2393.756	2403.792	20116	0	179
2024.07.19	14:00:00	2403.820	2404.717	2395.971	2397.983	13167	0	179
2024.07.19	15:00:00	2397.935	2408.450	2397.704	2405.378	9421	0	179
2024.07.19	16:00:00	2405.445	2405.968	2399.312	2399.667	5897	0	179
2024.07.19	17:00:00	2399.666	2400.761	2395.640	2399.218	6865	0	179
2024.07.19	18:00:00	2399.214	2400.249	2397.064	2398.602	4611	0	179
2024.07.19	19:00:00	2398.526	2400.123	2397.036	2398.742	4594	0	179
2024.07.19	20:00:00	2398.773	2400.550	2397.783	2400.450	3118	0	179
2024.07.21	22:00:00	2403.682	2411.696	2402.487	2411.319	3386	0	179
2024.07.21	23:00:00	2411.272	2411.931	2409.224	2411.528	3896	0	179
2024.07.22	00:00:00	2411.496	2411.675	2406.839	2407.882	4818	0	179
2024.07.22	01:00:00	2407.832	2412.157	2405.746	2406.398	7765	0	179
2024.07.22	02:00:00	2406.371	2408.167	2403.233	2406.513	6082	0	179
2024.07.22	03:00:00	2406.522	2409.534	2405.861	2406.732	4382	0	179
2024.07.22	04:00:00	2406.690	2407.175	2403.153	2405.508	4188	0	179
2024.07.22	05:00:00	2405.527	2407.353	2402.867	2402.943	5611	0	179
2024.07.22	06:00:00	2402.910	2405.217	2398.881	2402.526	8867	0	179
2024.07.22	07:00:00	2402.553	2404.525	2399.702	2402.507	6607	0	179
2024.07.22	08:00:00	2402.501	2404.676	2399.796	2400.757	5387	0	179
2024.07.22	09:00:00	2400.746	2405.735	2399.802	2404.399	5774	0	179
2024.07.22	10:00:00	2404.448	2408.421	2403.606	2406.871	5100	0	179
2024.07.22	11:00:00	2406.913	2407.583	2397.953	2398.056	5923	0	179
2024.07.22	12:00:00	2398.043	2399.603	2388.755	2394.218	11805	0	179
2024.07.22	13:00:00	2394.248	2400.171	2391.436	2392.687	13109	0	179
2024.07.22	14:00:00	2392.659	2394.804	2383.797	2387.279	12473	0	179
2024.07.22	15:00:00	2387.237	2390.528	2384.177	2386.312	8037	0	179
2024.07.22	16:00:00	2386.304	2393.303	2386.085	2392.980	5984	0	179
2024.07.22	17:00:00	2393.017	2396.393	2391.758	2393.950	5337	0	179
2024.07.22	18:00:00	2393.991	2396.473	2392.462	2395.721	4132	0	179
2024.07.22	19:00:00	2395.702	2400.060	2395.093	2399.000	3846	0	179
2024.07.22	20:00:00	2398.954	2399.486	2395.678	2396.585	2185	0	180
2024.07.22	22:00:00	2397.067	2397.987	2395.059	2395.122	1710	0	179
2024.07.22	23:00:00	2395.132	2396.162	2394.705	2395.783	2290	0	179
2024.07.23	00:00:00	2395.750	2400.309	2395.465	2399.980	3876	0	180
2024.07.23	01:00:00	2400.020	2403.981	2397.831	2401.094	7346	0	179
2024.07.23	02:00:00	2401.046	2402.427	2397.478	2399.643	5271	0	179
2024.07.23	03:00:00	2399.593	2400.775	2396.200	2398.360	5101	0	179
2024.07.23	04:00:00	2398.305	2399.643	2395.748	2396.461	4115	0	179
2024.07.23	05:00:00	2396.458	2396.880	2390.736	2392.621	5321	0	179
2024.07.23	06:00:00	2392.562	2393.732	2388.225	2390.330	7404	0	179
2024.07.23	07:00:00	2390.383	2399.192	2389.971	2397.787	7411	0	179
2024.07.23	08:00:00	2397.823	2407.109	2396.276	2404.075	6793	0	179
2024.07.23	09:00:00	2404.042	2408.096	2403.163	2406.825	6240	0	179
2024.07.23	10:00:00	2406.795	2408.291	2405.577	2407.644	5235	0	179
2024.07.23	11:00:00	2407.604	2412.001	2405.943	2407.614	6064	0	179
2024.07.23	12:00:00	2407.574	2409.281	2403.654	2405.453	7664	0	179
2024.07.23	13:00:00	2405.415	2407.686	2399.515	2401.945	10535	0	179
2024.07.23	14:00:00	2402.053	2407.394	2399.570	2402.884	9368	0	179
2024.07.23	15:00:00	2402.833	2407.193	2402.050	2405.437	6268	0	179
2024.07.23	16:00:00	2405.489	2406.757	2402.935	2405.302	5045	0	179
2024.07.23	17:00:00	2405.265	2408.198	2402.626	2404.921	5498	0	179
2024.07.23	18:00:00	2404.870	2406.281	2403.792	2405.616	4096	0	179
2024.07.23	19:00:00	2405.661	2408.977	2405.325	2407.545	4043	0	179
2024.07.23	20:00:00	2407.504	2410.013	2405.305	2409.404	3019	0	179
2024.07.23	22:00:00	2408.702	2409.675	2408.039	2409.313	1816	0	180
2024.07.23	23:00:00	2409.301	2409.460	2407.817	2408.513	2224	0	179
2024.07.24	00:00:00	2408.558	2410.248	2408.046	2408.310	3372	0	179
2024.07.24	01:00:00	2408.323	2412.203	2404.866	2408.160	7406	0	179
2024.07.24	02:00:00	2408.121	2415.884	2407.128	2414.119	7359	0	179
2024.07.24	03:00:00	2414.147	2418.363	2413.602	2416.406	5550	0	179
2024.07.24	04:00:00	2416.421	2417.963	2414.748	2417.795	4924	0	179
2024.07.24	05:00:00	2417.797	2417.926	2412.978	2416.099	5408	0	179
2024.07.24	06:00:00	2416.045	2419.206	2414.183	2417.498	6607	0	179
2024.07.24	07:00:00	2417.450	2417.830	2411.621	2414.574	5932	0	179
2024.07.24	08:00:00	2414.532	2415.116	2410.700	2411.825	4865	0	179
2024.07.24	09:00:00	2411.864	2414.904	2409.753	2413.447	5397	0	179
2024.07.24	10:00:00	2413.491	2416.433	2412.122	2413.622	5037	0	179
2024.07.24	11:00:00	2413.557	2417.782	2410.532	2417.432	5324	0	179
2024.07.24	12:00:00	2417.469	2422.007	2416.187	2421.426	7657	0	179
2024.07.24	13:00:00	2421.388	2426.729	2413.605	2421.733	13498	0	179
2024.07.24	14:00:00	2421.728	2431.954	2419.161	2430.419	14363	0	179
2024.07.24	15:00:00	2430.453	2431.355	2422.272	2424.757	8719	0	179
2024.07.24	16:00:00	2424.793	2424.918	2418.508	2419.090	6396	0	179
2024.07.24	17:00:00	2419.066	2419.618	2408.042	2409.181	7102	0	179
2024.07.24	18:00:00	2409.126	2409.470	2405.567	2408.182	7151	0	179
2024.07.24	19:00:00	2408.149	2408.700	2398.280	2398.358	6453	0	179
2024.07.24	20:00:00	2398.468	2400.491	2397.054	2397.267	4796	0	179
2024.07.24	22:00:00	2397.501	2398.211	2393.033	2397.859	4406	0	179
2024.07.24	23:00:00	2397.903	2401.193	2397.011	2398.669	3821	0	179
2024.07.25	00:00:00	2398.720	2399.312	2395.989	2397.104	6022	0	179
2024.07.25	01:00:00	2397.062	2399.985	2370.423	2376.350	22597	0	179
2024.07.25	02:00:00	2376.339	2380.673	2369.860	2372.580	14294	0	179
2024.07.25	03:00:00	2372.508	2375.567	2366.774	2374.755	9321	0	179
2024.07.25	04:00:00	2374.704	2378.038	2373.111	2377.547	5693	0	179
2024.07.25	05:00:00	2377.564	2377.838	2369.022	2376.255	7435	0	179
2024.07.25	06:00:00	2376.298	2378.733	2369.868	2371.995	8518	0	179
2024.07.25	07:00:00	2372.036	2377.454	2365.752	2374.020	8672	0	179
2024.07.25	08:00:00	2374.073	2377.563	2372.031	2374.710	7763	0	179
2024.07.25	09:00:00	2374.663	2376.183	2370.483	2373.698	6794	0	179
2024.07.25	10:00:00	2373.737	2382.529	2371.919	2381.154	6567	0	179
2024.07.25	11:00:00	2381.193	2381.765	2367.984	2368.560	8314	0	179
2024.07.25	12:00:00	2368.562	2377.310	2362.720	2371.138	18218	0	179
2024.07.25	13:00:00	2371.091	2376.338	2362.037	2364.895	20880	0	179
2024.07.25	14:00:00	2364.828	2368.453	2357.919	2366.775	17579	0	179
2024.07.25	15:00:00	2366.684	2368.399	2362.102	2363.151	10103	0	179
2024.07.25	16:00:00	2363.123	2364.538	2357.472	2362.614	8944	0	179
2024.07.25	17:00:00	2362.662	2365.522	2353.086	2356.060	10183	0	179
2024.07.25	18:00:00	2356.089	2360.275	2354.259	2357.113	6223	0	179
2024.07.25	19:00:00	2357.093	2363.901	2356.062	2362.579	5503	0	179
2024.07.25	20:00:00	2362.608	2365.250	2359.346	2365.016	4924	0	180
2024.07.25	22:00:00	2364.122	2365.455	2362.857	2363.351	2214	0	179
2024.07.25	23:00:00	2363.360	2364.741	2362.024	2363.801	3093	0	179
2024.07.26	00:00:00	2363.849	2365.405	2362.146	2362.727	4235	0	179
2024.07.26	01:00:00	2362.726	2373.950	2355.842	2373.473	10142	0	179
2024.07.26	02:00:00	2373.512	2379.403	2370.489	2374.247	7540	0	179
2024.07.26	03:00:00	2374.250	2378.278	2371.474	2371.779	6448	0	179
2024.07.26	04:00:00	2371.821	2372.868	2369.711	2369.799	4345	0	179
2024.07.26	05:00:00	2369.796	2375.252	2368.149	2374.291	6146	0	179
2024.07.26	06:00:00	2374.321	2374.426	2365.214	2369.529	7178	0	179
2024.07.26	07:00:00	2369.593	2371.934	2367.576	2371.462	5935	0	179
2024.07.26	08:00:00	2371.503	2374.148	2369.344	2372.912	5915	0	179
2024.07.26	09:00:00	2372.870	2374.486	2371.609	2373.732	5229	0	179
2024.07.26	10:00:00	2373.731	2375.331	2372.628	2372.687	4408	0	179
2024.07.26	11:00:00	2372.649	2375.803	2370.223	2373.278	5029	0	179
2024.07.26	12:00:00	2373.274	2379.028	2371.028	2377.456	11518	0	179
2024.07.26	13:00:00	2377.455	2383.215	2373.945	2381.677	12308	0	179
2024.07.26	14:00:00	2381.584	2390.799	2380.096	2381.914	13439	0	179
2024.07.26	15:00:00	2381.871	2386.880	2379.909	2385.137	7842	0	179
2024.07.26	16:00:00	2385.184	2390.391	2384.598	2389.117	6141	0	179
2024.07.26	17:00:00	2389.081	2389.210	2381.125	2383.374	5708	0	179
2024.07.26	18:00:00	2383.370	2386.216	2382.753	2384.311	4439	0	179
2024.07.26	19:00:00	2384.364	2387.038	2382.633	2386.312	4267	0	179
2024.07.26	20:00:00	2386.351	2388.853	2385.432	2387.114	3265	0	180
2024.07.28	22:00:00	2387.944	2403.155	2387.857	2395.767	7050	0	179
2024.07.28	23:00:00	2395.807	2399.004	2394.590	2397.006	4127	0	179
2024.07.29	00:00:00	2397.045	2401.614	2397.002	2400.056	5578	0	179
2024.07.29	01:00:00	2400.086	2402.485	2388.614	2392.725	10980	0	179
2024.07.29	02:00:00	2392.682	2394.702	2390.894	2393.241	6145	0	179
2024.07.29	03:00:00	2393.211	2395.255	2391.865	2394.526	4697	0	179
2024.07.29	04:00:00	2394.505	2396.005	2393.286	2394.845	4121	0	179
2024.07.29	05:00:00	2394.817	2396.263	2390.218	2392.792	5481	0	179
2024.07.29	06:00:00	2392.750	2395.440	2390.670	2391.765	5986	0	179
2024.07.29	07:00:00	2391.743	2394.394	2389.426	2391.569	7455	0	179
2024.07.29	08:00:00	2391.558	2392.730	2386.926	2390.307	6564	0	179
2024.07.29	09:00:00	2390.374	2393.490	2389.801	2392.702	5504	0	179
2024.07.29	10:00:00	2392.783	2395.368	2392.013	2392.608	5182	0	179
2024.07.29	11:00:00	2392.567	2393.012	2386.809	2387.729	5700	0	179
2024.07.29	12:00:00	2387.732	2394.190	2385.385	2393.785	8696	0	179
2024.07.29	13:00:00	2393.777	2396.786	2389.799	2392.086	11199	0	179
2024.07.29	14:00:00	2392.113	2394.031	2380.045	2381.258	11263	0	179
2024.07.29	15:00:00	2381.219	2382.973	2369.523	2376.803	12697	0	179
2024.07.29	16:00:00	2376.832	2379.029	2374.500	2378.082	6144	0	179
2024.07.29	17:00:00	2378.115	2383.450	2377.441	2378.270	6815	0	179
2024.07.29	18:00:00	2378.296	2380.774	2376.936	2379.563	4619	0	179
2024.07.29	19:00:00	2379.619	2385.418	2378.310	2383.092	5101	0	179
2024.07.29	20:00:00	2383.048	2384.571	2381.248	2383.853	2706	0	180
2024.07.29	22:00:00	2382.681	2384.948	2382.174	2384.020	1531	0	180
2024.07.29	23:00:00	2384.074	2384.290	2380.889	2381.143	2637	0	179
2024.07.30	00:00:00	2381.186	2383.801	2380.170	2381.850	3919	0	179
2024.07.30	01:00:00	2381.848	2382.425	2376.471	2379.739	8856	0	179
2024.07.30	02:00:00	2379.678	2383.236	2378.520	2381.743	5775	0	179
2024.07.30	03:00:00	2381.789	2385.963	2381.454	2385.741	4997	0	179
2024.07.30	04:00:00	2385.730	2388.334	2385.637	2386.327	3933	0	179
2024.07.30	05:00:00	2386.400	2389.854	2386.006	2388.703	5505	0	179
2024.07.30	06:00:00	2388.734	2391.037	2387.762	2390.322	6511	0	179
2024.07.30	07:00:00	2390.364	2391.971	2388.849	2390.225	6114	0	179
2024.07.30	08:00:00	2390.264	2391.495	2388.564	2389.458	5135	0	179
2024.07.30	09:00:00	2389.451	2390.104	2387.795	2389.089	4521	0	179
2024.07.30	10:00:00	2389.044	2392.440	2387.867	2391.643	4842	0	179
2024.07.30	11:00:00	2391.659	2392.165	2386.872	2387.115	5061	0	179
2024.07.30	12:00:00	2387.109	2388.356	2385.669	2386.505	6606	0	179
2024.07.30	13:00:00	2386.552	2397.727	2385.784	2394.128	13243	0	179
2024.07.30	14:00:00	2394.048	2395.975	2387.516	2391.730	13434	0	179
2024.07.30	15:00:00	2391.682	2392.450	2383.320	2385.260	9754	0	179
2024.07.30	16:00:00	2385.303	2400.277	2384.953	2399.745	8193	0	179
2024.07.30	17:00:00	2399.773	2411.070	2399.773	2405.707	12763	0	179
2024.07.30	18:00:00	2405.735	2407.363	2403.606	2404.830	5196	0	179
2024.07.30	19:00:00	2404.847	2408.418	2403.779	2407.008	4472	0	179
2024.07.30	20:00:00	2406.975	2412.799	2406.947	2411.011	4858	0	179
2024.07.30	22:00:00	2409.447	2410.926	2408.001	2409.195	2881	0	179
2024.07.30	23:00:00	2409.225	2410.274	2408.512	2409.807	3099	0	179
2024.07.31	00:00:00	2409.810	2410.036	2407.825	2408.966	3992	0	179
2024.07.31	01:00:00	2408.919	2412.200	2403.876	2409.132	9362	0	179
2024.07.31	02:00:00	2409.071	2409.395	2404.085	2407.383	7100	0	179
2024.07.31	03:00:00	2407.377	2419.165	2407.162	2416.442	9277	0	179
2024.07.31	04:00:00	2416.473	2421.367	2414.385	2421.136	6068	0	179
2024.07.31	05:00:00	2421.136	2422.212	2417.296	2417.793	6072	0	179
2024.07.31	06:00:00	2417.752	2425.510	2416.469	2421.322	7545	0	179
2024.07.31	07:00:00	2421.364	2421.909	2415.850	2417.175	7187	0	179
2024.07.31	08:00:00	2417.137	2421.732	2415.436	2421.410	6913	0	179
2024.07.31	09:00:00	2421.434	2422.288	2417.847	2420.981	4898	0	179
2024.07.31	10:00:00	2421.012	2422.893	2417.587	2418.514	5056	0	179
2024.07.31	11:00:00	2418.406	2423.262	2418.093	2419.576	5691	0	179
2024.07.31	12:00:00	2419.629	2422.950	2417.270	2420.467	10153	0	179
2024.07.31	13:00:00	2420.479	2427.556	2417.811	2426.110	10970	0	179
2024.07.31	14:00:00	2426.141	2428.991	2419.183	2422.335	12682	0	179
2024.07.31	15:00:00	2422.385	2424.246	2419.982	2423.098	7981	0	179
2024.07.31	16:00:00	2423.139	2427.724	2422.405	2426.888	5775	0	179
2024.07.31	17:00:00	2426.930	2428.987	2425.716	2426.011	6132	0	179
2024.07.31	18:00:00	2426.131	2435.373	2421.537	2433.612	14944	0	179
2024.07.31	19:00:00	2433.571	2450.853	2431.119	2449.804	14995	0	179
2024.07.31	20:00:00	2449.758	2450.968	2446.193	2447.786	5677	0	179
2024.07.31	22:00:00	2449.173	2449.505	2446.974	2447.555	2863	0	179
2024.07.31	23:00:00	2447.594	2447.928	2444.095	2445.743	3222	0	179
2024.08.01	00:00:00	2445.725	2449.450	2445.233	2447.575	6355	0	179
2024.08.01	01:00:00	2447.539	2458.378	2446.053	2451.357	13858	0	179
2024.08.01	02:00:00	2451.407	2451.459	2437.256	2441.167	10292	0	179
2024.08.01	03:00:00	2441.205	2444.630	2439.321	2442.777	6924	0	179
2024.08.01	04:00:00	2442.769	2446.776	2442.418	2444.239	4953	0	179
2024.08.01	05:00:00	2444.212	2448.003	2443.541	2446.906	6468	0	179
2024.08.01	06:00:00	2446.860	2448.807	2444.087	2444.795	8505	0	179
2024.08.01	07:00:00	2444.835	2444.861	2439.871	2440.325	7314	0	179
2024.08.01	08:00:00	2440.282	2442.323	2433.144	2433.855	8443	0	179
2024.08.01	09:00:00	2433.849	2435.044	2430.192	2432.953	7288	0	179
2024.08.01	10:00:00	2433.001	2436.765	2431.970	2435.187	6184	0	179
2024.08.01	11:00:00	2435.108	2442.888	2434.332	2440.741	6651	0	179
2024.08.01	12:00:00	2440.722	2454.872	2440.282	2450.600	12100	0	179
2024.08.01	13:00:00	2450.718	2457.381	2448.421	2453.690	15470	0	179
2024.08.01	14:00:00	2453.699	2462.291	2443.175	2448.504	22992	0	179
2024.08.01	15:00:00	2448.467	2451.743	2442.064	2445.213	14243	0	179
2024.08.01	16:00:00	2445.265	2448.761	2443.382	2444.468	9552	0	179
2024.08.01	17:00:00	2444.457	2444.699	2435.733	2439.283	10942	0	179
2024.08.01	18:00:00	2439.240	2441.002	2434.881	2439.563	7403	0	179
2024.08.01	19:00:00	2439.531	2444.102	2438.306	2443.053	6077	0	179
2024.08.01	20:00:00	2443.021	2447.553	2441.722	2446.649	4285	0	179
2024.08.01	22:00:00	2446.364	2447.367	2443.631	2445.155	4042	0	179
2024.08.01	23:00:00	2445.148	2446.526	2444.124	2445.844	3896	0	179
2024.08.02	00:00:00	2445.886	2452.360	2443.902	2449.050	6552	0	179
2024.08.02	01:00:00	2449.045	2450.977	2434.872	2447.179	13603	0	179
2024.08.02	02:00:00	2447.209	2455.698	2446.673	2455.616	10744	0	179
2024.08.02	03:00:00	2455.535	2459.412	2451.575	2454.432	8089	0	179
2024.08.02	04:00:00	2454.422	2460.289	2454.191	2457.833	5186	0	179
2024.08.02	05:00:00	2457.873	2466.889	2457.627	2466.720	7333	0	179
2024.08.02	06:00:00	2466.758	2468.480	2462.407	2465.599	9056	0	179
2024.08.02	07:00:00	2465.506	2466.736	2460.216	2461.538	8656	0	179
2024.08.02	08:00:00	2461.586	2465.304	2460.946	2462.063	6744	0	179
2024.08.02	09:00:00	2462.101	2464.237	2460.885	2463.884	5626	0	179
2024.08.02	10:00:00	2463.912	2465.371	2460.829	2463.593	5951	0	179
2024.08.02	11:00:00	2463.632	2464.651	2457.531	2459.259	7448	0	179
2024.08.02	12:00:00	2459.216	2477.722	2455.781	2472.856	22829	0	179
2024.08.02	13:00:00	2472.828	2474.233	2455.689	2469.775	28761	0	179
2024.08.02	14:00:00	2469.824	2474.369	2428.187	2431.556	38745	0	179
2024.08.02	15:00:00	2431.502	2435.742	2410.794	2433.162	32543	0	179
2024.08.02	16:00:00	2433.068	2439.293	2426.261	2430.518	18020	0	179
2024.08.02	17:00:00	2430.470	2431.601	2422.932	2427.846	10208	0	179
2024.08.02	18:00:00	2427.787	2433.632	2426.486	2428.986	7031	0	179
2024.08.02	19:00:00	2429.011	2438.237	2425.587	2437.618	7373	0	179
2024.08.02	20:00:00	2437.645	2442.472	2435.539	2441.892	4863	0	179
2024.08.04	22:00:00	2441.007	2446.342	2437.915	2441.390	6718	0	179
2024.08.04	23:00:00	2441.378	2445.778	2439.071	2440.952	6587	0	179
2024.08.05	00:00:00	2440.984	2440.984	2413.767	2422.122	24109	0	179
2024.08.05	01:00:00	2422.091	2441.938	2420.129	2439.432	23649	0	179
2024.08.05	02:00:00	2439.483	2446.165	2433.078	2442.786	11900	0	179
2024.08.05	03:00:00	2442.691	2452.510	2442.686	2450.957	10002	0	179
2024.08.05	04:00:00	2451.022	2458.836	2450.913	2452.722	10451	0	179
2024.08.05	05:00:00	2452.656	2452.656	2432.395	2437.913	17528	0	179
2024.08.05	06:00:00	2437.961	2438.711	2422.064	2428.563	21504	0	179
2024.08.05	07:00:00	2428.538	2445.624	2424.557	2431.980	15285	0	179
2024.08.05	08:00:00	2432.021	2434.431	2423.262	2424.991	12112	0	179
2024.08.05	09:00:00	2425.030	2428.752	2419.124	2424.069	13761	0	179
2024.08.05	10:00:00	2424.185	2425.655	2408.076	2408.625	12550	0	179
2024.08.05	11:00:00	2408.577	2408.577	2383.268	2386.736	22157	0	179
2024.08.05	12:00:00	2386.772	2392.230	2364.267	2374.480	32794	0	179
2024.08.05	13:00:00	2374.518	2396.993	2374.518	2393.320	35883	0	179
2024.08.05	14:00:00	2393.309	2397.515	2386.894	2396.548	25212	0	179
2024.08.05	15:00:00	2396.520	2412.236	2396.468	2402.838	20663	0	179
2024.08.05	16:00:00	2402.768	2408.726	2398.986	2403.063	12859	0	179
2024.08.05	17:00:00	2403.034	2406.630	2400.196	2405.023	10514	0	179
2024.08.05	18:00:00	2405.013	2408.923	2403.700	2404.941	7174	0	179
2024.08.05	19:00:00	2404.974	2413.060	2404.619	2407.680	7736	0	179
2024.08.05	20:00:00	2407.645	2411.608	2405.412	2409.343	5377	0	179
2024.08.05	22:00:00	2410.644	2412.562	2407.909	2408.865	3562	0	179
2024.08.05	23:00:00	2408.933	2410.001	2404.340	2404.837	4963	0	179
2024.08.06	00:00:00	2404.865	2418.307	2404.515	2415.900	10024	0	179
2024.08.06	01:00:00	2415.829	2417.685	2410.713	2412.389	12962	0	179
2024.08.06	02:00:00	2412.360	2413.247	2405.825	2407.428	9159	0	179
2024.08.06	03:00:00	2407.468	2411.080	2406.491	2408.982	6907	0	179
2024.08.06	04:00:00	2409.013	2412.618	2406.335	2408.073	6706	0	179
2024.08.06	05:00:00	2408.070	2411.874	2398.100	2398.771	11708	0	179
2024.08.06	06:00:00	2398.867	2408.290	2394.792	2401.541	15735	0	179
2024.08.06	07:00:00	2401.522	2410.655	2401.431	2409.835	11207	0	179
2024.08.06	08:00:00	2409.935	2415.409	2408.073	2411.060	8685	0	179
2024.08.06	09:00:00	2411.139	2415.544	2410.311	2413.298	7795	0	179
2024.08.06	10:00:00	2413.285	2416.344	2411.540	2412.361	7160	0	179
2024.08.06	11:00:00	2412.339	2415.292	2410.104	2410.955	7907	0	179
2024.08.06	12:00:00	2410.996	2412.210	2391.723	2393.110	15190	0	179
2024.08.06	13:00:00	2393.143	2399.469	2388.812	2395.690	21971	0	179
2024.08.06	14:00:00	2395.604	2403.207	2386.216	2388.355	20875	0	179
2024.08.06	15:00:00	2388.318	2391.177	2381.404	2387.536	17883	0	179
2024.08.06	16:00:00	2387.571	2391.395	2385.548	2389.908	8956	0	179
2024.08.06	17:00:00	2389.862	2393.502	2387.575	2391.899	8545	0	179
2024.08.06	18:00:00	2391.877	2396.014	2391.330	2392.738	5842	0	179
2024.08.06	19:00:00	2392.808	2393.058	2386.377	2387.732	6755	0	179
2024.08.06	20:00:00	2387.759	2389.535	2386.805	2389.141	3910	0	179
2024.08.06	22:00:00	2389.898	2390.487	2387.965	2388.688	3303	0	179
2024.08.06	23:00:00	2388.690	2389.653	2382.755	2383.778	4302	0	179
2024.08.07	00:00:00	2383.724	2387.428	2381.083	2386.538	6896	0	179
2024.08.07	01:00:00	2386.566	2387.569	2378.941	2384.017	15602	0	179
2024.08.07	02:00:00	2383.970	2388.440	2380.882	2384.219	12557	0	179
2024.08.07	03:00:00	2384.184	2387.541	2383.191	2385.948	7029	0	179
2024.08.07	04:00:00	2385.985	2394.687	2385.687	2392.833	5878	0	179
2024.08.07	05:00:00	2392.818	2396.240	2388.631	2391.382	8756	0	179
2024.08.07	06:00:00	2391.422	2397.582	2389.576	2394.786	8271	0	179
2024.08.07	07:00:00	2394.824	2394.901	2387.972	2389.310	7804	0	179
2024.08.07	08:00:00	2389.359	2393.723	2388.262	2393.296	7087	0	179
2024.08.07	09:00:00	2393.308	2396.445	2392.433	2394.340	5924	0	179
2024.08.07	10:00:00	2394.368	2398.152	2393.143	2397.440	5361	0	179
2024.08.07	11:00:00	2397.407	2402.360	2394.193	2401.178	7100	0	179
2024.08.07	12:00:00	2401.164	2407.090	2398.846	2403.846	8766	0	179
2024.08.07	13:00:00	2403.878	2404.895	2396.933	2400.050	11929	0	179
2024.08.07	14:00:00	2399.951	2403.392	2397.903	2399.125	11294	0	179
2024.08.07	15:00:00	2399.078	2401.773	2391.932	2394.452	11690	0	179
2024.08.07	16:00:00	2394.450	2399.748	2392.775	2399.631	6546	0	179
2024.08.07	17:00:00	2399.586	2399.714	2389.415	2389.872	7860	0	179
2024.08.07	18:00:00	2389.825	2391.670	2383.773	2386.146	8292	0	179
2024.08.07	19:00:00	2386.185	2390.521	2385.319	2385.719	5855	0	179
2024.08.07	20:00:00	2385.670	2387.382	2381.693	2382.762	3963	0	179
2024.08.07	22:00:00	2382.322	2384.401	2380.884	2383.656	3522	0	179
2024.08.07	23:00:00	2383.655	2385.933	2382.782	2384.791	4276	0	179
2024.08.08	00:00:00	2384.835	2388.775	2383.263	2385.472	6440	0	179
2024.08.08	01:00:00	2385.435	2391.325	2384.961	2386.830	11228	0	179
2024.08.08	02:00:00	2386.795	2390.846	2386.268	2390.390	6454	0	179
2024.08.08	03:00:00	2390.376	2394.698	2388.622	2394.316	5493	0	179
2024.08.08	04:00:00	2394.255	2396.405	2392.693	2394.354	5574	0	179
2024.08.08	05:00:00	2394.309	2395.520	2392.427	2395.252	6058	0	179
2024.08.08	06:00:00	2395.290	2400.640	2392.657	2397.686	9004	0	179
2024.08.08	07:00:00	2397.652	2400.275	2394.714	2396.736	7190	0	179
2024.08.08	08:00:00	2396.786	2398.077	2392.869	2394.570	5506	0	179
2024.08.08	09:00:00	2394.609	2398.968	2393.814	2396.200	5971	0	179
2024.08.08	10:00:00	2396.189	2406.491	2396.189	2405.115	6767	0	179
2024.08.08	11:00:00	2405.085	2413.632	2404.863	2412.192	9658	0	179
2024.08.08	12:00:00	2412.152	2415.554	2407.028	2408.037	14783	0	179
2024.08.08	13:00:00	2408.073	2415.481	2402.295	2414.156	17128	0	179
2024.08.08	14:00:00	2414.173	2424.365	2409.266	2413.737	20551	0	179
2024.08.08	15:00:00	2413.792	2420.272	2411.810	2418.686	8522	0	179
2024.08.08	16:00:00	2418.645	2423.815	2416.655	2418.062	7097	0	179
2024.08.08	17:00:00	2418.102	2424.942	2415.797	2423.560	7834	0	179
2024.08.08	18:00:00	2423.534	2426.361	2422.282	2423.973	5270	0	179
2024.08.08	19:00:00	2423.970	2424.884	2421.498	2423.532	4934	0	179
2024.08.08	20:00:00	2423.554	2427.680	2422.962	2427.136	3312	0	179
2024.08.08	22:00:00	2426.817	2427.818	2424.552	2425.777	3405	0	179
2024.08.08	23:00:00	2425.809	2426.464	2422.829	2424.589	3343	0	179
2024.08.09	00:00:00	2424.519	2425.361	2422.533	2424.006	4994	0	179
2024.08.09	01:00:00	2423.981	2427.676	2420.102	2427.208	8771	0	179
2024.08.09	02:00:00	2427.166	2429.000	2422.355	2422.548	6571	0	179
2024.08.09	03:00:00	2422.507	2423.394	2419.222	2421.089	5334	0	179
2024.08.09	04:00:00	2421.046	2424.510	2420.183	2423.846	4361	0	180
2024.08.09	05:00:00	2423.833	2423.982	2417.114	2417.171	6664	0	179
2024.08.09	06:00:00	2417.128	2421.782	2416.829	2420.683	6790	0	179
2024.08.09	07:00:00	2420.641	2427.054	2420.326	2423.128	6108	0	179
2024.08.09	08:00:00	2423.183	2426.785	2422.189	2424.432	5829	0	179
2024.08.09	09:00:00	2424.501	2425.571	2422.639	2423.584	5193	0	179
2024.08.09	10:00:00	2423.590	2431.556	2422.993	2430.438	5991	0	179
2024.08.09	11:00:00	2430.424	2432.640	2425.142	2426.761	6782	0	179
2024.08.09	12:00:00	2426.734	2429.886	2423.697	2429.610	8214	0	179
2024.08.09	13:00:00	2429.568	2433.193	2420.955	2426.738	16975	0	179
2024.08.09	14:00:00	2426.617	2435.956	2425.399	2428.682	15637	0	179
2024.08.09	15:00:00	2428.642	2432.583	2426.429	2431.470	9523	0	179
2024.08.09	16:00:00	2431.514	2434.763	2427.508	2434.423	6291	0	179
2024.08.09	17:00:00	2434.414	2437.011	2430.487	2430.564	6421	0	179
2024.08.09	18:00:00	2430.573	2430.918	2427.157	2429.782	5087	0	179
2024.08.09	19:00:00	2429.812	2430.096	2427.378	2429.079	4507	0	179
2024.08.09	20:00:00	2429.118	2431.172	2429.118	2430.805	3050	0	179
2024.08.11	22:00:00	2428.360	2433.234	2427.320	2430.405	3334	0	179
2024.08.11	23:00:00	2430.403	2430.605	2427.247	2427.927	3163	0	179
2024.08.12	00:00:00	2427.928	2429.088	2426.731	2428.507	3509	0	179
2024.08.12	01:00:00	2428.471	2430.288	2424.633	2425.985	5842	0	179
2024.08.12	02:00:00	2425.971	2427.444	2423.825	2426.243	5050	0	179
2024.08.12	03:00:00	2426.197	2429.390	2425.722	2428.572	4130	0	179
2024.08.12	04:00:00	2428.515	2433.522	2428.205	2433.331	3199	0	179
2024.08.12	05:00:00	2433.337	2435.040	2429.102	2434.595	5870	0	179
2024.08.12	06:00:00	2434.655	2437.183	2433.637	2436.762	5805	0	179
2024.08.12	07:00:00	2436.713	2442.819	2435.429	2441.573	5681	0	179
2024.08.12	08:00:00	2441.614	2443.827	2439.576	2442.018	5538	0	179
2024.08.12	09:00:00	2441.998	2445.058	2440.525	2442.622	5495	0	179
2024.08.12	10:00:00	2442.691	2444.694	2441.440	2443.781	4938	0	179
2024.08.12	11:00:00	2443.780	2444.182	2439.647	2441.498	5652	0	179
2024.08.12	12:00:00	2441.506	2445.436	2441.409	2444.334	5996	0	179
2024.08.12	13:00:00	2444.343	2457.472	2442.095	2454.182	12837	0	179
2024.08.12	14:00:00	2454.137	2455.485	2444.500	2453.218	12623	0	169
2024.08.12	15:00:00	2453.259	2460.686	2452.882	2459.735	10418	0	169
2024.08.12	16:00:00	2459.780	2466.152	2458.930	2463.161	7299	0	169
2024.08.12	17:00:00	2463.116	2468.555	2461.763	2467.110	6236	0	169
2024.08.12	18:00:00	2467.150	2470.959	2466.458	2470.315	5426	0	169
2024.08.12	19:00:00	2470.297	2472.194	2469.679	2470.473	4300	0	169
2024.08.12	20:00:00	2470.446	2473.189	2470.413	2472.391	2747	0	169
2024.08.12	22:00:00	2470.850	2474.143	2470.151	2473.664	2844	0	169
2024.08.12	23:00:00	2473.673	2476.033	2472.737	2475.536	3268	0	169
2024.08.13	00:00:00	2475.580	2476.963	2468.462	2472.175	5112	0	169
2024.08.13	01:00:00	2472.132	2473.712	2460.792	2466.357	10751	0	169
2024.08.13	02:00:00	2466.323	2467.731	2461.503	2461.503	5708	0	169
2024.08.13	03:00:00	2461.480	2464.685	2461.353	2463.449	5518	0	169
2024.08.13	04:00:00	2463.513	2465.041	2460.124	2462.015	4191	0	169
2024.08.13	05:00:00	2461.963	2464.334	2458.493	2462.736	6286	0	169
2024.08.13	06:00:00	2462.788	2464.620	2461.139	2463.252	5609	0	169
2024.08.13	07:00:00	2463.225	2466.152	2460.765	2464.260	6116	0	169
2024.08.13	08:00:00	2464.302	2464.371	2458.890	2460.573	5544	0	169
2024.08.13	09:00:00	2460.596	2462.111	2458.834	2460.701	4699	0	169
2024.08.13	10:00:00	2460.693	2463.458	2459.389	2462.197	5215	0	169
2024.08.13	11:00:00	2462.170	2466.607	2461.525	2465.797	6021	0	169
2024.08.13	12:00:00	2465.757	2472.507	2464.282	2467.604	10144	0	169
2024.08.13	13:00:00	2467.575	2475.657	2458.908	2472.879	15474	0	169
2024.08.13	14:00:00	2472.843	2473.231	2464.030	2471.222	11030	0	169
2024.08.13	15:00:00	2471.266	2473.042	2465.971	2468.642	7134	0	169
2024.08.13	16:00:00	2468.600	2471.086	2466.312	2469.438	5905	0	169
2024.08.13	17:00:00	2469.454	2470.304	2465.887	2467.632	5276	0	169
2024.08.13	18:00:00	2467.646	2468.916	2466.337	2467.748	4522	0	169
2024.08.13	19:00:00	2467.703	2468.763	2462.235	2466.912	4714	0	169
2024.08.13	20:00:00	2466.922	2467.835	2464.531	2465.234	2910	0	169
2024.08.13	22:00:00	2466.687	2466.906	2463.904	2465.559	2151	0	169
2024.08.13	23:00:00	2465.522	2465.522	2462.942	2464.060	2721	0	169
2024.08.14	00:00:00	2464.104	2467.401	2463.928	2465.709	3894	0	169
2024.08.14	01:00:00	2465.671	2472.493	2464.596	2465.427	8036	0	169
2024.08.14	02:00:00	2465.397	2465.741	2455.271	2459.863	9434	0	169
2024.08.14	03:00:00	2459.807	2461.558	2458.762	2460.792	5187	0	169
2024.08.14	04:00:00	2460.815	2462.941	2459.791	2461.813	4193	0	169
2024.08.14	05:00:00	2461.769	2462.557	2459.269	2462.052	4629	0	169
2024.08.14	06:00:00	2462.089	2467.736	2460.298	2467.466	6547	0	169
2024.08.14	07:00:00	2467.412	2471.893	2466.292	2470.850	5571	0	169
2024.08.14	08:00:00	2470.822	2478.789	2468.677	2474.443	6977	0	169
2024.08.14	09:00:00	2474.401	2475.386	2470.992	2472.789	5110	0	169
2024.08.14	10:00:00	2472.826	2476.161	2470.472	2474.947	4986	0	169
2024.08.14	11:00:00	2474.873	2475.244	2471.698	2474.696	4956	0	169
2024.08.14	12:00:00	2474.735	2480.064	2462.321	2468.796	16251	0	169
2024.08.14	13:00:00	2468.739	2469.580	2449.324	2457.428	22903	0	169
2024.08.14	14:00:00	2457.401	2458.324	2446.930	2450.267	17763	0	169
2024.08.14	15:00:00	2450.217	2452.162	2442.009	2444.024	11541	0	169
2024.08.14	16:00:00	2444.023	2445.485	2437.995	2444.122	8432	0	169
2024.08.14	17:00:00	2444.104	2445.028	2440.323	2441.554	6071	0	169
2024.08.14	18:00:00	2441.593	2448.009	2440.632	2447.678	5227	0	169
2024.08.14	19:00:00	2447.640	2448.449	2444.307	2447.224	4430	0	169
2024.08.14	20:00:00	2447.125	2448.368	2446.529	2447.929	2612	0	169
2024.08.14	22:00:00	2447.924	2448.593	2446.433	2447.847	2048	0	169
2024.08.14	23:00:00	2447.883	2449.482	2447.153	2449.408	2758	0	169
2024.08.15	00:00:00	2449.396	2454.270	2448.418	2450.156	4703	0	169
2024.08.15	01:00:00	2450.122	2453.525	2448.211	2450.688	8353	0	169
2024.08.15	02:00:00	2450.721	2452.530	2449.756	2451.454	5561	0	169
2024.08.15	03:00:00	2451.463	2454.357	2451.246	2453.680	3927	0	169
2024.08.15	04:00:00	2453.702	2455.485	2452.701	2453.379	3747	0	169
2024.08.15	05:00:00	2453.325	2455.038	2450.280	2453.811	5339	0	169
2024.08.15	06:00:00	2453.865	2458.787	2452.711	2456.045	7095	0	169
2024.08.15	07:00:00	2455.997	2456.634	2454.346	2455.710	5082	0	169
2024.08.15	08:00:00	2455.701	2457.227	2453.527	2455.455	5381	0	169
2024.08.15	09:00:00	2455.475	2457.215	2455.278	2456.734	4229	0	169
2024.08.15	10:00:00	2456.770	2460.273	2456.770	2458.176	4491	0	169
2024.08.15	11:00:00	2458.220	2464.166	2457.863	2463.525	6060	0	169
2024.08.15	12:00:00	2463.581	2470.095	2440.995	2441.190	19333	0	169
2024.08.15	13:00:00	2441.230	2451.523	2432.094	2444.430	25013	0	169
2024.08.15	14:00:00	2444.460	2458.576	2444.460	2452.337	16418	0	169
2024.08.15	15:00:00	2452.308	2459.628	2450.531	2458.394	9851	0	169
2024.08.15	16:00:00	2458.438	2459.929	2455.018	2455.694	6039	0	169
2024.08.15	17:00:00	2455.741	2456.512	2453.400	2455.441	5799	0	169
2024.08.15	18:00:00	2455.434	2458.318	2454.835	2458.224	4861	0	169
2024.08.15	19:00:00	2458.219	2461.621	2454.059	2455.566	5208	0	169
2024.08.15	20:00:00	2455.520	2457.490	2454.672	2456.457	3179	0	169
2024.08.15	22:00:00	2455.960	2456.212	2454.579	2454.922	1759	0	169
2024.08.15	23:00:00	2454.883	2458.252	2454.397	2457.303	3176	0	169
2024.08.16	00:00:00	2457.309	2459.767	2456.883	2458.373	3686	0	169
2024.08.16	01:00:00	2458.365	2460.028	2455.676	2457.382	6552	0	169
2024.08.16	02:00:00	2457.311	2457.699	2453.584	2454.944	5746	0	169
2024.08.16	03:00:00	2454.963	2455.697	2450.714	2452.397	5448	0	169
2024.08.16	04:00:00	2452.436	2453.736	2451.908	2452.746	3326	0	169
2024.08.16	05:00:00	2452.744	2456.317	2452.601	2455.681	4761	0	169
2024.08.16	06:00:00	2455.694	2457.817	2454.625	2454.995	5657	0	169
2024.08.16	07:00:00	2455.025	2464.489	2451.070	2461.970	6948	0	169
2024.08.16	08:00:00	2462.047	2464.020	2459.102	2462.295	5675	0	169
2024.08.16	09:00:00	2462.299	2464.325	2461.165	2463.275	4741	0	169
2024.08.16	10:00:00	2463.314	2468.154	2462.785	2464.639	5770	0	169
2024.08.16	11:00:00	2464.609	2472.300	2464.609	2472.113	7064	0	169
2024.08.16	12:00:00	2472.074	2492.413	2471.251	2491.591	12947	0	169
2024.08.16	13:00:00	2491.637	2500.520	2483.569	2494.759	21307	0	169
2024.08.16	14:00:00	2494.757	2495.084	2477.462	2487.223	21334	0	169
2024.08.16	15:00:00	2487.260	2492.333	2485.622	2491.691	8806	0	169
2024.08.16	16:00:00	2491.775	2497.850	2491.651	2495.903	7826	0	169
2024.08.16	17:00:00	2495.808	2500.163	2493.097	2499.698	6589	0	169
2024.08.16	18:00:00	2499.707	2505.562	2498.403	2503.303	6113	0	169
2024.08.16	19:00:00	2503.351	2509.027	2501.705	2507.862	5842	0	169
2024.08.16	20:00:00	2507.916	2509.783	2505.539	2507.820	4343	0	169
2024.08.18	22:00:00	2506.304	2506.304	2502.271	2504.831	4972	0	179
2024.08.18	23:00:00	2504.906	2506.778	2503.411	2506.450	2398	0	179
2024.08.19	00:00:00	2506.439	2506.771	2500.329	2502.059	5398	0	179
2024.08.19	01:00:00	2502.106	2506.023	2494.912	2498.174	13056	0	179
2024.08.19	02:00:00	2498.117	2504.010	2496.129	2503.472	6828	0	179
2024.08.19	03:00:00	2503.431	2505.829	2500.511	2503.214	6482	0	179
2024.08.19	04:00:00	2503.172	2504.737	2498.807	2500.708	4963	0	179
2024.08.19	05:00:00	2500.659	2502.478	2499.089	2501.103	6229	0	179
2024.08.19	06:00:00	2501.057	2505.181	2499.631	2502.155	6953	0	179
2024.08.19	07:00:00	2502.199	2504.933	2499.736	2502.992	6326	0	179
2024.08.19	08:00:00	2502.945	2507.178	2502.327	2503.044	5639	0	179
2024.08.19	09:00:00	2503.029	2504.011	2499.725	2499.947	4716	0	179
2024.08.19	10:00:00	2499.904	2500.084	2489.395	2489.795	6862	0	179
2024.08.19	11:00:00	2489.773	2495.167	2486.483	2494.410	7365	0	179
2024.08.19	12:00:00	2494.415	2495.499	2488.654	2491.087	7284	0	179
2024.08.19	13:00:00	2491.135	2495.820	2485.615	2494.651	14088	0	179
2024.08.19	14:00:00	2494.618	2504.804	2493.832	2501.286	12126	0	179
2024.08.19	15:00:00	2501.335	2505.931	2499.911	2503.934	8086	0	179
2024.08.19	16:00:00	2503.898	2507.482	2501.912	2505.475	6671	0	179
2024.08.19	17:00:00	2505.482	2505.875	2500.661	2503.153	5781	0	179
2024.08.19	18:00:00	2503.145	2504.827	2502.372	2504.230	4205	0	179
2024.08.19	19:00:00	2504.189	2505.899	2503.028	2505.403	3823	0	179
2024.08.19	20:00:00	2505.443	2505.625	2503.364	2504.052	2183	0	179
2024.08.19	22:00:00	2503.234	2504.578	2502.044	2504.272	1955	0	179
2024.08.19	23:00:00	2504.263	2504.308	2502.398	2503.544	2264	0	179
2024.08.20	00:00:00	2503.554	2506.908	2503.375	2504.976	4096	0	179
2024.08.20	01:00:00	2504.934	2508.289	2501.198	2502.000	7497	0	179
2024.08.20	02:00:00	2501.986	2502.300	2498.632	2499.710	6394	0	179
2024.08.20	03:00:00	2499.667	2502.466	2499.074	2501.727	4190	0	179
2024.08.20	04:00:00	2501.789	2502.810	2499.527	2500.853	3247	0	179
2024.08.20	05:00:00	2500.896	2503.709	2499.374	2499.442	4666	0	179
2024.08.20	06:00:00	2499.400	2505.846	2497.256	2502.380	6889	0	179
2024.08.20	07:00:00	2502.291	2515.223	2501.112	2514.878	7277	0	179
2024.08.20	08:00:00	2514.905	2523.123	2514.293	2519.749	10959	0	179
2024.08.20	09:00:00	2519.811	2525.197	2519.737	2521.747	7060	0	179
2024.08.20	10:00:00	2521.703	2524.502	2521.106	2522.809	5394	0	179
2024.08.20	11:00:00	2522.769	2527.171	2522.110	2526.224	5817	0	179
2024.08.20	12:00:00	2526.267	2529.150	2521.654	2526.725	9313	0	179
2024.08.20	13:00:00	2526.771	2531.668	2519.829	2529.909	15570	0	179
2024.08.20	14:00:00	2529.854	2530.261	2520.396	2523.870	15146	0	179
2024.08.20	15:00:00	2523.823	2524.018	2505.752	2508.518	16661	0	179
2024.08.20	16:00:00	2508.549	2510.601	2500.829	2509.002	10612	0	179
2024.08.20	17:00:00	2509.037	2513.239	2506.719	2510.526	6355	0	179
2024.08.20	18:00:00	2510.495	2515.521	2509.241	2513.334	4796	0	179
2024.08.20	19:00:00	2513.328	2515.292	2510.844	2514.951	4268	0	179
2024.08.20	20:00:00	2514.994	2516.937	2513.796	2513.981	2401	0	179
2024.08.20	22:00:00	2513.347	2515.721	2513.296	2514.691	1950	0	180
2024.08.20	23:00:00	2514.761	2516.120	2512.753	2512.964	2729	0	179
2024.08.21	00:00:00	2512.976	2515.954	2512.453	2513.528	4067	0	179
2024.08.21	01:00:00	2513.568	2517.129	2510.759	2516.915	7696	0	179
2024.08.21	02:00:00	2516.920	2519.942	2515.914	2519.335	6010	0	179
2024.08.21	03:00:00	2519.340	2519.381	2512.989	2517.386	5014	0	179
2024.08.21	04:00:00	2517.433	2517.688	2513.809	2516.136	4129	0	179
2024.08.21	05:00:00	2516.141	2518.460	2514.863	2515.191	4550	0	179
2024.08.21	06:00:00	2515.225	2519.587	2511.692	2514.519	6736	0	179
2024.08.21	07:00:00	2514.447	2516.952	2508.091	2509.751	6966	0	179
2024.08.21	08:00:00	2509.723	2512.362	2506.718	2507.271	5751	0	179
2024.08.21	09:00:00	2507.231	2509.222	2504.467	2505.652	5453	0	179
2024.08.21	10:00:00	2505.614	2509.722	2504.418	2509.302	5263	0	179
2024.08.21	11:00:00	2509.344	2513.321	2506.838	2511.823	5383	0	179
2024.08.21	12:00:00	2511.781	2513.733	2507.086	2510.488	8099	0	179
2024.08.21	13:00:00	2510.528	2512.916	2497.895	2503.001	13759	0	179
2024.08.21	14:00:00	2502.952	2506.700	2493.672	2501.527	26325	0	179
2024.08.21	15:00:00	2501.566	2511.059	2501.344	2508.287	9738	0	179
2024.08.21	16:00:00	2508.227	2508.887	2503.116	2507.063	6694	0	179
2024.08.21	17:00:00	2507.097	2511.403	2506.843	2509.433	5570	0	179
2024.08.21	18:00:00	2509.398	2519.167	2509.398	2515.883	7406	0	179
2024.08.21	19:00:00	2515.901	2516.402	2510.915	2511.559	5508	0	179
2024.08.21	20:00:00	2511.513	2512.455	2509.745	2512.061	3165	0	179
2024.08.21	22:00:00	2511.984	2513.972	2511.409	2513.869	2071	0	180
2024.08.21	23:00:00	2513.888	2514.424	2512.252	2512.684	2114	0	179
2024.08.22	00:00:00	2512.732	2514.701	2511.142	2513.696	3947	0	179
2024.08.22	01:00:00	2513.689	2514.072	2507.032	2507.645	6671	0	179
2024.08.22	02:00:00	2507.664	2508.673	2499.852	2502.263	7135	0	179
2024.08.22	03:00:00	2502.345	2504.687	2501.084	2502.329	5702	0	179
2024.08.22	04:00:00	2502.344	2502.389	2499.184	2501.922	3847	0	179
2024.08.22	05:00:00	2501.879	2506.273	2500.589	2505.495	5402	0	179
2024.08.22	06:00:00	2505.513	2510.580	2503.501	2507.538	7660	0	179
2024.08.22	07:00:00	2507.497	2509.793	2504.346	2507.102	6660	0	179
2024.08.22	08:00:00	2507.104	2507.494	2502.416	2503.600	6092	0	179
2024.08.22	09:00:00	2503.578	2508.022	2501.049	2507.223	6131	0	179
2024.08.22	10:00:00	2507.267	2509.122	2505.186	2505.320	4746	0	179
2024.08.22	11:00:00	2505.277	2506.002	2498.019	2499.506	6923	0	179
2024.08.22	12:00:00	2499.539	2504.136	2495.186	2500.661	10660	0	179
2024.08.22	13:00:00	2500.618	2501.500	2482.982	2487.915	17821	0	179
2024.08.22	14:00:00	2487.887	2487.887	2470.801	2480.020	19473	0	179
2024.08.22	15:00:00	2480.011	2484.173	2474.958	2481.794	10566	0	179
2024.08.22	16:00:00	2481.842	2485.965	2481.285	2484.204	7365	0	179
2024.08.22	17:00:00	2484.182	2484.422	2479.571	2482.207	6347	0	179
2024.08.22	18:00:00	2482.253	2484.789	2480.345	2482.296	5441	0	179
2024.08.22	19:00:00	2482.249	2483.444	2478.527	2482.983	4690	0	179
2024.08.22	20:00:00	2483.021	2484.853	2482.369	2484.319	3237	0	180
2024.08.22	22:00:00	2484.521	2485.594	2484.370	2485.151	1552	0	180
2024.08.22	23:00:00	2485.142	2487.598	2484.858	2487.564	1904	0	180
2024.08.23	00:00:00	2487.574	2492.189	2486.435	2489.960	4705	0	179
2024.08.23	01:00:00	2489.945	2491.499	2487.835	2490.801	7498	0	179
2024.08.23	02:00:00	2490.841	2491.587	2486.675	2489.933	5643	0	179
2024.08.23	03:00:00	2489.885	2493.753	2489.448	2493.165	5133	0	179
2024.08.23	04:00:00	2493.153	2494.534	2492.554	2493.313	3759	0	179
2024.08.23	05:00:00	2493.333	2495.768	2491.096	2491.800	5025	0	179
2024.08.23	06:00:00	2491.780	2494.638	2490.567	2492.964	5564	0	179
2024.08.23	07:00:00	2493.004	2494.072	2491.640	2493.384	6043	0	179
2024.08.23	08:00:00	2493.338	2499.915	2492.991	2498.905	5564	0	179
2024.08.23	09:00:00	2498.911	2501.873	2496.887	2498.976	5514	0	179
2024.08.23	10:00:00	2498.931	2499.327	2495.597	2499.009	5054	0	179
2024.08.23	11:00:00	2498.959	2502.496	2497.388	2501.571	5142	0	179
2024.08.23	12:00:00	2501.557	2502.379	2498.358	2501.332	6840	0	179
2024.08.23	13:00:00	2501.299	2503.903	2494.453	2498.544	10733	0	179
2024.08.23	14:00:00	2497.992	2517.862	2497.803	2509.138	31663	0	179
2024.08.23	15:00:00	2509.165	2518.350	2507.910	2509.845	14137	0	179
2024.08.23	16:00:00	2509.884	2510.510	2501.675	2510.244	10291	0	179
2024.08.23	17:00:00	2510.318	2513.242	2509.489	2510.918	6934	0	179
2024.08.23	18:00:00	2510.908	2511.870	2508.980	2509.826	4754	0	179
2024.08.23	19:00:00	2509.794	2512.802	2507.817	2510.772	4815	0	179
2024.08.23	20:00:00	2510.745	2512.463	2509.532	2512.357	3101	0	179
2024.08.25	22:00:00	2512.067	2514.663	2511.076	2512.954	3087	0	159
2024.08.25	23:00:00	2512.978	2516.683	2512.921	2515.903	4342	0	159
2024.08.26	00:00:00	2515.890	2517.001	2512.467	2513.729	5515	0	159
2024.08.26	01:00:00	2513.720	2515.514	2510.553	2513.344	8648	0	159
2024.08.26	02:00:00	2513.377	2515.339	2511.748	2511.955	5100	0	159
2024.08.26	03:00:00	2511.949	2512.967	2509.330	2509.769	4581	0	159
2024.08.26	04:00:00	2509.739	2510.842	2508.869	2509.638	3961	0	159
2024.08.26	05:00:00	2509.618	2511.253	2508.646	2510.571	4848	0	159
2024.08.26	06:00:00	2510.607	2515.392	2509.804	2515.117	6612	0	159
2024.08.26	07:00:00	2515.072	2521.820	2514.169	2521.408	7985	0	159
2024.08.26	08:00:00	2521.412	2525.782	2520.702	2524.190	6492	0	159
2024.08.26	09:00:00	2524.235	2525.563	2523.345	2524.979	5283	0	159
2024.08.26	10:00:00	2524.992	2526.627	2522.517	2524.926	5660	0	159
2024.08.26	11:00:00	2524.893	2526.906	2520.856	2526.533	6804	0	159
2024.08.26	12:00:00	2526.467	2527.009	2522.573	2523.841	9336	0	159
2024.08.26	13:00:00	2523.801	2526.444	2515.435	2515.883	15116	0	159
2024.08.26	14:00:00	2515.923	2519.018	2510.633	2516.913	13590	0	159
2024.08.26	15:00:00	2516.871	2517.455	2511.389	2515.787	9498	0	159
2024.08.26	16:00:00	2515.831	2520.461	2513.518	2520.209	6397	0	159
2024.08.26	17:00:00	2520.161	2523.391	2516.454	2518.040	6346	0	159
2024.08.26	18:00:00	2518.037	2519.496	2515.489	2516.931	4528	0	159
2024.08.26	19:00:00	2516.886	2520.967	2516.795	2518.169	4464	0	159
2024.08.26	20:00:00	2518.204	2519.095	2517.424	2518.229	2385	0	160
2024.08.26	22:00:00	2517.940	2518.051	2517.021	2517.303	1585	0	160
2024.08.26	23:00:00	2517.321	2517.688	2515.406	2515.512	2001	0	160
2024.08.27	00:00:00	2515.477	2516.709	2512.895	2513.229	4014	0	159
2024.08.27	01:00:00	2513.191	2514.097	2508.290	2509.763	7573	0	159
2024.08.27	02:00:00	2509.765	2510.351	2505.816	2508.785	6305	0	159
2024.08.27	03:00:00	2508.748	2509.156	2505.820	2508.973	4442	0	159
2024.08.27	04:00:00	2509.008	2509.554	2506.177	2507.303	3779	0	159
2024.08.27	05:00:00	2507.326	2513.792	2506.618	2513.497	6138	0	159
2024.08.27	06:00:00	2513.539	2517.498	2512.778	2514.850	7550	0	159
2024.08.27	07:00:00	2514.898	2517.561	2504.528	2504.988	8646	0	159
2024.08.27	08:00:00	2504.885	2512.490	2503.528	2511.059	7308	0	159
2024.08.27	09:00:00	2511.024	2513.745	2508.072	2508.917	6843	0	159
2024.08.27	10:00:00	2508.874	2510.525	2506.851	2508.992	6518	0	159
2024.08.27	11:00:00	2509.029	2512.428	2508.589	2511.479	5732	0	159
2024.08.27	12:00:00	2511.444	2514.360	2507.698	2509.915	8285	0	159
2024.08.27	13:00:00	2509.875	2515.102	2503.462	2512.410	15049	0	159
2024.08.27	14:00:00	2512.290	2518.109	2507.741	2514.734	15259	0	159
2024.08.27	15:00:00	2514.801	2520.316	2511.516	2512.134	9907	0	159
2024.08.27	16:00:00	2512.107	2514.500	2509.815	2514.403	6417	0	159
2024.08.27	17:00:00	2514.481	2521.725	2514.071	2520.038	6679	0	159
2024.08.27	18:00:00	2520.014	2525.938	2519.875	2524.426	5625	0	159
2024.08.27	19:00:00	2524.461	2525.731	2523.005	2525.097	4421	0	159
2024.08.27	20:00:00	2525.062	2525.998	2523.780	2524.577	2905	0	159
2024.08.27	22:00:00	2524.984	2526.023	2524.728	2525.623	1956	0	159
2024.08.27	23:00:00	2525.662	2529.062	2524.123	2525.269	3565	0	159
2024.08.28	00:00:00	2525.223	2525.825	2523.855	2524.371	3635	0	159
2024.08.28	01:00:00	2524.377	2524.377	2516.802	2517.081	7406	0	159
2024.08.28	02:00:00	2517.095	2518.510	2513.366	2516.332	6070	0	159
2024.08.28	03:00:00	2516.310	2517.116	2513.168	2515.885	4405	0	159
2024.08.28	04:00:00	2515.824	2516.138	2510.193	2511.551	4545	0	159
2024.08.28	05:00:00	2511.571	2511.742	2505.447	2505.705	7605	0	159
2024.08.28	06:00:00	2505.674	2508.892	2503.219	2508.452	8556	0	159
2024.08.28	07:00:00	2508.490	2511.304	2507.508	2509.984	7559	0	159
2024.08.28	08:00:00	2509.942	2509.942	2505.961	2508.111	6074	0	159
2024.08.28	09:00:00	2508.072	2511.432	2507.663	2510.115	5095	0	159
2024.08.28	10:00:00	2510.154	2510.477	2502.539	2505.368	5845	0	159
2024.08.28	11:00:00	2505.346	2505.483	2500.690	2501.485	6976	0	159
2024.08.28	12:00:00	2501.445	2501.675	2493.498	2500.557	11348	0	159
2024.08.28	13:00:00	2500.595	2510.703	2499.313	2506.588	15164	0	159
2024.08.28	14:00:00	2506.551	2509.116	2503.957	2507.518	11249	0	159
2024.08.28	15:00:00	2507.560	2510.250	2504.988	2506.141	8476	0	159
2024.08.28	16:00:00	2506.182	2506.503	2496.385	2501.892	7710	0	159
2024.08.28	17:00:00	2501.891	2506.372	2500.479	2505.332	6585	0	159
2024.08.28	18:00:00	2505.377	2508.254	2503.577	2507.934	4989	0	159
2024.08.28	19:00:00	2507.960	2509.609	2506.751	2507.607	4807	0	159
2024.08.28	20:00:00	2507.643	2508.595	2502.760	2504.362	3849	0	159
2024.08.28	22:00:00	2505.404	2508.703	2504.915	2507.142	3474	0	159
2024.08.28	23:00:00	2507.107	2508.218	2506.383	2508.110	2574	0	160
2024.08.29	00:00:00	2508.080	2515.335	2507.967	2512.321	5570	0	159
2024.08.29	01:00:00	2512.357	2514.688	2511.676	2513.184	6372	0	159
2024.08.29	02:00:00	2513.187	2515.203	2511.644	2512.842	4945	0	159
2024.08.29	03:00:00	2512.812	2516.771	2512.345	2516.543	4313	0	159
2024.08.29	04:00:00	2516.591	2518.213	2515.501	2515.891	4351	0	159
2024.08.29	05:00:00	2515.855	2519.930	2513.806	2518.728	5337	0	159
2024.08.29	06:00:00	2518.695	2521.164	2516.292	2516.875	6416	0	159
2024.08.29	07:00:00	2516.912	2519.147	2515.169	2519.091	5837	0	159
2024.08.29	08:00:00	2519.125	2520.181	2515.079	2517.153	7990	0	159
2024.08.29	09:00:00	2517.193	2524.378	2515.917	2522.935	6095	0	159
2024.08.29	10:00:00	2522.965	2524.446	2520.778	2523.082	6265	0	159
2024.08.29	11:00:00	2523.117	2523.358	2519.046	2519.883	5769	0	159
2024.08.29	12:00:00	2519.874	2520.114	2503.558	2509.156	15212	0	159
2024.08.29	13:00:00	2509.187	2519.224	2508.136	2516.813	16783	0	159
2024.08.29	14:00:00	2516.861	2522.317	2514.384	2522.092	14213	0	159
2024.08.29	15:00:00	2522.135	2525.670	2518.561	2522.507	8394	0	159
2024.08.29	16:00:00	2522.557	2526.779	2517.418	2525.217	6759	0	159
2024.08.29	17:00:00	2525.261	2528.669	2523.476	2525.799	6368	0	159
2024.08.29	18:00:00	2525.843	2526.418	2521.013	2523.048	6328	0	159
2024.08.29	19:00:00	2523.033	2524.876	2520.851	2521.174	5035	0	159
2024.08.29	20:00:00	2521.211	2522.313	2520.636	2521.459	2633	0	159
2024.08.29	22:00:00	2520.922	2521.833	2520.423	2520.975	1596	0	159
2024.08.29	23:00:00	2520.988	2520.988	2518.892	2519.613	2214	0	159
2024.08.30	00:00:00	2519.600	2519.687	2516.704	2517.726	3927	0	159
2024.08.30	01:00:00	2517.738	2520.108	2514.425	2516.107	6971	0	159
2024.08.30	02:00:00	2516.019	2517.908	2514.131	2516.055	5448	0	159
2024.08.30	03:00:00	2516.022	2516.989	2512.292	2513.555	4427	0	159
2024.08.30	04:00:00	2513.533	2514.592	2512.166	2513.410	3890	0	159
2024.08.30	05:00:00	2513.402	2516.306	2512.453	2513.810	5345	0	159
2024.08.30	06:00:00	2513.805	2524.066	2513.107	2517.768	9733	0	159
2024.08.30	07:00:00	2517.743	2521.379	2517.512	2519.369	6111	0	159
2024.08.30	08:00:00	2519.356	2526.752	2518.839	2522.944	6054	0	159
2024.08.30	09:00:00	2522.967	2526.914	2522.656	2524.218	5329	0	159
2024.08.30	10:00:00	2524.192	2524.811	2514.987	2515.372	6385	0	159
2024.08.30	11:00:00	2515.326	2521.635	2514.999	2519.523	5841	0	159
2024.08.30	12:00:00	2519.485	2524.760	2516.293	2519.591	13307	0	159
2024.08.30	13:00:00	2519.567	2519.844	2512.858	2515.457	17139	0	159
2024.08.30	14:00:00	2515.485	2518.421	2506.361	2509.161	18700	0	159
2024.08.30	15:00:00	2509.122	2509.626	2500.233	2502.501	14532	0	159
2024.08.30	16:00:00	2502.465	2506.045	2496.532	2497.728	9932	0	159
2024.08.30	17:00:00	2497.695	2500.435	2494.086	2499.495	9204	0	159
2024.08.30	18:00:00	2499.531	2504.750	2499.376	2502.344	5916	0	159
2024.08.30	19:00:00	2502.347	2504.015	2498.272	2502.343	5761	0	159
2024.08.30	20:00:00	2502.304	2503.578	2501.833	2503.342	3375	0	159
2024.09.01	22:00:00	2502.485	2504.755	2502.382	2503.468	2065	0	159
2024.09.01	23:00:00	2503.469	2503.697	2501.942	2502.980	3398	0	159
2024.09.02	00:00:00	2502.983	2504.980	2501.138	2501.589	3545	0	159
2024.09.02	01:00:00	2501.540	2504.690	2496.642	2498.021	8458	0	159
2024.09.02	02:00:00	2497.948	2498.269	2489.977	2491.966	8964	0	159
2024.09.02	03:00:00	2491.977	2496.358	2491.381	2496.228	4670	0	159
2024.09.02	04:00:00	2496.208	2499.532	2496.133	2496.858	3896	0	159
2024.09.02	05:00:00	2496.899	2498.508	2495.190	2496.480	5111	0	159
2024.09.02	06:00:00	2496.456	2501.457	2495.859	2497.569	6974	0	159
2024.09.02	07:00:00	2497.528	2499.536	2496.161	2498.204	5617	0	159
2024.09.02	08:00:00	2498.189	2507.334	2497.250	2506.240	6662	0	159
2024.09.02	09:00:00	2506.215	2506.592	2498.181	2498.888	6086	0	159
2024.09.02	10:00:00	2498.851	2502.055	2498.095	2499.231	4833	0	159
2024.09.02	11:00:00	2499.229	2500.219	2497.082	2499.814	5072	0	159
2024.09.02	12:00:00	2499.774	2503.206	2498.733	2501.265	5194	0	159
2024.09.02	13:00:00	2501.305	2502.251	2498.541	2499.940	7136	0	159
2024.09.02	14:00:00	2499.920	2502.441	2497.672	2501.955	5970	0	159
2024.09.02	15:00:00	2501.991	2502.405	2499.842	2501.485	4288	0	159
2024.09.02	16:00:00	2501.490	2501.902	2498.616	2500.527	2850	0	159
2024.09.02	17:00:00	2500.483	2501.340	2499.768	2500.085	1220	0	159
2024.09.02	22:00:00	2499.525	2499.708	2497.472	2497.743	1580	0	160
2024.09.02	23:00:00	2497.773	2498.510	2496.476	2497.242	2251	0	160
2024.09.03	00:00:00	2497.247	2497.701	2494.952	2495.778	4027	0	159
2024.09.03	01:00:00	2495.733	2495.848	2489.686	2493.699	8574	0	159
2024.09.03	02:00:00	2493.729	2496.410	2492.423	2495.260	6715	0	159
2024.09.03	03:00:00	2495.222	2495.833	2493.039	2494.717	5189	0	159
2024.09.03	04:00:00	2494.789	2496.950	2493.890	2495.940	3805	0	159
2024.09.03	05:00:00	2495.904	2495.967	2492.733	2494.975	5265	0	159
2024.09.03	06:00:00	2495.012	2498.851	2492.818	2497.822	7094	0	159
2024.09.03	07:00:00	2497.784	2502.051	2496.584	2500.843	6950	0	159
2024.09.03	08:00:00	2500.809	2506.249	2500.550	2503.893	6833	0	159
2024.09.03	09:00:00	2503.932	2505.001	2500.866	2500.917	5758	0	159
2024.09.03	10:00:00	2500.950	2501.038	2492.602	2497.266	7883	0	159
2024.09.03	11:00:00	2497.226	2501.556	2484.651	2489.665	11001	0	159
2024.09.03	12:00:00	2489.626	2502.213	2487.052	2493.269	19056	0	159
2024.09.03	13:00:00	2493.228	2497.692	2475.464	2479.973	25142	0	159
2024.09.03	14:00:00	2481.991	2485.623	2473.282	2478.282	25395	0	159
2024.09.03	15:00:00	2478.259	2489.497	2477.168	2488.353	11248	0	159
2024.09.03	16:00:00	2488.330	2488.993	2483.879	2485.945	6970	0	159
2024.09.03	17:00:00	2485.914	2491.985	2485.480	2489.489	6113	0	159
2024.09.03	18:00:00	2489.480	2490.038	2487.058	2489.304	4751	0	159
2024.09.03	19:00:00	2489.270	2494.398	2488.951	2492.015	4762	0	159
2024.09.03	20:00:00	2491.965	2492.961	2491.318	2492.781	2488	0	159
2024.09.03	22:00:00	2492.767	2494.427	2492.043	2493.100	2418	0	159
2024.09.03	23:00:00	2493.117	2494.764	2492.316	2493.223	2876	0	159
2024.09.04	00:00:00	2493.200	2495.001	2492.131	2492.422	5010	0	159
2024.09.04	01:00:00	2492.379	2494.508	2491.281	2493.346	6514	0	159
2024.09.04	02:00:00	2493.312	2496.950	2492.439	2495.291	5304	0	159
2024.09.04	03:00:00	2495.255	2496.501	2493.508	2495.016	3888	0	159
2024.09.04	04:00:00	2495.058	2496.733	2494.464	2495.866	3007	0	159
2024.09.04	05:00:00	2495.864	2496.549	2492.781	2493.142	4796	0	159
2024.09.04	06:00:00	2493.119	2493.430	2483.714	2484.311	8438	0	159
2024.09.04	07:00:00	2484.267	2488.210	2481.921	2482.177	8126	0	159
2024.09.04	08:00:00	2482.172	2483.322	2472.504	2473.342	8545	0	159
2024.09.04	09:00:00	2473.367	2483.296	2471.868	2481.590	9547	0	159
2024.09.04	10:00:00	2481.578	2489.995	2481.078	2488.978	7585	0	159
2024.09.04	11:00:00	2488.980	2491.267	2486.744	2489.177	7513	0	159
2024.09.04	12:00:00	2489.140	2491.160	2485.422	2486.513	10801	0	159
2024.09.04	13:00:00	2486.523	2490.041	2482.056	2485.782	14211	0	159
2024.09.04	14:00:00	2485.668	2500.300	2485.049	2496.228	24088	0	159
2024.09.04	15:00:00	2496.209	2498.307	2492.836	2493.984	10712	0	159
2024.09.04	16:00:00	2493.958	2498.023	2493.124	2496.688	6267	0	159
2024.09.04	17:00:00	2496.659	2497.395	2493.470	2493.921	5009	0	159
2024.09.04	18:00:00	2493.964	2495.541	2492.264	2494.658	4968	0	159
2024.09.04	19:00:00	2494.698	2494.821	2491.432	2493.402	4437	0	159
2024.09.04	20:00:00	2493.381	2496.951	2492.832	2495.811	2696	0	159
2024.09.04	22:00:00	2495.236	2495.678	2494.374	2495.352	1727	0	160
2024.09.04	23:00:00	2495.353	2496.900	2495.046	2495.829	2701	0	159
2024.09.05	00:00:00	2495.827	2496.540	2494.498	2495.164	3766	0	159
2024.09.05	01:00:00	2495.160	2499.335	2494.480	2496.376	6797	0	159
2024.09.05	02:00:00	2496.404	2498.972	2496.183	2498.094	4279	0	159
2024.09.05	03:00:00	2498.039	2498.663	2494.633	2494.868	4230	0	159
2024.09.05	04:00:00	2494.835	2495.106	2493.759	2494.212	3257	0	159
2024.09.05	05:00:00	2494.174	2502.357	2493.914	2501.914	5275	0	159
2024.09.05	06:00:00	2501.878	2506.888	2500.747	2504.468	8233	0	159
2024.09.05	07:00:00	2504.416	2507.623	2502.918	2506.370	6209	0	159
2024.09.05	08:00:00	2506.408	2516.669	2505.917	2514.682	9541	0	159
2024.09.05	09:00:00	2514.717	2517.312	2514.717	2515.543	6650	0	159
2024.09.05	10:00:00	2515.564	2516.934	2513.333	2516.357	5736	0	159
2024.09.05	11:00:00	2516.445	2518.375	2513.636	2515.199	7445	0	159
2024.09.05	12:00:00	2515.246	2523.574	2514.119	2517.758	16963	0	159
2024.09.05	13:00:00	2517.796	2519.426	2512.384	2514.912	17345	0	159
2024.09.05	14:00:00	2514.857	2520.632	2507.599	2508.720	22137	0	159
2024.09.05	15:00:00	2508.763	2510.979	2503.797	2507.154	12092	0	159
2024.09.05	16:00:00	2507.179	2511.610	2506.073	2510.394	7313	0	159
2024.09.05	17:00:00	2510.369	2515.468	2509.255	2515.079	6231	0	159
2024.09.05	18:00:00	2515.114	2516.854	2514.733	2515.622	4448	0	159
2024.09.05	19:00:00	2515.644	2516.091	2513.616	2514.814	4272	0	159
2024.09.05	20:00:00	2514.857	2516.953	2514.802	2516.452	2215	0	159
2024.09.05	22:00:00	2517.047	2517.047	2515.674	2516.187	1757	0	159
2024.09.05	23:00:00	2516.147	2518.007	2516.147	2517.282	2619	0	159
2024.09.06	00:00:00	2517.277	2517.652	2515.520	2515.950	3614	0	159
2024.09.06	01:00:00	2515.954	2516.642	2513.454	2513.859	5909	0	159
2024.09.06	02:00:00	2513.825	2518.013	2513.044	2517.698	5426	0	159
2024.09.06	03:00:00	2517.690	2518.474	2516.868	2518.232	3897	0	159
2024.09.06	04:00:00	2518.257	2519.561	2517.694	2518.395	3584	0	159
2024.09.06	05:00:00	2518.384	2521.865	2518.384	2520.137	5048	0	159
2024.09.06	06:00:00	2520.090	2521.402	2516.617	2519.178	6596	0	159
2024.09.06	07:00:00	2519.134	2519.911	2516.278	2516.553	6252	0	159
2024.09.06	08:00:00	2516.516	2518.231	2515.501	2517.746	5248	0	159
2024.09.06	09:00:00	2517.819	2519.910	2516.345	2519.161	4638	0	159
2024.09.06	10:00:00	2519.179	2519.850	2517.150	2518.903	5063	0	159
2024.09.06	11:00:00	2518.933	2520.364	2514.669	2516.271	6000	0	159
2024.09.06	12:00:00	2516.302	2529.204	2507.541	2522.221	25090	0	159
2024.09.06	13:00:00	2522.247	2523.046	2502.144	2509.371	32044	0	159
2024.09.06	14:00:00	2509.391	2515.607	2500.403	2506.776	27251	0	159
2024.09.06	15:00:00	2506.809	2518.517	2503.653	2505.371	31640	0	159
2024.09.06	16:00:00	2505.314	2505.882	2485.007	2488.936	23777	0	159
2024.09.06	17:00:00	2488.899	2496.985	2485.878	2495.576	13229	0	159
2024.09.06	18:00:00	2495.599	2496.842	2492.047	2494.580	9031	0	159
2024.09.06	19:00:00	2494.625	2496.800	2490.707	2495.978	8098	0	159
2024.09.06	20:00:00	2495.939	2497.837	2494.735	2497.524	3868	0	160
2024.09.08	22:00:00	2497.037	2498.007	2496.169	2497.871	2494	0	159
2024.09.08	23:00:00	2497.897	2498.277	2495.492	2496.869	3649	0	159
2024.09.09	00:00:00	2496.871	2498.279	2495.663	2496.020	4848	0	159
2024.09.09	01:00:00	2495.994	2498.666	2494.711	2497.765	9808	0	159
2024.09.09	02:00:00	2497.802	2499.100	2496.970	2497.174	6329	0	159
2024.09.09	03:00:00	2497.136	2500.508	2496.727	2499.284	4710	0	159
2024.09.09	04:00:00	2499.250	2499.520	2497.462	2498.170	3585	0	160
2024.09.09	05:00:00	2498.159	2498.288	2487.405	2487.820	7595	0	159
2024.09.09	06:00:00	2487.839	2493.575	2485.503	2489.733	10719	0	159
2024.09.09	07:00:00	2489.780	2496.672	2488.778	2494.300	11678	0	159
2024.09.09	08:00:00	2494.338	2495.594	2489.965	2492.139	9240	0	159
2024.09.09	09:00:00	2492.179	2497.657	2492.031	2496.296	6391	0	159
2024.09.09	10:00:00	2496.330	2499.137	2493.104	2494.352	6395	0	159
2024.09.09	11:00:00	2494.389	2498.881	2493.379	2497.242	5684	0	159
2024.09.09	12:00:00	2497.296	2504.137	2496.278	2500.909	9163	0	159
2024.09.09	13:00:00	2500.824	2505.292	2499.259	2499.795	13474	0	159
2024.09.09	14:00:00	2499.758	2501.175	2493.231	2496.824	12855	0	159
2024.09.09	15:00:00	2496.858	2499.642	2493.578	2499.090	8885	0	159
2024.09.09	16:00:00	2499.121	2505.233	2499.121	2504.327	6623	0	159
2024.09.09	17:00:00	2504.328	2506.550	2499.429	2499.972	6294	0	159
2024.09.09	18:00:00	2500.013	2505.355	2499.404	2504.661	5041	0	159
2024.09.09	19:00:00	2504.662	2506.113	2502.600	2505.960	4663	0	159
2024.09.09	20:00:00	2505.921	2507.212	2505.221	2506.118	2861	0	159
2024.09.09	22:00:00	2506.438	2507.157	2505.805	2506.964	1644	0	159
2024.09.09	23:00:00	2506.965	2507.701	2505.641	2506.813	2536	0	159
2024.09.10	00:00:00	2506.815	2507.461	2504.776	2505.393	4352	0	159
2024.09.10	01:00:00	2505.395	2506.856	2502.867	2503.835	6851	0	159
2024.09.10	02:00:00	2503.835	2504.037	2501.752	2503.008	5365	0	159
2024.09.10	03:00:00	2502.936	2504.410	2501.370	2502.532	4272	0	159
2024.09.10	04:00:00	2502.500	2502.895	2500.919	2501.792	3366	0	159
2024.09.10	05:00:00	2501.753	2504.931	2500.736	2503.884	4852	0	159
2024.09.10	06:00:00	2503.871	2506.570	2503.364	2505.053	6642	0	159
2024.09.10	07:00:00	2505.008	2507.773	2502.070	2502.792	6554	0	159
2024.09.10	08:00:00	2502.754	2503.113	2500.052	2502.248	6241	0	159
2024.09.10	09:00:00	2502.236	2506.056	2500.165	2506.038	6416	0	159
2024.09.10	10:00:00	2506.063	2509.669	2505.120	2505.618	6656	0	159
2024.09.10	11:00:00	2505.580	2507.149	2504.211	2504.607	6063	0	159
2024.09.10	12:00:00	2504.575	2514.069	2504.451	2513.784	8354	0	159
2024.09.10	13:00:00	2513.817	2515.359	2506.180	2506.804	15085	0	159
2024.09.10	14:00:00	2506.765	2509.242	2500.872	2508.999	16662	0	159
2024.09.10	15:00:00	2509.094	2518.415	2508.174	2512.770	11532	0	159
2024.09.10	16:00:00	2512.797	2515.539	2510.693	2514.335	7541	0	159
2024.09.10	17:00:00	2514.341	2515.697	2512.886	2513.156	5878	0	159
2024.09.10	18:00:00	2513.139	2516.623	2512.090	2516.281	5109	0	159
2024.09.10	19:00:00	2516.254	2517.515	2514.125	2517.212	4706	0	159
2024.09.10	20:00:00	2517.214	2517.427	2515.750	2516.448	2509	0	160
2024.09.10	22:00:00	2516.582	2517.135	2516.287	2516.436	1440	0	159
2024.09.10	23:00:00	2516.445	2518.868	2516.338	2518.678	2536	0	159
2024.09.11	00:00:00	2518.638	2519.159	2516.231	2516.640	4206	0	159
2024.09.11	01:00:00	2516.659	2522.577	2514.940	2518.784	9690	0	159
2024.09.11	02:00:00	2518.781	2520.326	2517.554	2518.794	6049	0	159
2024.09.11	03:00:00	2518.753	2519.957	2516.746	2519.406	5617	0	159
2024.09.11	04:00:00	2519.426	2520.147	2518.535	2519.533	3740	0	159
2024.09.11	05:00:00	2519.597	2522.454	2519.322	2521.209	6668	0	159
2024.09.11	06:00:00	2521.231	2529.060	2520.833	2526.552	9218	0	159
2024.09.11	07:00:00	2526.563	2527.748	2520.715	2521.471	6420	0	159
2024.09.11	08:00:00	2521.437	2527.221	2520.748	2524.299	7180	0	159
2024.09.11	09:00:00	2524.299	2524.730	2521.994	2523.235	4827	0	159
2024.09.11	10:00:00	2523.203	2523.316	2519.760	2521.719	6175	0	159
2024.09.11	11:00:00	2521.715	2524.217	2520.738	2522.267	6194	0	159
2024.09.11	12:00:00	2522.227	2523.884	2502.175	2508.169	25922	0	159
2024.09.11	13:00:00	2508.108	2512.890	2503.163	2509.622	26028	0	159
2024.09.11	14:00:00	2509.642	2510.420	2500.844	2509.429	20414	0	159
2024.09.11	15:00:00	2509.461	2514.959	2508.634	2514.743	10906	0	159
2024.09.11	16:00:00	2514.712	2520.033	2513.668	2515.218	8061	0	159
2024.09.11	17:00:00	2515.182	2516.912	2512.374	2514.548	7578	0	159
2024.09.11	18:00:00	2514.563	2516.352	2511.276	2511.581	6097	0	159
2024.09.11	19:00:00	2511.540	2513.239	2509.762	2512.930	5132	0	159
2024.09.11	20:00:00	2512.904	2513.828	2511.270	2511.462	2767	0	159
2024.09.11	22:00:00	2512.310	2513.891	2512.310	2512.883	1781	0	159
2024.09.11	23:00:00	2512.846	2513.129	2511.826	2511.901	2222	0	160
2024.09.12	00:00:00	2511.824	2512.476	2511.066	2512.220	3529	0	159
2024.09.12	01:00:00	2512.174	2515.189	2511.691	2513.235	6457	0	159
2024.09.12	02:00:00	2513.203	2514.150	2510.973	2512.188	5274	0	159
2024.09.12	03:00:00	2512.199	2516.098	2512.108	2515.844	4029	0	160
2024.09.12	04:00:00	2515.880	2517.789	2515.493	2517.044	3480	0	159
2024.09.12	05:00:00	2517.009	2519.746	2516.947	2519.385	4901	0	159
2024.09.12	06:00:00	2519.416	2522.260	2516.746	2516.920	5920	0	159
2024.09.12	07:00:00	2516.957	2517.740	2514.441	2515.932	6274	0	159
2024.09.12	08:00:00	2515.906	2519.290	2515.119	2517.403	5998	0	159
2024.09.12	09:00:00	2517.413	2519.261	2516.367	2518.795	4365	0	159
2024.09.12	10:00:00	2518.782	2521.014	2513.140	2513.237	5944	0	159
2024.09.12	11:00:00	2513.201	2520.338	2512.966	2519.485	7762	0	159
2024.09.12	12:00:00	2519.523	2535.351	2518.862	2528.524	17166	0	159
2024.09.12	13:00:00	2528.498	2551.715	2522.090	2545.384	34451	0	159
2024.09.12	14:00:00	2545.359	2554.768	2541.849	2553.338	22026	0	159
2024.09.12	15:00:00	2553.363	2555.229	2548.879	2553.254	12504	0	159
2024.09.12	16:00:00	2553.230	2553.700	2544.854	2550.668	10716	0	159
2024.09.12	17:00:00	2550.679	2554.849	2550.104	2554.072	8565	0	159
2024.09.12	18:00:00	2554.103	2558.864	2552.048	2555.857	7497	0	159
2024.09.12	19:00:00	2555.822	2559.069	2554.473	2557.905	6774	0	159
2024.09.12	20:00:00	2557.870	2560.091	2556.742	2558.820	3827	0	159
2024.09.12	22:00:00	2558.333	2559.549	2557.157	2557.421	2657	0	159
2024.09.12	23:00:00	2557.453	2558.649	2556.742	2558.422	3046	0	159
2024.09.13	00:00:00	2558.419	2562.759	2556.780	2561.482	5554	0	159
2024.09.13	01:00:00	2561.526	2568.066	2559.896	2563.169	11450	0	159
2024.09.13	02:00:00	2563.197	2565.624	2561.569	2565.370	6745	0	159
2024.09.13	03:00:00	2565.335	2570.082	2564.630	2567.853	5879	0	159
2024.09.13	04:00:00	2567.858	2570.150	2566.581	2568.862	4140	0	159
2024.09.13	05:00:00	2568.858	2570.496	2565.943	2566.524	6104	0	159
2024.09.13	06:00:00	2566.492	2568.771	2563.068	2567.081	9094	0	159
2024.09.13	07:00:00	2567.180	2571.135	2563.872	2569.848	9371	0	159
2024.09.13	08:00:00	2569.858	2571.036	2565.649	2570.003	7621	0	159
2024.09.13	09:00:00	2569.916	2573.019	2567.011	2568.522	7862	0	159
2024.09.13	10:00:00	2568.553	2569.363	2565.540	2566.986	6526	0	159
2024.09.13	11:00:00	2567.022	2568.340	2563.648	2567.288	6557	0	159
2024.09.13	12:00:00	2567.323	2575.953	2566.033	2575.804	8908	0	159
2024.09.13	13:00:00	2575.838	2583.480	2573.497	2577.693	16573	0	159
2024.09.13	14:00:00	2577.665	2580.165	2573.131	2578.296	19331	0	159
2024.09.13	15:00:00	2578.332	2582.441	2573.677	2582.140	11915	0	159
2024.09.13	16:00:00	2582.175	2585.232	2580.094	2584.250	8071	0	159
2024.09.13	17:00:00	2584.236	2586.120	2581.480	2582.737	6786	0	159
2024.09.13	18:00:00	2582.771	2584.005	2580.691	2582.236	6279	0	159
2024.09.13	19:00:00	2582.235	2582.979	2578.593	2582.646	4983	0	159
2024.09.13	20:00:00	2582.612	2582.909	2577.704	2579.067	3424	0	159
2024.09.15	22:00:00	2578.456	2580.454	2577.543	2580.122	3422	0	159
2024.09.15	23:00:00	2580.147	2580.320	2578.229	2579.163	3866	0	160
2024.09.16	00:00:00	2579.170	2582.341	2578.887	2581.361	3700	0	159
2024.09.16	01:00:00	2581.367	2582.935	2579.792	2581.686	4003	0	159
2024.09.16	02:00:00	2581.648	2585.998	2581.502	2585.359	4209	0	160
2024.09.16	03:00:00	2585.327	2589.001	2583.766	2586.294	5255	0	159
2024.09.16	04:00:00	2586.335	2586.766	2584.865	2585.733	3392	0	159
2024.09.16	05:00:00	2585.763	2589.416	2585.404	2588.779	4076	0	159
2024.09.16	06:00:00	2588.812	2589.651	2585.109	2585.338	6488	0	159
2024.09.16	07:00:00	2585.381	2585.636	2579.452	2582.142	9163	0	159
2024.09.16	08:00:00	2582.131	2588.526	2581.378	2586.854	7708	0	159
2024.09.16	09:00:00	2586.855	2588.335	2584.140	2585.500	6371	0	159
2024.09.16	10:00:00	2585.526	2586.406	2575.285	2579.773	7009	0	159
2024.09.16	11:00:00	2579.798	2583.240	2578.686	2582.999	6276	0	159
2024.09.16	12:00:00	2582.966	2583.576	2578.502	2583.401	10045	0	159
2024.09.16	13:00:00	2583.445	2589.298	2581.207	2588.148	12945	0	159
2024.09.16	14:00:00	2588.236	2588.502	2576.069	2580.158	14811	0	159
2024.09.16	15:00:00	2580.180	2581.881	2577.643	2579.879	8823	0	159
2024.09.16	16:00:00	2579.912	2584.019	2579.524	2583.645	5727	0	159
2024.09.16	17:00:00	2583.600	2584.172	2579.848	2582.579	5151	0	159
2024.09.16	18:00:00	2582.617	2582.913	2580.201	2580.992	4343	0	159
2024.09.16	19:00:00	2581.013	2583.327	2579.636	2582.486	3653	0	160
2024.09.16	20:00:00	2582.550	2583.463	2581.809	2582.907	2322	0	160
2024.09.16	22:00:00	2582.736	2583.569	2582.439	2582.899	1782	0	160
2024.09.16	23:00:00	2582.910	2583.855	2582.117	2583.659	2254	0	159
2024.09.17	00:00:00	2583.654	2584.430	2580.172	2580.260	3877	0	159
2024.09.17	01:00:00	2580.252	2582.717	2578.409	2582.563	4628	0	159
2024.09.17	02:00:00	2582.565	2586.338	2581.017	2581.594	4725	0	159
2024.09.17	03:00:00	2581.554	2581.554	2576.771	2577.184	5341	0	159
2024.09.17	04:00:00	2577.178	2579.206	2574.879	2576.964	4561	0	159
2024.09.17	05:00:00	2576.962	2579.616	2574.534	2579.310	4486	0	159
2024.09.17	06:00:00	2579.342	2586.956	2579.262	2584.250	6906	0	159
2024.09.17	07:00:00	2584.291	2585.695	2582.678	2583.800	5643	0	159
2024.09.17	08:00:00	2583.761	2584.155	2577.532	2580.195	7309	0	159
2024.09.17	09:00:00	2580.067	2580.069	2571.648	2573.621	7396	0	159
2024.09.17	10:00:00	2573.574	2576.060	2569.707	2572.964	7278	0	159
2024.09.17	11:00:00	2573.013	2581.729	2572.186	2579.824	8651	0	159
2024.09.17	12:00:00	2579.834	2581.644	2568.336	2577.750	16265	0	159
2024.09.17	13:00:00	2577.736	2579.576	2573.093	2573.725	16500	0	159
2024.09.17	14:00:00	2573.697	2582.237	2571.767	2576.409	13817	0	159
2024.09.17	15:00:00	2576.443	2577.106	2561.739	2565.668	12667	0	159
2024.09.17	16:00:00	2565.692	2566.565	2561.311	2563.164	9573	0	159
2024.09.17	17:00:00	2563.195	2570.436	2560.661	2569.870	8188	0	159
2024.09.17	18:00:00	2569.855	2571.657	2568.609	2570.146	5182	0	159
2024.09.17	19:00:00	2570.057	2571.188	2566.900	2568.640	4728	0	159
2024.09.17	20:00:00	2568.666	2570.339	2568.290	2569.805	2622	0	159
2024.09.17	22:00:00	2569.594	2571.468	2569.556	2570.701	1876	0	159
2024.09.17	23:00:00	2570.700	2574.367	2570.666	2574.050	2861	0	159
2024.09.18	00:00:00	2574.019	2574.771	2571.472	2572.973	4366	0	159
2024.09.18	01:00:00	2573.013	2576.474	2571.636	2572.310	10919	0	159
2024.09.18	02:00:00	2572.271	2574.122	2570.001	2573.742	5848	0	159
2024.09.18	03:00:00	2573.766	2576.416	2572.759	2575.899	5046	0	159
2024.09.18	04:00:00	2575.923	2576.478	2567.990	2568.685	4721	0	159
2024.09.18	05:00:00	2568.602	2569.275	2565.709	2567.685	6297	0	159
2024.09.18	06:00:00	2567.719	2570.016	2566.628	2569.136	5833	0	159
2024.09.18	07:00:00	2569.160	2571.969	2568.649	2571.566	6181	0	159
2024.09.18	08:00:00	2571.643	2571.929	2568.274	2569.689	5208	0	159
2024.09.18	09:00:00	2569.696	2571.954	2567.934	2571.954	5616	0	159
2024.09.18	10:00:00	2571.969	2578.169	2571.079	2576.095	6631	0	159
2024.09.18	11:00:00	2576.133	2580.740	2575.047	2577.407	6064	0	159
2024.09.18	12:00:00	2577.441	2578.907	2573.481	2576.215	7548	0	159
2024.09.18	13:00:00	2576.239	2578.553	2568.588	2571.665	11955	0	159
2024.09.18	14:00:00	2571.640	2574.775	2567.947	2571.551	11078	0	159
2024.09.18	15:00:00	2571.589	2574.470	2567.980	2569.701	7788	0	159
2024.09.18	16:00:00	2569.731	2575.222	2568.802	2574.859	5351	0	159
2024.09.18	17:00:00	2574.900	2574.900	2566.902	2567.387	7024	0	159
2024.09.18	18:00:00	2567.760	2600.138	2567.639	2575.579	57689	0	159
2024.09.18	19:00:00	2575.628	2576.130	2546.828	2549.026	54397	0	159
2024.09.18	20:00:00	2548.981	2560.824	2548.300	2559.124	9361	0	159
2024.09.18	22:00:00	2558.398	2561.582	2555.664	2559.192	5219	0	159
2024.09.18	23:00:00	2559.249	2559.692	2556.224	2559.239	4060	0	160
2024.09.19	00:00:00	2559.239	2559.555	2556.946	2558.793	6477	0	159
2024.09.19	01:00:00	2558.754	2558.754	2550.894	2555.164	12662	0	159
2024.09.19	02:00:00	2555.205	2566.708	2555.205	2564.035	9310	0	159
2024.09.19	03:00:00	2563.992	2565.271	2561.335	2563.959	7119	0	159
2024.09.19	04:00:00	2564.002	2564.144	2559.564	2564.061	5216	0	159
2024.09.19	05:00:00	2564.017	2574.536	2563.855	2574.519	9111	0	159
2024.09.19	06:00:00	2574.550	2578.764	2573.889	2575.782	10455	0	159
2024.09.19	07:00:00	2575.886	2584.633	2574.999	2584.344	10318	0	159
2024.09.19	08:00:00	2584.361	2586.588	2581.329	2584.878	7207	0	159
2024.09.19	09:00:00	2584.866	2594.963	2583.953	2591.863	11072	0	159
2024.09.19	10:00:00	2591.813	2591.907	2585.866	2588.545	8099	0	159
2024.09.19	11:00:00	2588.586	2589.794	2584.386	2589.435	8896	0	159
2024.09.19	12:00:00	2589.399	2591.203	2573.157	2576.737	17494	0	159
2024.09.19	13:00:00	2576.705	2582.575	2569.753	2575.095	24469	0	159
2024.09.19	14:00:00	2575.132	2584.623	2571.724	2581.282	18714	0	159
2024.09.19	15:00:00	2581.305	2589.446	2580.344	2589.022	10545	0	159
2024.09.19	16:00:00	2589.062	2592.550	2587.609	2591.678	7769	0	159
2024.09.19	17:00:00	2591.702	2592.612	2587.926	2590.521	6035	0	159
2024.09.19	18:00:00	2590.555	2590.759	2586.616	2588.230	5515	0	159
2024.09.19	19:00:00	2588.197	2588.863	2585.932	2588.309	5094	0	159
2024.09.19	20:00:00	2588.355	2589.803	2585.876	2586.720	3410	0	160
2024.09.19	22:00:00	2586.366	2587.915	2586.100	2587.779	1782	0	160
2024.09.19	23:00:00	2587.771	2587.844	2586.453	2587.282	2487	0	159
2024.09.20	00:00:00	2587.253	2588.534	2586.091	2588.063	3741	0	159
2024.09.20	01:00:00	2588.098	2589.493	2584.714	2588.269	7832	0	159
2024.09.20	02:00:00	2588.245	2592.596	2587.407	2591.503	5959	0	159
2024.09.20	03:00:00	2591.461	2593.705	2590.926	2591.389	6266	0	159
2024.09.20	04:00:00	2591.397	2594.406	2591.258	2593.766	3924	0	159
2024.09.20	05:00:00	2593.743	2595.237	2592.378	2594.544	4800	0	159
2024.09.20	06:00:00	2594.505	2607.187	2594.245	2605.440	9854	0	159
2024.09.20	07:00:00	2605.475	2609.797	2604.713	2607.158	9674	0	159
2024.09.20	08:00:00	2607.123	2612.708	2605.419	2609.780	8335	0	159
2024.09.20	09:00:00	2609.784	2610.590	2602.435	2606.242	6470	0	159
2024.09.20	10:00:00	2606.345	2614.243	2606.173	2613.217	6898	0	159
2024.09.20	11:00:00	2613.249	2615.500	2610.219	2613.736	7811	0	159
2024.09.20	12:00:00	2613.697	2619.283	2613.354	2615.625	10481	0	159
2024.09.20	13:00:00	2615.627	2616.567	2602.493	2606.683	22910	0	159
2024.09.20	14:00:00	2606.660	2617.119	2604.699	2613.911	17054	0	159
2024.09.20	15:00:00	2613.967	2623.035	2611.265	2622.725	18318	0	159
2024.09.20	16:00:00	2622.762	2625.754	2619.675	2624.877	10642	0	159
2024.09.20	17:00:00	2624.838	2625.402	2619.212	2619.586	8308	0	159
2024.09.20	18:00:00	2619.607	2622.183	2617.834	2621.648	6832	0	159
2024.09.20	19:00:00	2621.611	2623.369	2620.652	2621.087	6090	0	159
2024.09.20	20:00:00	2621.129	2622.509	2619.100	2622.098	3386	0	159
2024.09.22	22:00:00	2620.944	2622.125	2619.748	2620.471	2837	0	160
2024.09.22	23:00:00	2620.512	2621.496	2619.652	2620.234	2747	0	159
2024.09.23	00:00:00	2620.202	2620.446	2618.148	2618.368	3548	0	159
2024.09.23	01:00:00	2618.325	2621.473	2616.029	2620.118	8025	0	159
2024.09.23	02:00:00	2620.141	2626.811	2618.845	2625.404	6848	0	159
2024.09.23	03:00:00	2625.361	2631.128	2624.857	2628.553	5861	0	159
2024.09.23	04:00:00	2628.558	2630.965	2627.980	2629.372	3606	0	159
2024.09.23	05:00:00	2629.415	2631.395	2626.823	2630.011	5739	0	159
2024.09.23	06:00:00	2629.977	2630.156	2624.442	2624.442	8089	0	159
2024.09.23	07:00:00	2624.352	2625.057	2613.799	2615.150	12841	0	159
2024.09.23	08:00:00	2615.113	2619.651	2614.564	2616.868	8252	0	159
2024.09.23	09:00:00	2616.870	2622.017	2615.309	2621.584	6216	0	159
2024.09.23	10:00:00	2621.555	2623.651	2620.651	2621.595	6167	0	159
2024.09.23	11:00:00	2621.634	2625.786	2620.914	2624.063	6725	0	159
2024.09.23	12:00:00	2624.056	2628.237	2619.960	2626.978	9012	0	159
2024.09.23	13:00:00	2627.000	2634.328	2625.519	2631.852	14903	0	159
2024.09.23	14:00:00	2631.827	2634.881	2627.942	2630.391	15370	0	159
2024.09.23	15:00:00	2630.420	2631.973	2625.756	2629.242	10671	0	159
2024.09.23	16:00:00	2629.201	2630.892	2626.586	2628.108	8726	0	159
2024.09.23	17:00:00	2628.170	2629.115	2626.396	2627.965	5806	0	159
2024.09.23	18:00:00	2627.933	2628.807	2625.897	2627.379	4937	0	159
2024.09.23	19:00:00	2627.380	2627.943	2625.665	2626.240	4353	0	159
2024.09.23	20:00:00	2626.294	2628.501	2626.197	2628.302	2202	0	160
2024.09.23	22:00:00	2627.157	2628.320	2626.932	2627.498	1751	0	159
2024.09.23	23:00:00	2627.507	2627.507	2625.821	2626.300	2445	0	160
2024.09.24	00:00:00	2626.295	2626.558	2623.772	2625.100	4533	0	159
2024.09.24	01:00:00	2625.140	2630.215	2624.835	2629.081	9353	0	159
2024.09.24	02:00:00	2629.039	2629.293	2626.709	2628.857	6029	0	159
2024.09.24	03:00:00	2628.898	2636.146	2628.734	2634.099	6597	0	159
2024.09.24	04:00:00	2634.090	2638.295	2632.021	2638.115	5654	0	159
2024.09.24	05:00:00	2638.057	2640.092	2625.169	2625.396	10125	0	159
2024.09.24	06:00:00	2625.430	2629.934	2624.409	2628.700	13231	0	159
2024.09.24	07:00:00	2628.742	2630.271	2622.524	2628.996	9983	0	159
2024.09.24	08:00:00	2629.005	2629.543	2625.892	2628.972	6677	0	159
2024.09.24	09:00:00	2628.934	2630.896	2627.042	2630.756	6203	0	159
2024.09.24	10:00:00	2630.789	2636.312	2630.581	2633.378	6876	0	159
2024.09.24	11:00:00	2633.349	2633.424	2623.339	2626.367	10375	0	159
2024.09.24	12:00:00	2626.411	2633.333	2623.463	2633.129	11794	0	159
2024.09.24	13:00:00	2633.154	2637.322	2630.975	2635.504	16138	0	159
2024.09.24	14:00:00	2635.517	2647.164	2634.552	2643.609	18266	0	159
2024.09.24	15:00:00	2643.646	2648.504	2639.778	2643.143	14329	0	159
2024.09.24	16:00:00	2643.153	2655.278	2642.382	2653.475	13188	0	159
2024.09.24	17:00:00	2653.501	2654.566	2649.773	2653.971	8150	0	159
2024.09.24	18:00:00	2654.010	2657.754	2653.354	2657.266	6067	0	159
2024.09.24	19:00:00	2657.226	2664.366	2656.349	2662.622	7165	0	159
2024.09.24	20:00:00	2662.588	2663.747	2656.417	2656.855	4397	0	159
2024.09.24	22:00:00	2658.850	2659.894	2657.590	2659.109	2753	0	159
2024.09.24	23:00:00	2659.120	2659.283	2656.633	2658.204	3704	0	159
2024.09.25	00:00:00	2658.163	2661.128	2656.615	2660.751	5081	0	159
2024.09.25	01:00:00	2660.753	2662.940	2655.438	2660.029	14131	0	159
2024.09.25	02:00:00	2660.004	2670.629	2659.599	2670.156	9310	0	159
2024.09.25	03:00:00	2670.111	2670.240	2659.781	2661.475	7368	0	159
2024.09.25	04:00:00	2661.498	2661.716	2657.609	2658.932	5060	0	159
2024.09.25	05:00:00	2658.940	2659.859	2654.370	2657.174	7679	0	159
2024.09.25	06:00:00	2657.159	2659.817	2653.486	2654.742	9864	0	159
2024.09.25	07:00:00	2654.775	2657.632	2651.321	2657.016	8925	0	159
2024.09.25	08:00:00	2657.026	2658.581	2654.603	2655.901	7268	0	159
2024.09.25	09:00:00	2655.916	2657.703	2652.698	2656.878	6348	0	159
2024.09.25	10:00:00	2656.906	2658.200	2654.360	2655.526	6879	0	159
2024.09.25	11:00:00	2655.568	2658.021	2653.842	2657.431	6172	0	159
2024.09.25	12:00:00	2657.380	2660.835	2656.926	2659.361	9654	0	159
2024.09.25	13:00:00	2659.403	2666.068	2658.325	2664.390	15822	0	159
2024.09.25	14:00:00	2664.423	2667.434	2654.161	2659.054	18162	0	159
2024.09.25	15:00:00	2658.952	2660.819	2655.283	2657.628	14110	0	159
2024.09.25	16:00:00	2657.604	2658.862	2649.566	2653.709	10432	0	159
2024.09.25	17:00:00	2653.671	2663.062	2653.080	2660.680	8000	0	159
2024.09.25	18:00:00	2660.641	2661.762	2659.076	2660.380	4943	0	159
2024.09.25	19:00:00	2660.334	2661.527	2659.387	2659.754	4192	0	159
2024.09.25	20:00:00	2659.802	2660.305	2656.328	2657.175	3528	0	159
2024.09.25	22:00:00	2657.274	2659.755	2656.948	2658.287	2714	0	159
2024.09.25	23:00:00	2658.292	2659.477	2656.203	2656.296	2778	0	159
2024.09.26	00:00:00	2656.359	2660.444	2655.281	2659.001	5085	0	159
2024.09.26	01:00:00	2659.070	2661.467	2657.685	2660.844	7541	0	159
2024.09.26	02:00:00	2660.838	2661.555	2657.010	2658.120	6327	0	159
2024.09.26	03:00:00	2658.089	2662.537	2657.664	2662.516	5631	0	159
2024.09.26	04:00:00	2662.545	2662.945	2660.193	2660.672	3662	0	160
2024.09.26	05:00:00	2660.702	2663.461	2659.776	2661.388	6365	0	159
2024.09.26	06:00:00	2661.356	2662.606	2657.930	2661.690	8065	0	159
2024.09.26	07:00:00	2661.714	2666.924	2659.486	2664.684	8431	0	159
2024.09.26	08:00:00	2664.650	2670.493	2664.581	2669.035	8238	0	159
2024.09.26	09:00:00	2669.056	2669.862	2666.870	2668.806	6681	0	159
2024.09.26	10:00:00	2668.770	2675.623	2667.489	2672.684	9305	0	159
2024.09.26	11:00:00	2672.649	2685.611	2672.234	2682.764	12107	0	159
2024.09.26	12:00:00	2682.797	2684.211	2668.520	2677.368	23158	0	159
2024.09.26	13:00:00	2677.326	2679.751	2654.717	2660.918	36763	0	159
2024.09.26	14:00:00	2660.888	2669.596	2659.598	2665.823	22591	0	159
2024.09.26	15:00:00	2665.790	2673.159	2662.414	2671.348	14037	0	159
2024.09.26	16:00:00	2671.390	2672.470	2662.946	2668.249	12087	0	159
2024.09.26	17:00:00	2668.200	2672.226	2667.597	2670.950	8128	0	159
2024.09.26	18:00:00	2670.986	2677.152	2670.080	2675.959	6717	0	159
2024.09.26	19:00:00	2675.988	2677.911	2672.280	2673.675	5780	0	159
2024.09.26	20:00:00	2673.715	2674.068	2670.805	2672.265	3039	0	159
2024.09.26	22:00:00	2671.887	2673.202	2671.804	2672.393	1873	0	159
2024.09.26	23:00:00	2672.434	2673.283	2671.959	2672.610	2496	0	159
2024.09.27	00:00:00	2672.667	2672.708	2669.295	2669.850	5001	0	159
2024.09.27	01:00:00	2669.811	2672.777	2666.190	2669.442	10427	0	159
2024.09.27	02:00:00	2669.442	2671.017	2667.212	2668.992	7106	0	159
2024.09.27	03:00:00	2668.942	2673.944	2668.585	2673.629	5381	0	159
2024.09.27	04:00:00	2673.648	2673.944	2669.299	2670.494	4124	0	159
2024.09.27	05:00:00	2670.488	2671.423	2662.300	2664.795	9940	0	159
2024.09.27	06:00:00	2664.829	2669.485	2664.017	2665.775	11842	0	159
2024.09.27	07:00:00	2665.723	2668.330	2660.890	2664.720	9876	0	159
2024.09.27	08:00:00	2664.685	2665.403	2661.824	2662.562	7997	0	159
2024.09.27	09:00:00	2662.472	2664.973	2658.284	2663.709	8319	0	159
2024.09.27	10:00:00	2663.735	2665.608	2662.048	2664.367	6710	0	159
2024.09.27	11:00:00	2664.349	2669.234	2664.305	2666.159	6582	0	159
2024.09.27	12:00:00	2666.125	2674.266	2662.315	2670.063	14816	0	159
2024.09.27	13:00:00	2670.026	2671.160	2664.059	2666.226	19120	0	159
2024.09.27	14:00:00	2666.153	2666.895	2649.359	2649.488	21229	0	159
2024.09.27	15:00:00	2649.448	2654.647	2644.705	2649.709	22041	0	159
2024.09.27	16:00:00	2649.752	2656.361	2645.972	2651.845	12067	0	159
2024.09.27	17:00:00	2651.835	2652.419	2642.994	2645.163	9525	0	159
2024.09.27	18:00:00	2645.198	2648.890	2643.356	2647.910	6872	0	159
2024.09.27	19:00:00	2647.949	2652.836	2645.577	2651.992	6399	0	159
2024.09.27	20:00:00	2651.952	2660.009	2651.126	2657.983	4324	0	159
2024.09.29	22:00:00	2661.714	2663.582	2659.762	2662.716	4929	0	159
2024.09.29	23:00:00	2662.678	2665.106	2661.633	2663.543	4927	0	159
2024.09.30	00:00:00	2663.580	2666.049	2661.271	2661.680	7290	0	159
2024.09.30	01:00:00	2661.641	2664.377	2647.264	2652.675	15810	0	159
2024.09.30	02:00:00	2652.632	2656.363	2650.196	2652.581	8944	0	159
2024.09.30	03:00:00	2652.605	2655.644	2652.107	2653.617	5902	0	159
2024.09.30	04:00:00	2653.573	2655.918	2652.121	2655.865	4788	0	159
2024.09.30	05:00:00	2655.896	2659.319	2654.383	2657.881	6913	0	159
2024.09.30	06:00:00	2657.753	2660.056	2655.586	2657.856	8292	0	159
2024.09.30	07:00:00	2657.890	2660.619	2650.630	2650.993	7606	0	159
2024.09.30	08:00:00	2650.950	2656.591	2650.646	2653.585	7233	0	159
2024.09.30	09:00:00	2653.614	2653.638	2648.294	2649.643	7433	0	159
2024.09.30	10:00:00	2649.715	2650.105	2635.748	2636.947	9943	0	159
2024.09.30	11:00:00	2636.911	2642.814	2634.445	2641.542	8955	0	159
2024.09.30	12:00:00	2641.523	2644.199	2634.879	2638.913	10212	0	159
2024.09.30	13:00:00	2638.955	2642.082	2630.398	2635.685	17611	0	159
2024.09.30	14:00:00	2635.659	2636.173	2628.686	2633.222	19230	0	159
2024.09.30	15:00:00	2633.245	2636.505	2630.262	2633.868	11065	0	159
2024.09.30	16:00:00	2633.874	2639.429	2633.384	2639.053	8037	0	159
2024.09.30	17:00:00	2639.091	2641.893	2636.385	2637.829	7068	0	159
2024.09.30	18:00:00	2637.804	2638.327	2624.679	2631.467	15429	0	159
2024.09.30	19:00:00	2631.431	2631.734	2626.430	2630.963	7401	0	159
2024.09.30	20:00:00	2631.001	2635.122	2630.717	2634.848	3192	0	159
2024.09.30	22:00:00	2633.527	2635.028	2632.530	2635.028	2124	0	159
2024.09.30	23:00:00	2634.994	2636.254	2634.559	2635.634	2632	0	159
2024.10.01	00:00:00	2635.659	2637.198	2633.911	2636.455	4264	0	159
2024.10.01	01:00:00	2636.439	2639.810	2635.500	2639.810	4504	0	160
2024.10.01	02:00:00	2639.788	2640.008	2634.995	2636.481	4611	0	159
2024.10.01	03:00:00	2636.494	2638.655	2634.480	2637.938	4301	0	159
2024.10.01	04:00:00	2637.955	2640.510	2637.412	2639.539	3892	0	159
2024.10.01	05:00:00	2639.555	2644.406	2639.522	2643.048	5369	0	159
2024.10.01	06:00:00	2643.012	2645.538	2642.560	2645.330	6141	0	159
2024.10.01	07:00:00	2645.354	2647.449	2641.633	2645.559	8874	0	159
2024.10.01	08:00:00	2645.593	2646.811	2642.437	2646.535	7052	0	159
2024.10.01	09:00:00	2646.492	2649.334	2645.350	2648.666	6577	0	159
2024.10.01	10:00:00	2648.698	2650.519	2648.240	2650.391	5463	0	159
2024.10.01	11:00:00	2650.416	2652.056	2646.880	2650.229	6450	0	159
2024.10.01	12:00:00	2650.274	2656.678	2650.142	2651.564	9689	0	159
2024.10.01	13:00:00	2651.533	2671.853	2647.946	2668.452	27642	0	159
2024.10.01	14:00:00	2668.506	2669.957	2657.351	2659.028	27276	0	159
2024.10.01	15:00:00	2659.098	2665.467	2653.857	2663.338	17585	0	159
2024.10.01	16:00:00	2663.303	2673.197	2661.166	2666.412	14372	0	159
2024.10.01	17:00:00	2666.460	2671.800	2661.164	2662.414	15832	0	159
2024.10.01	18:00:00	2662.447	2664.897	2657.515	2661.021	8234	0	159
2024.10.01	19:00:00	2660.990	2664.325	2658.161	2658.691	6348	0	159
2024.10.01	20:00:00	2658.730	2663.978	2657.812	2663.575	3119	0	160
2024.10.01	22:00:00	2661.812	2662.895	2661.194	2662.126	2235	0	160
2024.10.01	23:00:00	2662.127	2662.281	2660.134	2660.361	2681	0	160
2024.10.02	00:00:00	2660.390	2660.652	2656.956	2657.452	5109	0	159
2024.10.02	01:00:00	2657.496	2662.017	2656.294	2660.656	5848	0	159
2024.10.02	02:00:00	2660.611	2661.156	2658.735	2660.153	4905	0	159
2024.10.02	03:00:00	2660.114	2661.568	2655.079	2655.376	5339	0	159
2024.10.02	04:00:00	2655.351	2656.576	2652.540	2654.127	5177	0	159
2024.10.02	05:00:00	2654.118	2656.197	2644.495	2648.023	9166	0	159
2024.10.02	06:00:00	2648.060	2650.859	2647.147	2649.760	6823	0	159
2024.10.02	07:00:00	2649.714	2655.555	2649.397	2655.413	8550	0	159
2024.10.02	08:00:00	2655.482	2655.841	2648.588	2652.358	7416	0	159
2024.10.02	09:00:00	2652.374	2655.607	2651.509	2652.876	6604	0	159
2024.10.02	10:00:00	2652.911	2654.341	2648.773	2649.146	5576	0	159
2024.10.02	11:00:00	2649.097	2652.608	2647.941	2649.577	6277	0	159
2024.10.02	12:00:00	2649.619	2652.979	2643.733	2649.597	12109	0	159
2024.10.02	13:00:00	2649.509	2660.821	2649.165	2659.402	17437	0	159
2024.10.02	14:00:00	2659.446	2663.323	2647.350	2648.173	17536	0	159
2024.10.02	15:00:00	2648.201	2650.748	2641.038	2649.890	14633	0	159
2024.10.02	16:00:00	2649.918	2652.278	2648.064	2649.731	7963	0	159
2024.10.02	17:00:00	2649.751	2652.803	2647.102	2652.151	5881	0	159
2024.10.02	18:00:00	2652.136	2655.946	2651.149	2654.104	5601	0	159
2024.10.02	19:00:00	2654.067	2658.986	2653.683	2658.640	4629	0	159
2024.10.02	20:00:00	2658.622	2659.904	2658.265	2658.825	2965	0	159
2024.10.02	22:00:00	2658.946	2660.339	2658.375	2659.450	2409	0	160
2024.10.02	23:00:00	2659.454	2661.236	2659.375	2660.333	3005	0	160
2024.10.03	00:00:00	2660.299	2662.968	2657.409	2657.751	5584	0	159
2024.10.03	01:00:00	2657.729	2658.932	2654.994	2658.172	6147	0	159
2024.10.03	02:00:00	2658.212	2658.685	2655.363	2655.830	4881	0	159
2024.10.03	03:00:00	2655.785	2657.987	2653.273	2656.001	5159	0	159
2024.10.03	04:00:00	2655.966	2656.551	2654.605	2655.039	3953	0	159
2024.10.03	05:00:00	2655.000	2656.688	2651.802	2653.268	6291	0	159
2024.10.03	06:00:00	2653.226	2657.432	2651.277	2655.908	7093	0	159
2024.10.03	07:00:00	2655.937	2656.204	2643.491	2645.187	9902	0	159
2024.10.03	08:00:00	2645.222	2647.482	2641.672	2645.124	7772	0	159
2024.10.03	09:00:00	2645.163	2647.554	2640.961	2644.855	7779	0	159
2024.10.03	10:00:00	2644.824	2648.075	2643.963	2646.739	6915	0	159
2024.10.03	11:00:00	2646.780	2649.055	2643.555	2648.018	6777	0	159
2024.10.03	12:00:00	2647.984	2654.360	2642.014	2642.398	14366	0	159
2024.10.03	13:00:00	2642.360	2651.341	2641.514	2647.629	15857	0	159
2024.10.03	14:00:00	2647.093	2654.460	2637.964	2650.245	29257	0	159
2024.10.03	15:00:00	2650.208	2654.651	2647.884	2648.798	11203	0	159
2024.10.03	16:00:00	2648.842	2661.259	2648.490	2659.997	9640	0	159
2024.10.03	17:00:00	2660.024	2662.144	2655.157	2656.745	8425	0	159
2024.10.03	18:00:00	2656.741	2659.773	2655.361	2657.591	5310	0	159
2024.10.03	19:00:00	2657.586	2659.489	2656.974	2657.974	5229	0	159
2024.10.03	20:00:00	2658.009	2658.009	2655.776	2656.246	2407	0	159
2024.10.03	22:00:00	2657.147	2657.147	2654.356	2655.987	2434	0	159
2024.10.03	23:00:00	2656.046	2656.683	2654.319	2655.804	2109	0	159
2024.10.04	00:00:00	2655.800	2657.574	2655.444	2657.234	4023	0	159
2024.10.04	01:00:00	2657.243	2659.224	2656.731	2658.335	5174	0	159
2024.10.04	02:00:00	2658.291	2663.521	2657.965	2662.099	4885	0	159
2024.10.04	03:00:00	2662.137	2663.591	2660.739	2661.137	4795	0	159
2024.10.04	04:00:00	2661.128	2665.904	2660.648	2664.080	4215	0	159
2024.10.04	05:00:00	2664.060	2667.864	2664.060	2667.394	4766	0	159
2024.10.04	06:00:00	2667.391	2667.580	2659.638	2660.228	5917	0	159
2024.10.04	07:00:00	2660.275	2663.175	2658.703	2661.080	7804	0	159
2024.10.04	08:00:00	2661.050	2661.595	2658.772	2659.021	5713	0	159
2024.10.04	09:00:00	2659.060	2660.237	2656.783	2657.455	5456	0	159
2024.10.04	10:00:00	2657.427	2660.741	2657.131	2658.279	4908	0	159
2024.10.04	11:00:00	2658.234	2662.567	2657.346	2661.342	5795	0	159
2024.10.04	12:00:00	2661.307	2661.564	2632.030	2638.818	27397	0	159
2024.10.04	13:00:00	2638.854	2655.217	2637.413	2651.887	27436	0	159
2024.10.04	14:00:00	2651.904	2661.199	2646.482	2658.293	20694	0	159
2024.10.04	15:00:00	2658.338	2670.167	2647.800	2653.201	27062	0	159
2024.10.04	16:00:00	2653.227	2653.859	2641.813	2645.295	12907	0	159
2024.10.04	17:00:00	2645.338	2650.460	2643.859	2650.069	8464	0	159
2024.10.04	18:00:00	2650.068	2650.754	2644.310	2645.651	6960	0	159
2024.10.04	19:00:00	2645.686	2652.076	2642.763	2651.624	6023	0	159
2024.10.04	20:00:00	2651.657	2653.995	2649.848	2653.489	3391	0	159
2024.10.06	22:00:00	2651.575	2652.212	2649.908	2650.826	3440	0	159
2024.10.06	23:00:00	2650.825	2652.397	2649.672	2650.128	3404	0	159
2024.10.07	00:00:00	2650.109	2651.144	2647.737	2649.267	4677	0	159
2024.10.07	01:00:00	2649.299	2651.926	2643.844	2646.145	7461	0	159
2024.10.07	02:00:00	2646.151	2648.639	2645.264	2645.300	6282	0	159
2024.10.07	03:00:00	2645.269	2647.499	2643.891	2647.421	5214	0	159
2024.10.07	04:00:00	2647.399	2648.661	2646.342	2646.815	3645	0	159
2024.10.07	05:00:00	2646.754	2646.794	2639.917	2640.688	5462	0	159
2024.10.07	06:00:00	2640.786	2643.878	2639.587	2643.227	7448	0	159
2024.10.07	07:00:00	2643.165	2652.832	2642.045	2652.016	8937	0	159
2024.10.07	08:00:00	2652.057	2656.354	2651.538	2652.290	8317	0	159
2024.10.07	09:00:00	2652.255	2657.340	2650.597	2656.543	6615	0	159
2024.10.07	10:00:00	2656.521	2658.508	2655.185	2655.441	6466	0	159
2024.10.07	11:00:00	2655.398	2659.615	2655.029	2656.913	6750	0	159
2024.10.07	12:00:00	2656.949	2659.206	2637.728	2639.934	15613	0	159
2024.10.07	13:00:00	2639.988	2653.788	2639.640	2642.750	20392	0	159
2024.10.07	14:00:00	2642.707	2647.792	2640.380	2640.852	15903	0	159
2024.10.07	15:00:00	2640.821	2650.172	2639.051	2645.728	10872	0	159
2024.10.07	16:00:00	2645.687	2646.926	2642.636	2646.797	6582	0	159
2024.10.07	17:00:00	2646.796	2648.744	2644.117	2647.864	5307	0	159
2024.10.07	18:00:00	2647.902	2648.110	2639.686	2640.908	6422	0	159
2024.10.07	19:00:00	2640.931	2644.686	2640.384	2643.260	5522	0	159
2024.10.07	20:00:00	2643.224	2643.703	2641.769	2642.567	2666	0	160
2024.10.07	22:00:00	2643.087	2649.211	2641.768	2644.274	3946	0	159
2024.10.07	23:00:00	2644.235	2644.856	2642.389	2642.944	3476	0	160
2024.10.08	00:00:00	2642.962	2645.150	2642.320	2643.665	5059	0	159
2024.10.08	01:00:00	2643.624	2647.898	2637.861	2647.253	14677	0	159
2024.10.08	02:00:00	2647.286	2648.317	2633.726	2635.733	15934	0	159
2024.10.08	03:00:00	2635.699	2645.798	2635.207	2642.990	9487	0	159
2024.10.08	04:00:00	2642.952	2643.843	2641.282	2643.069	4787	0	159
2024.10.08	05:00:00	2643.027	2646.406	2641.529	2645.014	7365	0	159
2024.10.08	06:00:00	2644.998	2646.429	2635.594	2636.410	9838	0	159
2024.10.08	07:00:00	2636.374	2638.489	2631.095	2633.951	12101	0	159
2024.10.08	08:00:00	2633.977	2640.322	2628.487	2637.973	10635	0	159
2024.10.08	09:00:00	2637.963	2641.971	2635.726	2641.340	7333	0	159
2024.10.08	10:00:00	2641.339	2647.434	2639.719	2646.234	7501	0	159
2024.10.08	11:00:00	2646.269	2651.936	2646.159	2650.745	8880	0	159
2024.10.08	12:00:00	2650.739	2652.982	2639.738	2645.963	13708	0	159
2024.10.08	13:00:00	2645.919	2647.644	2636.588	2639.632	20928	0	159
2024.10.08	14:00:00	2639.674	2640.364	2619.491	2621.006	28963	0	159
2024.10.08	15:00:00	2621.032	2621.151	2604.686	2612.939	20925	0	159
2024.10.08	16:00:00	2613.018	2616.265	2606.663	2608.992	11039	0	159
2024.10.08	17:00:00	2609.031	2618.103	2605.443	2614.557	11004	0	159
2024.10.08	18:00:00	2614.527	2616.945	2613.762	2615.658	6354	0	159
2024.10.08	19:00:00	2615.668	2623.574	2614.864	2622.915	6289	0	159
2024.10.08	20:00:00	2622.923	2623.087	2618.811	2621.872	3920	0	160
2024.10.08	22:00:00	2621.786	2622.416	2620.542	2621.929	2118	0	159
2024.10.08	23:00:00	2621.951	2623.813	2621.151	2621.868	3261	0	159
2024.10.09	00:00:00	2621.868	2623.237	2620.963	2621.140	4737	0	159
2024.10.09	01:00:00	2621.167	2624.268	2618.287	2619.992	10656	0	159
2024.10.09	02:00:00	2620.028	2620.403	2616.841	2618.428	7493	0	159
2024.10.09	03:00:00	2618.408	2618.921	2614.848	2617.072	6394	0	159
2024.10.09	04:00:00	2617.035	2618.627	2615.404	2615.946	3532	0	159
2024.10.09	05:00:00	2615.907	2624.321	2615.660	2619.677	8674	0	159
2024.10.09	06:00:00	2619.644	2619.644	2610.611	2612.808	9372	0	159
2024.10.09	07:00:00	2612.755	2615.600	2609.139	2611.628	8356	0	159
2024.10.09	08:00:00	2611.669	2617.364	2610.405	2616.184	7982	0	159
2024.10.09	09:00:00	2616.223	2618.567	2614.582	2617.956	6523	0	159
2024.10.09	10:00:00	2617.996	2621.534	2616.044	2621.004	5709	0	159
2024.10.09	11:00:00	2620.976	2622.450	2616.910	2619.022	6328	0	159
2024.10.09	12:00:00	2619.061	2622.458	2615.300	2618.859	9776	0	159
2024.10.09	13:00:00	2618.890	2620.725	2606.875	2609.612	19392	0	159
2024.10.09	14:00:00	2609.586	2611.887	2605.189	2609.826	15436	0	159
2024.10.09	15:00:00	2609.784	2617.933	2609.398	2614.818	12226	0	159
2024.10.09	16:00:00	2614.861	2615.887	2607.792	2608.684	8037	0	159
2024.10.09	17:00:00	2608.702	2609.944	2606.372	2609.723	6738	0	159
2024.10.09	18:00:00	2609.889	2611.105	2605.116	2606.416	6010	0	159
2024.10.09	19:00:00	2606.451	2610.155	2606.266	2609.087	4742	0	159
2024.10.09	20:00:00	2609.146	2609.477	2606.881	2607.741	2852	0	160
2024.10.09	22:00:00	2608.184	2608.976	2607.409	2608.804	2173	0	159
2024.10.09	23:00:00	2608.882	2609.439	2607.907	2608.476	2163	0	159
2024.10.10	00:00:00	2608.438	2610.146	2605.904	2609.328	4684	0	159
2024.10.10	01:00:00	2609.326	2612.494	2606.769	2609.087	9008	0	159
2024.10.10	02:00:00	2609.052	2615.580	2607.909	2615.234	7347	0	159
2024.10.10	03:00:00	2615.267	2616.900	2611.390	2611.762	6918	0	159
2024.10.10	04:00:00	2611.724	2614.721	2611.492	2613.856	4042	0	159
2024.10.10	05:00:00	2613.892	2615.531	2612.461	2613.264	5977	0	159
2024.10.10	06:00:00	2613.307	2616.422	2610.545	2612.419	6630	0	159
2024.10.10	07:00:00	2612.398	2617.066	2610.202	2616.657	7759	0	159
2024.10.10	08:00:00	2616.695	2617.352	2613.517	2615.408	6040	0	159
2024.10.10	09:00:00	2615.489	2618.437	2614.301	2617.141	5244	0	159
2024.10.10	10:00:00	2617.173	2618.448	2615.519	2617.914	4827	0	159
2024.10.10	11:00:00	2617.888	2618.912	2611.306	2612.980	7140	0	159
2024.10.10	12:00:00	2613.013	2627.300	2602.260	2625.081	24226	0	159
2024.10.10	13:00:00	2625.046	2627.934	2615.681	2626.657	26405	0	159
2024.10.10	14:00:00	2626.766	2629.794	2622.652	2625.393	19136	0	159
2024.10.10	15:00:00	2625.431	2626.206	2618.722	2623.614	11308	0	159
2024.10.10	16:00:00	2623.619	2629.106	2618.698	2619.263	10116	0	159
2024.10.10	17:00:00	2619.230	2626.265	2616.442	2623.786	9705	0	159
2024.10.10	18:00:00	2623.868	2629.111	2623.266	2626.494	6214	0	159
2024.10.10	19:00:00	2626.500	2631.355	2625.933	2629.135	5366	0	159
2024.10.10	20:00:00	2629.174	2631.485	2628.804	2629.638	3205	0	159
2024.10.10	22:00:00	2629.120	2629.169	2628.071	2628.232	2240	0	160
2024.10.10	23:00:00	2628.237	2636.032	2628.237	2633.149	4681	0	160
2024.10.11	00:00:00	2633.161	2634.472	2631.952	2633.908	5802	0	159
2024.10.11	01:00:00	2633.896	2637.964	2632.944	2637.712	8725	0	159
2024.10.11	02:00:00	2637.677	2644.092	2635.214	2642.356	8502	0	159
2024.10.11	03:00:00	2642.324	2646.052	2640.650	2645.483	6074	0	159
2024.10.11	04:00:00	2645.510	2646.089	2643.902	2645.610	3738	0	159
2024.10.11	05:00:00	2645.570	2645.962	2643.155	2644.682	4767	0	159
2024.10.11	06:00:00	2644.723	2647.173	2638.037	2639.551	8713	0	159
2024.10.11	07:00:00	2639.506	2645.552	2638.283	2645.355	6310	0	159
2024.10.11	08:00:00	2645.317	2646.198	2639.003	2639.239	5504	0	159
2024.10.11	09:00:00	2639.247	2641.642	2636.153	2637.911	5988	0	159
2024.10.11	10:00:00	2637.870	2642.241	2636.997	2641.641	4950	0	159
2024.10.11	11:00:00	2641.679	2644.783	2638.658	2644.635	5972	0	159
2024.10.11	12:00:00	2644.599	2650.109	2640.610	2642.976	13377	0	159
2024.10.11	13:00:00	2643.009	2653.405	2642.599	2649.749	15779	0	159
2024.10.11	14:00:00	2649.595	2655.379	2646.437	2653.034	13357	0	159
2024.10.11	15:00:00	2653.027	2659.318	2653.027	2658.757	8824	0	159
2024.10.11	16:00:00	2658.784	2661.462	2657.857	2660.475	7055	0	159
2024.10.11	17:00:00	2660.487	2661.196	2656.296	2659.440	6011	0	159
2024.10.11	18:00:00	2659.492	2659.520	2656.123	2658.597	4845	0	159
2024.10.11	19:00:00	2658.587	2658.831	2655.240	2656.122	4598	0	159
2024.10.11	20:00:00	2656.160	2657.207	2654.728	2656.836	2817	0	160
2024.10.13	22:00:00	2650.086	2652.472	2646.866	2650.375	5937	0	159
2024.10.13	23:00:00	2650.378	2650.701	2647.619	2648.091	3898	0	159
2024.10.14	00:00:00	2648.131	2648.350	2645.112	2646.683	4934	0	159
2024.10.14	01:00:00	2646.682	2648.438	2643.563	2646.064	10521	0	159
2024.10.14	02:00:00	2646.031	2655.468	2643.075	2655.124	9049	0	159
2024.10.14	03:00:00	2655.088	2657.455	2653.761	2655.553	6195	0	159
2024.10.14	04:00:00	2655.557	2660.391	2655.194	2659.153	3716	0	159
2024.10.14	05:00:00	2659.172	2660.723	2657.106	2658.992	5356	0	159
2024.10.14	06:00:00	2658.979	2666.867	2657.468	2664.058	9698	0	159
2024.10.14	07:00:00	2664.019	2665.166	2659.101	2660.396	7259	0	159
2024.10.14	08:00:00	2660.440	2661.884	2658.278	2659.452	5847	0	159
2024.10.14	09:00:00	2659.476	2663.012	2656.732	2658.523	5602	0	159
2024.10.14	10:00:00	2658.519	2660.855	2655.743	2655.813	5831	0	159
2024.10.14	11:00:00	2655.828	2656.877	2650.987	2652.184	7187	0	160
2024.10.14	12:00:00	2652.174	2654.596	2649.217	2651.352	8900	0	159
2024.10.14	13:00:00	2651.307	2661.162	2647.662	2655.543	15595	0	159
2024.10.14	14:00:00	2655.502	2657.040	2644.729	2645.690	15227	0	159
2024.10.14	15:00:00	2645.725	2649.092	2643.940	2646.733	8715	0	159
2024.10.14	16:00:00	2646.795	2649.713	2645.745	2648.549	5439	0	159
2024.10.14	17:00:00	2648.517	2649.929	2647.235	2648.604	4353	0	159
2024.10.14	18:00:00	2648.610	2650.940	2648.389	2649.194	3523	0	160
2024.10.14	19:00:00	2649.257	2652.575	2646.993	2652.395	5039	0	159
2024.10.14	20:00:00	2652.437	2653.330	2646.075	2648.860	3348	0	159
2024.10.14	22:00:00	2647.876	2650.346	2647.411	2650.013	2187	0	160
2024.10.14	23:00:00	2650.011	2650.992	2648.901	2649.351	2653	0	159
2024.10.15	00:00:00	2649.419	2650.232	2647.813	2648.145	4305	0	159
2024.10.15	01:00:00	2648.121	2651.270	2647.265	2648.467	7355	0	159
2024.10.15	02:00:00	2648.429	2652.769	2648.082	2651.682	6386	0	159
2024.10.15	03:00:00	2651.715	2651.715	2644.449	2645.705	6220	0	159
2024.10.15	04:00:00	2645.743	2645.743	2642.913	2644.372	5052	0	159
2024.10.15	05:00:00	2644.374	2644.374	2637.975	2641.824	8696	0	159
2024.10.15	06:00:00	2641.813	2649.220	2641.305	2648.642	8280	0	159
2024.10.15	07:00:00	2648.676	2653.947	2647.907	2650.758	8734	0	159
2024.10.15	08:00:00	2650.740	2655.778	2649.720	2653.859	7417	0	159
2024.10.15	09:00:00	2653.859	2655.509	2651.032	2653.569	6381	0	159
2024.10.15	10:00:00	2653.611	2656.771	2652.602	2653.026	5642	0	159
2024.10.15	11:00:00	2653.065	2654.543	2645.596	2647.750	7625	0	159
2024.10.15	12:00:00	2647.726	2657.443	2647.168	2648.285	10988	0	159
2024.10.15	13:00:00	2648.245	2653.330	2646.003	2648.609	17142	0	159
2024.10.15	14:00:00	2648.581	2664.155	2647.785	2659.781	19194	0	159
2024.10.15	15:00:00	2659.808	2665.158	2657.284	2664.637	12214	0	159
2024.10.15	16:00:00	2664.673	2668.930	2661.051	2661.873	8326	0	159
2024.10.15	17:00:00	2661.793	2664.241	2658.971	2663.613	6845	0	159
2024.10.15	18:00:00	2663.608	2665.825	2663.355	2665.152	5013	0	159
2024.10.15	19:00:00	2665.111	2666.475	2659.424	2661.640	5859	0	159
2024.10.15	20:00:00	2661.697	2663.110	2660.269	2662.980	2816	0	159
2024.10.15	22:00:00	2662.042	2662.873	2661.530	2662.103	1835	0	159
2024.10.15	23:00:00	2662.132	2662.616	2660.413	2660.500	2482	0	159
2024.10.16	00:00:00	2660.498	2660.544	2658.722	2660.161	4106	0	159
2024.10.16	01:00:00	2660.167	2668.020	2660.085	2668.020	10422	0	159
2024.10.16	02:00:00	2667.975	2670.139	2665.506	2668.044	7755	0	159
2024.10.16	03:00:00	2668.099	2669.234	2665.298	2667.156	6228	0	159
2024.10.16	04:00:00	2667.120	2668.221	2665.592	2666.686	4107	0	159
2024.10.16	05:00:00	2666.721	2670.586	2666.084	2669.419	6223	0	159
2024.10.16	06:00:00	2669.460	2677.689	2667.071	2677.168	13032	0	159
2024.10.16	07:00:00	2677.135	2677.490	2673.250	2676.115	7375	0	159
2024.10.16	08:00:00	2676.113	2680.174	2674.524	2679.465	6195	0	159
2024.10.16	09:00:00	2679.506	2682.759	2678.064	2680.221	6548	0	159
2024.10.16	10:00:00	2680.253	2681.006	2673.170	2674.263	7726	0	159
2024.10.16	11:00:00	2674.307	2680.635	2672.975	2678.332	7643	0	159
2024.10.16	12:00:00	2678.312	2681.969	2676.479	2681.711	10151	0	159
2024.10.16	13:00:00	2681.671	2685.394	2672.414	2675.055	18923	0	159
2024.10.16	14:00:00	2675.081	2681.436	2670.030	2672.154	18640	0	159
2024.10.16	15:00:00	2672.179	2675.703	2667.562	2669.985	12117	0	159
2024.10.16	16:00:00	2669.926	2674.201	2666.662	2674.143	8288	0	159
2024.10.16	17:00:00	2674.187	2676.320	2673.075	2675.240	6161	0	159
2024.10.16	18:00:00	2675.217	2676.704	2674.588	2674.995	4021	0	160
2024.10.16	19:00:00	2674.950	2675.013	2672.765	2674.690	4079	0	159
2024.10.16	20:00:00	2674.735	2674.988	2673.078	2673.614	1919	0	160
2024.10.16	22:00:00	2674.510	2674.996	2673.276	2673.730	2114	0	159
2024.10.16	23:00:00	2673.721	2674.739	2673.456	2674.087	1903	0	160
2024.10.17	00:00:00	2674.122	2677.953	2674.069	2677.828	4157	0	159
2024.10.17	01:00:00	2677.894	2683.022	2676.479	2682.999	8334	0	159
2024.10.17	02:00:00	2683.024	2684.898	2678.885	2681.941	10770	0	159
2024.10.17	03:00:00	2681.905	2682.242	2674.531	2676.610	7486	0	159
2024.10.17	04:00:00	2676.651	2679.762	2676.401	2679.073	4611	0	159
2024.10.17	05:00:00	2679.060	2684.294	2678.067	2683.507	7753	0	159
2024.10.17	06:00:00	2683.536	2685.756	2679.981	2681.121	10519	0	159
2024.10.17	07:00:00	2681.163	2683.814	2678.878	2681.953	9024	0	159
2024.10.17	08:00:00	2681.981	2683.880	2680.017	2681.806	6309	0	159
2024.10.17	09:00:00	2681.811	2682.085	2676.949	2679.480	6657	0	159
2024.10.17	10:00:00	2679.458	2688.858	2679.013	2687.480	6615	0	159
2024.10.17	11:00:00	2687.443	2688.435	2680.778	2681.298	6593	0	159
2024.10.17	12:00:00	2681.258	2682.259	2673.143	2680.646	17953	0	159
2024.10.17	13:00:00	2680.603	2690.139	2677.799	2688.717	19439	0	159
2024.10.17	14:00:00	2688.753	2696.541	2684.731	2695.643	19911	0	159
2024.10.17	15:00:00	2695.602	2696.788	2687.543	2693.271	13672	0	159
2024.10.17	16:00:00	2693.365	2693.408	2683.959	2692.202	10109	0	159
2024.10.17	17:00:00	2692.234	2694.202	2690.435	2691.971	6710	0	159
2024.10.17	18:00:00	2691.997	2692.228	2689.160	2689.577	5131	0	159
2024.10.17	19:00:00	2689.572	2692.583	2688.858	2691.954	3916	0	159
2024.10.17	20:00:00	2692.006	2692.958	2690.967	2692.719	2395	0	160
2024.10.17	22:00:00	2692.423	2693.375	2692.318	2692.617	1624	0	160
2024.10.17	23:00:00	2692.618	2694.411	2692.309	2693.709	1994	0	160
2024.10.18	00:00:00	2693.670	2695.827	2692.764	2693.061	4519	0	159
2024.10.18	01:00:00	2693.018	2706.793	2692.789	2704.637	11724	0	159
2024.10.18	02:00:00	2704.529	2711.964	2703.977	2708.162	11791	0	159
2024.10.18	03:00:00	2708.062	2710.848	2706.935	2709.944	7048	0	159
2024.10.18	04:00:00	2709.908	2711.410	2708.751	2710.164	4020	0	159
2024.10.18	05:00:00	2710.201	2714.080	2710.044	2711.467	7478	0	159
2024.10.18	06:00:00	2711.429	2711.622	2702.643	2707.360	13842	0	159
2024.10.18	07:00:00	2707.382	2709.151	2702.208	2702.281	7723	0	159
2024.10.18	08:00:00	2702.326	2706.264	2701.657	2706.255	5824	0	159
2024.10.18	09:00:00	2706.243	2713.162	2706.135	2711.383	7103	0	159
2024.10.18	10:00:00	2711.412	2713.203	2707.944	2712.514	6558	0	159
2024.10.18	11:00:00	2712.506	2713.109	2707.963	2709.779	8401	0	159
2024.10.18	12:00:00	2709.808	2717.075	2709.133	2709.605	10114	0	159
2024.10.18	13:00:00	2709.566	2715.828	2704.921	2713.649	21357	0	159
2024.10.18	14:00:00	2713.624	2720.131	2712.091	2717.466	15430	0	159
2024.10.18	15:00:00	2717.363	2719.172	2713.606	2714.813	10795	0	159
2024.10.18	16:00:00	2714.846	2719.024	2714.686	2717.549	6941	0	159
2024.10.18	17:00:00	2717.585	2720.045	2713.576	2715.924	6870	0	159
2024.10.18	18:00:00	2715.923	2721.281	2715.490	2720.225	5579	0	159
2024.10.18	19:00:00	2720.269	2720.504	2718.028	2719.624	5621	0	159
2024.10.18	20:00:00	2719.665	2722.633	2719.181	2721.778	3661	0	159
2024.10.20	22:00:00	2723.092	2723.839	2720.186	2723.564	3430	0	159
2024.10.20	23:00:00	2723.527	2725.129	2722.358	2723.416	3993	0	159
2024.10.21	00:00:00	2723.457	2725.830	2721.425	2721.616	6477	0	159
2024.10.21	01:00:00	2721.659	2729.291	2721.040	2726.442	17225	0	159
2024.10.21	02:00:00	2726.487	2731.482	2724.750	2730.741	9700	0	159
2024.10.21	03:00:00	2730.697	2732.826	2729.348	2731.512	6667	0	159
2024.10.21	04:00:00	2731.514	2731.984	2729.552	2730.381	3899	0	159
2024.10.21	05:00:00	2730.385	2730.422	2724.436	2724.886	7647	0	159
2024.10.21	06:00:00	2724.851	2730.597	2723.554	2730.240	8341	0	159
2024.10.21	07:00:00	2730.284	2732.515	2725.333	2730.312	7703	0	159
2024.10.21	08:00:00	2730.322	2733.120	2729.357	2731.328	6547	0	159
2024.10.21	09:00:00	2731.341	2736.907	2730.725	2734.519	7792	0	159
2024.10.21	10:00:00	2734.540	2734.965	2727.716	2733.317	8269	0	159
2024.10.21	11:00:00	2733.352	2738.128	2732.955	2734.458	8805	0	159
2024.10.21	12:00:00	2734.426	2739.794	2732.731	2738.688	12871	0	159
2024.10.21	13:00:00	2738.713	2740.515	2733.687	2738.981	19453	0	159
2024.10.21	14:00:00	2739.045	2739.545	2722.236	2725.163	24114	0	159
2024.10.21	15:00:00	2725.268	2727.116	2716.833	2720.119	18689	0	159
2024.10.21	16:00:00	2720.093	2724.009	2718.086	2723.499	8491	0	159
2024.10.21	17:00:00	2723.539	2725.598	2721.596	2722.796	6982	0	159
2024.10.21	18:00:00	2722.788	2723.253	2715.298	2716.464	6083	0	159
2024.10.21	19:00:00	2716.424	2721.025	2714.181	2719.854	7674	0	159
2024.10.21	20:00:00	2719.810	2720.972	2718.823	2719.873	3162	0	159
2024.10.21	22:00:00	2718.743	2721.746	2718.743	2720.760	2075	0	159
2024.10.21	23:00:00	2720.726	2722.592	2720.380	2721.483	2586	0	159
2024.10.22	00:00:00	2721.478	2725.184	2720.633	2724.830	5412	0	159
2024.10.22	01:00:00	2724.866	2730.330	2723.917	2728.161	9676	0	159
2024.10.22	02:00:00	2728.120	2730.678	2727.690	2728.789	6201	0	159
2024.10.22	03:00:00	2728.763	2733.090	2728.660	2731.003	5895	0	159
2024.10.22	04:00:00	2730.969	2736.022	2730.969	2734.711	5607	0	159
2024.10.22	05:00:00	2734.727	2735.118	2729.015	2730.435	6233	0	159
2024.10.22	06:00:00	2730.397	2737.141	2729.575	2735.013	7597	0	159
2024.10.22	07:00:00	2734.976	2736.256	2732.504	2733.656	5882	0	159
2024.10.22	08:00:00	2733.617	2738.377	2731.433	2734.915	6953	0	159
2024.10.22	09:00:00	2734.873	2736.066	2729.809	2731.462	6710	0	159
2024.10.22	10:00:00	2731.435	2739.358	2730.491	2738.843	7811	0	159
2024.10.22	11:00:00	2738.887	2739.283	2729.436	2731.976	8209	0	159
2024.10.22	12:00:00	2732.010	2738.036	2731.553	2736.164	11325	0	159
2024.10.22	13:00:00	2736.202	2742.080	2735.391	2735.701	16359	0	159
2024.10.22	14:00:00	2735.751	2743.223	2733.713	2741.814	16652	0	159
2024.10.22	15:00:00	2741.851	2744.206	2736.782	2737.562	10517	0	159
2024.10.22	16:00:00	2737.521	2745.550	2737.117	2745.259	7854	0	159
2024.10.22	17:00:00	2745.301	2748.375	2743.528	2746.684	7744	0	159
2024.10.22	18:00:00	2746.718	2747.227	2744.102	2744.659	5487	0	159
2024.10.22	19:00:00	2744.621	2748.905	2743.827	2748.306	5149	0	159
2024.10.22	20:00:00	2748.354	2748.860	2746.755	2748.585	3556	0	159
2024.10.22	22:00:00	2747.854	2748.356	2747.021	2747.305	1783	0	159
2024.10.22	23:00:00	2747.304	2748.080	2745.820	2746.557	2057	0	160
2024.10.23	00:00:00	2746.587	2747.037	2744.725	2745.255	3962	0	159
2024.10.23	01:00:00	2745.219	2747.199	2737.920	2738.623	9302	0	159
2024.10.23	02:00:00	2738.575	2741.059	2737.743	2738.952	7011	0	159
2024.10.23	03:00:00	2738.906	2747.018	2738.247	2746.047	6790	0	159
2024.10.23	04:00:00	2746.054	2750.657	2745.347	2749.921	6208	0	159
2024.10.23	05:00:00	2749.928	2753.288	2748.839	2751.441	7463	0	159
2024.10.23	06:00:00	2751.406	2753.188	2748.094	2750.513	7561	0	159
2024.10.23	07:00:00	2750.470	2755.632	2749.254	2754.874	6352	0	159
2024.10.23	08:00:00	2754.913	2758.508	2754.574	2756.845	5607	0	159
2024.10.23	09:00:00	2756.890	2757.622	2749.830	2750.622	7911	0	159
2024.10.23	10:00:00	2750.643	2752.519	2749.675	2750.742	6303	0	159
2024.10.23	11:00:00	2750.736	2752.911	2749.134	2749.967	6750	0	159
2024.10.23	12:00:00	2749.932	2750.503	2740.698	2743.369	12368	0	159
2024.10.23	13:00:00	2743.407	2744.218	2731.596	2737.447	25707	0	159
2024.10.23	14:00:00	2737.508	2738.709	2716.402	2717.801	29534	0	159
2024.10.23	15:00:00	2717.827	2722.563	2708.604	2721.726	19500	0	159
2024.10.23	16:00:00	2721.692	2723.275	2718.470	2719.363	10247	0	159
2024.10.23	17:00:00	2719.298	2720.687	2713.751	2716.684	9125	0	159
2024.10.23	18:00:00	2716.659	2716.659	2711.932	2714.102	8120	0	159
2024.10.23	19:00:00	2714.017	2718.232	2713.216	2716.236	6150	0	159
2024.10.23	20:00:00	2716.194	2716.641	2714.143	2715.544	3480	0	159
2024.10.23	22:00:00	2715.190	2718.316	2715.156	2718.000	2458	0	159
2024.10.23	23:00:00	2718.049	2721.885	2718.049	2721.258	3468	0	159
2024.10.24	00:00:00	2721.219	2721.401	2717.761	2721.178	5789	0	159
2024.10.24	01:00:00	2721.282	2726.698	2720.292	2723.737	11013	0	159
2024.10.24	02:00:00	2723.740	2724.488	2720.220	2723.377	7918	0	159
2024.10.24	03:00:00	2723.382	2724.034	2721.396	2722.877	4982	0	159
2024.10.24	04:00:00	2722.882	2727.143	2722.824	2726.516	4464	0	159
2024.10.24	05:00:00	2726.507	2729.746	2725.779	2728.951	5817	0	159
2024.10.24	06:00:00	2728.930	2736.565	2728.309	2735.210	8584	0	159
2024.10.24	07:00:00	2735.169	2737.121	2732.160	2733.540	7853	0	159
2024.10.24	08:00:00	2733.613	2737.894	2732.489	2736.807	6970	0	159
2024.10.24	09:00:00	2736.768	2739.204	2735.844	2736.469	5770	0	159
2024.10.24	10:00:00	2736.515	2739.199	2736.229	2736.722	5169	0	159
2024.10.24	11:00:00	2736.767	2739.688	2735.074	2738.556	6633	0	159
2024.10.24	12:00:00	2738.464	2741.591	2734.634	2739.098	10625	0	159
2024.10.24	13:00:00	2739.138	2743.208	2729.556	2733.586	17710	0	159
2024.10.24	14:00:00	2733.629	2736.157	2722.364	2732.339	20243	0	159
2024.10.24	15:00:00	2732.302	2734.345	2726.750	2731.099	12394	0	159
2024.10.24	16:00:00	2731.091	2735.562	2725.758	2733.573	10596	0	159
2024.10.24	17:00:00	2733.540	2737.067	2732.870	2735.379	8069	0	159
2024.10.24	18:00:00	2735.362	2737.747	2734.447	2735.575	6114	0	159
2024.10.24	19:00:00	2735.614	2737.049	2733.427	2737.049	5124	0	159
2024.10.24	20:00:00	2737.009	2737.147	2735.028	2735.699	2642	0	160
2024.10.24	22:00:00	2735.580	2736.088	2734.527	2734.578	1826	0	160
2024.10.24	23:00:00	2734.584	2735.491	2733.622	2733.844	2261	0	159
2024.10.25	00:00:00	2733.885	2734.947	2731.304	2732.430	4165	0	159
2024.10.25	01:00:00	2732.473	2735.173	2729.788	2730.023	8262	0	159
2024.10.25	02:00:00	2729.981	2730.156	2726.136	2728.423	6727	0	159
2024.10.25	03:00:00	2728.381	2728.381	2724.372	2726.042	5294	0	159
2024.10.25	04:00:00	2726.078	2727.784	2723.863	2725.994	4567	0	159
2024.10.25	05:00:00	2726.033	2729.848	2726.006	2728.464	6526	0	159
2024.10.25	06:00:00	2728.476	2732.567	2724.961	2732.176	7770	0	159
2024.10.25	07:00:00	2732.214	2732.214	2725.880	2726.377	6784	0	159
2024.10.25	08:00:00	2726.465	2727.060	2718.828	2719.429	8573	0	159
2024.10.25	09:00:00	2719.321	2721.397	2716.958	2721.245	7083	0	159
2024.10.25	10:00:00	2721.341	2722.693	2717.166	2722.217	6388	0	159
2024.10.25	11:00:00	2722.225	2729.391	2721.210	2724.181	8240	0	159
2024.10.25	12:00:00	2724.208	2732.481	2723.205	2731.435	8926	0	159
2024.10.25	13:00:00	2731.474	2732.133	2725.195	2727.638	14957	0	159
2024.10.25	14:00:00	2727.705	2740.563	2727.670	2738.444	16075	0	159
2024.10.25	15:00:00	2738.423	2742.028	2736.444	2737.131	9391	0	159
2024.10.25	16:00:00	2737.093	2739.394	2733.922	2739.173	7921	0	159
2024.10.25	17:00:00	2739.198	2745.022	2738.693	2744.246	6342	0	159
2024.10.25	18:00:00	2744.285	2744.695	2741.234	2742.059	5334	0	159
2024.10.25	19:00:00	2742.055	2744.410	2740.300	2742.519	5429	0	160
2024.10.25	20:00:00	2742.561	2747.774	2742.469	2747.023	4211	0	159
2024.10.27	22:00:00	2733.443	2736.182	2730.340	2734.546	7118	0	159
2024.10.27	23:00:00	2734.571	2740.176	2734.560	2735.815	5681	0	159
2024.10.28	00:00:00	2735.783	2736.317	2732.145	2732.466	6199	0	159
2024.10.28	01:00:00	2732.433	2732.962	2724.671	2732.264	12841	0	159
2024.10.28	02:00:00	2732.261	2735.566	2730.668	2734.185	6613	0	159
2024.10.28	03:00:00	2734.129	2734.683	2729.584	2729.702	5505	0	159
2024.10.28	04:00:00	2729.637	2733.480	2729.093	2732.910	4079	0	159
2024.10.28	05:00:00	2732.954	2738.766	2731.096	2738.393	6150	0	159
2024.10.28	06:00:00	2738.427	2744.515	2737.466	2740.573	8711	0	159
2024.10.28	07:00:00	2740.591	2743.690	2735.795	2738.919	7138	0	159
2024.10.28	08:00:00	2738.878	2740.882	2731.325	2731.953	8346	0	159
2024.10.28	09:00:00	2731.923	2734.011	2728.386	2729.294	7560	0	159
2024.10.28	10:00:00	2729.256	2733.309	2727.839	2732.234	6729	0	159
2024.10.28	11:00:00	2732.242	2732.869	2729.683	2732.319	6078	0	159
2024.10.28	12:00:00	2732.312	2734.884	2731.171	2734.343	7840	0	159
2024.10.28	13:00:00	2734.299	2743.489	2732.811	2740.888	13922	0	159
2024.10.28	14:00:00	2740.851	2745.917	2738.873	2744.215	12558	0	159
2024.10.28	15:00:00	2744.244	2744.673	2739.645	2740.704	9853	0	159
2024.10.28	16:00:00	2740.671	2744.949	2739.945	2742.670	6305	0	159
2024.10.28	17:00:00	2742.658	2744.896	2740.270	2743.358	5807	0	159
2024.10.28	18:00:00	2743.396	2743.470	2740.169	2741.811	4819	0	159
2024.10.28	19:00:00	2741.851	2743.487	2740.313	2742.498	4409	0	159
2024.10.28	20:00:00	2742.464	2743.033	2741.320	2742.264	2523	0	159
2024.10.28	22:00:00	2741.724	2742.345	2739.774	2742.019	2217	0	160
2024.10.28	23:00:00	2742.009	2744.427	2741.124	2744.427	2763	0	160
2024.10.29	00:00:00	2744.379	2746.796	2743.267	2745.758	4242	0	159
2024.10.29	01:00:00	2745.746	2752.452	2745.553	2752.022	8763	0	159
2024.10.29	02:00:00	2752.071	2757.750	2750.466	2752.925	9660	0	159
2024.10.29	03:00:00	2752.904	2753.342	2748.611	2751.681	6727	0	159
2024.10.29	04:00:00	2751.682	2755.299	2751.302	2754.708	4232	0	159
2024.10.29	05:00:00	2754.752	2756.854	2749.732	2750.008	7414	0	159
2024.10.29	06:00:00	2749.960	2756.552	2748.898	2755.759	7384	0	159
2024.10.29	07:00:00	2755.722	2756.339	2751.944	2752.459	5955	0	159
2024.10.29	08:00:00	2752.499	2755.054	2746.273	2754.554	9354	0	159
2024.10.29	09:00:00	2754.593	2756.663	2750.096	2752.451	7415	0	159
2024.10.29	10:00:00	2752.494	2753.156	2747.383	2749.852	6869	0	159
2024.10.29	11:00:00	2749.861	2753.326	2746.190	2751.772	7514	0	160
2024.10.29	12:00:00	2751.806	2753.749	2748.937	2749.100	8277	0	159
2024.10.29	13:00:00	2749.073	2764.000	2748.142	2760.795	16347	0	159
2024.10.29	14:00:00	2760.811	2771.730	2760.811	2769.536	19267	0	159
2024.10.29	15:00:00	2769.571	2770.452	2760.778	2764.241	14423	0	159
2024.10.29	16:00:00	2764.219	2770.255	2764.103	2769.345	8525	0	159
2024.10.29	17:00:00	2769.343	2772.600	2766.273	2769.778	9329	0	159
2024.10.29	18:00:00	2769.808	2773.518	2768.207	2772.925	5983	0	159
2024.10.29	19:00:00	2772.919	2774.739	2771.000	2772.196	4948	0	159
2024.10.29	20:00:00	2772.165	2774.752	2771.822	2774.346	3040	0	159
2024.10.29	22:00:00	2773.558	2775.397	2772.948	2774.554	2235	0	160
2024.10.29	23:00:00	2774.561	2775.114	2773.367	2774.915	2748	0	159
2024.10.30	00:00:00	2774.943	2779.163	2774.778	2778.091	5005	0	160
2024.10.30	01:00:00	2778.145	2782.150	2776.956	2781.673	8677	0	159
2024.10.30	02:00:00	2781.707	2781.872	2776.028	2780.417	7267	0	159
2024.10.30	03:00:00	2780.462	2781.258	2777.187	2778.924	6047	0	159
2024.10.30	04:00:00	2778.930	2781.007	2777.394	2780.161	3666	0	159
2024.10.30	05:00:00	2780.123	2784.975	2777.941	2783.120	6074	0	159
2024.10.30	06:00:00	2783.124	2789.821	2781.228	2787.049	7816	0	159
2024.10.30	07:00:00	2787.087	2788.103	2780.447	2782.257	6939	0	159
2024.10.30	08:00:00	2782.214	2784.587	2779.534	2781.982	7308	0	159
2024.10.30	09:00:00	2781.836	2784.629	2780.275	2784.557	5611	0	159
2024.10.30	10:00:00	2784.560	2786.527	2780.110	2780.196	5550	0	159
2024.10.30	11:00:00	2780.160	2782.055	2778.213	2778.580	6397	0	159
2024.10.30	12:00:00	2778.556	2783.441	2773.618	2782.443	11701	0	159
2024.10.30	13:00:00	2782.551	2787.509	2770.830	2777.436	23336	0	159
2024.10.30	14:00:00	2777.455	2781.721	2775.108	2780.268	17755	0	159
2024.10.30	15:00:00	2780.311	2785.936	2771.956	2784.634	13171	0	159
2024.10.30	16:00:00	2784.675	2787.487	2783.000	2785.404	8015	0	159
2024.10.30	17:00:00	2785.347	2789.575	2783.887	2788.611	6866	0	159
2024.10.30	18:00:00	2788.575	2790.075	2787.265	2787.763	5078	0	159
2024.10.30	19:00:00	2787.801	2788.139	2784.470	2787.285	5168	0	159
2024.10.30	20:00:00	2787.333	2788.038	2784.777	2786.412	3537	0	159
2024.10.30	22:00:00	2787.459	2788.075	2786.207	2787.490	2657	0	160
2024.10.30	23:00:00	2787.460	2788.090	2785.215	2785.490	2500	0	159
2024.10.31	00:00:00	2785.489	2788.265	2784.637	2787.535	3771	0	159
2024.10.31	01:00:00	2787.572	2790.091	2783.554	2784.639	7060	0	159
2024.10.31	02:00:00	2784.655	2789.007	2784.352	2787.108	6197	0	159
2024.10.31	03:00:00	2787.076	2788.459	2784.321	2784.647	4448	0	159
2024.10.31	04:00:00	2784.685	2785.400	2782.088	2784.456	4404	0	159
2024.10.31	05:00:00	2784.427	2786.563	2782.618	2785.082	6706	0	159
2024.10.31	06:00:00	2785.086	2786.006	2779.688	2779.863	7453	0	159
2024.10.31	07:00:00	2779.819	2784.051	2778.029	2782.060	6961	0	159
2024.10.31	08:00:00	2782.020	2783.129	2776.893	2779.097	6693	0	159
2024.10.31	09:00:00	2779.056	2780.181	2776.972	2778.245	5860	0	159
2024.10.31	10:00:00	2778.213	2781.148	2773.305	2780.817	7135	0	159
2024.10.31	11:00:00	2780.865	2782.666	2776.696	2779.413	6636	0	159
2024.10.31	12:00:00	2779.414	2781.941	2771.911	2773.711	11735	0	159
2024.10.31	13:00:00	2773.611	2773.962	2754.480	2755.386	24421	0	159
2024.10.31	14:00:00	2755.348	2756.924	2734.598	2734.775	27609	0	159
2024.10.31	15:00:00	2734.749	2740.999	2731.515	2740.576	18071	0	159
2024.10.31	16:00:00	2740.617	2743.687	2738.004	2740.737	10548	0	159
2024.10.31	17:00:00	2740.762	2743.815	2738.206	2739.573	7318	0	159
2024.10.31	18:00:00	2739.568	2748.010	2739.568	2746.918	8537	0	159
2024.10.31	19:00:00	2746.968	2749.747	2745.705	2746.407	6475	0	159
2024.10.31	20:00:00	2746.461	2748.168	2743.269	2743.890	4027	0	159
2024.10.31	22:00:00	2743.946	2747.658	2743.907	2746.157	2502	0	159
2024.10.31	23:00:00	2746.174	2747.902	2745.411	2746.691	3093	0	159
2024.11.01	00:00:00	2746.672	2747.341	2744.815	2745.045	4239	0	159
2024.11.01	01:00:00	2745.045	2750.008	2744.822	2749.637	9252	0	159
2024.11.01	02:00:00	2749.605	2750.956	2745.756	2748.677	7887	0	159
2024.11.01	03:00:00	2748.708	2751.878	2747.426	2751.770	5856	0	159
2024.11.01	04:00:00	2751.728	2752.962	2750.678	2752.209	3433	0	159
2024.11.01	05:00:00	2752.247	2755.190	2751.607	2754.988	5637	0	159
2024.11.01	06:00:00	2754.959	2757.649	2751.250	2752.054	7858	0	159
2024.11.01	07:00:00	2752.050	2753.113	2747.039	2749.627	5930	0	160
2024.11.01	08:00:00	2749.586	2755.088	2748.518	2753.354	7413	0	159
2024.11.01	09:00:00	2753.388	2755.480	2748.049	2751.311	6794	0	159
2024.11.01	10:00:00	2751.346	2751.877	2744.818	2749.590	6447	0	159
2024.11.01	11:00:00	2749.630	2754.115	2749.567	2752.873	6515	0	159
2024.11.01	12:00:00	2752.894	2759.875	2749.489	2753.799	17371	0	159
2024.11.01	13:00:00	2753.834	2762.250	2752.110	2755.991	19630	0	159
2024.11.01	14:00:00	2756.205	2758.888	2739.654	2747.153	24953	0	159
2024.11.01	15:00:00	2747.179	2750.261	2742.526	2744.720	12763	0	159
2024.11.01	16:00:00	2744.706	2746.199	2740.402	2743.128	9444	0	159
2024.11.01	17:00:00	2743.161	2743.950	2735.003	2736.305	8535	0	159
2024.11.01	18:00:00	2736.296	2738.047	2733.427	2736.204	6945	0	159
2024.11.01	19:00:00	2736.180	2737.022	2733.113	2734.121	6095	0	159
2024.11.01	20:00:00	2734.077	2736.869	2733.267	2736.690	3639	0	159
2024.11.03	23:00:00	2732.846	2740.334	2732.581	2738.352	5461	0	159
2024.11.04	00:00:00	2738.379	2741.016	2736.990	2740.398	4999	0	159
2024.11.04	01:00:00	2740.361	2741.398	2735.343	2739.913	9842	0	159
2024.11.04	02:00:00	2739.902	2740.973	2736.966	2739.966	6512	0	159
2024.11.04	03:00:00	2739.969	2742.401	2739.340	2740.989	5545	0	159
2024.11.04	04:00:00	2740.952	2742.255	2739.683	2740.976	3742	0	159
2024.11.04	05:00:00	2740.969	2743.732	2737.641	2741.516	6242	0	159
2024.11.04	06:00:00	2741.515	2741.594	2735.728	2741.383	6845	0	159
2024.11.04	07:00:00	2741.422	2744.781	2735.060	2735.837	6725	0	159
2024.11.04	08:00:00	2735.806	2738.429	2731.807	2733.334	7987	0	159
2024.11.04	09:00:00	2733.307	2744.093	2732.515	2743.239	8194	0	159
2024.11.04	10:00:00	2743.280	2745.304	2737.181	2738.627	6757	0	159
2024.11.04	11:00:00	2738.608	2741.011	2736.351	2740.612	6149	0	159
2024.11.04	12:00:00	2740.543	2744.021	2739.443	2743.417	6442	0	159
2024.11.04	13:00:00	2743.349	2746.763	2738.726	2746.691	11676	0	159
2024.11.04	14:00:00	2746.721	2748.157	2737.833	2743.330	12802	0	159
2024.11.04	15:00:00	2743.330	2745.556	2737.670	2738.519	14005	0	159
2024.11.04	16:00:00	2738.477	2739.016	2732.295	2734.109	9895	0	159
2024.11.04	17:00:00	2734.145	2738.473	2731.720	2738.362	7443	0	159
2024.11.04	18:00:00	2738.396	2739.295	2735.608	2738.214	6504	0	159
2024.11.04	19:00:00	2738.254	2739.706	2737.188	2738.298	4910	0	159
2024.11.04	20:00:00	2738.245	2738.571	2736.346	2737.363	4695	0	159
2024.11.04	21:00:00	2737.373	2737.597	2736.054	2736.492	1970	0	159
2024.11.04	23:00:00	2737.663	2737.864	2736.006	2736.006	2310	0	159
2024.11.05	00:00:00	2736.046	2736.677	2734.045	2735.092	3609	0	160
2024.11.05	01:00:00	2735.056	2736.138	2732.917	2734.215	6952	0	159
2024.11.05	02:00:00	2734.195	2735.334	2724.694	2728.384	9977	0	159
2024.11.05	03:00:00	2728.351	2736.004	2727.673	2735.288	6730	0	159
2024.11.05	04:00:00	2735.240	2736.359	2733.099	2734.417	4766	0	159
2024.11.05	05:00:00	2734.365	2737.291	2731.845	2732.584	5698	0	159
2024.11.05	06:00:00	2732.590	2738.790	2731.705	2737.772	7034	0	159
2024.11.05	07:00:00	2737.736	2741.352	2735.146	2736.532	5606	0	159
2024.11.05	08:00:00	2736.492	2743.233	2732.090	2742.447	7719	0	159
2024.11.05	09:00:00	2742.487	2745.043	2738.856	2739.873	6516	0	159
2024.11.05	10:00:00	2739.839	2740.195	2735.595	2737.921	6358	0	159
2024.11.05	11:00:00	2737.952	2743.019	2737.952	2741.600	6398	0	159
2024.11.05	12:00:00	2741.697	2743.132	2737.509	2737.962	5689	0	159
2024.11.05	13:00:00	2737.996	2746.759	2736.274	2744.671	10123	0	159
2024.11.05	14:00:00	2744.590	2749.917	2741.437	2746.736	11952	0	159
2024.11.05	15:00:00	2746.728	2746.728	2732.921	2741.957	15716	0	159
2024.11.05	16:00:00	2742.001	2744.579	2736.329	2738.983	8876	0	159
2024.11.05	17:00:00	2739.014	2743.645	2738.181	2741.987	6312	0	159
2024.11.05	18:00:00	2741.974	2743.956	2739.358	2741.265	6297	0	159
2024.11.05	19:00:00	2741.232	2742.283	2739.479	2740.513	4899	0	159
2024.11.05	20:00:00	2740.549	2743.483	2739.619	2743.007	4580	0	159
2024.11.05	21:00:00	2743.026	2744.954	2742.539	2743.836	2335	0	159
2024.11.05	23:00:00	2742.570	2746.426	2742.447	2745.702	3356	0	159
2024.11.06	00:00:00	2745.684	2745.684	2735.273	2737.969	9919	0	159
2024.11.06	01:00:00	2738.006	2749.681	2732.609	2747.072	17395	0	159
2024.11.06	02:00:00	2747.045	2748.413	2736.778	2737.485	17846	0	159
2024.11.06	03:00:00	2737.518	2743.536	2730.639	2734.082	17490	0	159
2024.11.06	04:00:00	2734.119	2743.083	2733.156	2741.759	10332	0	159
2024.11.06	05:00:00	2741.852	2743.708	2736.387	2739.030	12323	0	159
2024.11.06	06:00:00	2739.006	2739.321	2701.319	2707.088	34023	0	159
2024.11.06	07:00:00	2707.065	2733.170	2704.114	2725.870	21723	0	159
2024.11.06	08:00:00	2725.823	2733.824	2722.721	2724.506	16057	0	159
2024.11.06	09:00:00	2724.473	2728.552	2716.418	2724.559	12518	0	159
2024.11.06	10:00:00	2724.535	2727.147	2718.657	2720.219	9177	0	159
2024.11.06	11:00:00	2720.262	2722.756	2696.018	2699.152	16727	0	159
2024.11.06	12:00:00	2699.109	2708.066	2693.246	2695.129	19519	0	159
2024.11.06	13:00:00	2695.141	2695.141	2659.063	2664.124	43103	0	159
2024.11.06	14:00:00	2664.092	2670.442	2652.335	2659.744	33693	0	159
2024.11.06	15:00:00	2659.834	2675.932	2657.383	2675.715	25664	0	159
2024.11.06	16:00:00	2675.752	2678.273	2662.863	2666.246	15376	0	159
2024.11.06	17:00:00	2666.249	2669.218	2661.574	2663.229	9950	0	159
2024.11.06	18:00:00	2663.258	2669.559	2662.805	2665.607	10101	0	159
2024.11.06	19:00:00	2665.647	2668.505	2664.917	2667.091	7453	0	159
2024.11.06	20:00:00	2667.055	2667.744	2659.290	2660.676	6466	0	159
2024.11.06	21:00:00	2660.634	2662.343	2658.958	2658.980	2850	0	159
2024.11.06	23:00:00	2660.167	2664.343	2659.911	2664.048	3683	0	159
2024.11.07	00:00:00	2664.035	2664.261	2660.905	2661.512	4885	0	159
2024.11.07	01:00:00	2661.483	2663.948	2643.208	2649.454	18579	0	159
2024.11.07	02:00:00	2649.437	2657.585	2649.437	2657.417	10597	0	159
2024.11.07	03:00:00	2657.460	2661.242	2655.559	2659.176	7871	0	159
2024.11.07	04:00:00	2659.199	2659.678	2654.112	2654.555	5566	0	159
2024.11.07	05:00:00	2654.608	2660.700	2654.608	2659.200	6753	0	159
2024.11.07	06:00:00	2659.175	2659.526	2652.793	2657.015	8940	0	159
2024.11.07	07:00:00	2656.976	2667.596	2656.168	2663.309	9812	0	159
2024.11.07	08:00:00	2663.349	2666.662	2657.423	2657.638	9023	0	159
2024.11.07	09:00:00	2657.606	2666.018	2657.432	2661.676	7555	0	159
2024.11.07	10:00:00	2661.636	2668.422	2659.792	2666.600	7492	0	159
2024.11.07	11:00:00	2666.552	2668.105	2663.835	2666.147	6339	0	159
2024.11.07	12:00:00	2666.266	2674.130	2664.276	2673.591	9350	0	159
2024.11.07	13:00:00	2673.641	2685.119	2672.352	2684.486	19222	0	159
2024.11.07	14:00:00	2684.527	2694.980	2682.348	2691.830	17591	0	159
2024.11.07	15:00:00	2691.800	2700.185	2690.028	2698.698	15656	0	159
2024.11.07	16:00:00	2698.687	2699.517	2690.604	2695.717	13596	0	159
2024.11.07	17:00:00	2695.756	2700.279	2694.224	2699.327	7894	0	159
2024.11.07	18:00:00	2699.278	2699.421	2693.937	2695.512	6843	0	159
2024.11.07	19:00:00	2695.647	2698.053	2687.424	2694.266	24057	0	159
2024.11.07	20:00:00	2694.308	2710.360	2692.818	2704.430	14577	0	159
2024.11.07	21:00:00	2704.402	2708.569	2703.627	2707.146	4019	0	159
2024.11.07	23:00:00	2704.674	2708.008	2704.108	2706.866	3523	0	159
2024.11.08	00:00:00	2706.870	2710.418	2705.584	2706.289	4763	0	159
2024.11.08	01:00:00	2706.338	2707.590	2699.041	2699.913	11496	0	159
2024.11.08	02:00:00	2699.868	2701.059	2695.096	2697.554	8827	0	159
2024.11.08	03:00:00	2697.516	2700.573	2694.034	2695.113	6517	0	159
2024.11.08	04:00:00	2695.101	2696.109	2693.237	2693.582	4980	0	159
2024.11.08	05:00:00	2693.587	2696.362	2693.580	2695.200	5874	0	159
2024.11.08	06:00:00	2695.183	2695.747	2685.963	2686.440	9603	0	159
2024.11.08	07:00:00	2686.408	2687.843	2680.286	2687.362	8371	0	159
2024.11.08	08:00:00	2687.396	2691.839	2681.906	2688.695	14344	0	159
2024.11.08	09:00:00	2688.660	2690.993	2687.052	2689.228	8235	0	159
2024.11.08	10:00:00	2689.310	2689.310	2681.983	2688.539	7631	0	159
2024.11.08	11:00:00	2688.577	2694.977	2686.693	2691.912	7131	0	159
2024.11.08	12:00:00	2691.937	2693.148	2686.171	2691.909	7897	0	159
2024.11.08	13:00:00	2691.880	2701.083	2687.839	2697.554	16246	0	159
2024.11.08	14:00:00	2697.598	2704.061	2687.750	2691.502	18714	0	159
2024.11.08	15:00:00	2691.495	2692.846	2683.379	2687.552	17535	0	159
2024.11.08	16:00:00	2687.513	2689.283	2682.813	2683.346	10892	0	159
2024.11.08	17:00:00	2683.385	2688.643	2683.385	2687.831	8537	0	159
2024.11.08	18:00:00	2687.833	2688.823	2683.847	2684.905	7152	0	159
2024.11.08	19:00:00	2684.938	2687.486	2683.240	2687.057	5554	0	159
2024.11.08	20:00:00	2687.023	2688.549	2684.948	2685.140	5553	0	159
2024.11.08	21:00:00	2685.098	2685.787	2682.983	2684.758	5218	0	159
2024.11.10	23:00:00	2683.161	2685.654	2681.526	2685.605	3703	0	159
2024.11.11	00:00:00	2685.638	2686.141	2682.617	2683.987	4225	0	159
2024.11.11	01:00:00	2683.961	2684.863	2671.830	2673.036	13538	0	159
2024.11.11	02:00:00	2673.065	2675.199	2666.444	2671.937	9495	0	159
2024.11.11	03:00:00	2671.896	2671.946	2667.985	2670.269	5622	0	159
2024.11.11	04:00:00	2670.272	2672.367	2668.826	2672.158	5167	0	159
2024.11.11	05:00:00	2672.158	2674.285	2666.896	2669.227	7242	0	159
2024.11.11	06:00:00	2669.240	2674.063	2668.373	2673.197	6528	0	159
2024.11.11	07:00:00	2673.229	2674.082	2668.828	2669.561	7346	0	159
2024.11.11	08:00:00	2669.516	2671.713	2667.549	2669.558	8042	0	159
2024.11.11	09:00:00	2669.523	2670.819	2663.834	2666.829	8602	0	159
2024.11.11	10:00:00	2666.790	2675.377	2660.881	2661.984	8943	0	159
2024.11.11	11:00:00	2661.944	2666.994	2658.992	2662.647	9227	0	159
2024.11.11	12:00:00	2662.672	2663.232	2656.676	2657.321	8695	0	159
2024.11.11	13:00:00	2657.282	2657.570	2634.253	2635.561	23114	0	159
2024.11.11	14:00:00	2635.594	2635.729	2617.686	2622.458	27256	0	159
2024.11.11	15:00:00	2622.483	2626.301	2613.358	2614.565	16221	0	159
2024.11.11	16:00:00	2614.558	2618.135	2612.587	2615.243	11064	0	159
2024.11.11	17:00:00	2615.219	2616.927	2611.407	2612.601	7941	0	159
2024.11.11	18:00:00	2612.564	2619.402	2610.530	2618.900	6585	0	159
2024.11.11	19:00:00	2618.938	2620.672	2617.792	2619.266	5256	0	159
2024.11.11	20:00:00	2619.291	2626.204	2619.233	2622.008	5244	0	159
2024.11.11	21:00:00	2621.974	2623.136	2619.276	2619.613	2848	0	159
2024.11.11	23:00:00	2620.155	2624.124	2619.767	2624.038	2801	0	160
2024.11.12	00:00:00	2624.032	2625.253	2622.195	2624.045	4444	0	159
2024.11.12	01:00:00	2624.088	2627.190	2619.119	2624.076	10400	0	159
2024.11.12	02:00:00	2624.038	2625.465	2620.405	2622.067	8105	0	159
2024.11.12	03:00:00	2622.048	2623.789	2618.717	2618.924	5490	0	159
2024.11.12	04:00:00	2618.875	2619.099	2615.558	2617.694	5644	0	159
2024.11.12	05:00:00	2617.740	2618.166	2605.341	2606.860	11549	0	159
2024.11.12	06:00:00	2606.823	2610.127	2603.403	2607.929	11895	0	159
2024.11.12	07:00:00	2607.886	2609.001	2595.170	2598.309	14089	0	159
2024.11.12	08:00:00	2598.265	2606.511	2598.119	2600.637	12017	0	159
2024.11.12	09:00:00	2600.567	2600.788	2590.758	2593.303	11917	0	159
2024.11.12	10:00:00	2593.272	2598.622	2589.633	2596.642	10160	0	159
2024.11.12	11:00:00	2596.605	2599.214	2592.672	2597.845	11531	0	159
2024.11.12	12:00:00	2597.820	2607.099	2597.820	2605.204	15170	0	159
2024.11.12	13:00:00	2605.233	2616.419	2604.400	2611.527	18503	0	159
2024.11.12	14:00:00	2611.566	2617.068	2608.839	2610.429	17823	0	159
2024.11.12	15:00:00	2610.367	2611.788	2597.387	2598.437	16786	0	159
2024.11.12	16:00:00	2598.479	2604.206	2597.807	2600.819	12973	0	159
2024.11.12	17:00:00	2600.799	2601.135	2592.430	2597.431	10092	0	159
2024.11.12	18:00:00	2597.475	2602.125	2596.447	2599.183	8050	0	159
2024.11.12	19:00:00	2599.217	2601.396	2597.927	2598.166	5773	0	159
2024.11.12	20:00:00	2598.132	2601.390	2595.112	2599.785	6039	0	159
2024.11.12	21:00:00	2599.821	2600.758	2597.198	2598.476	3433	0	160
2024.11.12	23:00:00	2598.073	2599.799	2597.655	2598.952	2314	0	160
2024.11.13	00:00:00	2599.010	2599.939	2598.002	2599.348	3511	0	159
2024.11.13	01:00:00	2599.389	2611.230	2599.389	2608.066	11026	0	159
2024.11.13	02:00:00	2608.106	2612.583	2605.154	2612.085	7661	0	159
2024.11.13	03:00:00	2612.055	2613.333	2606.419	2611.579	6607	0	159
2024.11.13	04:00:00	2611.535	2612.405	2606.044	2606.219	5345	0	159
2024.11.13	05:00:00	2606.279	2607.948	2603.490	2605.794	6602	0	159
2024.11.13	06:00:00	2605.768	2607.461	2604.181	2605.434	6961	0	159
2024.11.13	07:00:00	2605.394	2607.449	2604.254	2606.208	6208	0	160
2024.11.13	08:00:00	2606.245	2610.707	2601.031	2607.661	9682	0	159
2024.11.13	09:00:00	2607.622	2611.640	2607.273	2608.666	7405	0	159
2024.11.13	10:00:00	2608.623	2610.410	2606.955	2609.050	6049	0	159
2024.11.13	11:00:00	2608.983	2611.659	2605.780	2610.783	6039	0	159
2024.11.13	12:00:00	2610.844	2612.742	2608.854	2609.692	7067	0	159
2024.11.13	13:00:00	2609.726	2618.841	2607.146	2612.319	22319	0	159
2024.11.13	14:00:00	2612.223	2616.362	2601.027	2602.031	22555	0	159
2024.11.13	15:00:00	2602.007	2606.891	2593.571	2605.341	22744	0	159
2024.11.13	16:00:00	2605.300	2605.975	2584.715	2585.736	17151	0	159
2024.11.13	17:00:00	2585.831	2586.803	2577.507	2583.409	14190	0	159
2024.11.13	18:00:00	2583.364	2585.504	2579.513	2582.697	10273	0	159
2024.11.13	19:00:00	2582.659	2584.916	2580.548	2581.004	6792	0	159
2024.11.13	20:00:00	2580.971	2581.183	2572.926	2573.830	7976	0	159
2024.11.13	21:00:00	2573.783	2577.085	2572.589	2573.064	3689	0	159
2024.11.13	23:00:00	2571.948	2581.410	2569.214	2570.989	9195	0	159
2024.11.14	00:00:00	2571.012	2574.775	2569.612	2572.457	5053	0	159
2024.11.14	01:00:00	2572.458	2572.975	2561.548	2562.570	13840	0	159
2024.11.14	02:00:00	2562.533	2564.583	2558.875	2560.596	9063	0	159
2024.11.14	03:00:00	2560.565	2565.092	2559.877	2560.708	6237	0	159
2024.11.14	04:00:00	2560.718	2565.256	2559.240	2565.130	5209	0	159
2024.11.14	05:00:00	2565.134	2565.134	2555.280	2558.575	8365	0	159
2024.11.14	06:00:00	2558.543	2560.491	2551.893	2554.996	9258	0	159
2024.11.14	07:00:00	2555.037	2558.947	2550.361	2557.014	10255	0	159
2024.11.14	08:00:00	2556.972	2559.783	2554.499	2556.154	9319	0	159
2024.11.14	09:00:00	2556.108	2558.352	2536.747	2543.514	15173	0	159
2024.11.14	10:00:00	2543.568	2548.024	2539.029	2547.016	10508	0	159
2024.11.14	11:00:00	2547.055	2555.044	2545.124	2553.579	11083	0	159
2024.11.14	12:00:00	2553.621	2556.901	2550.070	2552.212	10615	0	159
2024.11.14	13:00:00	2552.174	2560.315	2551.191	2557.003	20818	0	159
2024.11.14	14:00:00	2556.977	2565.948	2554.191	2559.733	21268	0	159
2024.11.14	15:00:00	2559.690	2572.956	2558.513	2570.203	18581	0	159
2024.11.14	16:00:00	2570.242	2577.432	2569.192	2573.914	11113	0	159
2024.11.14	17:00:00	2573.959	2575.888	2567.393	2572.953	9834	0	159
2024.11.14	18:00:00	2572.992	2573.442	2567.086	2569.897	7958	0	159
2024.11.14	19:00:00	2569.857	2576.959	2569.833	2575.970	6357	0	159
2024.11.14	20:00:00	2575.981	2576.527	2563.866	2567.245	16017	0	159
2024.11.14	21:00:00	2567.280	2569.557	2564.139	2565.310	4699	0	159
2024.11.14	23:00:00	2564.927	2567.299	2564.898	2566.899	2817	0	159
2024.11.15	00:00:00	2566.888	2567.681	2565.842	2566.879	4304	0	159
2024.11.15	01:00:00	2566.877	2571.709	2563.027	2565.034	8763	0	159
2024.11.15	02:00:00	2565.002	2571.066	2564.845	2570.127	7195	0	159
2024.11.15	03:00:00	2570.096	2571.148	2567.608	2567.756	5163	0	159
2024.11.15	04:00:00	2567.719	2569.538	2566.998	2567.027	3520	0	159
2024.11.15	05:00:00	2567.075	2567.241	2559.760	2559.989	6313	0	159
2024.11.15	06:00:00	2559.953	2563.556	2554.392	2561.478	9281	0	159
2024.11.15	07:00:00	2561.434	2564.914	2559.283	2563.734	7153	0	159
2024.11.15	08:00:00	2563.692	2569.007	2560.821	2566.776	9083	0	159
2024.11.15	09:00:00	2566.732	2568.980	2563.910	2563.996	7694	0	159
2024.11.15	10:00:00	2563.965	2570.433	2562.953	2567.852	8711	0	159
2024.11.15	11:00:00	2567.828	2573.393	2566.606	2570.777	8006	0	159
2024.11.15	12:00:00	2570.800	2571.090	2565.420	2569.086	7992	0	159
2024.11.15	13:00:00	2569.130	2575.745	2561.218	2565.308	24005	0	159
2024.11.15	14:00:00	2565.279	2575.649	2564.187	2572.764	22684	0	159
2024.11.15	15:00:00	2572.828	2576.067	2564.981	2570.733	18091	0	159
2024.11.15	16:00:00	2570.742	2573.291	2561.994	2562.177	12504	0	159
2024.11.15	17:00:00	2562.160	2564.757	2560.089	2562.944	9504	0	159
2024.11.15	18:00:00	2562.991	2567.812	2559.401	2567.453	7822	0	159
2024.11.15	19:00:00	2567.487	2568.050	2562.697	2563.850	5623	0	159
2024.11.15	20:00:00	2563.849	2563.862	2559.758	2562.242	6555	0	159
2024.11.15	21:00:00	2562.203	2563.702	2561.110	2562.969	3296	0	160
2024.11.17	23:00:00	2568.027	2575.523	2568.027	2571.452	5722	0	159
2024.11.18	00:00:00	2571.424	2577.184	2569.866	2576.575	5866	0	159
2024.11.18	01:00:00	2576.488	2597.414	2576.488	2586.998	19686	0	159
2024.11.18	02:00:00	2586.954	2595.135	2586.837	2591.105	10136	0	159
2024.11.18	03:00:00	2591.026	2592.530	2587.765	2589.864	6167	0	159
2024.11.18	04:00:00	2589.899	2593.197	2589.256	2592.256	4374	0	159
2024.11.18	05:00:00	2592.224	2592.383	2585.078	2585.579	6825	0	159
2024.11.18	06:00:00	2585.611	2587.678	2580.420	2585.973	9721	0	159
2024.11.18	07:00:00	2586.030	2587.132	2581.678	2582.838	7085	0	159
2024.11.18	08:00:00	2582.796	2590.052	2582.032	2585.661	9181	0	159
2024.11.18	09:00:00	2585.620	2597.258	2583.802	2595.648	9660	0	159
2024.11.18	10:00:00	2595.695	2596.706	2589.535	2593.978	8417	0	159
2024.11.18	11:00:00	2594.006	2595.405	2590.428	2594.396	7333	0	159
2024.11.18	12:00:00	2594.338	2597.175	2590.358	2595.112	8555	0	159
2024.11.18	13:00:00	2595.111	2605.054	2592.870	2603.939	13172	0	159
2024.11.18	14:00:00	2603.964	2610.251	2602.699	2608.155	15361	0	159
2024.11.18	15:00:00	2608.192	2613.390	2605.858	2612.936	11699	0	159
2024.11.18	16:00:00	2612.972	2615.110	2609.329	2611.587	8997	0	159
2024.11.18	17:00:00	2611.623	2611.923	2607.341	2610.484	6698	0	159
2024.11.18	18:00:00	2610.487	2612.024	2607.667	2611.106	5870	0	159
2024.11.18	19:00:00	2611.144	2612.623	2608.343	2609.849	5480	0	159
2024.11.18	20:00:00	2609.804	2611.540	2608.192	2610.222	5050	0	159
2024.11.18	21:00:00	2610.260	2612.361	2609.829	2611.721	3320	0	160
2024.11.18	23:00:00	2611.031	2613.107	2610.348	2612.704	2271	0	159
2024.11.19	00:00:00	2612.731	2613.746	2611.045	2613.332	3709	0	159
2024.11.19	01:00:00	2613.344	2617.833	2611.538	2615.622	9946	0	159
2024.11.19	02:00:00	2615.618	2624.124	2615.618	2622.427	8280	0	159
2024.11.19	03:00:00	2622.392	2625.591	2621.321	2624.435	6470	0	159
2024.11.19	04:00:00	2624.456	2625.134	2621.503	2622.948	4588	0	159
2024.11.19	05:00:00	2622.903	2623.465	2620.801	2622.516	6294	0	159
2024.11.19	06:00:00	2622.475	2626.631	2621.371	2625.184	7152	0	159
2024.11.19	07:00:00	2625.142	2625.324	2617.686	2619.057	7808	0	159
2024.11.19	08:00:00	2619.021	2627.045	2618.674	2626.364	10277	0	159
2024.11.19	09:00:00	2626.285	2634.483	2625.266	2630.240	14213	0	159
2024.11.19	10:00:00	2630.216	2636.496	2629.880	2635.048	8433	0	159
2024.11.19	11:00:00	2635.061	2636.008	2629.023	2629.639	7709	0	159
2024.11.19	12:00:00	2629.667	2639.364	2628.719	2639.205	9296	0	159
2024.11.19	13:00:00	2639.236	2639.432	2629.261	2635.244	17116	0	159
2024.11.19	14:00:00	2635.216	2636.905	2622.740	2623.518	21381	0	159
2024.11.19	15:00:00	2623.481	2628.658	2620.912	2624.443	15308	0	159
2024.11.19	16:00:00	2624.478	2628.446	2622.295	2626.400	11002	0	159
2024.11.19	17:00:00	2626.364	2633.132	2625.622	2628.114	7957	0	159
2024.11.19	18:00:00	2628.148	2630.387	2626.270	2630.105	6627	0	159
2024.11.19	19:00:00	2630.140	2631.545	2628.859	2630.677	5359	0	159
2024.11.19	20:00:00	2630.716	2634.574	2630.414	2633.683	4534	0	159
2024.11.19	21:00:00	2633.651	2633.916	2630.546	2632.090	3553	0	159
2024.11.19	23:00:00	2632.155	2635.550	2632.009	2635.161	2840	0	160
2024.11.20	00:00:00	2635.163	2639.079	2634.676	2637.790	4498	0	159
2024.11.20	01:00:00	2637.833	2641.487	2635.771	2639.618	8937	0	159
2024.11.20	02:00:00	2639.636	2641.847	2638.374	2640.225	6357	0	159
2024.11.20	03:00:00	2640.208	2641.212	2637.541	2637.977	4965	0	159
2024.11.20	04:00:00	2638.012	2638.799	2636.109	2636.587	3789	0	159
2024.11.20	05:00:00	2636.527	2638.488	2634.869	2636.853	5866	0	159
2024.11.20	06:00:00	2636.822	2637.086	2628.550	2629.521	9438	0	159
2024.11.20	07:00:00	2629.508	2630.191	2621.232	2621.591	8423	0	159
2024.11.20	08:00:00	2621.555	2624.455	2618.839	2624.128	8437	0	159
2024.11.20	09:00:00	2624.195	2625.711	2621.058	2621.902	7345	0	159
2024.11.20	10:00:00	2621.868	2626.225	2620.872	2625.106	6819	0	159
2024.11.20	11:00:00	2625.040	2628.162	2621.398	2628.085	7309	0	159
2024.11.20	12:00:00	2628.123	2632.403	2627.040	2631.793	7838	0	159
2024.11.20	13:00:00	2631.751	2640.474	2631.165	2636.024	11550	0	159
2024.11.20	14:00:00	2636.063	2646.466	2634.126	2643.141	14657	0	159
2024.11.20	15:00:00	2643.127	2648.932	2640.796	2648.810	11005	0	159
2024.11.20	16:00:00	2648.808	2650.824	2646.087	2650.603	9832	0	159
2024.11.20	17:00:00	2650.623	2655.433	2649.194	2651.781	8201	0	159
2024.11.20	18:00:00	2651.819	2652.149	2645.357	2648.593	8606	0	159
2024.11.20	19:00:00	2648.568	2653.137	2648.447	2650.872	5995	0	159
2024.11.20	20:00:00	2650.841	2651.189	2647.270	2648.905	6132	0	159
2024.11.20	21:00:00	2648.849	2650.486	2648.051	2649.955	3980	0	159
2024.11.20	23:00:00	2651.224	2652.940	2648.987	2652.153	2978	0	159
2024.11.21	00:00:00	2652.202	2658.813	2651.776	2658.455	4684	0	159
2024.11.21	01:00:00	2658.494	2660.466	2651.807	2653.328	8507	0	159
2024.11.21	02:00:00	2653.298	2658.178	2652.506	2653.702	6295	0	159
2024.11.21	03:00:00	2653.665	2657.248	2650.358	2656.901	5385	0	159
2024.11.21	04:00:00	2656.873	2658.997	2656.797	2656.929	3818	0	159
2024.11.21	05:00:00	2656.972	2658.133	2654.625	2656.849	5596	0	159
2024.11.21	06:00:00	2656.921	2662.236	2656.537	2661.412	6744	0	159
2024.11.21	07:00:00	2661.374	2664.723	2659.992	2663.099	6892	0	159
2024.11.21	08:00:00	2663.060	2670.302	2661.975	2668.826	8123	0	159
2024.11.21	09:00:00	2668.853	2671.699	2663.420	2668.812	8866	0	159
2024.11.21	10:00:00	2668.811	2670.349	2665.064	2669.877	6648	0	159
2024.11.21	11:00:00	2669.918	2673.522	2668.310	2671.448	6734	0	159
2024.11.21	12:00:00	2671.491	2671.816	2662.897	2663.336	7837	0	159
2024.11.21	13:00:00	2663.285	2667.722	2660.354	2665.385	16194	0	159
2024.11.21	14:00:00	2665.420	2671.566	2661.358	2664.956	16192	0	159
2024.11.21	15:00:00	2665.042	2670.567	2664.358	2667.636	14324	0	159
2024.11.21	16:00:00	2667.674	2669.740	2661.306	2664.688	12879	0	159
2024.11.21	17:00:00	2664.716	2672.803	2661.767	2671.715	8812	0	159
2024.11.21	18:00:00	2671.758	2673.120	2669.017	2672.341	7129	0	159
2024.11.21	19:00:00	2672.380	2673.516	2667.814	2669.718	6329	0	159
2024.11.21	20:00:00	2669.712	2671.814	2668.551	2671.444	5297	0	159
2024.11.21	21:00:00	2671.488	2671.906	2668.053	2669.610	3733	0	159
2024.11.21	23:00:00	2669.861	2669.996	2668.146	2669.159	2989	0	159
2024.11.22	00:00:00	2669.127	2673.585	2668.844	2673.066	4605	0	159
2024.11.22	01:00:00	2673.118	2679.441	2673.023	2677.783	9570	0	159
2024.11.22	02:00:00	2677.753	2686.425	2677.316	2685.985	7593	0	159
2024.11.22	03:00:00	2685.982	2690.519	2681.413	2686.153	8414	0	159
2024.11.22	04:00:00	2686.186	2692.380	2682.975	2688.701	6389	0	159
2024.11.22	05:00:00	2688.743	2689.114	2683.037	2686.663	8205	0	159
2024.11.22	06:00:00	2686.636	2693.252	2685.852	2692.866	8206	0	159
2024.11.22	07:00:00	2692.897	2698.978	2690.448	2696.457	8373	0	159
2024.11.22	08:00:00	2696.488	2700.465	2694.705	2697.262	11589	0	159
2024.11.22	09:00:00	2697.302	2707.458	2693.554	2703.322	13286	0	159
2024.11.22	10:00:00	2703.358	2708.590	2702.622	2707.639	9619	0	159
2024.11.22	11:00:00	2707.678	2710.127	2696.989	2698.867	10772	0	159
2024.11.22	12:00:00	2698.826	2705.018	2696.996	2702.997	9499	0	159
2024.11.22	13:00:00	2702.957	2704.139	2689.258	2692.957	18655	0	159
2024.11.22	14:00:00	2692.915	2696.334	2684.441	2694.772	20035	0	159
2024.11.22	15:00:00	2694.641	2705.073	2694.492	2703.699	16292	0	159
2024.11.22	16:00:00	2703.741	2706.646	2700.745	2705.121	10724	0	159
2024.11.22	17:00:00	2705.220	2707.320	2703.561	2706.755	7729	0	159
2024.11.22	18:00:00	2706.787	2711.421	2706.680	2710.778	7509	0	159
2024.11.22	19:00:00	2710.823	2711.450	2706.945	2708.221	5846	0	159
2024.11.22	20:00:00	2708.180	2708.871	2705.102	2705.841	6344	0	159
2024.11.22	21:00:00	2705.806	2715.662	2705.707	2715.573	5289	0	159
2024.11.24	23:00:00	2711.186	2721.437	2710.748	2719.756	8475	0	159
2024.11.25	00:00:00	2719.719	2720.143	2709.706	2710.636	8248	0	159
2024.11.25	01:00:00	2710.672	2711.156	2694.855	2701.192	23039	0	159
2024.11.25	02:00:00	2701.223	2704.481	2692.258	2695.264	11556	0	159
2024.11.25	03:00:00	2695.251	2697.409	2658.997	2672.236	25409	0	159
2024.11.25	04:00:00	2672.191	2676.358	2663.825	2672.539	11071	0	159
2024.11.25	05:00:00	2672.587	2674.026	2658.205	2664.661	16322	0	159
2024.11.25	06:00:00	2664.711	2670.114	2661.630	2666.858	15458	0	159
2024.11.25	07:00:00	2666.902	2672.554	2663.785	2667.774	11634	0	159
2024.11.25	08:00:00	2667.809	2673.572	2667.127	2671.963	11638	0	159
2024.11.25	09:00:00	2671.988	2675.212	2669.875	2673.858	8747	0	159
2024.11.25	10:00:00	2673.826	2678.094	2668.834	2677.665	7697	0	159
2024.11.25	11:00:00	2677.629	2688.768	2677.596	2686.776	8772	0	159
2024.11.25	12:00:00	2686.806	2687.096	2679.940	2680.955	9652	0	159
2024.11.25	13:00:00	2680.964	2687.863	2676.632	2678.239	18440	0	159
2024.11.25	14:00:00	2678.281	2678.741	2633.510	2641.219	44354	0	159
2024.11.25	15:00:00	2641.263	2641.703	2626.221	2628.404	24682	0	159
2024.11.25	16:00:00	2628.435	2639.392	2628.313	2631.987	15412	0	159
2024.11.25	17:00:00	2631.948	2634.215	2624.411	2627.811	11038	0	159
2024.11.25	18:00:00	2627.732	2628.540	2615.519	2618.827	12704	0	159
2024.11.25	19:00:00	2618.785	2626.222	2618.341	2625.804	7551	0	159
2024.11.25	20:00:00	2625.830	2628.739	2622.628	2626.054	7042	0	159
2024.11.25	21:00:00	2626.010	2628.365	2625.100	2625.642	3418	0	159
2024.11.25	23:00:00	2625.829	2628.564	2605.119	2610.456	11313	0	159
2024.11.26	00:00:00	2610.484	2624.556	2608.477	2619.816	13785	0	159
2024.11.26	01:00:00	2619.791	2632.189	2618.021	2628.097	17239	0	159
2024.11.26	02:00:00	2628.095	2630.533	2624.893	2625.376	10082	0	159
2024.11.26	03:00:00	2625.331	2631.077	2622.924	2630.376	7490	0	159
2024.11.26	04:00:00	2630.343	2631.448	2625.027	2626.416	5060	0	159
2024.11.26	05:00:00	2626.410	2626.539	2617.807	2624.351	8970	0	159
2024.11.26	06:00:00	2624.413	2626.009	2621.103	2622.131	9078	0	159
2024.11.26	07:00:00	2622.088	2622.891	2610.832	2614.036	9267	0	159
2024.11.26	08:00:00	2614.070	2618.315	2612.417	2613.471	10634	0	159
2024.11.26	09:00:00	2613.420	2627.147	2612.877	2625.969	10190	0	159
2024.11.26	10:00:00	2625.993	2633.189	2625.102	2631.381	9096	0	159
2024.11.26	11:00:00	2631.394	2633.226	2627.580	2633.202	8013	0	159
2024.11.26	12:00:00	2633.246	2634.819	2629.274	2630.969	9215	0	159
2024.11.26	13:00:00	2630.939	2641.986	2623.942	2629.925	19317	0	159
2024.11.26	14:00:00	2629.877	2633.836	2616.664	2622.621	22166	0	159
2024.11.26	15:00:00	2622.649	2632.846	2620.278	2629.512	15787	0	159
2024.11.26	16:00:00	2629.528	2631.436	2626.382	2628.711	10013	0	159
2024.11.26	17:00:00	2628.678	2628.678	2624.939	2624.939	7974	0	159
2024.11.26	18:00:00	2624.909	2624.909	2619.498	2623.412	9143	0	159
2024.11.26	19:00:00	2623.375	2629.018	2622.670	2628.025	7160	0	159
2024.11.26	20:00:00	2628.065	2632.873	2627.427	2631.742	5663	0	159
2024.11.26	21:00:00	2631.767	2633.587	2630.745	2632.720	3343	0	159
2024.11.26	23:00:00	2631.285	2634.138	2630.779	2632.254	3199	0	159
2024.11.27	00:00:00	2632.249	2633.120	2627.184	2627.677	3828	0	159
2024.11.27	01:00:00	2627.703	2632.741	2627.017	2631.387	8700	0	159
2024.11.27	02:00:00	2631.352	2640.487	2631.137	2637.510	8300	0	159
2024.11.27	03:00:00	2637.543	2639.453	2635.857	2637.722	5957	0	159
2024.11.27	04:00:00	2637.728	2640.656	2636.555	2638.996	3934	0	159
2024.11.27	05:00:00	2638.979	2645.794	2638.121	2641.985	6713	0	159
2024.11.27	06:00:00	2642.075	2647.969	2638.927	2647.665	9009	0	159
2024.11.27	07:00:00	2647.736	2648.503	2645.905	2646.540	6759	0	159
2024.11.27	08:00:00	2646.502	2653.676	2645.108	2653.440	9652	0	159
2024.11.27	09:00:00	2653.487	2653.920	2647.762	2648.430	6806	0	159
2024.11.27	10:00:00	2648.389	2649.966	2647.696	2648.541	5890	0	159
2024.11.27	11:00:00	2648.575	2652.347	2643.187	2651.115	7362	0	159
2024.11.27	12:00:00	2651.083	2655.004	2649.493	2651.150	7246	0	159
2024.11.27	13:00:00	2651.195	2658.172	2645.754	2656.204	14804	0	159
2024.11.27	14:00:00	2656.219	2656.896	2648.979	2651.343	13697	0	159
2024.11.27	15:00:00	2651.378	2651.535	2635.519	2642.661	21081	0	159
2024.11.27	16:00:00	2642.651	2644.318	2638.042	2638.972	12414	0	159
2024.11.27	17:00:00	2638.946	2642.842	2635.229	2637.304	8908	0	159
2024.11.27	18:00:00	2637.281	2640.748	2636.499	2638.859	6124	0	159
2024.11.27	19:00:00	2638.898	2639.455	2633.693	2634.755	5131	0	159
2024.11.27	20:00:00	2634.721	2639.030	2634.225	2637.035	5300	0	159
2024.11.27	21:00:00	2637.029	2637.503	2634.727	2635.706	2801	0	159
2024.11.27	23:00:00	2637.116	2637.941	2636.236	2637.168	2152	0	159
2024.11.28	00:00:00	2637.123	2638.432	2635.046	2635.678	3798	0	159
2024.11.28	01:00:00	2635.684	2636.315	2620.844	2628.729	19369	0	159
2024.11.28	02:00:00	2628.765	2630.178	2625.591	2628.166	7430	0	159
2024.11.28	03:00:00	2628.129	2632.186	2625.637	2630.275	5472	0	159
2024.11.28	04:00:00	2630.286	2634.010	2629.325	2631.224	3915	0	159
2024.11.28	05:00:00	2631.231	2634.097	2630.091	2633.355	5904	0	159
2024.11.28	06:00:00	2633.384	2639.614	2631.834	2636.730	6703	0	159
2024.11.28	07:00:00	2636.735	2639.309	2634.544	2637.275	5938	0	159
2024.11.28	08:00:00	2637.322	2646.279	2635.668	2644.142	7044	0	159
2024.11.28	09:00:00	2644.105	2647.953	2642.732	2646.089	6457	0	159
2024.11.28	10:00:00	2646.093	2649.674	2644.766	2647.486	5131	0	159
2024.11.28	11:00:00	2647.549	2649.503	2644.861	2646.884	5047	0	159
2024.11.28	12:00:00	2646.881	2647.212	2643.850	2646.089	5401	0	159
2024.11.28	13:00:00	2646.060	2647.897	2642.768	2647.009	9364	0	159
2024.11.28	14:00:00	2647.042	2647.951	2640.829	2641.324	6495	0	159
2024.11.28	15:00:00	2641.268	2643.085	2636.215	2638.104	7334	0	159
2024.11.28	16:00:00	2638.070	2642.458	2637.519	2642.003	5238	0	159
2024.11.28	17:00:00	2642.040	2642.301	2639.577	2640.923	3347	0	159
2024.11.28	18:00:00	2640.960	2641.070	2639.527	2640.603	525	0	160
2024.11.28	23:00:00	2638.680	2639.268	2637.144	2638.765	2375	0	159
2024.11.29	00:00:00	2638.730	2639.203	2635.627	2636.048	4401	0	159
2024.11.29	01:00:00	2636.065	2647.178	2633.969	2644.918	10901	0	159
2024.11.29	02:00:00	2644.871	2662.802	2644.762	2657.450	12261	0	159
2024.11.29	03:00:00	2657.484	2660.627	2654.707	2660.047	7137	0	159
2024.11.29	04:00:00	2660.020	2664.355	2658.323	2659.855	5456	0	159
2024.11.29	05:00:00	2659.800	2664.022	2659.324	2662.378	6786	0	159
2024.11.29	06:00:00	2662.336	2666.383	2661.668	2665.152	7607	0	159
2024.11.29	07:00:00	2665.198	2665.482	2658.992	2660.522	6198	0	159
2024.11.29	08:00:00	2660.557	2662.539	2654.471	2657.324	7116	0	159
2024.11.29	09:00:00	2657.289	2664.701	2655.847	2664.202	7608	0	159
2024.11.29	10:00:00	2664.158	2665.917	2661.310	2662.755	6674	0	159
2024.11.29	11:00:00	2662.754	2664.296	2659.429	2659.610	6359	0	159
2024.11.29	12:00:00	2659.653	2664.969	2658.949	2659.906	7107	0	159
2024.11.29	13:00:00	2659.950	2663.287	2656.120	2657.946	12374	0	159
2024.11.29	14:00:00	2657.990	2662.716	2651.825	2653.509	13579	0	159
2024.11.29	15:00:00	2653.547	2658.946	2650.537	2658.946	12839	0	159
2024.11.29	16:00:00	2659.002	2662.282	2657.920	2662.142	9704	0	159
2024.11.29	17:00:00	2662.154	2662.260	2657.496	2660.559	7190	0	159
2024.11.29	18:00:00	2660.604	2660.708	2655.162	2655.162	3246	0	159
2024.12.01	23:00:00	2649.036	2650.324	2643.057	2645.790	5628	0	159
2024.12.02	00:00:00	2645.826	2647.688	2629.954	2637.430	10413	0	159
2024.12.02	01:00:00	2637.392	2639.177	2622.897	2635.890	19953	0	159
2024.12.02	02:00:00	2635.876	2638.082	2625.498	2626.757	12499	0	159
2024.12.02	03:00:00	2626.787	2631.051	2624.033	2629.272	9846	0	159
2024.12.02	04:00:00	2629.235	2630.539	2626.150	2628.542	5766	0	159
2024.12.02	05:00:00	2628.547	2628.795	2621.818	2623.207	9354	0	159
2024.12.02	06:00:00	2623.170	2627.745	2621.839	2625.981	9464	0	159
2024.12.02	07:00:00	2625.958	2633.664	2625.279	2629.898	8055	0	159
2024.12.02	08:00:00	2629.859	2632.818	2626.514	2629.527	10274	0	159
2024.12.02	09:00:00	2629.511	2636.845	2628.533	2633.666	9296	0	159
2024.12.02	10:00:00	2633.624	2637.682	2633.318	2635.792	7272	0	159
2024.12.02	11:00:00	2635.771	2646.370	2635.660	2641.885	11444	0	159
2024.12.02	12:00:00	2641.837	2645.145	2639.094	2641.034	8672	0	159
2024.12.02	13:00:00	2640.991	2648.866	2637.048	2646.921	15735	0	159
2024.12.02	14:00:00	2646.895	2651.786	2642.469	2645.693	16070	0	159
2024.12.02	15:00:00	2645.786	2649.395	2640.212	2642.318	15866	0	159
2024.12.02	16:00:00	2642.359	2644.372	2638.583	2641.359	11546	0	159
2024.12.02	17:00:00	2641.316	2642.005	2637.317	2638.821	8325	0	159
2024.12.02	18:00:00	2638.832	2638.924	2633.546	2636.947	7521	0	159
2024.12.02	19:00:00	2636.997	2640.205	2636.578	2637.611	5508	0	159
2024.12.02	20:00:00	2637.577	2644.224	2635.288	2637.134	7993	0	159
2024.12.02	21:00:00	2637.104	2639.095	2636.489	2638.713	2938	0	159
2024.12.02	23:00:00	2638.603	2642.943	2638.400	2642.211	2862	0	159
2024.12.03	00:00:00	2642.217	2644.324	2640.497	2641.107	4694	0	159
2024.12.03	01:00:00	2641.142	2645.325	2634.033	2636.508	11137	0	159
2024.12.03	02:00:00	2636.523	2639.095	2634.409	2637.079	8532	0	159
2024.12.03	03:00:00	2637.017	2640.688	2636.224	2640.427	5562	0	159
2024.12.03	04:00:00	2640.441	2643.004	2638.286	2639.895	4827	0	159
2024.12.03	05:00:00	2639.858	2641.984	2637.080	2641.149	5673	0	159
2024.12.03	06:00:00	2641.185	2650.052	2641.185	2646.907	9944	0	159
2024.12.03	07:00:00	2646.933	2647.652	2644.414	2644.622	6736	0	159
2024.12.03	08:00:00	2644.597	2645.398	2639.169	2645.006	9907	0	159
2024.12.03	09:00:00	2645.040	2648.119	2643.854	2643.943	9976	0	159
2024.12.03	10:00:00	2643.963	2645.602	2642.465	2642.813	6143	0	159
2024.12.03	11:00:00	2642.795	2645.584	2642.673	2643.663	5292	0	159
2024.12.03	12:00:00	2643.671	2644.239	2638.159	2639.781	6465	0	159
2024.12.03	13:00:00	2639.820	2653.725	2637.682	2652.836	12264	0	159
2024.12.03	14:00:00	2652.874	2655.660	2645.735	2646.636	15941	0	159
2024.12.03	15:00:00	2646.844	2647.228	2635.194	2640.444	18236	0	159
2024.12.03	16:00:00	2640.408	2648.638	2638.837	2648.306	10916	0	159
2024.12.03	17:00:00	2648.330	2648.801	2643.409	2646.979	8306	0	159
2024.12.03	18:00:00	2646.946	2649.164	2643.053	2645.819	6791	0	159
2024.12.03	19:00:00	2645.858	2646.260	2640.149	2640.998	5763	0	159
2024.12.03	20:00:00	2640.944	2644.226	2640.626	2642.079	4808	0	159
2024.12.03	21:00:00	2642.114	2644.015	2641.899	2643.558	2893	0	159
2024.12.03	23:00:00	2642.906	2643.165	2641.130	2642.725	2529	0	160
2024.12.04	00:00:00	2642.733	2643.563	2639.534	2640.509	3686	0	159
2024.12.04	01:00:00	2640.548	2643.294	2637.618	2642.242	9081	0	159
2024.12.04	02:00:00	2642.216	2648.093	2641.980	2645.781	7804	0	159
2024.12.04	03:00:00	2645.824	2647.871	2643.133	2644.501	5987	0	159
2024.12.04	04:00:00	2644.480	2648.681	2643.743	2648.367	4462	0	159
2024.12.04	05:00:00	2648.334	2651.133	2647.556	2649.702	6306	0	159
2024.12.04	06:00:00	2649.717	2651.403	2647.370	2649.206	6693	0	159
2024.12.04	07:00:00	2649.229	2649.331	2640.334	2641.412	6888	0	159
2024.12.04	08:00:00	2641.321	2642.251	2636.590	2641.268	8261	0	159
2024.12.04	09:00:00	2641.311	2642.735	2638.593	2640.885	7263	0	159
2024.12.04	10:00:00	2640.930	2644.529	2640.232	2644.360	7079	0	159
2024.12.04	11:00:00	2644.375	2647.735	2643.422	2646.168	6950	0	159
2024.12.04	12:00:00	2646.203	2646.545	2636.183	2637.078	8645	0	159
2024.12.04	13:00:00	2637.050	2649.211	2632.330	2648.469	18743	0	159
2024.12.04	14:00:00	2648.429	2653.525	2645.062	2649.409	15936	0	159
2024.12.04	15:00:00	2649.434	2657.147	2648.735	2655.039	19116	0	159
2024.12.04	16:00:00	2655.095	2655.557	2646.943	2649.684	11247	0	159
2024.12.04	17:00:00	2649.709	2652.991	2648.456	2651.325	8108	0	159
2024.12.04	18:00:00	2651.329	2652.974	2648.799	2649.159	6828	0	159
2024.12.04	19:00:00	2649.114	2655.487	2646.793	2651.702	8168	0	159
2024.12.04	20:00:00	2651.653	2651.962	2648.066	2650.077	5575	0	159
2024.12.04	21:00:00	2650.110	2651.200	2648.903	2649.897	2967	0	159
2024.12.04	23:00:00	2649.852	2651.638	2648.707	2650.397	2610	0	159
2024.12.05	00:00:00	2650.404	2650.474	2647.685	2648.382	3876	0	159
2024.12.05	01:00:00	2648.416	2650.717	2646.167	2647.113	7468	0	160
2024.12.05	02:00:00	2647.014	2649.704	2645.259	2646.529	6259	0	159
2024.12.05	03:00:00	2646.522	2649.308	2644.600	2648.866	5008	0	159
2024.12.05	04:00:00	2648.829	2649.654	2645.751	2646.316	3727	0	159
2024.12.05	05:00:00	2646.284	2655.518	2645.500	2653.204	7189	0	159
2024.12.05	06:00:00	2653.159	2654.166	2646.566	2646.962	7758	0	159
2024.12.05	07:00:00	2646.926	2650.904	2645.325	2648.575	6687	0	159
2024.12.05	08:00:00	2648.622	2650.172	2642.005	2643.158	7131	0	159
2024.12.05	09:00:00	2643.163	2646.163	2641.821	2644.825	6553	0	159
2024.12.05	10:00:00	2644.836	2650.338	2644.665	2648.751	5813	0	159
2024.12.05	11:00:00	2648.727	2652.714	2648.140	2651.307	5754	0	159
2024.12.05	12:00:00	2651.351	2653.397	2647.471	2653.220	6974	0	159
2024.12.05	13:00:00	2653.251	2654.517	2644.293	2648.888	14069	0	159
2024.12.05	14:00:00	2648.895	2650.237	2639.571	2640.395	14279	0	159
2024.12.05	15:00:00	2640.356	2641.930	2631.797	2640.270	16813	0	159
2024.12.05	16:00:00	2640.235	2643.395	2632.835	2635.196	10794	0	159
2024.12.05	17:00:00	2635.228	2635.917	2623.662	2627.944	12175	0	159
2024.12.05	18:00:00	2627.952	2629.622	2623.444	2629.523	8567	0	159
2024.12.05	19:00:00	2629.562	2631.729	2628.628	2629.800	6223	0	159
2024.12.05	20:00:00	2629.774	2631.738	2627.977	2631.335	5537	0	159
2024.12.05	21:00:00	2631.351	2632.511	2630.975	2631.813	2529	0	160
2024.12.05	23:00:00	2632.066	2633.832	2631.418	2633.713	2509	0	160
2024.12.06	00:00:00	2633.721	2633.753	2628.195	2628.556	3603	0	159
2024.12.06	01:00:00	2628.592	2630.482	2612.931	2617.604	17066	0	159
2024.12.06	02:00:00	2617.596	2625.529	2616.890	2625.271	7895	0	159
2024.12.06	03:00:00	2625.310	2642.550	2624.861	2640.877	11087	0	159
2024.12.06	04:00:00	2640.875	2644.577	2640.142	2642.281	6096	0	159
2024.12.06	05:00:00	2642.306	2642.670	2635.305	2637.956	7480	0	159
2024.12.06	06:00:00	2637.915	2642.277	2636.355	2639.370	7555	0	159
2024.12.06	07:00:00	2639.328	2640.184	2635.915	2639.682	5861	0	159
2024.12.06	08:00:00	2639.655	2645.250	2637.687	2644.153	7280	0	159
2024.12.06	09:00:00	2644.198	2645.733	2639.763	2640.675	7127	0	159
2024.12.06	10:00:00	2640.694	2640.906	2633.534	2634.195	6146	0	159
2024.12.06	11:00:00	2634.203	2639.337	2632.344	2638.489	5890	0	159
2024.12.06	12:00:00	2638.412	2641.478	2635.690	2638.494	7853	0	159
2024.12.06	13:00:00	2638.451	2643.536	2631.219	2635.757	25126	0	159
2024.12.06	14:00:00	2635.730	2638.936	2624.011	2635.601	28250	0	159
2024.12.06	15:00:00	2635.627	2640.588	2632.583	2637.530	17870	0	159
2024.12.06	16:00:00	2637.563	2641.654	2635.542	2640.400	10856	0	159
2024.12.06	17:00:00	2640.434	2640.642	2634.180	2634.930	8422	0	159
2024.12.06	18:00:00	2634.976	2638.987	2634.074	2636.918	5331	0	159
2024.12.06	19:00:00	2637.024	2637.194	2632.914	2634.544	3168	0	468
2024.12.06	20:00:00	2634.661	2636.145	2631.228	2631.907	3116	0	468
2024.12.06	21:00:00	2631.980	2633.584	2630.872	2632.914	1956	0	469
2024.12.09	02:00:00	2647.828	2648.366	2640.927	2646.077	4470	0	159
2024.12.09	03:00:00	2646.035	2646.670	2638.256	2638.889	7954	0	159
2024.12.09	04:00:00	2638.842	2639.363	2634.553	2635.920	7060	0	159
2024.12.09	05:00:00	2635.961	2640.355	2635.863	2638.377	6884	0	159
2024.12.09	06:00:00	2638.342	2644.566	2638.110	2643.819	7666	0	159
2024.12.09	07:00:00	2643.820	2651.245	2643.021	2650.490	8276	0	159
2024.12.09	08:00:00	2650.523	2651.073	2646.094	2649.296	8044	0	159
2024.12.09	09:00:00	2649.282	2657.456	2648.769	2655.629	7820	0	159
2024.12.09	10:00:00	2655.668	2658.392	2653.477	2657.443	7072	0	159
2024.12.09	11:00:00	2657.489	2660.380	2653.379	2656.184	7161	0	159
2024.12.09	12:00:00	2656.237	2658.307	2653.283	2656.180	7351	0	159
2024.12.09	13:00:00	2656.219	2666.329	2654.690	2665.491	14769	0	159
2024.12.09	14:00:00	2665.517	2675.240	2662.623	2674.044	15684	0	159
2024.12.09	15:00:00	2673.994	2676.454	2666.628	2668.221	15552	0	159
2024.12.09	16:00:00	2668.203	2670.569	2665.564	2667.608	11502	0	159
2024.12.09	17:00:00	2667.597	2669.341	2663.593	2664.500	7059	0	159
2024.12.09	18:00:00	2664.557	2664.631	2661.637	2662.982	6501	0	159
2024.12.09	19:00:00	2662.954	2663.308	2658.859	2660.166	5147	0	160
2024.12.09	20:00:00	2660.201	2660.235	2656.649	2657.873	5048	0	159
2024.12.09	21:00:00	2657.921	2660.965	2657.832	2660.258	3369	0	159
2024.12.09	23:00:00	2660.787	2661.677	2659.619	2660.449	3054	0	159
2024.12.10	00:00:00	2660.486	2665.473	2657.958	2664.961	4697	0	159
2024.12.10	01:00:00	2664.991	2668.669	2660.504	2667.434	10494	0	159
2024.12.10	02:00:00	2667.500	2671.494	2666.168	2669.013	9110	0	159
2024.12.10	03:00:00	2668.977	2671.782	2665.415	2669.918	7617	0	159
2024.12.10	04:00:00	2669.942	2673.909	2669.569	2670.335	5646	0	159
2024.12.10	05:00:00	2670.355	2671.685	2668.247	2668.940	6680	0	159
2024.12.10	06:00:00	2668.897	2670.921	2665.683	2669.991	6777	0	159
2024.12.10	07:00:00	2669.977	2670.848	2663.647	2664.673	6102	0	159
2024.12.10	08:00:00	2664.607	2665.663	2661.161	2663.223	8396	0	159
2024.12.10	09:00:00	2663.180	2666.975	2661.633	2664.938	8013	0	159
2024.12.10	10:00:00	2664.980	2676.839	2664.456	2675.452	8707	0	159
2024.12.10	11:00:00	2675.460	2675.495	2669.767	2674.496	8529	0	159
2024.12.10	12:00:00	2674.539	2679.372	2672.633	2677.714	10695	0	159
2024.12.10	13:00:00	2677.755	2681.961	2672.308	2680.380	12344	0	159
2024.12.10	14:00:00	2680.430	2691.777	2679.461	2688.964	15501	0	159
2024.12.10	15:00:00	2688.917	2690.472	2684.478	2687.446	12546	0	159
2024.12.10	16:00:00	2687.446	2692.547	2684.553	2692.296	10231	0	159
2024.12.10	17:00:00	2692.361	2695.522	2690.432	2694.319	6423	0	159
2024.12.10	18:00:00	2694.260	2695.211	2691.850	2692.462	6155	0	159
2024.12.10	19:00:00	2692.435	2694.553	2691.060	2692.011	5060	0	159
2024.12.10	20:00:00	2691.976	2693.127	2690.877	2691.714	4354	0	159
2024.12.10	21:00:00	2691.758	2694.460	2691.590	2693.655	3007	0	160
2024.12.10	23:00:00	2693.718	2698.378	2693.584	2695.991	3837	0	159
2024.12.11	00:00:00	2695.930	2701.890	2693.416	2701.082	7612	0	159
2024.12.11	01:00:00	2701.107	2703.746	2696.611	2699.961	13916	0	159
2024.12.11	02:00:00	2700.017	2704.348	2698.278	2699.052	13249	0	159
2024.12.11	03:00:00	2699.017	2702.232	2692.316	2695.714	14694	0	159
2024.12.11	04:00:00	2695.619	2696.235	2682.946	2684.834	21551	0	159
2024.12.11	05:00:00	2684.779	2693.656	2675.502	2688.609	24899	0	159
2024.12.11	06:00:00	2688.535	2698.242	2686.501	2696.442	21644	0	159
2024.12.11	07:00:00	2696.477	2696.514	2688.075	2690.644	15508	0	159
2024.12.11	08:00:00	2690.435	2696.052	2689.899	2691.143	7490	0	145
2024.12.11	09:00:00	2691.096	2696.120	2686.296	2695.859	3531	0	154
2024.12.11	10:00:00	2695.711	2699.761	2692.348	2694.519	3480	0	167
2024.12.11	11:00:00	2694.685	2697.618	2692.787	2696.439	3247	0	167
2024.12.11	12:00:00	2696.560	2697.524	2693.707	2695.687	3245	0	167
2024.12.11	13:00:00	2695.732	2702.389	2690.641	2700.991	3718	0	167
2024.12.11	14:00:00	2701.259	2706.886	2696.588	2706.592	3727	0	167
2024.12.11	15:00:00	2706.369	2715.939	2705.276	2713.101	3877	0	167
2024.12.11	16:00:00	2713.213	2718.511	2711.186	2715.161	3538	0	167
2024.12.11	17:00:00	2715.126	2719.896	2714.212	2718.069	3258	0	167
2024.12.11	18:00:00	2717.955	2721.055	2713.900	2714.413	3265	0	167
2024.12.11	19:00:00	2714.127	2719.670	2713.361	2717.965	3242	0	167
2024.12.11	20:00:00	2718.146	2720.065	2716.154	2717.175	3007	0	167
2024.12.11	21:00:00	2717.227	2718.830	2716.052	2718.099	1762	0	168
2024.12.11	23:00:00	2718.647	2720.433	2716.927	2719.922	1931	0	159
2024.12.12	00:00:00	2719.985	2724.341	2718.853	2724.190	2511	0	159
2024.12.12	01:00:00	2724.101	2726.206	2700.251	2711.089	3658	0	159
2024.12.12	02:00:00	2711.029	2711.451	2703.794	2705.991	3042	0	159
2024.12.12	03:00:00	2706.011	2711.440	2705.182	2710.489	2809	0	159
2024.12.12	04:00:00	2710.508	2715.909	2709.689	2712.706	2675	0	159
2024.12.12	05:00:00	2712.684	2716.301	2711.577	2713.665	2768	0	159
2024.12.12	06:00:00	2713.621	2718.516	2710.076	2718.438	2912	0	159
2024.12.12	07:00:00	2718.452	2720.372	2715.343	2716.047	3002	0	159
2024.12.12	08:00:00	2716.209	2719.428	2714.884	2718.042	3336	0	159
2024.12.12	09:00:00	2718.139	2718.685	2714.029	2714.908	3339	0	159
2024.12.12	10:00:00	2714.772	2715.737	2709.786	2711.534	3314	0	159
2024.12.12	11:00:00	2711.314	2713.385	2707.310	2710.934	3536	0	159
2024.12.12	12:00:00	2710.997	2712.392	2706.008	2706.716	3312	0	159
2024.12.12	13:00:00	2706.910	2711.514	2697.372	2697.461	4195	0	159
2024.12.12	14:00:00	2697.321	2699.577	2680.920	2686.645	4812	0	159
2024.12.12	15:00:00	2686.486	2688.253	2675.078	2679.785	4590	0	159
2024.12.12	16:00:00	2679.597	2683.782	2677.248	2683.520	3568	0	159
2024.12.12	17:00:00	2683.532	2686.596	2681.405	2686.285	3388	0	159
2024.12.12	18:00:00	2686.296	2687.039	2682.794	2684.289	3207	0	159
2024.12.12	19:00:00	2684.268	2686.760	2682.561	2683.133	2955	0	159
2024.12.12	20:00:00	2683.187	2683.578	2679.459	2679.848	2983	0	159
2024.12.12	21:00:00	2679.844	2682.942	2679.732	2680.699	2186	0	159
2024.12.12	23:00:00	2680.850	2681.599	2679.843	2680.623	1661	0	159
2024.12.13	00:00:00	2680.617	2685.580	2678.871	2685.488	2515	0	159
2024.12.13	01:00:00	2685.234	2692.778	2685.234	2689.950	3508	0	159
2024.12.13	02:00:00	2689.939	2691.258	2684.411	2686.649	3449	0	159
2024.12.13	03:00:00	2686.574	2691.313	2686.072	2688.114	2994	0	159
2024.12.13	04:00:00	2687.967	2688.628	2685.462	2687.374	2660	0	159
2024.12.13	05:00:00	2687.367	2689.414	2685.083	2688.349	2954	0	159
2024.12.13	06:00:00	2688.513	2690.527	2683.337	2689.585	3146	0	159
2024.12.13	07:00:00	2689.642	2690.158	2681.111	2683.202	3170	0	159
2024.12.13	08:00:00	2682.994	2684.782	2674.453	2675.025	3365	0	159
2024.12.13	09:00:00	2674.846	2677.000	2667.517	2668.896	3597	0	159
2024.12.13	10:00:00	2669.075	2670.076	2665.147	2666.731	3184	0	159
2024.12.13	11:00:00	2666.784	2669.497	2664.390	2664.993	3137	0	159
2024.12.13	12:00:00	2664.800	2672.695	2662.853	2672.416	3381	0	159
2024.12.13	13:00:00	2672.434	2672.865	2659.635	2662.196	3959	0	159
2024.12.13	14:00:00	2661.956	2664.060	2657.370	2660.133	3913	0	159
2024.12.13	15:00:00	2660.122	2662.600	2654.584	2659.888	3765	0	159
2024.12.13	16:00:00	2659.815	2664.566	2658.729	2662.046	3371	0	159
2024.12.13	17:00:00	2662.285	2662.285	2655.620	2656.368	3059	0	159
2024.12.13	18:00:00	2656.351	2657.105	2652.140	2654.182	3108	0	159
2024.12.13	19:00:00	2654.350	2655.307	2652.290	2652.972	2791	0	159
2024.12.13	20:00:00	2653.172	2653.522	2646.429	2647.825	2977	0	159
2024.12.13	21:00:00	2647.638	2649.889	2646.046	2648.392	2322	0	159
2024.12.15	23:00:00	2649.414	2653.127	2648.804	2651.479	1932	0	159
2024.12.16	00:00:00	2651.484	2651.757	2643.493	2647.072	2514	0	159
2024.12.16	01:00:00	2647.099	2655.607	2646.803	2653.422	3350	0	159
2024.12.16	02:00:00	2653.427	2654.716	2650.458	2651.859	2937	0	159
2024.12.16	03:00:00	2651.832	2655.593	2651.701	2653.871	2730	0	159
2024.12.16	04:00:00	2653.874	2654.524	2651.960	2652.802	2304	0	159
2024.12.16	05:00:00	2652.760	2653.455	2649.545	2652.792	2838	0	159
2024.12.16	06:00:00	2652.794	2654.835	2652.091	2653.713	2678	0	159
2024.12.16	07:00:00	2653.718	2655.868	2651.693	2653.690	2795	0	159
2024.12.16	08:00:00	2653.536	2662.043	2652.310	2658.023	5399	0	80
2024.12.16	09:00:00	2657.965	2660.116	2655.753	2658.187	6382	0	159
2024.12.16	10:00:00	2658.193	2661.150	2657.917	2658.864	6121	0	159
2024.12.16	11:00:00	2658.826	2664.168	2657.715	2663.542	6364	0	159
2024.12.16	12:00:00	2663.579	2664.447	2657.412	2659.950	6854	0	159
2024.12.16	13:00:00	2659.968	2664.259	2658.840	2661.970	11368	0	159
2024.12.16	14:00:00	2662.005	2663.035	2654.098	2654.841	11395	0	159
2024.12.16	15:00:00	2654.879	2656.937	2650.833	2654.472	10718	0	159
2024.12.16	16:00:00	2654.438	2655.788	2648.507	2652.195	7601	0	159
2024.12.16	17:00:00	2652.158	2655.420	2651.687	2652.153	5667	0	159
2024.12.16	18:00:00	2652.112	2655.669	2651.345	2655.337	5186	0	159
2024.12.16	19:00:00	2655.367	2655.780	2652.036	2653.299	4330	0	159
2024.12.16	20:00:00	2653.258	2653.631	2651.931	2652.742	4196	0	159
2024.12.16	21:00:00	2652.781	2653.104	2651.460	2652.850	2386	0	160
2024.12.16	23:00:00	2652.485	2653.006	2651.609	2651.744	2327	0	159
2024.12.17	00:00:00	2651.762	2655.496	2651.129	2655.240	3672	0	159
2024.12.17	01:00:00	2655.207	2658.611	2654.313	2658.015	7092	0	159
2024.12.17	02:00:00	2657.979	2658.593	2653.940	2654.973	5749	0	159
2024.12.17	03:00:00	2654.976	2656.214	2651.289	2653.616	5119	0	159
2024.12.17	04:00:00	2653.578	2655.317	2650.858	2651.693	3558	0	159
2024.12.17	05:00:00	2651.686	2654.823	2649.000	2653.791	6274	0	159
2024.12.17	06:00:00	2653.824	2654.646	2646.417	2648.861	7294	0	159
2024.12.17	07:00:00	2648.836	2657.093	2648.110	2653.753	6034	0	159
2024.12.17	08:00:00	2653.727	2653.736	2641.477	2644.234	9343	0	159
2024.12.17	09:00:00	2644.250	2646.121	2637.979	2639.745	11347	0	159
2024.12.17	10:00:00	2639.692	2643.279	2638.115	2638.115	7598	0	159
2024.12.17	11:00:00	2638.154	2642.516	2636.207	2642.187	6650	0	159
2024.12.17	12:00:00	2642.208	2645.538	2640.682	2642.712	6911	0	159
2024.12.17	13:00:00	2642.674	2646.964	2634.749	2637.125	15086	0	159
2024.12.17	14:00:00	2637.139	2642.076	2632.991	2636.726	15550	0	159
2024.12.17	15:00:00	2636.757	2642.953	2635.931	2640.149	10724	0	159
2024.12.17	16:00:00	2640.241	2641.506	2636.665	2638.884	8466	0	159
2024.12.17	17:00:00	2638.848	2647.033	2637.843	2646.001	6405	0	159
2024.12.17	18:00:00	2646.041	2649.079	2644.991	2647.327	5442	0	159
2024.12.17	19:00:00	2647.263	2648.256	2645.181	2645.385	4050	0	159
2024.12.17	20:00:00	2645.427	2646.931	2643.083	2643.605	4399	0	159
2024.12.17	21:00:00	2643.645	2646.364	2643.552	2645.968	2490	0	160
2024.12.17	23:00:00	2645.944	2647.681	2644.807	2647.378	2164	0	160
2024.12.18	00:00:00	2647.365	2650.365	2646.558	2650.002	3793	0	159
2024.12.18	01:00:00	2650.080	2651.707	2648.017	2651.008	6922	0	159
2024.12.18	02:00:00	2651.011	2651.029	2646.961	2647.424	5340	0	159
2024.12.18	03:00:00	2647.390	2648.910	2645.204	2645.669	4895	0	159
2024.12.18	04:00:00	2645.632	2645.962	2642.666	2645.104	4206	0	159
2024.12.18	05:00:00	2645.105	2649.551	2643.883	2647.463	4995	0	159
2024.12.18	06:00:00	2647.425	2647.945	2644.522	2646.673	5629	0	159
2024.12.18	07:00:00	2646.669	2647.375	2643.369	2644.610	5089	0	159
2024.12.18	08:00:00	2644.585	2649.734	2642.074	2647.977	6774	0	159
2024.12.18	09:00:00	2647.940	2649.303	2645.533	2646.857	5891	0	159
2024.12.18	10:00:00	2646.851	2649.417	2646.126	2648.463	4461	0	159
2024.12.18	11:00:00	2648.437	2649.434	2645.809	2646.096	4342	0	159
2024.12.18	12:00:00	2646.106	2647.723	2643.412	2644.061	4602	0	159
2024.12.18	13:00:00	2644.008	2647.546	2641.002	2643.977	9096	0	159
2024.12.18	14:00:00	2643.940	2644.991	2636.893	2638.009	11195	0	159
2024.12.18	15:00:00	2637.968	2638.309	2633.701	2638.145	8714	0	159
2024.12.18	16:00:00	2638.109	2639.502	2633.032	2634.737	6911	0	159
2024.12.18	17:00:00	2634.691	2639.991	2634.536	2636.038	5768	0	160
2024.12.18	18:00:00	2636.069	2638.932	2635.298	2637.140	5120	0	159
2024.12.18	19:00:00	2636.994	2637.005	2604.034	2604.581	30439	0	159
2024.12.18	20:00:00	2604.613	2609.313	2587.166	2592.419	25182	0	159
2024.12.18	21:00:00	2592.468	2595.364	2583.720	2585.955	9233	0	159
2024.12.18	23:00:00	2583.846	2592.310	2583.297	2588.225	6292	0	159
2024.12.19	00:00:00	2588.256	2597.183	2587.957	2595.360	6937	0	159
2024.12.19	01:00:00	2595.317	2618.102	2593.338	2611.966	17051	0	159
2024.12.19	02:00:00	2611.965	2613.971	2606.285	2612.162	10712	0	159
2024.12.19	03:00:00	2612.205	2613.451	2607.619	2610.479	6972	0	160
2024.12.19	04:00:00	2610.505	2611.557	2606.884	2609.163	5242	0	159
2024.12.19	05:00:00	2609.130	2610.631	2606.553	2607.205	5446	0	159
2024.12.19	06:00:00	2607.165	2614.264	2603.300	2612.899	7596	0	159
2024.12.19	07:00:00	2612.948	2622.636	2611.775	2616.554	10497	0	159
2024.12.19	08:00:00	2616.507	2619.273	2613.213	2618.450	8435	0	159
2024.12.19	09:00:00	2618.485	2622.914	2618.377	2620.369	8455	0	159
2024.12.19	10:00:00	2620.379	2626.457	2617.347	2619.438	8030	0	159
2024.12.19	11:00:00	2619.423	2621.986	2616.114	2616.810	6702	0	159
2024.12.19	12:00:00	2616.771	2616.771	2604.350	2606.234	9857	0	159
2024.12.19	13:00:00	2606.190	2606.259	2595.254	2596.290	17454	0	159
2024.12.19	14:00:00	2596.224	2600.807	2591.837	2592.617	18116	0	159
2024.12.19	15:00:00	2592.463	2595.991	2586.951	2588.446	14772	0	159
2024.12.19	16:00:00	2588.402	2596.677	2587.134	2591.653	11315	0	159
2024.12.19	17:00:00	2591.698	2594.222	2590.658	2592.610	7937	0	159
2024.12.19	18:00:00	2592.651	2599.903	2591.872	2599.690	8430	0	159
2024.12.19	19:00:00	2599.636	2600.994	2596.645	2596.790	6585	0	159
2024.12.19	20:00:00	2596.832	2600.343	2596.449	2596.769	6550	0	159
2024.12.19	21:00:00	2596.807	2597.055	2593.131	2593.994	3089	0	159
2024.12.19	23:00:00	2594.705	2595.912	2592.307	2593.519	2638	0	159
2024.12.20	00:00:00	2593.496	2595.332	2590.526	2590.869	3929	0	159
2024.12.20	01:00:00	2590.895	2603.885	2589.593	2603.806	10890	0	159
2024.12.20	02:00:00	2603.842	2604.032	2595.512	2597.071	9105	0	159
2024.12.20	03:00:00	2597.062	2599.073	2595.702	2598.471	5131	0	159
2024.12.20	04:00:00	2598.467	2601.011	2597.423	2597.963	4155	0	159
2024.12.20	05:00:00	2597.962	2601.309	2596.421	2600.275	4925	0	159
2024.12.20	06:00:00	2600.240	2605.388	2598.883	2604.757	6403	0	159
2024.12.20	07:00:00	2604.720	2607.516	2602.343	2606.253	6209	0	159
2024.12.20	08:00:00	2606.285	2607.695	2604.343	2605.531	7791	0	159
2024.12.20	09:00:00	2605.493	2606.717	2603.121	2605.111	6872	0	159
2024.12.20	10:00:00	2605.040	2606.944	2604.008	2604.219	5595	0	159
2024.12.20	11:00:00	2604.202	2604.811	2600.041	2603.694	5868	0	159
2024.12.20	12:00:00	2603.668	2606.195	2602.135	2603.487	6159	0	159
2024.12.20	13:00:00	2603.485	2614.179	2600.340	2609.566	12908	0	159
2024.12.20	14:00:00	2609.517	2618.344	2608.419	2617.226	16672	0	159
2024.12.20	15:00:00	2617.187	2631.214	2616.416	2630.314	16865	0	159
2024.12.20	16:00:00	2630.351	2631.875	2622.293	2625.219	12873	0	159
2024.12.20	17:00:00	2625.246	2627.525	2622.142	2625.547	8919	0	159
2024.12.20	18:00:00	2625.523	2627.373	2623.400	2626.105	9657	0	159
2024.12.20	19:00:00	2626.072	2629.317	2624.929	2627.881	6953	0	159
2024.12.20	20:00:00	2627.845	2628.119	2622.194	2622.750	8735	0	159
2024.12.20	21:00:00	2622.800	2624.034	2619.202	2622.841	2195	0	64
2024.12.22	23:00:00	2623.329	2624.920	2621.740	2624.293	1854	0	159
2024.12.23	00:00:00	2624.398	2625.199	2617.498	2621.648	2518	0	159
2024.12.23	01:00:00	2621.602	2624.183	2618.414	2620.794	3113	0	159
2024.12.23	02:00:00	2620.792	2627.446	2620.522	2625.922	2884	0	159
2024.12.23	03:00:00	2626.190	2626.922	2622.307	2624.106	2667	0	159
2024.12.23	04:00:00	2623.954	2626.389	2623.863	2625.510	2256	0	159
2024.12.23	05:00:00	2625.771	2629.233	2624.971	2626.680	2617	0	160
2024.12.23	06:00:00	2626.636	2633.008	2624.537	2631.564	2843	0	159
2024.12.23	07:00:00	2631.588	2633.240	2629.438	2630.230	2740	0	64
2024.12.23	08:00:00	2630.184	2632.151	2626.038	2629.857	6803	0	159
2024.12.23	09:00:00	2629.833	2630.730	2625.991	2626.436	5695	0	159
2024.12.23	10:00:00	2626.399	2626.908	2618.993	2619.491	6796	0	159
2024.12.23	11:00:00	2619.453	2620.109	2612.959	2616.260	6979	0	159
2024.12.23	12:00:00	2616.292	2618.688	2614.065	2615.065	6613	0	159
2024.12.23	13:00:00	2615.036	2619.865	2613.945	2617.306	8690	0	159
2024.12.23	14:00:00	2617.335	2619.898	2613.630	2615.719	9242	0	159
2024.12.23	15:00:00	2615.717	2616.665	2609.249	2609.762	12196	0	159
2024.12.23	16:00:00	2609.798	2616.097	2608.078	2615.942	11058	0	159
2024.12.23	17:00:00	2615.978	2616.602	2610.646	2611.223	7815	0	159
2024.12.23	18:00:00	2611.194	2612.792	2609.915	2610.417	6277	0	159
2024.12.23	19:00:00	2610.457	2612.550	2609.580	2611.084	4765	0	159
2024.12.23	20:00:00	2611.129	2612.596	2609.147	2610.830	4404	0	159
2024.12.23	21:00:00	2610.868	2613.782	2610.228	2613.420	2031	0	159
2024.12.23	23:00:00	2613.786	2617.082	2613.087	2615.492	2967	0	160
2024.12.24	00:00:00	2615.546	2617.389	2613.517	2616.716	3117	0	159
2024.12.24	01:00:00	2616.758	2618.000	2614.500	2617.558	6279	0	159
2024.12.24	02:00:00	2617.522	2619.928	2616.713	2616.915	4872	0	159
2024.12.24	03:00:00	2616.879	2618.697	2615.681	2618.697	4178	0	159
2024.12.24	04:00:00	2618.729	2620.482	2618.248	2620.191	3589	0	159
2024.12.24	05:00:00	2620.235	2621.405	2618.346	2619.274	4467	0	159
2024.12.24	06:00:00	2619.233	2619.778	2616.422	2618.982	5040	0	159
2024.12.24	07:00:00	2618.975	2621.472	2617.949	2618.459	4613	0	159
2024.12.24	08:00:00	2618.503	2619.820	2616.818	2617.395	4587	0	159
2024.12.24	09:00:00	2617.358	2618.337	2613.362	2613.551	4717	0	159
2024.12.24	10:00:00	2613.551	2617.906	2613.088	2615.573	4735	0	159
2024.12.24	11:00:00	2615.536	2616.263	2612.393	2615.152	4353	0	159
2024.12.24	12:00:00	2615.199	2616.407	2612.526	2613.747	5300	0	159
2024.12.24	13:00:00	2613.694	2614.720	2611.246	2614.269	7281	0	159
2024.12.24	14:00:00	2614.302	2617.241	2610.099	2610.933	8072	0	159
2024.12.24	15:00:00	2610.921	2613.474	2610.019	2611.670	7835	0	159
2024.12.24	16:00:00	2611.701	2617.811	2611.492	2615.955	6423	0	159
2024.12.24	17:00:00	2615.905	2619.335	2615.184	2617.134	9354	0	159
2024.12.24	18:00:00	2617.084	2617.887	2614.854	2616.713	2180	0	160
2024.12.25	23:00:00	2615.621	2620.115	2615.371	2618.656	2412	0	160
2024.12.26	00:00:00	2618.647	2622.797	2618.615	2621.538	3302	0	159
2024.12.26	01:00:00	2621.575	2627.787	2620.804	2626.656	6510	0	159
2024.12.26	02:00:00	2626.637	2627.858	2625.776	2627.538	4139	0	159
2024.12.26	03:00:00	2627.568	2629.113	2625.718	2626.902	4423	0	160
2024.12.26	04:00:00	2626.889	2629.252	2626.298	2627.378	3114	0	159
2024.12.26	05:00:00	2627.383	2628.331	2625.978	2626.423	4124	0	159
2024.12.26	06:00:00	2626.324	2627.365	2624.623	2626.155	3901	0	159
2024.12.26	07:00:00	2626.183	2629.713	2623.599	2625.413	4621	0	159
2024.12.26	08:00:00	2625.398	2629.042	2625.132	2627.474	4731	0	159
2024.12.26	09:00:00	2627.467	2628.275	2625.832	2627.368	3501	0	160
2024.12.26	10:00:00	2627.411	2629.395	2626.742	2628.716	3742	0	159
2024.12.26	11:00:00	2628.718	2630.019	2627.782	2627.882	4267	0	160
2024.12.26	12:00:00	2627.855	2628.458	2624.640	2626.646	4916	0	159
2024.12.26	13:00:00	2626.611	2631.163	2621.706	2623.113	9552	0	159
2024.12.26	14:00:00	2623.123	2630.139	2622.474	2629.979	8149	0	159
2024.12.26	15:00:00	2629.964	2639.151	2629.074	2636.479	8508	0	159
2024.12.26	16:00:00	2636.527	2636.838	2631.503	2632.118	7046	0	159
2024.12.26	17:00:00	2632.157	2632.263	2627.885	2629.325	6171	0	159
2024.12.26	18:00:00	2629.277	2635.967	2629.183	2634.761	6631	0	159
2024.12.26	19:00:00	2634.735	2635.810	2632.719	2634.952	4596	0	159
2024.12.26	20:00:00	2634.874	2636.162	2633.748	2634.405	5838	0	159
2024.12.26	21:00:00	2634.434	2634.624	2633.117	2633.486	2589	0	159
2024.12.26	23:00:00	2628.916	2634.490	2624.636	2632.684	3805	0	159
2024.12.27	00:00:00	2632.689	2634.050	2631.303	2631.387	3065	0	159
2024.12.27	01:00:00	2631.351	2633.866	2630.624	2632.140	6007	0	159
2024.12.27	02:00:00	2632.057	2633.674	2628.886	2632.931	5372	0	159
2024.12.27	03:00:00	2632.932	2635.512	2631.647	2633.715	5477	0	159
2024.12.27	04:00:00	2633.744	2633.965	2631.987	2633.504	3414	0	159
2024.12.27	05:00:00	2633.513	2634.179	2631.338	2631.342	3928	0	159
2024.12.27	06:00:00	2631.311	2637.049	2631.250	2634.692	5514	0	159
2024.12.27	07:00:00	2634.744	2638.314	2633.127	2633.638	5990	0	159
2024.12.27	08:00:00	2633.599	2633.599	2626.072	2626.195	6503	0	159
2024.12.27	09:00:00	2626.198	2627.707	2623.635	2624.044	4842	0	159
2024.12.27	10:00:00	2624.011	2628.063	2623.452	2626.676	5041	0	159
2024.12.27	11:00:00	2626.711	2628.856	2625.100	2628.642	4773	0	159
2024.12.27	12:00:00	2628.638	2631.550	2625.619	2626.213	5698	0	159
2024.12.27	13:00:00	2626.260	2627.317	2618.066	2618.778	11349	0	159
2024.12.27	14:00:00	2618.828	2619.414	2611.608	2615.761	13018	0	159
2024.12.27	15:00:00	2615.718	2619.497	2612.897	2618.134	10756	0	159
2024.12.27	16:00:00	2618.174	2619.779	2615.263	2617.891	7429	0	159
2024.12.27	17:00:00	2617.937	2618.303	2614.117	2615.839	7497	0	159
2024.12.27	18:00:00	2615.877	2620.148	2615.287	2618.689	5645	0	159
2024.12.27	19:00:00	2618.712	2621.394	2617.417	2620.685	4610	0	160
2024.12.27	20:00:00	2620.719	2620.847	2612.712	2615.458	6212	0	159
2024.12.27	21:00:00	2615.419	2621.980	2615.320	2621.623	3575	0	159
2024.12.29	23:00:00	2621.977	2626.156	2621.632	2624.035	4007	0	159
2024.12.30	00:00:00	2624.080	2625.489	2621.486	2622.555	3326	0	159
2024.12.30	01:00:00	2622.592	2626.857	2622.106	2624.346	7618	0	159
2024.12.30	02:00:00	2624.359	2625.466	2622.360	2623.965	5099	0	159
2024.12.30	03:00:00	2623.930	2628.175	2623.161	2626.579	4508	0	159
2024.12.30	04:00:00	2626.567	2626.567	2621.488	2622.243	3640	0	159
2024.12.30	05:00:00	2622.205	2624.192	2620.469	2623.748	4800	0	159
2024.12.30	06:00:00	2623.708	2624.674	2618.319	2619.131	5515	0	159
2024.12.30	07:00:00	2619.098	2620.010	2615.813	2616.784	5175	0	159
2024.12.30	08:00:00	2616.747	2617.456	2609.234	2611.870	6647	0	159
2024.12.30	09:00:00	2611.935	2617.520	2611.404	2612.820	5937	0	159
2024.12.30	10:00:00	2612.823	2615.243	2610.515	2610.564	5273	0	159
2024.12.30	11:00:00	2610.529	2618.664	2609.092	2616.332	5654	0	159
2024.12.30	12:00:00	2616.332	2622.509	2615.657	2621.556	4866	0	159
2024.12.30	13:00:00	2621.529	2622.635	2606.456	2606.679	10982	0	159
2024.12.30	14:00:00	2606.721	2613.773	2605.349	2611.517	11432	0	159
2024.12.30	15:00:00	2611.550	2611.703	2599.562	2601.599	13842	0	159
2024.12.30	16:00:00	2601.613	2602.793	2596.042	2599.729	9286	0	159
2024.12.30	17:00:00	2599.783	2605.558	2599.783	2605.141	7358	0	159
2024.12.30	18:00:00	2605.181	2606.742	2603.400	2606.125	5975	0	159
2024.12.30	19:00:00	2606.120	2608.390	2603.638	2607.160	5069	0	159
2024.12.30	20:00:00	2607.169	2609.518	2606.426	2607.789	5084	0	159
2024.12.30	21:00:00	2607.816	2608.027	2605.828	2606.303	2136	0	159
2024.12.30	23:00:00	2606.636	2607.319	2603.863	2606.677	2233	0	159
2024.12.31	00:00:00	2606.717	2608.671	2605.003	2607.726	2383	0	159
2024.12.31	01:00:00	2607.701	2611.608	2606.604	2608.975	5765	0	159
2024.12.31	02:00:00	2608.952	2609.615	2606.852	2607.107	4123	0	159
2024.12.31	03:00:00	2607.057	2607.574	2603.508	2604.613	4287	0	159
2024.12.31	04:00:00	2604.612	2607.104	2604.297	2606.559	3225	0	159
2024.12.31	05:00:00	2606.536	2608.155	2602.591	2604.357	3876	0	160
2024.12.31	06:00:00	2604.340	2608.651	2603.555	2607.866	5752	0	159
2024.12.31	07:00:00	2607.884	2614.080	2607.325	2613.694	4867	0	159
2024.12.31	08:00:00	2613.735	2617.796	2612.829	2616.582	5726	0	159
2024.12.31	09:00:00	2616.564	2616.883	2613.079	2615.218	4809	0	159
2024.12.31	10:00:00	2615.258	2615.815	2610.854	2611.786	5328	0	159
2024.12.31	11:00:00	2611.798	2614.221	2609.714	2611.051	4835	0	159
2024.12.31	12:00:00	2611.016	2612.818	2609.299	2611.170	5389	0	159
2024.12.31	13:00:00	2611.213	2616.199	2605.300	2613.224	8889	0	159
2024.12.31	14:00:00	2613.290	2617.843	2611.278	2613.665	9665	0	159
2024.12.31	15:00:00	2613.598	2626.638	2612.436	2625.632	11242	0	159
2024.12.31	16:00:00	2625.608	2627.161	2622.229	2625.395	8815	0	159
2024.12.31	17:00:00	2625.430	2627.555	2623.224	2624.273	6456	0	159
2024.12.31	18:00:00	2624.236	2627.233	2622.695	2624.788	6335	0	159
2024.12.31	19:00:00	2624.815	2627.258	2622.852	2623.840	4491	0	159
2024.12.31	20:00:00	2623.796	2625.024	2622.190	2623.216	4228	0	159
2024.12.31	21:00:00	2623.181	2624.925	2622.903	2624.381	1908	0	159
2025.01.01	23:00:00	2625.179	2625.839	2621.641	2623.766	3110	0	159
2025.01.02	00:00:00	2623.798	2627.937	2622.720	2625.373	3988	0	159
2025.01.02	01:00:00	2625.414	2634.386	2623.813	2632.921	11185	0	159
2025.01.02	02:00:00	2632.946	2636.540	2632.318	2634.701	6417	0	159
2025.01.02	03:00:00	2634.666	2635.341	2632.268	2633.644	4296	0	159
2025.01.02	04:00:00	2633.633	2634.213	2631.050	2633.925	3619	0	159
2025.01.02	05:00:00	2633.924	2636.497	2633.094	2634.036	4436	0	160
2025.01.02	06:00:00	2633.937	2635.437	2631.203	2634.127	4887	0	159
2025.01.02	07:00:00	2634.126	2635.994	2632.992	2635.915	4644	0	159
2025.01.02	08:00:00	2635.953	2637.830	2631.123	2636.432	6518	0	160
2025.01.02	09:00:00	2636.417	2639.978	2635.879	2636.139	6360	0	159
2025.01.02	10:00:00	2636.128	2646.379	2632.744	2642.691	8992	0	159
2025.01.02	11:00:00	2642.701	2644.692	2640.255	2641.974	5713	0	159
2025.01.02	12:00:00	2642.008	2646.449	2640.305	2643.446	6321	0	159
2025.01.02	13:00:00	2643.400	2647.341	2636.005	2643.006	13501	0	159
2025.01.02	14:00:00	2642.964	2651.066	2640.361	2647.518	14512	0	159
2025.01.02	15:00:00	2647.491	2655.843	2645.189	2654.130	12426	0	159
2025.01.02	16:00:00	2654.062	2660.419	2650.034	2659.284	10733	0	159
2025.01.02	17:00:00	2659.325	2660.457	2652.515	2656.471	8060	0	159
2025.01.02	18:00:00	2656.477	2658.756	2653.757	2655.483	7655	0	159
2025.01.02	19:00:00	2655.524	2657.161	2653.805	2654.740	5904	0	159
2025.01.02	20:00:00	2654.775	2660.463	2654.151	2659.621	5861	0	159
2025.01.02	21:00:00	2659.667	2660.233	2656.550	2657.442	2775	0	159
2025.01.02	23:00:00	2657.396	2659.539	2657.322	2658.328	2574	0	159
2025.01.03	00:00:00	2658.371	2661.162	2658.368	2660.717	3382	0	159
2025.01.03	01:00:00	2660.745	2662.583	2656.708	2659.414	5850	0	159
2025.01.03	02:00:00	2659.425	2664.049	2656.109	2662.413	7776	0	159
2025.01.03	03:00:00	2662.443	2665.214	2661.238	2662.288	5406	0	159
2025.01.03	04:00:00	2662.255	2664.409	2661.680	2662.839	3077	0	159
2025.01.03	05:00:00	2662.869	2662.915	2655.909	2658.550	4765	0	159
2025.01.03	06:00:00	2658.542	2660.247	2656.707	2659.610	5034	0	159
2025.01.03	07:00:00	2659.518	2659.550	2651.924	2654.164	6417	0	159
2025.01.03	08:00:00	2654.122	2655.773	2649.890	2652.951	6997	0	159
2025.01.03	09:00:00	2652.975	2656.006	2652.820	2653.590	5441	0	159
2025.01.03	10:00:00	2653.609	2657.976	2653.007	2657.617	4887	0	159
2025.01.03	11:00:00	2657.580	2659.258	2656.332	2658.361	3507	0	159
2025.01.03	12:00:00	2657.003	2657.461	2655.209	2655.291	954	0	160
2025.01.03	13:00:00	2655.257	2656.394	2643.387	2649.834	11144	0	159
2025.01.03	14:00:00	2649.789	2652.672	2645.075	2647.827	12081	0	159
2025.01.03	15:00:00	2647.730	2648.285	2640.952	2643.842	13756	0	159
2025.01.03	16:00:00	2643.812	2647.264	2638.954	2639.968	8477	0	159
2025.01.03	17:00:00	2639.934	2642.617	2639.043	2641.763	6551	0	159
2025.01.03	18:00:00	2641.726	2642.361	2639.763	2641.827	5938	0	159
2025.01.03	19:00:00	2641.831	2642.951	2639.135	2639.424	4292	0	159
2025.01.03	20:00:00	2639.394	2640.094	2636.881	2638.163	4559	0	159
2025.01.03	21:00:00	2638.196	2640.740	2636.644	2640.370	3387	0	160
2025.01.05	23:00:00	2639.644	2642.394	2639.644	2641.063	3245	0	160
2025.01.06	00:00:00	2641.098	2643.296	2638.604	2643.191	4324	0	160
2025.01.06	01:00:00	2643.223	2647.426	2640.748	2641.333	8222	0	159
2025.01.06	02:00:00	2641.292	2645.295	2639.726	2644.523	5969	0	159
2025.01.06	03:00:00	2644.493	2645.355	2639.137	2640.190	5118	0	159
2025.01.06	04:00:00	2640.203	2640.824	2634.197	2635.534	5510	0	159
2025.01.06	05:00:00	2635.531	2636.240	2631.450	2633.892	6874	0	159
2025.01.06	06:00:00	2633.879	2635.346	2630.173	2631.460	6025	0	159
2025.01.06	07:00:00	2631.425	2633.634	2625.058	2626.902	6685	0	159
2025.01.06	08:00:00	2626.889	2632.547	2625.755	2631.506	6377	0	159
2025.01.06	09:00:00	2631.427	2635.724	2631.150	2632.699	6156	0	159
2025.01.06	10:00:00	2632.713	2635.052	2630.930	2633.825	4935	0	159
2025.01.06	11:00:00	2633.852	2649.489	2632.498	2645.600	14621	0	159
2025.01.06	12:00:00	2645.564	2647.861	2641.973	2645.395	8956	0	159
2025.01.06	13:00:00	2645.366	2648.848	2621.685	2624.254	22121	0	159
2025.01.06	14:00:00	2624.190	2635.030	2614.426	2631.588	28050	0	159
2025.01.06	15:00:00	2631.577	2639.641	2629.445	2634.392	17077	0	159
2025.01.06	16:00:00	2634.421	2641.381	2632.513	2640.729	9603	0	159
2025.01.06	17:00:00	2640.727	2641.053	2634.150	2636.641	6502	0	159
2025.01.06	18:00:00	2636.689	2638.599	2633.719	2634.619	6921	0	159
2025.01.06	19:00:00	2634.583	2635.517	2632.870	2634.373	5687	0	159
2025.01.06	20:00:00	2634.410	2635.484	2633.132	2634.664	4770	0	159
2025.01.06	21:00:00	2634.617	2637.067	2634.617	2635.748	2279	0	159
2025.01.06	23:00:00	2635.919	2636.270	2633.497	2634.681	2152	0	159
2025.01.07	00:00:00	2634.634	2635.185	2632.918	2635.075	3067	0	159
2025.01.07	01:00:00	2635.034	2641.146	2634.755	2639.017	7680	0	159
2025.01.07	02:00:00	2639.022	2640.058	2636.941	2638.610	5011	0	159
2025.01.07	03:00:00	2638.637	2640.202	2637.569	2639.563	3604	0	159
2025.01.07	04:00:00	2639.560	2639.738	2637.311	2638.266	3352	0	159
2025.01.07	05:00:00	2638.280	2645.708	2637.020	2644.439	5770	0	159
2025.01.07	06:00:00	2644.401	2646.757	2639.873	2640.246	5822	0	159
2025.01.07	07:00:00	2640.242	2642.203	2638.026	2640.487	5186	0	159
2025.01.07	08:00:00	2640.444	2644.838	2640.050	2642.652	5807	0	159
2025.01.07	09:00:00	2642.597	2644.180	2640.140	2641.329	5093	0	159
2025.01.07	10:00:00	2641.375	2644.747	2641.324	2643.838	4764	0	160
2025.01.07	11:00:00	2643.873	2648.689	2642.014	2648.348	5243	0	159
2025.01.07	12:00:00	2648.393	2652.752	2647.358	2651.603	7207	0	159
2025.01.07	13:00:00	2651.642	2664.264	2649.896	2662.548	15901	0	159
2025.01.07	14:00:00	2662.589	2663.004	2655.802	2658.486	12833	0	159
2025.01.07	15:00:00	2658.531	2658.531	2641.885	2647.700	22204	0	159
2025.01.07	16:00:00	2647.631	2655.589	2646.383	2651.782	13656	0	159
2025.01.07	17:00:00	2651.825	2656.040	2650.213	2652.379	9239	0	159
2025.01.07	18:00:00	2652.408	2652.555	2647.193	2649.030	9775	0	159
2025.01.07	19:00:00	2649.090	2650.343	2646.928	2649.248	8718	0	159
2025.01.07	20:00:00	2649.298	2651.444	2647.195	2650.469	6406	0	159
2025.01.07	21:00:00	2650.501	2650.541	2647.731	2648.743	2262	0	159
2025.01.07	23:00:00	2649.303	2650.193	2648.355	2649.807	2454	0	160
2025.01.08	00:00:00	2649.817	2651.515	2648.721	2650.544	3389	0	159
2025.01.08	01:00:00	2650.586	2650.905	2647.083	2648.781	6627	0	160
2025.01.08	02:00:00	2648.779	2650.395	2645.925	2648.928	4844	0	159
2025.01.08	03:00:00	2648.932	2648.932	2645.569	2646.749	4157	0	159
2025.01.08	04:00:00	2646.728	2648.652	2645.229	2646.991	3240	0	159
2025.01.08	05:00:00	2646.998	2650.784	2646.633	2650.010	4562	0	159
2025.01.08	06:00:00	2650.065	2653.092	2648.876	2652.088	5181	0	159
2025.01.08	07:00:00	2652.078	2654.452	2651.618	2652.619	4566	0	159
2025.01.08	08:00:00	2652.651	2653.796	2649.577	2651.948	5928	0	159
2025.01.08	09:00:00	2651.910	2655.001	2651.792	2653.462	5200	0	159
2025.01.08	10:00:00	2653.534	2655.158	2652.648	2653.169	4955	0	159
2025.01.08	11:00:00	2653.129	2653.133	2647.595	2650.925	7340	0	159
2025.01.08	12:00:00	2650.839	2652.524	2645.807	2652.010	6913	0	159
2025.01.08	13:00:00	2651.961	2660.275	2651.536	2660.214	14046	0	159
2025.01.08	14:00:00	2660.184	2667.659	2660.002	2661.438	16240	0	159
2025.01.08	15:00:00	2661.350	2667.835	2659.398	2665.818	13076	0	159
2025.01.08	16:00:00	2665.840	2670.053	2662.641	2669.586	8934	0	159
2025.01.08	17:00:00	2669.625	2669.898	2649.388	2655.575	13186	0	159
2025.01.08	18:00:00	2655.624	2659.155	2651.764	2651.781	8758	0	159
2025.01.08	19:00:00	2653.750	2660.590	2653.376	2658.328	7852	0	159
2025.01.08	20:00:00	2658.362	2664.059	2658.276	2663.451	6977	0	159
2025.01.08	21:00:00	2663.483	2664.075	2660.938	2661.519	4629	0	159
2025.01.08	23:00:00	2662.413	2663.211	2661.989	2662.507	2042	0	159
2025.01.09	00:00:00	2662.526	2662.850	2659.499	2659.996	3307	0	159
2025.01.09	01:00:00	2659.957	2661.361	2657.325	2658.641	5627	0	159
2025.01.09	02:00:00	2658.599	2660.140	2656.270	2658.774	4818	0	159
2025.01.09	03:00:00	2658.801	2662.148	2658.488	2659.369	3932	0	159
2025.01.09	04:00:00	2659.335	2659.792	2655.471	2658.923	3663	0	159
2025.01.09	05:00:00	2658.926	2660.960	2657.555	2658.264	4870	0	159
2025.01.09	06:00:00	2658.259	2666.973	2658.259	2666.702	5030	0	159
2025.01.09	07:00:00	2666.735	2666.735	2662.328	2662.450	5154	0	159
2025.01.09	08:00:00	2662.418	2666.962	2660.435	2664.409	7561	0	159
2025.01.09	09:00:00	2664.458	2666.552	2662.302	2664.976	6236	0	159
2025.01.09	10:00:00	2664.995	2668.581	2664.477	2667.419	5170	0	160
2025.01.09	11:00:00	2667.471	2673.299	2665.246	2670.249	8518	0	159
2025.01.09	12:00:00	2670.206	2675.178	2669.456	2674.021	6727	0	159
2025.01.09	13:00:00	2674.001	2678.351	2671.985	2672.715	10444	0	159
2025.01.09	14:00:00	2672.691	2675.797	2667.196	2672.486	9575	0	159
2025.01.09	15:00:00	2672.485	2675.427	2668.091	2668.326	9255	0	159
2025.01.09	16:00:00	2668.320	2671.039	2666.291	2667.496	7431	0	159
2025.01.09	17:00:00	2667.465	2668.608	2662.691	2665.938	7661	0	159
2025.01.09	18:00:00	2665.897	2672.510	2665.041	2671.324	7380	0	159
2025.01.09	19:00:00	2671.366	2671.788	2668.552	2670.190	5434	0	159
2025.01.09	20:00:00	2670.154	2670.908	2669.247	2669.530	3545	0	160
2025.01.09	21:00:00	2669.534	2671.332	2668.957	2669.984	1990	0	159
2025.01.09	23:00:00	2670.696	2671.318	2668.492	2669.950	2775	0	159
2025.01.10	00:00:00	2669.978	2671.213	2668.973	2670.498	3542	0	160
2025.01.10	01:00:00	2670.528	2671.832	2669.225	2670.952	5685	0	159
2025.01.10	02:00:00	2670.925	2674.729	2670.520	2673.486	5399	0	159
2025.01.10	03:00:00	2673.517	2674.771	2672.468	2673.658	3942	0	159
2025.01.10	04:00:00	2673.631	2674.067	2671.825	2671.855	3208	0	160
2025.01.10	05:00:00	2671.813	2675.891	2671.556	2674.916	4445	0	159
2025.01.10	06:00:00	2674.908	2678.552	2674.233	2678.163	5378	0	159
2025.01.10	07:00:00	2678.179	2678.743	2673.469	2676.146	6614	0	159
2025.01.10	08:00:00	2676.181	2680.469	2675.713	2680.057	8862	0	159
2025.01.10	09:00:00	2680.021	2682.389	2677.592	2678.485	7818	0	159
2025.01.10	10:00:00	2678.532	2682.687	2678.205	2680.936	8452	0	159
2025.01.10	11:00:00	2680.950	2683.088	2680.242	2681.402	5969	0	159
2025.01.10	12:00:00	2681.363	2681.401	2674.811	2678.290	8000	0	159
2025.01.10	13:00:00	2678.321	2683.771	2663.991	2682.687	29195	0	159
2025.01.10	14:00:00	2682.626	2693.406	2680.790	2687.851	42250	0	159
2025.01.10	15:00:00	2687.856	2698.026	2682.398	2692.683	40610	0	159
2025.01.10	16:00:00	2692.592	2697.163	2686.727	2696.162	27654	0	159
2025.01.10	17:00:00	2696.207	2697.915	2692.413	2696.107	16851	0	159
2025.01.10	18:00:00	2696.016	2697.196	2685.110	2687.303	14112	0	159
2025.01.10	19:00:00	2687.338	2687.801	2684.586	2685.855	9237	0	159
2025.01.10	20:00:00	2685.890	2690.886	2684.500	2690.728	8492	0	159
2025.01.10	21:00:00	2690.679	2693.773	2689.005	2689.565	8410	0	159
2025.01.12	23:00:00	2689.769	2691.364	2687.574	2691.105	5113	0	159
2025.01.13	00:00:00	2691.128	2693.368	2688.103	2689.726	4493	0	159
2025.01.13	01:00:00	2689.730	2690.015	2679.294	2685.548	17750	0	159
2025.01.13	02:00:00	2685.590	2690.554	2684.862	2688.656	8220	0	159
2025.01.13	03:00:00	2688.564	2688.697	2685.362	2687.938	7073	0	159
2025.01.13	04:00:00	2687.979	2690.854	2684.307	2686.040	7988	0	159
2025.01.13	05:00:00	2686.068	2686.979	2683.273	2686.936	9778	0	159
2025.01.13	06:00:00	2687.000	2691.323	2686.894	2689.960	7898	0	159
2025.01.13	07:00:00	2689.935	2690.543	2684.440	2685.102	10728	0	159
2025.01.13	08:00:00	2685.074	2689.770	2684.028	2687.145	12796	0	159
2025.01.13	09:00:00	2687.074	2688.325	2682.876	2684.871	13488	0	159
2025.01.13	10:00:00	2684.823	2685.134	2677.260	2679.420	12434	0	159
2025.01.13	11:00:00	2679.371	2680.566	2675.449	2675.952	10030	0	159
2025.01.13	12:00:00	2675.911	2677.164	2664.398	2671.286	21049	0	159
2025.01.13	13:00:00	2671.312	2672.281	2663.693	2669.073	27325	0	159
2025.01.13	14:00:00	2669.136	2674.237	2664.044	2671.727	22335	0	159
2025.01.13	15:00:00	2671.688	2672.872	2661.045	2661.867	18408	0	159
2025.01.13	16:00:00	2661.792	2667.993	2660.625	2661.322	12832	0	159
2025.01.13	17:00:00	2661.332	2664.140	2659.183	2660.822	10473	0	159
2025.01.13	18:00:00	2660.815	2662.449	2657.525	2659.289	9265	0	159
2025.01.13	19:00:00	2659.297	2660.661	2656.768	2658.895	6908	0	159
2025.01.13	20:00:00	2658.959	2662.823	2658.734	2662.194	5385	0	159
2025.01.13	21:00:00	2662.241	2664.140	2660.834	2663.651	3263	0	159
2025.01.13	23:00:00	2663.152	2669.391	2663.067	2667.978	4124	0	159
2025.01.14	00:00:00	2668.013	2671.106	2666.397	2670.601	4997	0	159
2025.01.14	01:00:00	2670.534	2672.238	2667.848	2670.749	10170	0	159
2025.01.14	02:00:00	2670.788	2672.223	2668.450	2670.570	7800	0	159
2025.01.14	03:00:00	2670.522	2672.264	2668.861	2669.818	6955	0	159
2025.01.14	04:00:00	2669.772	2674.073	2668.424	2673.528	4986	0	159
2025.01.14	05:00:00	2673.573	2675.370	2667.392	2668.533	7619	0	159
2025.01.14	06:00:00	2668.507	2669.677	2667.402	2669.079	7432	0	159
2025.01.14	07:00:00	2669.078	2670.880	2667.145	2669.154	7785	0	159
2025.01.14	08:00:00	2669.196	2674.473	2667.239	2670.978	9840	0	159
2025.01.14	09:00:00	2670.919	2671.675	2664.832	2667.322	8238	0	159
2025.01.14	10:00:00	2667.368	2668.905	2664.681	2666.681	7494	0	159
2025.01.14	11:00:00	2666.704	2669.869	2664.419	2669.331	6929	0	159
2025.01.14	12:00:00	2669.287	2671.583	2666.456	2668.289	8260	0	159
2025.01.14	13:00:00	2668.237	2674.419	2660.651	2662.985	22168	0	159
2025.01.14	14:00:00	2662.940	2666.053	2659.802	2665.242	18943	0	159
2025.01.14	15:00:00	2665.285	2672.869	2665.070	2671.779	14464	0	159
2025.01.14	16:00:00	2671.826	2673.960	2669.826	2671.715	11185	0	159
2025.01.14	17:00:00	2671.680	2672.099	2668.070	2669.006	8531	0	159
2025.01.14	18:00:00	2668.967	2672.546	2666.703	2672.316	8099	0	159
2025.01.14	19:00:00	2672.349	2676.308	2671.843	2674.245	6646	0	159
2025.01.14	20:00:00	2674.209	2676.524	2671.837	2676.505	7010	0	159
2025.01.14	21:00:00	2676.458	2678.294	2675.853	2677.148	3457	0	159
2025.01.14	23:00:00	2677.397	2677.728	2673.995	2675.589	2889	0	159
2025.01.15	00:00:00	2675.580	2676.100	2672.577	2672.768	2707	0	160
2025.01.15	01:00:00	2672.772	2674.276	2669.891	2669.944	5251	0	159
2025.01.15	02:00:00	2669.967	2675.058	2669.384	2673.409	5916	0	159
2025.01.15	03:00:00	2673.460	2676.321	2672.341	2676.091	4954	0	160
2025.01.15	04:00:00	2676.052	2676.716	2674.146	2675.564	4210	0	159
2025.01.15	05:00:00	2675.610	2679.383	2674.516	2679.383	5625	0	159
2025.01.15	06:00:00	2679.341	2683.326	2679.045	2681.001	6558	0	159
2025.01.15	07:00:00	2681.042	2684.033	2680.050	2681.395	6326	0	159
2025.01.15	08:00:00	2681.429	2685.327	2681.163	2683.909	8164	0	159
2025.01.15	09:00:00	2683.940	2688.570	2682.926	2685.934	7820	0	159
2025.01.15	10:00:00	2685.961	2689.090	2684.776	2688.343	8134	0	159
2025.01.15	11:00:00	2688.466	2688.938	2685.142	2686.779	8924	0	159
2025.01.15	12:00:00	2686.748	2687.503	2684.092	2684.631	9048	0	159
2025.01.15	13:00:00	2684.632	2694.250	2682.127	2693.799	26953	0	159
2025.01.15	14:00:00	2693.836	2696.056	2678.126	2681.978	31001	0	159
2025.01.15	15:00:00	2681.935	2683.017	2676.644	2678.512	22261	0	159
2025.01.15	16:00:00	2678.555	2689.970	2676.925	2689.305	15130	0	159
2025.01.15	17:00:00	2689.263	2692.994	2688.491	2692.601	10521	0	159
2025.01.15	18:00:00	2692.640	2695.008	2691.091	2693.993	9998	0	159
2025.01.15	19:00:00	2694.056	2695.127	2692.568	2694.181	6840	0	159
2025.01.15	20:00:00	2694.142	2696.605	2693.239	2696.346	6019	0	159
2025.01.15	21:00:00	2696.376	2697.541	2694.056	2696.999	3545	0	159
2025.01.15	23:00:00	2695.145	2697.970	2694.193	2694.956	3566	0	159
2025.01.16	00:00:00	2694.984	2698.196	2692.857	2695.339	8208	0	159
2025.01.16	01:00:00	2695.382	2702.177	2694.530	2696.209	12804	0	159
2025.01.16	02:00:00	2696.249	2698.127	2695.247	2697.451	8443	0	159
2025.01.16	03:00:00	2697.455	2698.553	2695.653	2697.196	5740	0	159
2025.01.16	04:00:00	2697.144	2698.089	2696.743	2697.464	4233	0	159
2025.01.16	05:00:00	2697.432	2697.505	2693.740	2694.600	7309	0	159
2025.01.16	06:00:00	2694.642	2695.484	2689.907	2693.815	7170	0	159
2025.01.16	07:00:00	2693.862	2699.924	2693.440	2698.271	8052	0	159
2025.01.16	08:00:00	2698.313	2703.270	2697.124	2698.933	9965	0	159
2025.01.16	09:00:00	2698.945	2706.135	2697.383	2705.333	10748	0	159
2025.01.16	10:00:00	2705.272	2708.572	2704.684	2707.797	7556	0	159
2025.01.16	11:00:00	2707.826	2711.175	2706.169	2706.412	7846	0	159
2025.01.16	12:00:00	2706.416	2707.300	2700.080	2703.713	13827	0	159
2025.01.16	13:00:00	2703.661	2718.292	2701.388	2715.461	22871	0	159
2025.01.16	14:00:00	2715.414	2719.379	2712.941	2718.674	22492	0	159
2025.01.16	15:00:00	2718.654	2719.718	2712.632	2716.874	27539	0	159
2025.01.16	16:00:00	2716.930	2722.419	2716.629	2720.339	19415	0	159
2025.01.16	17:00:00	2720.300	2724.740	2719.462	2721.761	11959	0	159
2025.01.16	18:00:00	2721.793	2723.270	2714.742	2715.240	9215	0	159
2025.01.16	19:00:00	2715.262	2717.146	2714.656	2715.346	7066	0	159
2025.01.16	20:00:00	2715.368	2717.055	2714.389	2715.813	5614	0	159
2025.01.16	21:00:00	2715.768	2715.851	2712.517	2714.555	4053	0	159
2025.01.16	23:00:00	2714.345	2715.231	2712.401	2714.585	3307	0	160
2025.01.17	00:00:00	2714.618	2716.068	2713.728	2714.700	4343	0	159
2025.01.17	01:00:00	2714.741	2714.855	2709.834	2714.649	9616	0	159
2025.01.17	02:00:00	2714.692	2717.017	2713.892	2715.820	6728	0	159
2025.01.17	03:00:00	2715.829	2717.346	2714.555	2715.422	5231	0	159
2025.01.17	04:00:00	2715.476	2716.515	2714.250	2714.669	5358	0	159
2025.01.17	05:00:00	2714.698	2715.566	2711.212	2711.609	7788	0	159
2025.01.17	06:00:00	2711.616	2713.312	2710.566	2712.583	7523	0	159
2025.01.17	07:00:00	2712.622	2714.624	2708.585	2710.516	7229	0	159
2025.01.17	08:00:00	2710.577	2712.983	2709.469	2711.731	6846	0	159
2025.01.17	09:00:00	2711.689	2712.019	2703.909	2704.760	9509	0	159
2025.01.17	10:00:00	2704.839	2706.251	2702.767	2703.999	7763	0	159
2025.01.17	11:00:00	2704.005	2708.789	2703.625	2708.002	7089	0	159
2025.01.17	12:00:00	2708.055	2711.800	2707.003	2711.044	11017	0	159
2025.01.17	13:00:00	2711.088	2712.126	2704.587	2705.099	19238	0	159
2025.01.17	14:00:00	2705.041	2712.548	2702.731	2711.685	11812	0	159
2025.01.17	15:00:00	2711.652	2715.141	2710.156	2714.243	8737	0	159
2025.01.17	16:00:00	2714.256	2717.254	2713.587	2716.071	6656	0	159
2025.01.17	17:00:00	2716.064	2716.361	2710.630	2712.578	5420	0	159
2025.01.17	18:00:00	2712.604	2713.191	2705.492	2705.605	5587	0	160
2025.01.17	19:00:00	2705.619	2707.146	2702.880	2703.175	4490	0	159
2025.01.17	20:00:00	2703.189	2704.088	2699.897	2700.901	4942	0	159
2025.01.17	21:00:00	2700.877	2703.285	2699.242	2702.879	2365	0	159
2025.01.19	23:00:00	2702.629	2703.086	2691.547	2696.424	4792	0	160
2025.01.20	00:00:00	2696.424	2696.474	2692.703	2694.457	3274	0	159
2025.01.20	01:00:00	2694.441	2695.836	2689.397	2693.711	9165	0	159
2025.01.20	02:00:00	2693.714	2697.970	2693.672	2697.447	5288	0	159
2025.01.20	03:00:00	2697.456	2703.988	2697.451	2703.554	3719	0	159
2025.01.20	04:00:00	2703.559	2706.475	2702.279	2705.912	3649	0	159
2025.01.20	05:00:00	2705.907	2707.427	2703.698	2707.301	4997	0	159
2025.01.20	06:00:00	2707.341	2713.770	2706.662	2711.609	5121	0	159
2025.01.20	07:00:00	2711.607	2711.849	2702.759	2703.592	4374	0	159
2025.01.20	08:00:00	2703.571	2708.012	2703.058	2706.809	4313	0	159
2025.01.20	09:00:00	2706.780	2708.770	2702.993	2706.088	4696	0	159
2025.01.20	10:00:00	2706.096	2709.897	2705.226	2708.504	5168	0	159
2025.01.20	11:00:00	2708.470	2712.492	2704.835	2708.331	5541	0	159
2025.01.20	12:00:00	2708.289	2710.009	2706.057	2708.151	5169	0	159
2025.01.20	13:00:00	2708.144	2710.635	2701.957	2704.981	26688	0	159
2025.01.20	14:00:00	2705.041	2711.937	2704.917	2710.045	14639	0	160
2025.01.20	15:00:00	2710.064	2710.401	2705.292	2707.065	8689	0	159
2025.01.20	16:00:00	2707.063	2708.873	2703.182	2707.584	10751	0	159
2025.01.20	17:00:00	2707.559	2711.161	2703.930	2707.434	9611	0	159
2025.01.20	18:00:00	2707.441	2711.024	2705.396	2710.710	4589	0	159
2025.01.20	19:00:00	2710.709	2711.052	2708.299	2709.059	844	0	320
2025.01.20	23:00:00	2708.347	2711.023	2706.593	2710.445	2924	0	159
2025.01.21	00:00:00	2710.433	2711.524	2702.817	2705.381	6461	0	159
2025.01.21	01:00:00	2705.357	2719.300	2703.174	2718.105	12694	0	159
2025.01.21	02:00:00	2718.084	2725.754	2717.916	2724.843	7754	0	159
2025.01.21	03:00:00	2724.819	2726.946	2721.244	2724.196	6928	0	159
2025.01.21	04:00:00	2724.221	2727.856	2723.095	2727.305	4893	0	159
2025.01.21	05:00:00	2727.319	2729.143	2725.397	2726.148	6172	0	159
2025.01.21	06:00:00	2726.174	2729.419	2723.784	2724.380	6042	0	159
2025.01.21	07:00:00	2724.346	2732.773	2722.695	2729.729	7233	0	159
2025.01.21	08:00:00	2729.701	2730.086	2721.429	2723.267	9909	0	159
2025.01.21	09:00:00	2723.237	2724.170	2717.809	2721.224	11553	0	159
2025.01.21	10:00:00	2721.236	2723.968	2718.902	2719.820	7092	0	159
2025.01.21	11:00:00	2719.782	2724.505	2716.508	2723.998	5947	0	159
2025.01.21	12:00:00	2723.989	2727.172	2722.022	2726.777	6847	0	159
2025.01.21	13:00:00	2726.763	2730.030	2724.622	2726.239	11322	0	159
2025.01.21	14:00:00	2726.247	2738.583	2725.336	2738.123	10676	0	159
2025.01.21	15:00:00	2738.112	2740.384	2734.522	2738.776	12003	0	159
2025.01.21	16:00:00	2738.792	2744.972	2737.839	2743.056	8688	0	159
2025.01.21	17:00:00	2743.069	2745.841	2740.165	2740.220	5898	0	159
2025.01.21	18:00:00	2740.211	2745.963	2739.931	2744.512	4864	0	159
2025.01.21	19:00:00	2744.516	2745.348	2741.427	2742.837	4025	0	159
2025.01.21	20:00:00	2742.819	2743.232	2740.082	2742.392	4509	0	159
2025.01.21	21:00:00	2742.443	2745.863	2741.999	2744.674	2548	0	160
2025.01.21	23:00:00	2744.647	2745.135	2741.954	2744.259	5463	0	159
2025.01.22	00:00:00	2744.309	2749.109	2742.713	2748.247	5198	0	159
2025.01.22	01:00:00	2748.178	2749.979	2746.816	2748.029	12456	0	159
2025.01.22	02:00:00	2748.059	2749.735	2746.252	2748.904	8475	0	159
2025.01.22	03:00:00	2748.910	2751.088	2747.881	2750.266	6818	0	159
2025.01.22	04:00:00	2750.238	2752.951	2749.308	2752.080	4907	0	159
2025.01.22	05:00:00	2752.130	2758.831	2750.277	2758.062	8633	0	159
2025.01.22	06:00:00	2758.040	2758.217	2745.569	2746.814	14358	0	159
2025.01.22	07:00:00	2746.832	2754.006	2746.455	2748.781	8628	0	159
2025.01.22	08:00:00	2748.818	2753.863	2746.770	2753.134	10543	0	159
2025.01.22	09:00:00	2753.101	2762.335	2752.846	2758.438	11911	0	159
2025.01.22	10:00:00	2758.439	2763.430	2758.274	2760.043	9331	0	159
2025.01.22	11:00:00	2760.114	2760.611	2756.370	2756.534	6600	0	159
2025.01.22	12:00:00	2756.572	2758.722	2751.778	2758.236	8692	0	159
2025.01.22	13:00:00	2758.278	2761.606	2750.854	2757.612	23563	0	159
2025.01.22	14:00:00	2757.605	2758.242	2750.329	2753.872	21418	0	159
2025.01.22	15:00:00	2753.824	2760.295	2750.454	2759.351	15458	0	159
2025.01.22	16:00:00	2759.389	2760.262	2755.831	2758.272	10863	0	159
2025.01.22	17:00:00	2758.291	2758.508	2755.810	2756.526	7753	0	159
2025.01.22	18:00:00	2756.522	2759.350	2754.909	2757.816	8120	0	159
2025.01.22	19:00:00	2757.795	2757.795	2754.973	2755.309	5588	0	159
2025.01.22	20:00:00	2755.269	2757.133	2754.804	2756.626	5544	0	159
2025.01.22	21:00:00	2756.591	2757.097	2754.816	2756.165	2359	0	160
2025.01.22	23:00:00	2755.935	2756.660	2753.880	2755.583	4082	0	159
2025.01.23	00:00:00	2755.562	2755.965	2753.164	2755.353	4624	0	159
2025.01.23	01:00:00	2755.396	2756.300	2750.625	2752.731	11738	0	159
2025.01.23	02:00:00	2752.738	2754.989	2751.987	2752.535	6975	0	159
2025.01.23	03:00:00	2752.495	2753.047	2749.474	2750.043	7007	0	159
2025.01.23	04:00:00	2749.995	2753.605	2749.790	2751.663	4420	0	159
2025.01.23	05:00:00	2751.714	2753.472	2751.349	2752.012	10899	0	159
2025.01.23	06:00:00	2751.970	2755.575	2751.139	2753.298	8379	0	159
2025.01.23	07:00:00	2753.304	2754.695	2751.659	2752.683	7472	0	159
2025.01.23	08:00:00	2752.735	2754.789	2752.010	2752.801	8038	0	159
2025.01.23	09:00:00	2752.824	2753.792	2740.871	2745.833	13974	0	159
2025.01.23	10:00:00	2745.793	2752.510	2745.224	2751.391	9042	0	159
2025.01.23	11:00:00	2751.428	2754.474	2750.771	2751.898	7793	0	159
2025.01.23	12:00:00	2751.873	2753.386	2741.955	2744.833	14382	0	159
2025.01.23	13:00:00	2744.771	2745.857	2735.770	2741.610	25880	0	159
2025.01.23	14:00:00	2741.649	2747.548	2740.264	2745.913	22601	0	159
2025.01.23	15:00:00	2745.980	2749.460	2742.060	2746.424	13297	0	159
2025.01.23	16:00:00	2746.383	2757.410	2744.175	2753.980	16145	0	159
2025.01.23	17:00:00	2753.880	2758.925	2752.376	2757.664	11305	0	159
2025.01.23	18:00:00	2757.747	2758.209	2755.022	2755.792	8135	0	159
2025.01.23	19:00:00	2755.791	2758.022	2753.730	2754.130	7699	0	159
2025.01.23	20:00:00	2754.094	2754.634	2751.306	2753.768	10018	0	159
2025.01.23	21:00:00	2753.804	2754.765	2752.021	2754.370	2871	0	160
2025.01.23	23:00:00	2754.757	2755.636	2753.584	2754.543	2594	0	159
2025.01.24	00:00:00	2754.546	2761.086	2754.329	2759.693	4772	0	159
2025.01.24	01:00:00	2759.654	2762.599	2758.569	2762.261	9688	0	159
2025.01.24	02:00:00	2762.272	2775.375	2762.272	2774.101	16506	0	159
2025.01.24	03:00:00	2774.143	2777.417	2770.989	2772.308	12134	0	159
2025.01.24	04:00:00	2772.280	2775.044	2770.527	2772.079	8547	0	159
2025.01.24	05:00:00	2772.033	2776.679	2771.996	2775.282	9877	0	159
2025.01.24	06:00:00	2775.243	2778.363	2773.267	2773.818	12329	0	159
2025.01.24	07:00:00	2773.785	2775.423	2772.039	2772.716	8418	0	159
2025.01.24	08:00:00	2772.753	2775.334	2769.954	2774.128	10496	0	159
2025.01.24	09:00:00	2774.090	2777.874	2770.973	2772.749	8640	0	159
2025.01.24	10:00:00	2772.762	2776.191	2771.646	2775.682	8147	0	159
2025.01.24	11:00:00	2775.669	2780.192	2774.131	2776.617	8383	0	159
2025.01.24	12:00:00	2776.671	2779.153	2776.094	2778.521	8459	0	159
2025.01.24	13:00:00	2778.497	2784.615	2777.850	2782.382	14551	0	159
2025.01.24	14:00:00	2782.418	2784.389	2773.723	2778.175	19448	0	159
2025.01.24	15:00:00	2778.225	2786.013	2775.466	2775.973	15793	0	159
2025.01.24	16:00:00	2775.918	2777.594	2769.894	2771.921	14679	0	159
2025.01.24	17:00:00	2771.892	2776.124	2770.652	2773.312	8938	0	159
2025.01.24	18:00:00	2773.337	2774.073	2771.348	2773.357	6190	0	160
2025.01.24	19:00:00	2773.391	2775.277	2771.325	2774.628	6808	0	159
2025.01.24	20:00:00	2774.632	2774.798	2770.618	2771.139	6738	0	159
2025.01.24	21:00:00	2771.165	2772.176	2770.460	2771.079	2813	0	159
2025.01.26	23:00:00	2765.650	2769.721	2765.185	2767.553	8222	0	159
2025.01.27	00:00:00	2767.554	2770.954	2766.239	2769.722	6875	0	159
2025.01.27	01:00:00	2769.755	2772.540	2762.854	2762.936	13692	0	159
2025.01.27	02:00:00	2762.970	2763.656	2753.871	2756.175	13465	0	159
2025.01.27	03:00:00	2756.221	2762.665	2755.137	2761.066	11582	0	159
2025.01.27	04:00:00	2761.075	2761.075	2755.738	2758.059	8540	0	159
2025.01.27	05:00:00	2758.117	2758.166	2752.855	2753.250	10791	0	159
2025.01.27	06:00:00	2753.214	2755.086	2750.839	2754.581	10569	0	159
2025.01.27	07:00:00	2754.624	2755.073	2747.189	2749.454	9793	0	159
2025.01.27	08:00:00	2749.480	2759.788	2749.291	2757.260	14130	0	159
2025.01.27	09:00:00	2757.182	2765.008	2755.726	2763.342	13479	0	159
2025.01.27	10:00:00	2763.304	2771.056	2762.832	2767.993	15587	0	159
2025.01.27	11:00:00	2767.949	2772.108	2765.110	2771.247	14019	0	159
2025.01.27	12:00:00	2771.300	2771.634	2760.447	2761.372	11933	0	159
2025.01.27	13:00:00	2761.340	2762.435	2752.341	2757.361	17250	0	159
2025.01.27	14:00:00	2757.329	2757.976	2744.983	2751.355	20752	0	159
2025.01.27	15:00:00	2751.345	2751.367	2739.499	2742.084	20959	0	159
2025.01.27	16:00:00	2742.052	2743.142	2733.239	2734.472	17032	0	159
2025.01.27	17:00:00	2734.535	2736.963	2730.478	2733.624	14297	0	159
2025.01.27	18:00:00	2733.687	2737.951	2732.943	2737.046	10504	0	159
2025.01.27	19:00:00	2737.027	2740.559	2736.837	2739.328	8139	0	159
2025.01.27	20:00:00	2739.353	2742.563	2738.147	2741.558	6958	0	159
2025.01.27	21:00:00	2741.512	2744.010	2740.348	2740.612	2574	0	159
2025.01.27	23:00:00	2741.171	2745.325	2739.570	2741.710	6973	0	159
2025.01.28	00:00:00	2741.743	2744.554	2739.854	2740.615	5024	0	159
2025.01.28	01:00:00	2740.621	2745.268	2739.410	2741.491	6570	0	159
2025.01.28	02:00:00	2741.440	2741.628	2738.337	2739.412	11003	0	159
2025.01.28	03:00:00	2739.446	2741.812	2737.815	2738.812	7370	0	159
2025.01.28	04:00:00	2738.782	2742.636	2738.558	2742.296	7068	0	159
2025.01.28	05:00:00	2742.333	2744.931	2741.187	2741.684	7178	0	159
2025.01.28	06:00:00	2741.651	2743.007	2739.106	2739.661	6394	0	159
2025.01.28	07:00:00	2739.687	2743.058	2738.330	2739.076	9525	0	159
2025.01.28	08:00:00	2739.111	2741.763	2734.782	2741.164	11735	0	159
2025.01.28	09:00:00	2741.147	2745.151	2740.431	2743.402	10697	0	159
2025.01.28	10:00:00	2743.460	2745.172	2740.922	2743.130	8810	0	159
2025.01.28	11:00:00	2743.083	2744.576	2741.591	2742.793	7892	0	159
2025.01.28	12:00:00	2742.709	2745.645	2741.191	2745.530	8839	0	159
2025.01.28	13:00:00	2745.563	2749.507	2745.114	2748.820	12664	0	159
2025.01.28	14:00:00	2748.881	2756.379	2748.876	2753.530	17291	0	159
2025.01.28	15:00:00	2753.561	2757.204	2751.064	2755.330	15192	0	159
2025.01.28	16:00:00	2755.325	2759.697	2755.222	2758.669	13205	0	159
2025.01.28	17:00:00	2758.644	2760.013	2757.463	2759.662	10571	0	159
2025.01.28	18:00:00	2759.693	2763.531	2759.186	2762.194	9262	0	159
2025.01.28	19:00:00	2762.153	2764.997	2761.178	2764.828	6654	0	159
2025.01.28	20:00:00	2764.788	2765.052	2762.387	2764.169	7607	0	159
2025.01.28	21:00:00	2764.202	2764.329	2762.887	2763.601	2459	0	159
2025.01.28	23:00:00	2763.243	2764.316	2762.633	2762.699	2343	0	159
2025.01.29	00:00:00	2762.698	2764.879	2762.234	2763.922	2903	0	159
2025.01.29	01:00:00	2763.944	2766.271	2763.568	2763.801	6137	0	159
2025.01.29	02:00:00	2763.795	2765.655	2763.370	2764.208	6578	0	159
2025.01.29	03:00:00	2764.208	2764.518	2762.278	2762.774	7296	0	159
2025.01.29	04:00:00	2762.766	2764.356	2761.450	2762.430	7542	0	159
2025.01.29	05:00:00	2762.447	2763.058	2760.102	2760.739	5588	0	159
2025.01.29	06:00:00	2760.774	2762.131	2759.232	2759.232	7937	0	159
2025.01.29	07:00:00	2759.207	2760.605	2757.414	2759.074	7832	0	159
2025.01.29	08:00:00	2759.118	2766.083	2759.118	2763.952	7479	0	159
2025.01.29	09:00:00	2763.922	2764.469	2760.386	2762.843	8619	0	159
2025.01.29	10:00:00	2762.726	2763.448	2757.008	2758.216	12384	0	159
2025.01.29	11:00:00	2758.271	2759.826	2757.430	2758.994	6333	0	159
2025.01.29	12:00:00	2758.956	2759.138	2755.545	2756.557	9542	0	159
2025.01.29	13:00:00	2756.590	2759.507	2752.223	2758.643	17168	0	159
2025.01.29	14:00:00	2758.609	2761.129	2756.548	2759.281	18917	0	159
2025.01.29	15:00:00	2759.323	2759.724	2748.200	2754.110	16542	0	159
2025.01.29	16:00:00	2754.150	2756.290	2748.248	2751.539	16011	0	159
2025.01.29	17:00:00	2751.564	2754.400	2750.883	2752.888	7744	0	159
2025.01.29	18:00:00	2752.854	2753.881	2748.752	2751.511	8977	0	159
2025.01.29	19:00:00	2751.882	2757.903	2744.759	2755.218	22673	0	159
2025.01.29	20:00:00	2755.180	2759.037	2752.745	2754.903	14240	0	159
2025.01.29	21:00:00	2754.858	2759.650	2754.037	2759.022	5203	0	159
2025.01.29	23:00:00	2759.435	2760.685	2758.161	2760.306	3395	0	160
2025.01.30	00:00:00	2760.243	2762.529	2758.905	2762.159	3663	0	160
2025.01.30	01:00:00	2762.115	2762.115	2759.018	2760.107	6269	0	159
2025.01.30	02:00:00	2760.074	2761.647	2759.195	2760.305	6596	0	159
2025.01.30	03:00:00	2760.252	2762.577	2759.314	2761.735	5594	0	159
2025.01.30	04:00:00	2761.699	2763.393	2759.771	2760.494	4988	0	159
2025.01.30	05:00:00	2760.474	2761.148	2758.683	2760.566	4821	0	159
2025.01.30	06:00:00	2760.519	2766.445	2760.209	2765.558	6147	0	159
2025.01.30	07:00:00	2765.542	2769.528	2764.960	2769.132	7902	0	159
2025.01.30	08:00:00	2769.133	2776.603	2768.322	2776.195	7469	0	159
2025.01.30	09:00:00	2776.261	2776.453	2771.466	2774.269	8721	0	159
2025.01.30	10:00:00	2774.262	2779.291	2773.900	2778.266	6538	0	159
2025.01.30	11:00:00	2778.314	2779.432	2777.086	2777.699	5542	0	159
2025.01.30	12:00:00	2777.686	2781.218	2776.061	2780.212	5951	0	159
2025.01.30	13:00:00	2780.184	2786.074	2778.764	2785.773	15623	0	159
2025.01.30	14:00:00	2785.801	2789.197	2779.998	2787.768	25992	0	159
2025.01.30	15:00:00	2787.668	2796.778	2786.742	2795.411	23014	0	159
2025.01.30	16:00:00	2795.388	2798.469	2790.249	2790.595	24085	0	159
2025.01.30	17:00:00	2790.646	2795.956	2788.797	2795.536	17592	0	159
2025.01.30	18:00:00	2795.575	2797.076	2792.190	2795.236	10969	0	159
2025.01.30	19:00:00	2795.197	2795.459	2790.678	2793.363	7201	0	159
2025.01.30	20:00:00	2793.343	2798.245	2792.220	2795.581	12110	0	159
2025.01.30	21:00:00	2795.544	2798.476	2790.749	2793.385	12581	0	159
2025.01.30	23:00:00	2794.822	2796.970	2792.607	2796.146	5535	0	159
2025.01.31	00:00:00	2796.183	2799.645	2794.432	2795.771	6963	0	159
2025.01.31	01:00:00	2795.808	2796.646	2794.455	2796.344	7122	0	159
2025.01.31	02:00:00	2796.368	2798.241	2794.748	2796.301	7146	0	159
2025.01.31	03:00:00	2796.266	2798.251	2795.781	2796.453	7896	0	159
2025.01.31	04:00:00	2796.412	2796.476	2794.521	2795.854	5963	0	159
2025.01.31	05:00:00	2795.805	2796.467	2793.870	2795.573	8548	0	159
2025.01.31	06:00:00	2795.563	2795.968	2792.167	2792.792	7237	0	159
2025.01.31	07:00:00	2792.837	2801.072	2792.341	2798.232	10564	0	159
2025.01.31	08:00:00	2798.205	2799.455	2791.678	2793.317	11736	0	159
2025.01.31	09:00:00	2793.269	2796.413	2792.688	2793.791	8545	0	159
2025.01.31	10:00:00	2793.753	2795.151	2791.000	2794.202	8408	0	160
2025.01.31	11:00:00	2794.162	2800.867	2792.336	2800.195	12144	0	159
2025.01.31	12:00:00	2800.165	2807.840	2799.950	2805.489	12395	0	159
2025.01.31	13:00:00	2805.462	2808.540	2803.225	2806.384	18431	0	159
2025.01.31	14:00:00	2806.468	2812.532	2804.503	2812.315	18938	0	159
2025.01.31	15:00:00	2812.373	2817.244	2808.248	2809.224	20563	0	159
2025.01.31	16:00:00	2809.129	2810.259	2804.884	2807.350	11392	0	159
2025.01.31	17:00:00	2807.368	2816.250	2802.916	2808.744	31239	0	159
2025.01.31	18:00:00	2808.709	2808.966	2795.285	2798.854	33079	0	159
2025.01.31	19:00:00	2798.895	2802.936	2795.440	2796.260	16781	0	159
2025.01.31	20:00:00	2796.303	2802.174	2794.043	2800.726	19481	0	159
2025.01.31	21:00:00	2800.834	2802.565	2798.615	2799.348	10273	0	159
2025.02.02	23:00:00	2801.018	2804.653	2784.322	2793.709	37028	0	159
2025.02.03	00:00:00	2793.726	2796.506	2790.287	2792.219	18476	0	159
2025.02.03	01:00:00	2792.181	2792.271	2778.077	2782.298	20429	0	159
2025.02.03	02:00:00	2782.198	2782.769	2773.782	2778.104	32744	0	159
2025.02.03	03:00:00	2778.090	2778.414	2772.154	2774.454	17786	0	159
2025.02.03	04:00:00	2774.457	2783.083	2774.192	2780.785	16550	0	159
2025.02.03	05:00:00	2780.742	2785.084	2780.004	2783.086	12484	0	159
2025.02.03	06:00:00	2783.038	2788.181	2782.878	2786.874	13712	0	159
2025.02.03	07:00:00	2786.925	2789.901	2785.233	2789.280	15762	0	159
2025.02.03	08:00:00	2789.320	2800.647	2786.965	2796.720	17841	0	159
2025.02.03	09:00:00	2796.684	2800.889	2794.710	2796.400	14562	0	159
2025.02.03	10:00:00	2796.332	2800.121	2792.976	2798.041	10893	0	159
2025.02.03	11:00:00	2798.038	2804.236	2797.862	2801.149	11126	0	159
2025.02.03	12:00:00	2801.204	2810.853	2800.430	2810.492	13316	0	159
2025.02.03	13:00:00	2810.454	2811.894	2807.548	2810.965	17165	0	159
2025.02.03	14:00:00	2811.066	2830.566	2810.100	2830.127	26994	0	159
2025.02.03	15:00:00	2830.159	2830.159	2813.636	2817.460	46509	0	159
2025.02.03	16:00:00	2817.427	2825.297	2812.764	2814.203	24283	0	159
2025.02.03	17:00:00	2814.254	2822.170	2814.008	2817.189	16497	0	159
2025.02.03	18:00:00	2817.115	2821.827	2815.980	2820.963	12363	0	159
2025.02.03	19:00:00	2820.999	2822.932	2817.930	2818.272	9313	0	159
2025.02.03	20:00:00	2818.246	2819.504	2815.566	2816.543	8449	0	159
2025.02.03	21:00:00	2816.479	2817.502	2812.244	2814.436	7793	0	159
2025.02.03	23:00:00	2813.266	2815.262	2811.892	2814.027	7650	0	159
2025.02.04	00:00:00	2813.989	2817.661	2812.609	2817.400	4954	0	159
2025.02.04	01:00:00	2817.403	2824.318	2815.962	2823.289	11686	0	159
2025.02.04	02:00:00	2823.254	2824.708	2816.743	2821.113	13079	0	159
2025.02.04	03:00:00	2821.125	2824.358	2817.372	2821.399	9906	0	159
2025.02.04	04:00:00	2821.389	2821.476	2818.027	2819.184	15320	0	159
2025.02.04	05:00:00	2819.194	2819.393	2813.378	2815.862	15359	0	159
2025.02.04	06:00:00	2815.818	2816.109	2810.864	2813.491	12510	0	159
2025.02.04	07:00:00	2813.484	2814.413	2807.168	2812.711	14707	0	159
2025.02.04	08:00:00	2812.756	2819.275	2810.104	2815.187	17536	0	159
2025.02.04	09:00:00	2815.150	2821.899	2814.042	2820.297	14859	0	159
2025.02.04	10:00:00	2820.302	2820.302	2812.693	2814.860	12808	0	159
2025.02.04	11:00:00	2814.817	2816.858	2813.273	2815.448	10414	0	159
2025.02.04	12:00:00	2815.453	2822.988	2814.435	2821.801	14885	0	159
2025.02.04	13:00:00	2821.837	2837.086	2821.360	2831.736	23117	0	159
2025.02.04	14:00:00	2831.698	2841.306	2828.895	2839.523	28512	0	159
2025.02.04	15:00:00	2839.324	2845.508	2833.620	2835.859	27241	0	159
2025.02.04	16:00:00	2835.804	2842.458	2832.455	2840.398	18140	0	159
2025.02.04	17:00:00	2840.431	2844.737	2839.350	2843.977	12675	0	159
2025.02.04	18:00:00	2844.014	2844.973	2842.466	2842.660	10843	0	159
2025.02.04	19:00:00	2842.697	2844.114	2841.872	2843.053	7798	0	159
2025.02.04	20:00:00	2843.088	2844.921	2840.825	2844.211	7738	0	159
2025.02.04	21:00:00	2844.170	2844.520	2840.903	2842.058	3815	0	159
2025.02.04	23:00:00	2841.405	2842.717	2840.382	2841.210	4341	0	159
2025.02.05	00:00:00	2841.222	2848.261	2840.622	2845.352	7491	0	159
2025.02.05	01:00:00	2845.311	2849.039	2839.691	2844.383	24788	0	159
2025.02.05	02:00:00	2844.480	2853.812	2843.890	2850.901	11766	0	159
2025.02.05	03:00:00	2851.004	2854.314	2849.837	2852.338	7789	0	159
2025.02.05	04:00:00	2852.346	2858.113	2851.821	2855.328	7122	0	159
2025.02.05	05:00:00	2855.364	2860.631	2853.585	2859.371	8681	0	159
2025.02.05	06:00:00	2859.343	2861.811	2856.990	2859.236	8145	0	159
2025.02.05	07:00:00	2859.202	2864.210	2854.791	2864.170	10129	0	159
2025.02.05	08:00:00	2864.129	2869.832	2863.526	2867.475	11093	0	159
2025.02.05	09:00:00	2867.538	2872.248	2865.324	2870.316	8654	0	159
2025.02.05	10:00:00	2870.362	2877.065	2866.046	2867.849	10037	0	159
2025.02.05	11:00:00	2867.864	2870.521	2864.740	2868.662	11235	0	159
2025.02.05	12:00:00	2868.617	2870.870	2866.948	2870.251	9564	0	159
2025.02.05	13:00:00	2870.259	2870.754	2858.594	2861.642	24125	0	159
2025.02.05	14:00:00	2861.690	2872.626	2860.612	2870.912	22250	0	159
2025.02.05	15:00:00	2870.994	2882.429	2870.994	2880.227	22728	0	159
2025.02.05	16:00:00	2880.267	2881.212	2863.028	2874.924	24738	0	159
2025.02.05	17:00:00	2874.958	2876.693	2871.350	2872.946	11956	0	159
2025.02.05	18:00:00	2872.981	2873.531	2863.756	2865.659	12504	0	159
2025.02.05	19:00:00	2865.704	2869.044	2862.665	2863.505	13838	0	159
2025.02.05	20:00:00	2863.534	2866.183	2859.878	2862.597	13605	0	159
2025.02.05	21:00:00	2862.555	2867.380	2861.178	2867.341	3388	0	159
2025.02.05	23:00:00	2867.006	2870.989	2866.040	2869.283	4881	0	159
2025.02.06	00:00:00	2869.276	2870.007	2867.295	2869.804	5046	0	159
2025.02.06	01:00:00	2869.838	2871.914	2863.698	2871.519	15515	0	159
2025.02.06	02:00:00	2871.560	2873.274	2868.302	2870.683	11434	0	159
2025.02.06	03:00:00	2870.627	2870.721	2864.280	2869.409	9689	0	159
2025.02.06	04:00:00	2869.362	2872.370	2868.247	2868.496	7778	0	159
2025.02.06	05:00:00	2868.467	2869.982	2865.386	2868.329	9733	0	159
2025.02.06	06:00:00	2868.318	2871.387	2858.064	2859.202	12866	0	159
2025.02.06	07:00:00	2859.190	2861.859	2854.980	2855.798	12509	0	159
2025.02.06	08:00:00	2855.759	2858.483	2848.884	2856.128	15979	0	159
2025.02.06	09:00:00	2856.087	2859.982	2855.725	2859.395	13774	0	159
2025.02.06	10:00:00	2859.434	2861.790	2855.587	2859.174	11404	0	159
2025.02.06	11:00:00	2859.136	2867.351	2858.088	2865.962	13293	0	159
2025.02.06	12:00:00	2866.002	2870.316	2863.447	2864.411	15340	0	159
2025.02.06	13:00:00	2864.510	2864.984	2855.474	2856.717	22555	0	159
2025.02.06	14:00:00	2856.641	2859.760	2841.153	2841.831	27114	0	159
2025.02.06	15:00:00	2841.916	2853.266	2834.055	2850.599	27747	0	159
2025.02.06	16:00:00	2850.559	2854.747	2848.788	2848.788	14212	0	159
2025.02.06	17:00:00	2848.757	2852.680	2848.068	2852.204	9751	0	159
2025.02.06	18:00:00	2852.246	2853.671	2849.812	2852.584	10993	0	159
2025.02.06	19:00:00	2852.638	2854.149	2850.284	2853.742	8699	0	160
2025.02.06	20:00:00	2853.787	2857.247	2853.571	2856.348	8505	0	159
2025.02.06	21:00:00	2856.384	2857.207	2854.898	2856.157	2720	0	160
2025.02.06	23:00:00	2856.069	2858.773	2855.817	2857.996	3376	0	159
2025.02.07	00:00:00	2857.990	2860.488	2857.990	2858.451	4393	0	159
2025.02.07	01:00:00	2858.417	2868.280	2857.722	2866.290	11455	0	159
2025.02.07	02:00:00	2866.287	2869.354	2865.392	2868.720	8124	0	159
2025.02.07	03:00:00	2868.782	2870.649	2865.959	2867.181	7214	0	159
2025.02.07	04:00:00	2867.111	2869.619	2866.181	2866.489	6246	0	159
2025.02.07	05:00:00	2866.527	2867.025	2861.973	2862.085	7300	0	159
2025.02.07	06:00:00	2862.052	2866.281	2858.996	2860.712	10399	0	159
2025.02.07	07:00:00	2860.622	2865.698	2860.213	2864.218	8305	0	159
2025.02.07	08:00:00	2864.272	2866.687	2863.221	2866.221	8134	0	159
2025.02.07	09:00:00	2866.259	2870.696	2865.509	2868.979	12348	0	159
2025.02.07	10:00:00	2868.989	2869.291	2863.369	2867.496	10622	0	159
2025.02.07	11:00:00	2867.558	2868.261	2865.042	2867.624	7607	0	159
2025.02.07	12:00:00	2867.665	2868.088	2863.537	2863.615	10854	0	159
2025.02.07	13:00:00	2863.577	2870.837	2852.361	2862.488	30725	0	159
2025.02.07	14:00:00	2862.525	2878.378	2856.102	2876.669	28712	0	159
2025.02.07	15:00:00	2876.687	2886.751	2873.531	2880.511	23032	0	159
2025.02.07	16:00:00	2880.547	2881.549	2860.303	2860.711	26410	0	159
2025.02.07	17:00:00	2860.708	2862.700	2853.317	2860.092	21941	0	159
2025.02.07	18:00:00	2860.053	2865.225	2859.661	2861.245	9013	0	159
2025.02.07	19:00:00	2861.286	2863.311	2859.105	2860.150	6801	0	159
2025.02.07	20:00:00	2860.123	2863.778	2859.375	2860.582	9397	0	159
2025.02.07	21:00:00	2860.700	2863.364	2860.351	2860.969	4500	0	159
2025.02.09	23:00:00	2861.376	2870.590	2860.099	2867.495	7947	0	159
2025.02.10	00:00:00	2867.539	2869.227	2865.822	2867.932	6657	0	159
2025.02.10	01:00:00	2868.016	2876.602	2865.949	2871.866	14258	0	159
2025.02.10	02:00:00	2871.857	2874.952	2871.310	2873.806	10105	0	159
2025.02.10	03:00:00	2873.874	2875.767	2871.285	2875.569	7156	0	159
2025.02.10	04:00:00	2875.521	2879.597	2874.290	2879.245	7054	0	159
2025.02.10	05:00:00	2879.282	2880.106	2876.047	2879.220	8266	0	159
2025.02.10	06:00:00	2879.232	2892.286	2878.921	2888.531	11002	0	159
2025.02.10	07:00:00	2888.460	2896.600	2886.674	2895.471	11589	0	159
2025.02.10	08:00:00	2895.475	2898.897	2892.213	2896.674	14730	0	159
2025.02.10	09:00:00	2896.711	2903.258	2896.233	2902.972	10965	0	159
2025.02.10	10:00:00	2902.987	2906.297	2898.210	2902.416	13036	0	159
2025.02.10	11:00:00	2902.486	2905.780	2898.282	2904.530	9248	0	159
2025.02.10	12:00:00	2904.528	2906.969	2902.701	2903.097	13167	0	159
2025.02.10	13:00:00	2903.052	2911.062	2899.606	2901.003	26104	0	159
2025.02.10	14:00:00	2900.903	2909.218	2896.260	2908.648	21122	0	159
2025.02.10	15:00:00	2908.685	2912.062	2904.506	2908.930	15930	0	159
2025.02.10	16:00:00	2908.977	2910.318	2899.020	2900.975	11643	0	159
2025.02.10	17:00:00	2900.989	2904.517	2896.632	2903.261	10702	0	159
2025.02.10	18:00:00	2903.286	2906.985	2900.838	2905.144	9345	0	159
2025.02.10	19:00:00	2905.110	2906.778	2902.479	2904.341	6797	0	160
2025.02.10	20:00:00	2904.359	2907.715	2902.880	2907.295	7709	0	159
2025.02.10	21:00:00	2907.261	2908.478	2905.333	2908.150	3415	0	159
2025.02.10	23:00:00	2908.215	2921.603	2908.068	2917.847	9699	0	160
2025.02.11	00:00:00	2917.894	2925.082	2916.398	2922.589	6972	0	159
2025.02.11	01:00:00	2922.548	2936.250	2919.649	2933.940	16890	0	159
2025.02.11	02:00:00	2933.936	2942.624	2905.397	2919.044	36984	0	159
2025.02.11	03:00:00	2919.007	2925.730	2911.599	2919.716	21550	0	159
2025.02.11	04:00:00	2919.751	2920.765	2914.918	2916.229	11299	0	159
2025.02.11	05:00:00	2916.197	2923.714	2915.317	2922.937	11807	0	159
2025.02.11	06:00:00	2922.911	2929.432	2915.408	2917.851	15288	0	159
2025.02.11	07:00:00	2917.895	2918.359	2907.124	2913.351	16328	0	159
2025.02.11	08:00:00	2913.320	2915.303	2906.937	2907.451	17446	0	159
2025.02.11	09:00:00	2907.442	2912.286	2902.929	2903.291	16486	0	159
2025.02.11	10:00:00	2903.226	2907.178	2901.864	2902.699	15375	0	159
2025.02.11	11:00:00	2902.640	2906.734	2902.186	2903.981	12486	0	159
2025.02.11	12:00:00	2904.016	2904.393	2886.614	2889.450	20918	0	159
2025.02.11	13:00:00	2889.401	2898.228	2881.730	2896.363	35385	0	159
2025.02.11	14:00:00	2896.402	2904.350	2894.850	2896.791	25025	0	159
2025.02.11	15:00:00	2896.764	2906.579	2890.847	2904.794	22742	0	159
2025.02.11	16:00:00	2904.834	2908.709	2902.262	2902.380	13603	0	159
2025.02.11	17:00:00	2902.352	2907.337	2899.551	2905.535	9789	0	159
2025.02.11	18:00:00	2905.581	2907.230	2903.272	2905.844	8717	0	159
2025.02.11	19:00:00	2905.864	2906.470	2899.620	2900.085	9872	0	159
2025.02.11	20:00:00	2900.125	2900.521	2894.036	2897.621	10000	0	159
2025.02.11	21:00:00	2897.579	2899.771	2897.396	2897.840	2909	0	159
2025.02.11	23:00:00	2897.136	2900.906	2897.001	2898.562	3809	0	159
2025.02.12	00:00:00	2898.614	2898.860	2889.263	2892.178	5856	0	159
2025.02.12	01:00:00	2892.230	2897.731	2883.760	2893.319	16942	0	159
2025.02.12	02:00:00	2893.330	2897.795	2891.816	2892.444	12067	0	159
2025.02.12	03:00:00	2892.402	2893.139	2886.683	2889.001	11823	0	159
2025.02.12	04:00:00	2888.998	2890.551	2884.006	2885.292	8805	0	159
2025.02.12	05:00:00	2885.329	2888.043	2883.668	2886.257	8260	0	159
2025.02.12	06:00:00	2886.207	2894.921	2885.548	2892.573	11868	0	159
2025.02.12	07:00:00	2892.578	2895.862	2890.762	2892.813	9300	0	159
2025.02.12	08:00:00	2892.851	2894.078	2888.040	2891.661	10255	0	159
2025.02.12	09:00:00	2891.630	2893.473	2886.392	2886.791	9390	0	159
2025.02.12	10:00:00	2886.784	2889.949	2879.317	2882.681	9470	0	159
2025.02.12	11:00:00	2882.632	2886.015	2879.436	2879.802	8566	0	159
2025.02.12	12:00:00	2879.811	2885.902	2878.925	2884.959	9847	0	159
2025.02.12	13:00:00	2885.020	2885.632	2864.102	2884.758	34827	0	159
2025.02.12	14:00:00	2884.865	2898.014	2881.919	2894.457	29147	0	159
2025.02.12	15:00:00	2894.520	2895.954	2886.824	2894.553	16680	0	159
2025.02.12	16:00:00	2894.513	2904.431	2892.029	2902.477	14246	0	159
2025.02.12	17:00:00	2902.519	2909.267	2901.839	2902.913	12123	0	159
2025.02.12	18:00:00	2902.919	2903.851	2900.456	2901.106	8227	0	159
2025.02.12	19:00:00	2901.151	2901.802	2893.482	2897.905	7963	0	159
2025.02.12	20:00:00	2897.936	2901.467	2895.517	2900.892	5814	0	159
2025.02.12	21:00:00	2900.860	2904.392	2900.117	2904.132	4392	0	159
2025.02.12	23:00:00	2905.415	2906.403	2900.485	2905.781	4044	0	159
2025.02.13	00:00:00	2905.756	2909.108	2904.579	2906.395	5526	0	159
2025.02.13	01:00:00	2906.363	2907.456	2901.437	2906.027	10389	0	159
2025.02.13	02:00:00	2905.996	2909.040	2905.204	2908.760	7912	0	159
2025.02.13	03:00:00	2908.808	2918.128	2907.271	2916.474	10100	0	159
2025.02.13	04:00:00	2916.508	2919.175	2916.142	2918.438	5639	0	160
2025.02.13	05:00:00	2918.473	2922.801	2916.580	2917.948	6780	0	159
2025.02.13	06:00:00	2917.979	2918.867	2912.459	2915.928	11269	0	159
2025.02.13	07:00:00	2915.969	2920.680	2913.100	2914.569	11453	0	159
2025.02.13	08:00:00	2914.607	2918.144	2909.464	2911.645	13722	0	159
2025.02.13	09:00:00	2911.682	2918.296	2909.744	2915.401	9550	0	159
2025.02.13	10:00:00	2915.277	2919.475	2913.953	2918.013	7419	0	159
2025.02.13	11:00:00	2917.989	2918.354	2915.393	2917.873	8807	0	159
2025.02.13	12:00:00	2917.909	2921.369	2915.668	2917.753	9822	0	159
2025.02.13	13:00:00	2917.718	2917.968	2905.762	2908.624	22931	0	159
2025.02.13	14:00:00	2908.512	2917.332	2906.454	2915.159	20656	0	159
2025.02.13	15:00:00	2915.142	2920.980	2914.425	2920.228	14204	0	159
2025.02.13	16:00:00	2920.222	2920.824	2912.887	2913.785	9728	0	159
2025.02.13	17:00:00	2913.688	2919.231	2913.438	2918.996	8487	0	159
2025.02.13	18:00:00	2918.957	2925.362	2914.224	2924.097	11137	0	159
2025.02.13	19:00:00	2924.039	2927.402	2923.787	2926.812	7263	0	159
2025.02.13	20:00:00	2926.825	2929.058	2924.852	2928.418	7517	0	159
2025.02.13	21:00:00	2928.456	2929.497	2928.191	2928.708	2902	0	160
2025.02.13	23:00:00	2928.320	2932.484	2927.234	2931.217	5005	0	160
2025.02.14	00:00:00	2931.192	2931.601	2927.452	2927.847	4718	0	159
2025.02.14	01:00:00	2927.886	2933.879	2927.886	2929.879	11310	0	159
2025.02.14	02:00:00	2929.914	2930.506	2925.961	2927.307	9784	0	159
2025.02.14	03:00:00	2927.264	2930.371	2923.164	2924.330	7782	0	159
2025.02.14	04:00:00	2924.309	2929.251	2923.770	2928.602	6673	0	159
2025.02.14	05:00:00	2928.653	2932.400	2926.654	2931.021	9526	0	159
2025.02.14	06:00:00	2930.982	2936.840	2929.844	2934.315	10243	0	159
2025.02.14	07:00:00	2934.272	2935.145	2930.475	2931.853	9966	0	159
2025.02.14	08:00:00	2931.810	2938.549	2930.812	2935.107	10954	0	159
2025.02.14	09:00:00	2935.140	2938.817	2934.076	2935.118	9647	0	159
2025.02.14	10:00:00	2935.154	2940.000	2934.192	2935.866	9987	0	159
2025.02.14	11:00:00	2935.874	2937.598	2929.246	2931.181	8353	0	159
2025.02.14	12:00:00	2931.136	2933.052	2927.696	2930.818	10664	0	159
2025.02.14	13:00:00	2930.863	2933.321	2917.524	2920.576	27423	0	159
2025.02.14	14:00:00	2920.615	2928.561	2914.082	2921.059	31390	0	159
2025.02.14	15:00:00	2921.020	2921.744	2892.870	2901.939	36072	0	159
2025.02.14	16:00:00	2901.827	2903.915	2888.466	2895.844	24978	0	159
2025.02.14	17:00:00	2895.880	2897.457	2885.328	2886.953	16147	0	159
2025.02.14	18:00:00	2887.001	2887.925	2882.127	2883.695	12104	0	159
2025.02.14	19:00:00	2883.737	2885.928	2878.691	2880.499	8419	0	160
2025.02.14	20:00:00	2880.468	2886.209	2876.991	2885.310	10496	0	159
2025.02.14	21:00:00	2885.403	2885.810	2882.353	2882.809	3942	0	159
2025.02.16	23:00:00	2893.643	2894.033	2878.430	2879.221	15880	0	159
2025.02.17	00:00:00	2879.254	2888.186	2879.254	2883.584	7368	0	159
2025.02.17	01:00:00	2883.585	2896.645	2882.365	2895.474	13443	0	159
2025.02.17	02:00:00	2895.495	2899.850	2893.955	2899.261	9493	0	159
2025.02.17	03:00:00	2899.297	2904.607	2897.835	2903.509	7044	0	159
2025.02.17	04:00:00	2903.469	2904.958	2898.494	2899.396	6092	0	159
2025.02.17	05:00:00	2899.420	2905.407	2895.887	2896.300	6953	0	159
2025.02.17	06:00:00	2896.282	2897.815	2888.211	2896.549	10515	0	159
2025.02.17	07:00:00	2896.511	2903.623	2896.413	2902.479	10589	0	159
2025.02.17	08:00:00	2902.532	2902.768	2895.044	2900.232	10235	0	159
2025.02.17	09:00:00	2900.268	2906.478	2900.262	2902.598	10850	0	159
2025.02.17	10:00:00	2902.597	2902.985	2895.493	2902.812	9118	0	159
2025.02.17	11:00:00	2902.835	2904.007	2897.861	2901.033	8746	0	159
2025.02.17	12:00:00	2901.007	2901.726	2895.398	2897.604	7988	0	159
2025.02.17	13:00:00	2897.574	2899.210	2895.585	2896.782	12869	0	159
2025.02.17	14:00:00	2896.781	2903.896	2896.435	2902.993	12474	0	159
2025.02.17	15:00:00	2902.955	2904.204	2897.925	2899.190	10099	0	159
2025.02.17	16:00:00	2899.268	2901.314	2896.514	2899.162	7942	0	159
2025.02.17	17:00:00	2899.197	2899.755	2897.853	2898.405	5335	0	159
2025.02.17	18:00:00	2898.403	2899.140	2897.077	2898.248	3932	0	160
2025.02.17	19:00:00	2898.239	2898.438	2897.370	2897.392	851	0	160
2025.02.17	23:00:00	2899.102	2899.482	2897.106	2899.373	2059	0	159
2025.02.18	00:00:00	2899.325	2900.395	2898.285	2899.314	2829	0	159
2025.02.18	01:00:00	2899.329	2899.956	2892.003	2895.670	6606	0	159
2025.02.18	02:00:00	2895.706	2905.152	2895.315	2903.051	8149	0	159
2025.02.18	03:00:00	2903.024	2910.890	2902.727	2909.014	8337	0	159
2025.02.18	04:00:00	2908.996	2911.022	2907.173	2910.767	4195	0	159
2025.02.18	05:00:00	2910.877	2915.629	2909.785	2910.832	8957	0	159
2025.02.18	06:00:00	2910.775	2914.342	2910.041	2913.683	6460	0	159
2025.02.18	07:00:00	2913.722	2915.344	2908.531	2911.501	6043	0	159
2025.02.18	08:00:00	2911.540	2913.249	2908.211	2912.414	7379	0	159
2025.02.18	09:00:00	2912.409	2913.397	2910.003	2912.591	6200	0	159
2025.02.18	10:00:00	2912.594	2913.424	2907.017	2911.227	6108	0	159
2025.02.18	11:00:00	2911.268	2914.922	2909.689	2914.191	6084	0	159
2025.02.18	12:00:00	2914.224	2918.875	2912.054	2918.127	8078	0	159
2025.02.18	13:00:00	2918.166	2921.418	2913.257	2918.875	12330	0	159
2025.02.18	14:00:00	2918.874	2928.710	2917.714	2927.992	12751	0	159
2025.02.18	15:00:00	2927.951	2929.609	2923.599	2927.020	13371	0	159
2025.02.18	16:00:00	2926.986	2933.763	2924.186	2932.769	11278	0	159
2025.02.18	17:00:00	2932.811	2933.669	2929.612	2931.193	7730	0	159
2025.02.18	18:00:00	2931.232	2933.711	2928.294	2933.251	7272	0	159
2025.02.18	19:00:00	2933.245	2936.994	2931.933	2935.821	6249	0	159
2025.02.18	20:00:00	2935.832	2936.788	2932.393	2933.386	5489	0	159
2025.02.18	21:00:00	2933.417	2936.480	2933.202	2935.356	3105	0	159
2025.02.18	23:00:00	2935.270	2935.663	2933.124	2934.061	2360	0	160
2025.02.19	00:00:00	2934.059	2934.358	2928.596	2929.261	3558	0	159
2025.02.19	01:00:00	2929.237	2939.649	2927.879	2938.392	7432	0	159
2025.02.19	02:00:00	2938.493	2939.653	2924.058	2929.227	10060	0	159
2025.02.19	03:00:00	2929.254	2930.470	2924.907	2928.825	7213	0	159
2025.02.19	04:00:00	2928.828	2929.567	2926.487	2929.263	4747	0	159
2025.02.19	05:00:00	2929.260	2934.492	2928.013	2932.801	6019	0	159
2025.02.19	06:00:00	2932.775	2935.872	2930.756	2931.728	6002	0	160
2025.02.19	07:00:00	2931.683	2935.887	2930.440	2934.250	7759	0	159
2025.02.19	08:00:00	2934.210	2940.040	2933.718	2938.602	9314	0	159
2025.02.19	09:00:00	2938.554	2946.642	2938.121	2945.517	8787	0	159
2025.02.19	10:00:00	2945.534	2947.049	2942.614	2944.795	6468	0	159
2025.02.19	11:00:00	2944.728	2946.058	2934.023	2935.087	7476	0	159
2025.02.19	12:00:00	2935.059	2936.751	2931.202	2933.507	9489	0	159
2025.02.19	13:00:00	2933.471	2941.657	2932.464	2936.258	13520	0	159
2025.02.19	14:00:00	2936.225	2940.571	2930.193	2938.095	18858	0	159
2025.02.19	15:00:00	2938.070	2939.168	2925.426	2925.793	13535	0	159
2025.02.19	16:00:00	2925.767	2930.880	2922.986	2928.060	14425	0	159
2025.02.19	17:00:00	2928.085	2929.831	2921.459	2923.841	9212	0	159
2025.02.19	18:00:00	2923.801	2926.607	2918.524	2925.012	10783	0	159
2025.02.19	19:00:00	2924.932	2932.365	2923.451	2931.754	7966	0	159
2025.02.19	20:00:00	2931.715	2936.642	2931.314	2935.836	7406	0	159
2025.02.19	21:00:00	2935.798	2937.461	2932.374	2932.970	3106	0	159
2025.02.19	23:00:00	2933.724	2936.232	2933.526	2935.384	2680	0	159
2025.02.20	00:00:00	2935.386	2941.269	2935.386	2940.821	4882	0	159
2025.02.20	01:00:00	2940.879	2942.449	2934.630	2937.114	10326	0	159
2025.02.20	02:00:00	2937.074	2941.574	2933.852	2941.005	8202	0	159
2025.02.20	03:00:00	2940.999	2944.025	2940.592	2941.913	5360	0	159
2025.02.20	04:00:00	2941.933	2942.644	2939.267	2939.895	4445	0	159
2025.02.20	05:00:00	2939.969	2946.877	2939.354	2946.772	5224	0	159
2025.02.20	06:00:00	2946.760	2949.001	2943.924	2947.693	6634	0	159
2025.02.20	07:00:00	2947.737	2954.216	2946.426	2948.894	6657	0	159
2025.02.20	08:00:00	2948.938	2954.816	2948.938	2954.523	6238	0	159
2025.02.20	09:00:00	2954.522	2954.975	2949.976	2951.502	6468	0	159
2025.02.20	10:00:00	2951.477	2954.857	2949.058	2952.293	8418	0	159
2025.02.20	11:00:00	2952.355	2952.903	2947.148	2948.768	6296	0	159
2025.02.20	12:00:00	2948.743	2950.788	2938.746	2945.369	11764	0	159
2025.02.20	13:00:00	2945.408	2947.687	2933.838	2934.032	17639	0	159
2025.02.20	14:00:00	2933.991	2939.959	2924.080	2935.076	21921	0	159
2025.02.20	15:00:00	2935.121	2939.571	2931.641	2938.545	14400	0	159
2025.02.20	16:00:00	2938.503	2945.605	2935.981	2943.071	10502	0	159
2025.02.20	17:00:00	2943.009	2946.996	2939.971	2940.565	9122	0	159
2025.02.20	18:00:00	2940.519	2942.486	2937.407	2941.764	8902	0	159
2025.02.20	19:00:00	2941.797	2941.905	2933.528	2937.888	7080	0	159
2025.02.20	20:00:00	2938.034	2938.753	2935.526	2937.804	6750	0	159
2025.02.20	21:00:00	2937.777	2940.308	2937.470	2938.627	3912	0	159
2025.02.20	23:00:00	2939.784	2943.433	2938.496	2941.530	3183	0	159
2025.02.21	00:00:00	2941.570	2942.711	2937.287	2940.001	4283	0	159
2025.02.21	01:00:00	2940.008	2949.786	2926.822	2928.821	14846	0	159
2025.02.21	02:00:00	2928.787	2941.089	2926.286	2939.123	12461	0	159
2025.02.21	03:00:00	2939.148	2939.837	2927.175	2931.262	12012	0	159
2025.02.21	04:00:00	2931.262	2932.322	2926.601	2928.495	5852	0	159
2025.02.21	05:00:00	2928.459	2934.039	2924.186	2930.190	10100	0	159
2025.02.21	06:00:00	2930.212	2931.484	2925.618	2929.735	8737	0	159
2025.02.21	07:00:00	2929.723	2932.997	2929.122	2930.032	5872	0	159
2025.02.21	08:00:00	2929.993	2931.277	2916.682	2923.226	11687	0	159
2025.02.21	09:00:00	2923.197	2929.680	2923.036	2929.336	7205	0	159
2025.02.21	10:00:00	2929.328	2931.049	2928.848	2930.527	4971	0	160
2025.02.21	11:00:00	2930.549	2936.124	2928.009	2928.376	6450	0	159
2025.02.21	12:00:00	2928.411	2935.270	2927.523	2930.146	7425	0	159
2025.02.21	13:00:00	2930.104	2934.574	2926.943	2930.946	11554	0	159
2025.02.21	14:00:00	2930.920	2939.091	2928.214	2933.746	16120	0	159
2025.02.21	15:00:00	2933.724	2935.720	2921.588	2928.670	16989	0	159
2025.02.21	16:00:00	2928.694	2938.521	2927.303	2936.725	9751	0	159
2025.02.21	17:00:00	2936.718	2941.665	2936.088	2939.730	7319	0	159
2025.02.21	18:00:00	2939.691	2942.804	2937.776	2941.838	8446	0	159
2025.02.21	19:00:00	2941.863	2942.615	2932.922	2933.398	7363	0	159
2025.02.21	20:00:00	2933.374	2937.170	2932.408	2934.732	7592	0	159
2025.02.21	21:00:00	2934.707	2938.227	2932.105	2936.453	4002	0	159
2025.02.23	23:00:00	2939.411	2940.547	2936.498	2936.867	6067	0	159
2025.02.24	00:00:00	2936.863	2938.049	2929.600	2930.220	6466	0	159
2025.02.24	01:00:00	2930.244	2931.449	2921.332	2927.975	18568	0	159
2025.02.24	02:00:00	2927.950	2940.987	2925.076	2940.877	11284	0	159
2025.02.24	03:00:00	2940.829	2944.812	2939.736	2941.113	14840	0	159
2025.02.24	04:00:00	2941.133	2943.012	2937.781	2940.743	8216	0	159
2025.02.24	05:00:00	2940.776	2942.081	2935.591	2936.358	8141	0	159
2025.02.24	06:00:00	2936.320	2941.980	2935.245	2938.673	7070	0	159
2025.02.24	07:00:00	2938.648	2944.985	2938.209	2943.809	6230	0	159
2025.02.24	08:00:00	2943.850	2948.737	2938.210	2946.396	8506	0	159
2025.02.24	09:00:00	2946.343	2948.259	2942.880	2944.275	7101	0	159
2025.02.24	10:00:00	2944.311	2944.737	2934.936	2938.292	6210	0	159
2025.02.24	11:00:00	2938.390	2948.206	2937.676	2947.754	7392	0	159
2025.02.24	12:00:00	2947.709	2951.141	2945.447	2946.474	7077	0	159
2025.02.24	13:00:00	2946.424	2954.589	2946.260	2954.396	11180	0	159
2025.02.24	14:00:00	2954.395	2956.181	2934.596	2938.722	19547	0	159
2025.02.24	15:00:00	2938.691	2940.499	2930.634	2936.524	18108	0	159
2025.02.24	16:00:00	2936.500	2943.666	2936.450	2943.383	10925	0	159
2025.02.24	17:00:00	2943.451	2944.820	2940.990	2943.343	8026	0	159
2025.02.24	18:00:00	2943.368	2947.984	2942.795	2947.358	6088	0	159
2025.02.24	19:00:00	2947.394	2949.910	2946.861	2949.154	5304	0	159
2025.02.24	20:00:00	2949.214	2951.573	2947.038	2950.601	5462	0	159
2025.02.24	21:00:00	2950.641	2953.187	2950.291	2952.656	3046	0	160
2025.02.24	23:00:00	2953.064	2953.943	2948.284	2949.957	5193	0	159
2025.02.25	00:00:00	2949.993	2952.552	2948.269	2949.689	3977	0	160
2025.02.25	01:00:00	2949.723	2952.496	2945.239	2949.563	9594	0	159
2025.02.25	02:00:00	2949.526	2952.351	2947.106	2948.606	7354	0	159
2025.02.25	03:00:00	2948.561	2949.519	2937.535	2939.513	8896	0	159
2025.02.25	04:00:00	2939.492	2939.880	2935.012	2936.877	6423	0	159
2025.02.25	05:00:00	2936.841	2940.964	2936.566	2937.976	6389	0	159
2025.02.25	06:00:00	2937.913	2938.475	2933.489	2935.866	6215	0	159
2025.02.25	07:00:00	2935.926	2940.395	2930.518	2931.736	9606	0	159
2025.02.25	08:00:00	2931.762	2942.456	2929.553	2941.620	9468	0	159
2025.02.25	09:00:00	2941.572	2942.436	2937.456	2938.902	6511	0	159
2025.02.25	10:00:00	2939.002	2941.547	2937.393	2937.565	6546	0	159
2025.02.25	11:00:00	2937.604	2940.545	2937.123	2938.626	5959	0	159
2025.02.25	12:00:00	2938.682	2941.301	2924.057	2928.574	15210	0	159
2025.02.25	13:00:00	2928.616	2937.976	2926.166	2937.418	18060	0	159
2025.02.25	14:00:00	2937.383	2944.949	2932.089	2932.953	15735	0	159
2025.02.25	15:00:00	2932.851	2934.898	2900.498	2905.892	36012	0	159
2025.02.25	16:00:00	2905.917	2906.905	2888.234	2896.428	26503	0	159
2025.02.25	17:00:00	2896.378	2908.816	2893.588	2907.604	12884	0	159
2025.02.25	18:00:00	2907.632	2912.225	2905.326	2909.543	10221	0	159
2025.02.25	19:00:00	2909.482	2913.906	2905.676	2912.051	6690	0	159
2025.02.25	20:00:00	2912.074	2913.367	2910.817	2912.727	6527	0	159
2025.02.25	21:00:00	2912.767	2917.309	2912.615	2915.044	5050	0	159
2025.02.25	23:00:00	2914.903	2919.051	2913.569	2918.604	4997	0	159
2025.02.26	00:00:00	2918.631	2926.094	2918.631	2923.557	7076	0	159
2025.02.26	01:00:00	2923.453	2930.141	2915.200	2917.753	10958	0	159
2025.02.26	02:00:00	2917.751	2923.161	2914.816	2921.110	8377	0	159
2025.02.26	03:00:00	2921.150	2921.724	2916.434	2917.239	4728	0	159
2025.02.26	04:00:00	2917.137	2918.889	2912.665	2915.076	5358	0	159
2025.02.26	05:00:00	2915.060	2921.014	2914.795	2915.413	5834	0	159
2025.02.26	06:00:00	2915.406	2916.211	2906.661	2906.661	6779	0	159
2025.02.26	07:00:00	2906.618	2917.420	2905.857	2915.504	9103	0	159
2025.02.26	08:00:00	2915.463	2918.426	2909.518	2917.987	9250	0	159
2025.02.26	09:00:00	2917.962	2918.966	2912.195	2913.226	6817	0	159
2025.02.26	10:00:00	2913.192	2916.880	2910.971	2912.741	6348	0	159
2025.02.26	11:00:00	2912.707	2915.435	2912.018	2913.815	4902	0	159
2025.02.26	12:00:00	2913.844	2915.471	2910.077	2913.915	6216	0	159
2025.02.26	13:00:00	2913.913	2915.023	2905.481	2905.928	11591	0	159
2025.02.26	14:00:00	2905.892	2906.244	2890.669	2901.525	27465	0	159
2025.02.26	15:00:00	2901.574	2914.355	2898.469	2913.199	15884	0	159
2025.02.26	16:00:00	2913.239	2916.689	2909.905	2913.086	11361	0	159
2025.02.26	17:00:00	2913.015	2916.314	2910.380	2913.782	10152	0	159
2025.02.26	18:00:00	2913.683	2916.197	2912.360	2914.857	6969	0	159
2025.02.26	19:00:00	2914.879	2916.326	2913.329	2913.934	5007	0	159
2025.02.26	20:00:00	2913.921	2916.758	2911.996	2916.307	5525	0	159
2025.02.26	21:00:00	2916.271	2918.816	2915.894	2916.266	3815	0	159
2025.02.26	23:00:00	2916.968	2920.794	2915.668	2919.118	3148	0	160
2025.02.27	00:00:00	2919.176	2919.176	2915.906	2917.097	3351	0	159
2025.02.27	01:00:00	2917.147	2918.312	2911.045	2912.653	9724	0	159
2025.02.27	02:00:00	2912.574	2914.815	2904.352	2906.807	9177	0	159
2025.02.27	03:00:00	2906.844	2909.120	2905.238	2905.808	7045	0	160
2025.02.27	04:00:00	2905.838	2906.555	2896.238	2897.391	7321	0	159
2025.02.27	05:00:00	2897.436	2898.526	2888.571	2890.966	13846	0	159
2025.02.27	06:00:00	2890.975	2898.424	2890.530	2894.167	10878	0	159
2025.02.27	07:00:00	2894.115	2896.735	2887.924	2891.988	11069	0	159
2025.02.27	08:00:00	2891.944	2892.167	2880.690	2881.447	14296	0	159
2025.02.27	09:00:00	2881.397	2893.480	2876.950	2887.387	12760	0	159
2025.02.27	10:00:00	2887.416	2894.966	2886.514	2892.153	7377	0	159
2025.02.27	11:00:00	2892.213	2894.842	2883.414	2883.942	9144	0	159
2025.02.27	12:00:00	2884.054	2888.722	2883.134	2885.100	9471	0	159
2025.02.27	13:00:00	2885.060	2892.143	2881.045	2888.909	23593	0	159
2025.02.27	14:00:00	2888.880	2892.452	2867.740	2872.198	29496	0	159
2025.02.27	15:00:00	2872.278	2882.492	2870.405	2872.392	24414	0	159
2025.02.27	16:00:00	2872.363	2878.186	2871.766	2877.524	12648	0	159
2025.02.27	17:00:00	2877.560	2883.762	2876.101	2883.175	9927	0	159
2025.02.27	18:00:00	2883.168	2887.429	2882.847	2887.376	8694	0	159
2025.02.27	19:00:00	2887.406	2887.704	2877.240	2879.210	10059	0	159
2025.02.27	20:00:00	2879.248	2879.340	2872.757	2873.926	12757	0	159
2025.02.27	21:00:00	2873.888	2877.979	2871.339	2877.091	4445	0	159
2025.02.27	23:00:00	2877.652	2878.428	2874.732	2876.063	4449	0	159
2025.02.28	00:00:00	2876.069	2880.288	2874.920	2877.013	4420	0	159
2025.02.28	01:00:00	2877.009	2885.034	2873.834	2874.837	11702	0	159
2025.02.28	02:00:00	2874.775	2877.914	2870.339	2873.366	11905	0	159
2025.02.28	03:00:00	2873.328	2876.264	2863.667	2865.751	10082	0	159
2025.02.28	04:00:00	2865.731	2866.082	2856.942	2863.517	12480	0	159
2025.02.28	05:00:00	2863.420	2867.005	2861.815	2864.167	9612	0	159
2025.02.28	06:00:00	2864.191	2866.678	2861.906	2863.544	9080	0	159
2025.02.28	07:00:00	2863.547	2865.224	2857.341	2858.678	9244	0	159
2025.02.28	08:00:00	2858.639	2860.305	2851.064	2855.966	10414	0	159
2025.02.28	09:00:00	2855.895	2864.241	2855.724	2862.373	8769	0	159
2025.02.28	10:00:00	2862.337	2864.860	2860.674	2862.744	6585	0	159
2025.02.28	11:00:00	2862.810	2863.660	2859.052	2862.174	6140	0	159
2025.02.28	12:00:00	2862.216	2864.990	2854.294	2856.234	9187	0	159
2025.02.28	13:00:00	2856.273	2862.252	2848.267	2848.622	18004	0	159
2025.02.28	14:00:00	2848.655	2851.713	2833.427	2833.836	23295	0	159
2025.02.28	15:00:00	2833.811	2850.676	2832.578	2850.248	24448	0	159
2025.02.28	16:00:00	2850.292	2853.908	2846.270	2848.583	15733	0	159
2025.02.28	17:00:00	2848.547	2851.577	2844.502	2845.077	10282	0	159
2025.02.28	18:00:00	2845.041	2847.758	2838.076	2845.400	12635	0	159
2025.02.28	19:00:00	2845.436	2850.922	2844.130	2849.606	7634	0	159
2025.02.28	20:00:00	2849.580	2855.155	2847.790	2854.770	8321	0	159
2025.02.28	21:00:00	2854.736	2859.697	2853.403	2858.242	4781	0	160
2025.03.02	23:00:00	2873.619	2876.994	2863.972	2870.799	14064	0	159
2025.03.03	00:00:00	2870.866	2871.418	2865.152	2865.724	8668	0	159
2025.03.03	01:00:00	2865.810	2872.055	2864.086	2870.800	12224	0	159
2025.03.03	02:00:00	2870.836	2872.004	2867.801	2868.266	6511	0	159
2025.03.03	03:00:00	2868.222	2868.222	2859.259	2864.775	8817	0	159
2025.03.03	04:00:00	2864.850	2868.489	2863.071	2867.340	4861	0	159
2025.03.03	05:00:00	2867.297	2867.433	2861.224	2863.818	5999	0	159
2025.03.03	06:00:00	2863.796	2866.056	2861.802	2865.634	7157	0	159
2025.03.03	07:00:00	2865.659	2866.357	2860.132	2863.208	6751	0	159
2025.03.03	08:00:00	2863.268	2868.802	2858.830	2868.556	9211	0	159
2025.03.03	09:00:00	2868.599	2871.583	2864.324	2867.465	9112	0	159
2025.03.03	10:00:00	2867.492	2873.625	2867.187	2871.919	6453	0	159
2025.03.03	11:00:00	2871.961	2875.413	2871.272	2874.411	6125	0	159
2025.03.03	12:00:00	2874.319	2877.716	2873.919	2875.653	7423	0	159
2025.03.03	13:00:00	2875.614	2876.309	2868.834	2872.669	13320	0	159
2025.03.03	14:00:00	2872.619	2883.058	2871.227	2877.104	15262	0	159
2025.03.03	15:00:00	2877.130	2890.536	2873.911	2887.771	19056	0	159
2025.03.03	16:00:00	2887.862	2893.108	2886.066	2891.439	9596	0	159
2025.03.03	17:00:00	2891.478	2892.915	2887.344	2890.826	8115	0	159
2025.03.03	18:00:00	2890.858	2892.486	2886.628	2889.919	9863	0	159
2025.03.03	19:00:00	2889.975	2891.327	2879.697	2881.612	9881	0	159
2025.03.03	20:00:00	2881.655	2891.455	2878.277	2890.652	12335	0	159
2025.03.03	21:00:00	2890.679	2895.267	2890.211	2893.762	4747	0	159
2025.03.03	23:00:00	2892.205	2893.394	2890.509	2890.886	4235	0	159
2025.03.04	00:00:00	2890.863	2893.734	2890.149	2891.880	4850	0	159
2025.03.04	01:00:00	2891.841	2893.055	2881.950	2888.363	10989	0	159
2025.03.04	02:00:00	2888.319	2889.413	2884.722	2885.522	7632	0	159
2025.03.04	03:00:00	2885.466	2892.991	2884.948	2888.626	6986	0	159
2025.03.04	04:00:00	2888.570	2892.736	2886.733	2891.348	5424	0	159
2025.03.04	05:00:00	2891.257	2894.435	2888.492	2889.713	7450	0	159
2025.03.04	06:00:00	2889.695	2889.980	2884.371	2887.350	6779	0	159
2025.03.04	07:00:00	2887.402	2901.552	2887.010	2899.923	9426	0	159
2025.03.04	08:00:00	2899.967	2918.716	2896.707	2914.000	14413	0	159
2025.03.04	09:00:00	2914.041	2921.317	2912.493	2918.149	9021	0	159
2025.03.04	10:00:00	2918.114	2918.185	2912.138	2914.628	8140	0	159
2025.03.04	11:00:00	2914.613	2921.773	2913.069	2920.020	7248	0	159
2025.03.04	12:00:00	2920.047	2925.576	2918.692	2924.768	8545	0	159
2025.03.04	13:00:00	2924.797	2927.891	2919.807	2922.586	16515	0	159
2025.03.04	14:00:00	2922.629	2923.056	2903.310	2903.565	22310	0	159
2025.03.04	15:00:00	2903.506	2912.365	2900.308	2906.102	23545	0	159
2025.03.04	16:00:00	2906.087	2915.987	2903.753	2915.076	13792	0	159
2025.03.04	17:00:00	2915.185	2916.360	2911.110	2911.567	9205	0	159
2025.03.04	18:00:00	2911.561	2915.179	2908.239	2911.197	7421	0	159
2025.03.04	19:00:00	2911.213	2916.501	2911.106	2916.095	6851	0	159
2025.03.04	20:00:00	2916.045	2920.528	2914.352	2917.175	8045	0	159
2025.03.04	21:00:00	2917.217	2918.456	2913.269	2917.512	5252	0	160
2025.03.04	23:00:00	2918.216	2918.297	2914.267	2914.363	3352	0	159
2025.03.05	00:00:00	2914.361	2917.166	2912.193	2914.133	4771	0	159
2025.03.05	01:00:00	2914.125	2915.085	2903.446	2907.235	15311	0	159
2025.03.05	02:00:00	2907.235	2914.569	2902.094	2904.266	12587	0	159
2025.03.05	03:00:00	2904.241	2913.504	2903.360	2908.743	10240	0	159
2025.03.05	04:00:00	2908.702	2912.676	2908.576	2910.477	5794	0	159
2025.03.05	05:00:00	2910.481	2918.711	2909.958	2918.646	7144	0	159
2025.03.05	06:00:00	2918.603	2921.646	2913.552	2917.034	8488	0	159
2025.03.05	07:00:00	2917.023	2919.858	2913.032	2917.989	9490	0	159
2025.03.05	08:00:00	2917.947	2921.938	2916.662	2919.942	10703	0	159
2025.03.05	09:00:00	2919.964	2922.528	2913.245	2918.923	10540	0	159
2025.03.05	10:00:00	2918.878	2919.195	2909.010	2913.280	8759	0	159
2025.03.05	11:00:00	2913.240	2917.231	2911.970	2913.224	8045	0	159
2025.03.05	12:00:00	2913.278	2919.240	2912.245	2916.096	9372	0	159
2025.03.05	13:00:00	2916.152	2916.540	2894.266	2899.878	22782	0	159
2025.03.05	14:00:00	2899.919	2917.143	2897.596	2912.117	26247	0	159
2025.03.05	15:00:00	2912.165	2923.808	2908.106	2917.177	28966	0	159
2025.03.05	16:00:00	2917.157	2930.042	2915.137	2923.838	17460	0	159
2025.03.05	17:00:00	2923.877	2925.359	2913.659	2915.949	13525	0	159
2025.03.05	18:00:00	2915.985	2920.671	2911.189	2917.448	12600	0	159
2025.03.05	19:00:00	2917.480	2921.356	2916.263	2920.551	7895	0	159
2025.03.05	20:00:00	2920.512	2923.119	2919.511	2922.143	8179	0	159
2025.03.05	21:00:00	2922.175	2922.371	2917.732	2918.953	3082	0	159
2025.03.05	23:00:00	2918.008	2918.982	2916.711	2918.236	2938	0	159
2025.03.06	00:00:00	2918.237	2920.314	2916.569	2916.792	4036	0	159
2025.03.06	01:00:00	2916.785	2925.655	2915.874	2924.606	9382	0	159
2025.03.06	02:00:00	2924.617	2926.611	2922.893	2925.546	6715	0	159
2025.03.06	03:00:00	2925.552	2925.590	2920.111	2921.261	6029	0	159
2025.03.06	04:00:00	2921.227	2921.562	2916.285	2917.396	4777	0	160
2025.03.06	05:00:00	2917.359	2920.698	2914.499	2919.815	6406	0	159
2025.03.06	06:00:00	2919.794	2923.073	2919.794	2920.587	6776	0	159
2025.03.06	07:00:00	2920.625	2922.500	2909.757	2910.209	12611	0	159
2025.03.06	08:00:00	2910.176	2911.530	2901.060	2904.808	14296	0	159
2025.03.06	09:00:00	2904.698	2905.296	2891.159	2894.336	12692	0	159
2025.03.06	10:00:00	2894.264	2905.171	2891.910	2899.268	12270	0	159
2025.03.06	11:00:00	2899.221	2907.573	2898.550	2905.714	10392	0	159
2025.03.06	12:00:00	2905.760	2907.191	2899.240	2903.130	12749	0	159
2025.03.06	13:00:00	2903.121	2909.407	2900.865	2904.440	18143	0	159
2025.03.06	14:00:00	2904.412	2916.616	2903.329	2915.086	18361	0	159
2025.03.06	15:00:00	2915.147	2922.716	2908.955	2914.497	21807	0	159
2025.03.06	16:00:00	2914.530	2918.502	2912.579	2917.190	12860	0	159
2025.03.06	17:00:00	2917.257	2921.415	2914.362	2915.587	9129	0	159
2025.03.06	18:00:00	2915.612	2920.649	2913.745	2916.228	8798	0	159
2025.03.06	19:00:00	2916.262	2917.721	2912.337	2914.040	8037	0	159
2025.03.06	20:00:00	2914.013	2916.569	2908.373	2908.703	8551	0	159
2025.03.06	21:00:00	2908.745	2911.929	2908.395	2911.032	3722	0	160
2025.03.06	23:00:00	2912.057	2913.622	2909.930	2910.314	4678	0	159
2025.03.07	00:00:00	2910.245	2910.326	2896.604	2904.730	11883	0	159
2025.03.07	01:00:00	2904.768	2910.224	2901.437	2906.844	15071	0	159
2025.03.07	02:00:00	2906.804	2909.253	2901.155	2908.104	11937	0	159
2025.03.07	03:00:00	2908.076	2908.984	2903.919	2905.330	8912	0	159
2025.03.07	04:00:00	2905.271	2908.368	2904.721	2906.647	7287	0	159
2025.03.07	05:00:00	2906.652	2912.591	2906.428	2909.609	8521	0	159
2025.03.07	06:00:00	2909.562	2914.793	2907.784	2913.415	8125	0	159
2025.03.07	07:00:00	2913.404	2917.279	2911.687	2917.098	7968	0	159
2025.03.07	08:00:00	2917.138	2922.964	2915.246	2922.385	8909	0	159
2025.03.07	09:00:00	2922.367	2923.007	2920.197	2921.669	7441	0	159
2025.03.07	10:00:00	2921.620	2921.879	2917.007	2917.898	8952	0	159
2025.03.07	11:00:00	2917.950	2922.123	2916.601	2918.700	8895	0	159
2025.03.07	12:00:00	2918.796	2922.841	2917.944	2918.782	9899	0	159
2025.03.07	13:00:00	2918.747	2926.472	2910.248	2913.751	26561	0	159
2025.03.07	14:00:00	2913.725	2928.826	2903.570	2926.774	27837	0	159
2025.03.07	15:00:00	2926.732	2930.458	2908.578	2915.819	26099	0	159
2025.03.07	16:00:00	2915.783	2919.423	2911.623	2914.009	16307	0	159
2025.03.07	17:00:00	2913.969	2916.142	2905.076	2908.174	16182	0	159
2025.03.07	18:00:00	2908.130	2908.782	2901.860	2906.545	14119	0	159
2025.03.07	19:00:00	2906.587	2909.506	2904.544	2905.229	11279	0	159
2025.03.07	20:00:00	2905.199	2911.131	2904.716	2909.636	7703	0	159
2025.03.07	21:00:00	2909.703	2912.661	2908.478	2911.256	3203	0	159
2025.03.09	22:00:00	2912.347	2915.152	2909.586	2911.935	5420	0	159
2025.03.09	23:00:00	2911.975	2917.051	2911.394	2916.187	4904	0	159
2025.03.10	00:00:00	2916.190	2917.949	2912.984	2913.852	7161	0	159
2025.03.10	01:00:00	2913.889	2918.312	2911.327	2912.156	11460	0	159
2025.03.10	02:00:00	2912.120	2914.551	2909.439	2911.484	8077	0	159
2025.03.10	03:00:00	2911.444	2913.629	2908.128	2910.982	9034	0	159
2025.03.10	04:00:00	2910.944	2912.667	2910.219	2910.950	4686	0	160
2025.03.10	05:00:00	2911.025	2911.952	2906.937	2909.848	6366	0	159
2025.03.10	06:00:00	2909.796	2914.564	2909.269	2914.328	7209	0	159
2025.03.10	07:00:00	2914.410	2915.429	2904.324	2908.432	9260	0	159
2025.03.10	08:00:00	2908.333	2910.643	2897.509	2897.822	12621	0	159
2025.03.10	09:00:00	2897.797	2915.472	2896.677	2911.280	14231	0	159
2025.03.10	10:00:00	2911.236	2911.417	2898.309	2903.049	11998	0	159
2025.03.10	11:00:00	2903.008	2904.747	2895.636	2904.027	12642	0	159
2025.03.10	12:00:00	2904.029	2907.713	2900.366	2906.665	16705	0	159
2025.03.10	13:00:00	2906.696	2908.580	2897.615	2903.639	20935	0	159
2025.03.10	14:00:00	2903.610	2909.225	2900.850	2908.026	23705	0	159
2025.03.10	15:00:00	2907.985	2910.642	2900.562	2904.484	16573	0	159
2025.03.10	16:00:00	2904.508	2906.874	2895.864	2895.932	11829	0	159
2025.03.10	17:00:00	2895.908	2896.147	2882.736	2886.077	17249	0	159
2025.03.10	18:00:00	2886.093	2889.499	2880.166	2885.581	12873	0	159
2025.03.10	19:00:00	2885.557	2890.953	2880.252	2885.494	13298	0	159
2025.03.10	20:00:00	2885.521	2889.204	2884.289	2889.086	3951	0	159
2025.03.10	22:00:00	2888.412	2890.177	2884.021	2884.720	3921	0	159
2025.03.10	23:00:00	2884.731	2885.858	2882.332	2884.685	4191	0	160
2025.03.11	00:00:00	2884.724	2888.616	2884.135	2887.229	7873	0	159
2025.03.11	01:00:00	2887.297	2890.979	2880.093	2890.612	13149	0	159
2025.03.11	02:00:00	2890.569	2900.486	2889.911	2899.005	10299	0	159
2025.03.11	03:00:00	2899.043	2899.389	2895.184	2896.910	6241	0	159
2025.03.11	04:00:00	2896.910	2898.678	2895.497	2897.687	5020	0	159
2025.03.11	05:00:00	2897.699	2899.076	2892.752	2895.787	7036	0	159
2025.03.11	06:00:00	2895.812	2902.827	2893.486	2902.302	9047	0	159
2025.03.11	07:00:00	2902.266	2903.563	2897.540	2901.009	9141	0	159
2025.03.11	08:00:00	2901.052	2910.324	2900.416	2909.903	7718	0	159
2025.03.11	09:00:00	2909.913	2912.418	2908.735	2911.705	7488	0	159
2025.03.11	10:00:00	2911.730	2914.470	2910.898	2912.003	6116	0	159
2025.03.11	11:00:00	2911.957	2915.464	2910.631	2913.668	6911	0	159
2025.03.11	12:00:00	2913.651	2916.051	2910.465	2913.057	9517	0	159
2025.03.11	13:00:00	2913.082	2922.262	2906.819	2918.211	19497	0	159
2025.03.11	14:00:00	2918.117	2920.938	2911.760	2914.104	16336	0	159
2025.03.11	15:00:00	2914.142	2919.902	2913.932	2916.875	11406	0	159
2025.03.11	16:00:00	2916.833	2918.078	2915.137	2917.098	7179	0	159
2025.03.11	17:00:00	2917.061	2920.519	2914.071	2917.776	8116	0	159
2025.03.11	18:00:00	2917.773	2919.564	2915.188	2918.308	6332	0	160
2025.03.11	19:00:00	2918.241	2921.385	2917.503	2918.403	6862	0	159
2025.03.11	20:00:00	2918.365	2919.023	2915.111	2916.024	3496	0	159
2025.03.11	22:00:00	2915.587	2918.068	2914.414	2917.545	3636	0	159
2025.03.11	23:00:00	2917.630	2919.589	2915.429	2915.551	2830	0	159
2025.03.12	00:00:00	2915.589	2915.626	2912.113	2914.217	4106	0	159
2025.03.12	01:00:00	2914.253	2917.269	2910.866	2914.927	7704	0	159
2025.03.12	02:00:00	2914.866	2918.270	2913.916	2916.300	6342	0	159
2025.03.12	03:00:00	2916.255	2919.995	2914.862	2914.941	5552	0	159
2025.03.12	04:00:00	2914.977	2916.072	2912.597	2914.952	4834	0	159
2025.03.12	05:00:00	2914.914	2916.507	2912.074	2916.045	6887	0	159
2025.03.12	06:00:00	2916.096	2921.105	2911.336	2911.951	7928	0	159
2025.03.12	07:00:00	2911.971	2915.606	2908.904	2914.499	8657	0	159
2025.03.12	08:00:00	2914.458	2922.222	2913.914	2922.075	8961	0	159
2025.03.12	09:00:00	2922.105	2925.372	2913.730	2914.772	9747	0	159
2025.03.12	10:00:00	2914.738	2916.968	2912.748	2914.377	7276	0	159
2025.03.12	11:00:00	2914.338	2916.663	2912.638	2915.304	6521	0	159
2025.03.12	12:00:00	2915.308	2923.073	2912.056	2917.579	16019	0	159
2025.03.12	13:00:00	2917.544	2918.823	2906.027	2915.583	21542	0	159
2025.03.12	14:00:00	2915.545	2922.485	2914.272	2921.858	14156	0	159
2025.03.12	15:00:00	2921.899	2929.444	2921.295	2928.355	14603	0	159
2025.03.12	16:00:00	2928.457	2939.232	2927.890	2936.155	16640	0	159
2025.03.12	17:00:00	2936.131	2940.545	2935.842	2936.097	9836	0	159
2025.03.12	18:00:00	2936.093	2937.462	2933.744	2935.210	6688	0	159
2025.03.12	19:00:00	2935.144	2935.667	2930.931	2931.322	6992	0	159
2025.03.12	20:00:00	2931.289	2934.202	2930.784	2933.244	3397	0	159
2025.03.12	22:00:00	2933.730	2938.909	2933.385	2938.064	4209	0	160
2025.03.12	23:00:00	2938.130	2939.353	2934.711	2938.039	3614	0	160
2025.03.13	00:00:00	2938.025	2939.364	2937.538	2938.648	3543	0	159
2025.03.13	01:00:00	2938.706	2941.482	2936.511	2937.906	7815	0	159
2025.03.13	02:00:00	2937.914	2946.043	2937.465	2944.330	6827	0	159
2025.03.13	03:00:00	2944.223	2947.124	2943.069	2945.636	6095	0	159
2025.03.13	04:00:00	2945.601	2946.152	2943.481	2944.637	4563	0	159
2025.03.13	05:00:00	2944.706	2945.165	2938.180	2940.046	6734	0	159
2025.03.13	06:00:00	2940.084	2940.348	2935.389	2936.919	7621	0	159
2025.03.13	07:00:00	2936.880	2938.040	2932.920	2935.252	6598	0	159
2025.03.13	08:00:00	2935.287	2944.915	2934.768	2941.572	8043	0	159
2025.03.13	09:00:00	2941.542	2948.885	2941.073	2947.729	6112	0	159
2025.03.13	10:00:00	2947.725	2948.548	2942.084	2944.074	6087	0	159
2025.03.13	11:00:00	2944.084	2948.604	2944.084	2946.333	6994	0	159
2025.03.13	12:00:00	2946.371	2949.124	2940.958	2942.420	13816	0	159
2025.03.13	13:00:00	2942.377	2952.489	2938.935	2950.358	16411	0	159
2025.03.13	14:00:00	2950.317	2971.165	2949.802	2969.861	18634	0	159
2025.03.13	15:00:00	2969.886	2978.486	2966.456	2977.772	24552	0	159
2025.03.13	16:00:00	2977.797	2985.322	2976.579	2980.086	16164	0	159
2025.03.13	17:00:00	2980.120	2982.246	2976.363	2979.480	11872	0	159
2025.03.13	18:00:00	2979.455	2984.366	2979.060	2983.261	8092	0	159
2025.03.13	19:00:00	2983.300	2985.474	2980.596	2982.973	8717	0	159
2025.03.13	20:00:00	2982.997	2989.124	2981.253	2989.084	4387	0	159
2025.03.13	22:00:00	2988.616	2989.915	2983.171	2987.279	4754	0	159
2025.03.13	23:00:00	2987.207	2989.300	2985.372	2986.435	3865	0	160
2025.03.14	00:00:00	2986.473	2988.684	2984.759	2986.759	5992	0	159
2025.03.14	01:00:00	2986.795	2990.174	2981.743	2987.870	14072	0	159
2025.03.14	02:00:00	2987.830	2988.558	2983.886	2984.191	8064	0	159
2025.03.14	03:00:00	2984.186	2992.960	2983.871	2992.631	6388	0	159
2025.03.14	04:00:00	2992.654	2993.928	2984.390	2985.475	6511	0	159
2025.03.14	05:00:00	2985.510	2986.600	2981.863	2986.401	7951	0	159
2025.03.14	06:00:00	2986.358	2987.644	2981.128	2985.681	7588	0	159
2025.03.14	07:00:00	2985.653	2987.036	2980.787	2986.892	7335	0	159
2025.03.14	08:00:00	2986.921	2993.231	2985.179	2992.872	7167	0	159
2025.03.14	09:00:00	2992.843	2999.446	2992.600	2998.810	6385	0	159
2025.03.14	10:00:00	2998.768	3004.895	2986.578	2993.205	12804	0	159
2025.03.14	11:00:00	2993.311	2999.161	2993.281	2993.503	10092	0	159
2025.03.14	12:00:00	2993.477	2999.673	2993.306	2993.845	10855	0	159
2025.03.14	13:00:00	2993.805	2996.116	2983.211	2986.038	19988	0	159
2025.03.14	14:00:00	2985.874	2993.381	2981.919	2985.348	21595	0	159
2025.03.14	15:00:00	2985.383	2986.470	2978.421	2984.607	16656	0	159
2025.03.14	16:00:00	2984.569	2989.965	2982.909	2989.702	9152	0	159
2025.03.14	17:00:00	2989.656	2990.430	2986.325	2986.610	7072	0	159
2025.03.14	18:00:00	2986.656	2987.019	2983.213	2983.409	5926	0	159
2025.03.14	19:00:00	2983.380	2986.027	2982.140	2983.985	5299	0	159
2025.03.14	20:00:00	2983.959	2988.756	2981.633	2986.370	3485	0	159
2025.03.16	22:00:00	2987.601	2990.719	2986.054	2988.994	4047	0	160
2025.03.16	23:00:00	2989.069	2994.118	2988.267	2990.061	3839	0	159
2025.03.17	00:00:00	2990.030	2991.114	2986.360	2990.825	5184	0	159
2025.03.17	01:00:00	2990.809	2993.091	2988.672	2990.830	9118	0	159
2025.03.17	02:00:00	2990.840	2992.024	2986.973	2988.189	5570	0	159
2025.03.17	03:00:00	2988.153	2988.651	2985.220	2986.917	4611	0	159
2025.03.17	04:00:00	2986.943	2987.894	2982.388	2982.628	4206	0	159
2025.03.17	05:00:00	2982.636	2986.170	2982.158	2986.026	4338	0	159
2025.03.17	06:00:00	2986.077	2990.730	2985.374	2989.841	5682	0	159
2025.03.17	07:00:00	2989.792	2990.006	2984.087	2985.489	5264	0	159
2025.03.17	08:00:00	2985.548	2988.465	2983.053	2988.396	5117	0	159
2025.03.17	09:00:00	2988.404	2996.930	2987.618	2995.623	5612	0	159
2025.03.17	10:00:00	2995.643	2999.624	2994.776	2998.931	5256	0	159
2025.03.17	11:00:00	2998.962	3001.217	2996.520	2997.475	6049	0	159
2025.03.17	12:00:00	2997.515	2997.909	2984.718	2987.184	15149	0	159
2025.03.17	13:00:00	2987.217	2991.389	2985.961	2988.393	16000	0	159
2025.03.17	14:00:00	2988.369	3000.512	2987.105	2998.685	12548	0	159
2025.03.17	15:00:00	2998.658	2999.309	2992.923	2997.096	9139	0	159
2025.03.17	16:00:00	2997.155	2997.710	2993.027	2994.521	7245	0	159
2025.03.17	17:00:00	2994.562	2999.389	2994.560	2997.860	5719	0	159
2025.03.17	18:00:00	2997.855	3000.292	2996.690	2999.297	5525	0	159
2025.03.17	19:00:00	2999.369	3000.838	2997.658	3000.173	5125	0	159
2025.03.17	20:00:00	3000.147	3001.955	3000.085	3001.427	2932	0	159
2025.03.17	22:00:00	3001.367	3001.858	2999.931	3000.175	1782	0	159
2025.03.17	23:00:00	3000.170	3002.807	2999.583	2999.831	2464	0	159
2025.03.18	00:00:00	2999.803	3003.531	2999.601	3001.496	4771	0	159
2025.03.18	01:00:00	3001.420	3008.460	2999.490	3005.751	9608	0	159
2025.03.18	02:00:00	3005.713	3012.233	3002.773	3010.902	7143	0	159
2025.03.18	03:00:00	3010.853	3015.054	3009.686	3011.333	6590	0	159
2025.03.18	04:00:00	3011.340	3017.110	3011.256	3014.502	4587	0	159
2025.03.18	05:00:00	3014.475	3014.895	3006.066	3012.038	7157	0	159
2025.03.18	06:00:00	3012.056	3017.765	3010.626	3015.746	7950	0	159
2025.03.18	07:00:00	3015.761	3018.955	3014.443	3016.438	7153	0	159
2025.03.18	08:00:00	3016.486	3027.308	3016.345	3026.614	7432	0	159
2025.03.18	09:00:00	3026.653	3028.540	3018.141	3020.292	7642	0	159
2025.03.18	10:00:00	3020.216	3025.702	3019.590	3023.951	7245	0	159
2025.03.18	11:00:00	3023.995	3029.461	3022.356	3026.839	6458	0	159
2025.03.18	12:00:00	3026.842	3035.843	3026.779	3034.290	10563	0	159
2025.03.18	13:00:00	3034.330	3038.334	3026.186	3033.245	19491	0	159
2025.03.18	14:00:00	3033.194	3033.194	3024.720	3027.890	18750	0	159
2025.03.18	15:00:00	3027.939	3032.607	3025.183	3031.758	11468	0	159
2025.03.18	16:00:00	3031.719	3036.948	3030.453	3036.003	8070	0	159
2025.03.18	17:00:00	3036.048	3036.312	3029.777	3032.599	8222	0	159
2025.03.18	18:00:00	3032.606	3036.334	3032.455	3035.783	5074	0	160
2025.03.18	19:00:00	3035.741	3037.935	3035.142	3035.615	5266	0	159
2025.03.18	20:00:00	3035.643	3035.974	3033.341	3034.074	2756	0	159
2025.03.18	22:00:00	3034.025	3034.721	3032.602	3034.534	2232	0	159
2025.03.18	23:00:00	3034.535	3035.099	3031.512	3031.774	2891	0	159
2025.03.19	00:00:00	3031.801	3033.993	3030.515	3031.479	3639	0	159
2025.03.19	01:00:00	3031.476	3032.677	3027.320	3029.362	5151	0	160
2025.03.19	02:00:00	3029.406	3033.863	3028.980	3033.337	6019	0	159
2025.03.19	03:00:00	3033.372	3039.029	3032.316	3036.325	5420	0	159
2025.03.19	04:00:00	3036.291	3037.669	3034.256	3036.386	4614	0	159
2025.03.19	05:00:00	3036.387	3045.362	3036.387	3044.504	6955	0	159
2025.03.19	06:00:00	3044.503	3044.734	3034.482	3042.096	10746	0	159
2025.03.19	07:00:00	3042.176	3042.899	3035.617	3035.896	9011	0	159
2025.03.19	08:00:00	3035.949	3037.074	3024.732	3025.156	9269	0	159
2025.03.19	09:00:00	3025.129	3031.347	3022.744	3030.406	7429	0	159
2025.03.19	10:00:00	3030.483	3037.954	3028.320	3034.624	6293	0	159
2025.03.19	11:00:00	3034.612	3039.949	3033.732	3038.955	5268	0	159
2025.03.19	12:00:00	3038.931	3041.155	3036.218	3037.127	7585	0	159
2025.03.19	13:00:00	3037.226	3038.287	3027.690	3033.380	14983	0	159
2025.03.19	14:00:00	3033.344	3033.344	3025.845	3027.585	11887	0	159
2025.03.19	15:00:00	3027.556	3033.099	3026.802	3031.458	7997	0	159
2025.03.19	16:00:00	3031.482	3038.347	3031.294	3032.973	7092	0	159
2025.03.19	17:00:00	3033.056	3034.224	3029.363	3030.371	7595	0	159
2025.03.19	18:00:00	3030.378	3048.715	3029.993	3046.769	16357	0	159
2025.03.19	19:00:00	3046.809	3051.996	3040.990	3047.858	13264	0	159
2025.03.19	20:00:00	3047.818	3048.253	3044.205	3047.282	3908	0	160
2025.03.19	22:00:00	3048.924	3050.635	3047.089	3050.141	4030	0	160
2025.03.19	23:00:00	3050.141	3051.335	3048.794	3050.026	2438	0	159
2025.03.20	00:00:00	3050.023	3055.489	3050.023	3053.185	7103	0	159
2025.03.20	01:00:00	3053.222	3056.200	3049.409	3049.654	12338	0	159
2025.03.20	02:00:00	3049.626	3052.191	3045.028	3045.694	8691	0	159
2025.03.20	03:00:00	3045.637	3050.452	3045.410	3049.964	6836	0	159
2025.03.20	04:00:00	3050.068	3057.459	3048.151	3052.478	7394	0	159
2025.03.20	05:00:00	3052.523	3053.604	3044.873	3046.794	9014	0	159
2025.03.20	06:00:00	3046.837	3051.475	3045.675	3049.134	7634	0	159
2025.03.20	07:00:00	3048.999	3048.999	3041.780	3042.232	8503	0	159
2025.03.20	08:00:00	3042.268	3043.968	3038.610	3041.815	8089	0	159
2025.03.20	09:00:00	3041.781	3046.241	3040.527	3041.489	7898	0	159
2025.03.20	10:00:00	3041.484	3041.484	3025.626	3034.181	14419	0	159
2025.03.20	11:00:00	3034.157	3035.095	3029.270	3034.433	10125	0	159
2025.03.20	12:00:00	3034.467	3042.279	3033.358	3040.885	11985	0	159
2025.03.20	13:00:00	3040.927	3041.069	3029.883	3032.828	16466	0	159
2025.03.20	14:00:00	3032.652	3040.852	3030.643	3040.224	12807	0	159
2025.03.20	15:00:00	3040.188	3041.903	3037.559	3040.765	9017	0	159
2025.03.20	16:00:00	3040.802	3043.229	3033.884	3038.308	8853	0	159
2025.03.20	17:00:00	3038.346	3041.872	3034.820	3041.654	6538	0	159
2025.03.20	18:00:00	3041.635	3045.382	3040.929	3043.221	6435	0	159
2025.03.20	19:00:00	3043.196	3046.094	3043.172	3044.586	6304	0	159
2025.03.20	20:00:00	3044.561	3045.802	3044.218	3044.628	2852	0	159
2025.03.20	22:00:00	3044.988	3046.058	3043.517	3045.723	1823	0	159
2025.03.20	23:00:00	3045.685	3046.598	3044.424	3046.409	2358	0	159
2025.03.21	00:00:00	3046.335	3047.435	3042.269	3042.763	4172	0	159
2025.03.21	01:00:00	3042.826	3044.577	3035.900	3035.921	7753	0	159
2025.03.21	02:00:00	3035.896	3037.043	3033.788	3034.744	7467	0	159
2025.03.21	03:00:00	3034.702	3034.709	3029.974	3030.585	6241	0	159
2025.03.21	04:00:00	3030.539	3032.018	3027.857	3029.863	5133	0	159
2025.03.21	05:00:00	3029.842	3030.426	3021.553	3028.048	8185	0	159
2025.03.21	06:00:00	3028.086	3033.983	3027.451	3029.840	8060	0	159
2025.03.21	07:00:00	3029.766	3033.460	3028.079	3031.927	6515	0	159
2025.03.21	08:00:00	3032.025	3034.767	3027.049	3032.974	7756	0	159
2025.03.21	09:00:00	3032.907	3033.162	3027.843	3029.650	6882	0	159
2025.03.21	10:00:00	3029.677	3033.486	3029.635	3030.852	6092	0	159
2025.03.21	11:00:00	3030.816	3037.694	3028.888	3034.332	7294	0	159
2025.03.21	12:00:00	3034.311	3038.128	3033.473	3034.020	9984	0	159
2025.03.21	13:00:00	3033.976	3036.851	3004.170	3006.615	28084	0	159
2025.03.21	14:00:00	3006.583	3016.718	2999.385	3015.712	27357	0	159
2025.03.21	15:00:00	3015.712	3017.888	3009.990	3011.072	12723	0	159
2025.03.21	16:00:00	3011.037	3017.040	3010.660	3015.165	10047	0	159
2025.03.21	17:00:00	3015.184	3018.224	3012.845	3013.714	7040	0	159
2025.03.21	18:00:00	3013.744	3021.588	3013.474	3017.431	6341	0	159
2025.03.21	19:00:00	3017.407	3022.049	3015.931	3020.001	6783	0	159
2025.03.21	20:00:00	3020.037	3024.274	3019.974	3023.493	3772	0	160
2025.03.23	22:00:00	3023.441	3026.119	3022.143	3025.514	3600	0	159
2025.03.23	23:00:00	3025.514	3026.292	3023.267	3024.721	3193	0	159
2025.03.24	00:00:00	3024.709	3025.461	3017.075	3018.471	6437	0	159
2025.03.24	01:00:00	3018.513	3025.616	3018.281	3020.961	9938	0	159
2025.03.24	02:00:00	3020.987	3024.477	3013.646	3016.283	9116	0	159
2025.03.24	03:00:00	3016.328	3019.810	3015.676	3016.999	6421	0	159
2025.03.24	04:00:00	3017.048	3020.081	3016.524	3019.493	4517	0	159
2025.03.24	05:00:00	3019.453	3023.202	3018.997	3022.080	5989	0	159
2025.03.24	06:00:00	3021.997	3025.716	3017.319	3025.042	5942	0	159
2025.03.24	07:00:00	3025.003	3028.903	3020.971	3022.361	8096	0	159
2025.03.24	08:00:00	3022.329	3028.951	3021.839	3028.827	8135	0	159
2025.03.24	09:00:00	3028.853	3030.992	3022.683	3023.614	7375	0	159
2025.03.24	10:00:00	3023.662	3033.226	3023.436	3028.089	8117	0	159
2025.03.24	11:00:00	3028.067	3029.222	3024.347	3024.642	5888	0	160
2025.03.24	12:00:00	3024.602	3028.651	3022.388	3024.227	8578	0	159
2025.03.24	13:00:00	3024.187	3028.302	3019.165	3022.485	13091	0	159
2025.03.24	14:00:00	3022.464	3024.112	3007.951	3012.134	16597	0	159
2025.03.24	15:00:00	3012.092	3015.332	3005.745	3014.036	13073	0	159
2025.03.24	16:00:00	3014.060	3015.604	3008.038	3009.757	8570	0	159
2025.03.24	17:00:00	3009.731	3009.948	3005.764	3007.030	8045	0	159
2025.03.24	18:00:00	3007.071	3008.083	3002.465	3006.761	8687	0	159
2025.03.24	19:00:00	3006.807	3008.219	3005.012	3006.133	5215	0	160
2025.03.24	20:00:00	3006.096	3014.630	3005.559	3011.868	3378	0	159
2025.03.24	22:00:00	3011.722	3012.491	3008.992	3011.514	2743	0	160
2025.03.24	23:00:00	3011.468	3012.403	3009.372	3009.910	2653	0	159
2025.03.25	00:00:00	3009.945	3014.945	3008.983	3014.177	3684	0	159
2025.03.25	01:00:00	3014.150	3014.589	3010.520	3011.897	6639	0	159
2025.03.25	02:00:00	3011.830	3012.296	3007.545	3009.143	5676	0	159
2025.03.25	03:00:00	3009.140	3016.215	3008.570	3015.248	5544	0	159
2025.03.25	04:00:00	3015.284	3016.498	3014.680	3015.270	4000	0	159
2025.03.25	05:00:00	3015.204	3021.060	3014.295	3018.334	5604	0	159
2025.03.25	06:00:00	3018.321	3018.686	3014.807	3017.779	5131	0	159
2025.03.25	07:00:00	3017.808	3018.148	3010.521	3011.130	5353	0	159
2025.03.25	08:00:00	3011.151	3021.933	3010.681	3021.320	7702	0	159
2025.03.25	09:00:00	3021.273	3023.561	3018.987	3023.263	5544	0	159
2025.03.25	10:00:00	3023.229	3024.866	3020.658	3023.541	6098	0	159
2025.03.25	11:00:00	3023.543	3026.436	3020.398	3020.775	6226	0	159
2025.03.25	12:00:00	3020.738	3023.204	3014.132	3021.798	10298	0	159
2025.03.25	13:00:00	3021.750	3030.637	3020.821	3028.813	13298	0	159
2025.03.25	14:00:00	3028.803	3035.977	3024.954	3024.981	15748	0	159
2025.03.25	15:00:00	3024.955	3028.049	3017.946	3021.561	12159	0	159
2025.03.25	16:00:00	3021.592	3025.531	3021.406	3023.192	7012	0	159
2025.03.25	17:00:00	3023.241	3023.341	3019.830	3022.636	6851	0	159
2025.03.25	18:00:00	3022.594	3022.861	3017.759	3018.555	5064	0	159
2025.03.25	19:00:00	3018.523	3020.680	3017.721	3019.590	4188	0	159
2025.03.25	20:00:00	3019.616	3020.726	3018.832	3020.287	1986	0	159
2025.03.25	22:00:00	3019.663	3022.497	3019.663	3021.273	2367	0	159
2025.03.25	23:00:00	3021.273	3021.811	3020.504	3021.041	2034	0	160
2025.03.26	00:00:00	3021.037	3022.232	3017.786	3018.125	3735	0	159
2025.03.26	01:00:00	3018.142	3025.515	3016.394	3024.766	8585	0	159
2025.03.26	02:00:00	3024.790	3027.135	3022.823	3024.249	7261	0	159
2025.03.26	03:00:00	3024.206	3024.206	3016.477	3017.542	6791	0	159
2025.03.26	04:00:00	3017.578	3017.679	3014.249	3015.264	4314	0	160
2025.03.26	05:00:00	3015.232	3024.082	3013.218	3022.843	6705	0	159
2025.03.26	06:00:00	3022.819	3026.352	3022.087	3026.158	7695	0	159
2025.03.26	07:00:00	3026.125	3030.773	3025.021	3030.471	6215	0	159
2025.03.26	08:00:00	3030.509	3032.042	3023.610	3023.998	6268	0	159
2025.03.26	09:00:00	3024.033	3024.182	3017.543	3018.674	7252	0	159
2025.03.26	10:00:00	3018.704	3024.990	3016.886	3023.323	6175	0	159
2025.03.26	11:00:00	3023.227	3030.360	3023.227	3027.555	6458	0	159
2025.03.26	12:00:00	3027.540	3029.994	3025.289	3027.163	7991	0	159
2025.03.26	13:00:00	3027.135	3027.485	3015.873	3016.718	12354	0	159
2025.03.26	14:00:00	3016.689	3021.669	3014.903	3017.482	10890	0	159
2025.03.26	15:00:00	3017.443	3018.898	3012.325	3015.878	10565	0	159
2025.03.26	16:00:00	3015.911	3020.046	3015.157	3015.645	7156	0	159
2025.03.26	17:00:00	3015.686	3019.052	3015.209	3018.678	6047	0	159
2025.03.26	18:00:00	3018.693	3020.861	3018.119	3018.209	5213	0	159
2025.03.26	19:00:00	3018.254	3019.016	3015.766	3017.342	4937	0	159
2025.03.26	20:00:00	3017.367	3021.855	3017.198	3018.966	3640	0	159
2025.03.26	22:00:00	3020.487	3021.168	3018.012	3019.473	4269	0	159
2025.03.26	23:00:00	3019.461	3021.762	3017.558	3021.623	3734	0	160
2025.03.27	00:00:00	3021.563	3025.804	3021.522	3025.386	4702	0	159
2025.03.27	01:00:00	3025.352	3028.320	3022.926	3023.564	7832	0	159
2025.03.27	02:00:00	3023.583	3032.810	3023.265	3031.651	7918	0	159
2025.03.27	03:00:00	3031.655	3034.286	3029.686	3033.568	5761	0	159
2025.03.27	04:00:00	3033.568	3038.610	3031.725	3034.064	6160	0	159
2025.03.27	05:00:00	3034.100	3035.907	3029.300	3029.700	6703	0	159
2025.03.27	06:00:00	3029.708	3033.270	3026.699	3029.938	9358	0	159
2025.03.27	07:00:00	3029.913	3036.742	3029.214	3035.850	9823	0	159
2025.03.27	08:00:00	3035.866	3038.054	3033.757	3036.155	9167	0	159
2025.03.27	09:00:00	3036.119	3041.008	3034.601	3039.923	6175	0	159
2025.03.27	10:00:00	3039.957	3055.898	3039.802	3051.424	12747	0	159
2025.03.27	11:00:00	3051.465	3055.644	3048.856	3054.566	9211	0	159
2025.03.27	12:00:00	3054.548	3055.976	3047.142	3050.066	10973	0	159
2025.03.27	13:00:00	3050.036	3052.173	3033.403	3040.613	20852	0	159
2025.03.27	14:00:00	3040.638	3059.885	3040.638	3057.634	20970	0	159
2025.03.27	15:00:00	3057.668	3059.195	3051.373	3052.204	19390	0	159
2025.03.27	16:00:00	3052.123	3054.222	3047.787	3048.388	12794	0	159
2025.03.27	17:00:00	3048.372	3053.259	3047.841	3052.835	9109	0	159
2025.03.27	18:00:00	3052.889	3057.583	3052.713	3055.882	5900	0	159
2025.03.27	19:00:00	3055.908	3057.830	3054.938	3057.468	5364	0	159
2025.03.27	20:00:00	3057.438	3057.603	3055.134	3056.669	2494	0	160
2025.03.27	22:00:00	3055.858	3057.638	3054.488	3055.030	3175	0	159
2025.03.27	23:00:00	3055.065	3056.156	3054.144	3055.710	2708	0	159
2025.03.28	00:00:00	3055.726	3063.476	3054.993	3061.977	7162	0	159
2025.03.28	01:00:00	3061.937	3074.058	3061.841	3073.905	10811	0	159
2025.03.28	02:00:00	3073.874	3077.544	3070.061	3071.898	9624	0	159
2025.03.28	03:00:00	3071.847	3076.702	3069.645	3075.267	7437	0	159
2025.03.28	04:00:00	3075.250	3075.422	3072.568	3073.887	5091	0	159
2025.03.28	05:00:00	3073.837	3081.987	3072.446	3077.833	7246	0	159
2025.03.28	06:00:00	3077.809	3084.938	3076.649	3084.700	9494	0	159
2025.03.28	07:00:00	3084.626	3086.017	3077.783	3079.348	7764	0	159
2025.03.28	08:00:00	3079.302	3081.235	3066.153	3072.949	9007	0	159
2025.03.28	09:00:00	3073.000	3076.235	3069.589	3072.840	6874	0	159
2025.03.28	10:00:00	3072.882	3074.648	3067.365	3074.271	7956	0	159
2025.03.28	11:00:00	3074.233	3079.925	3074.071	3076.371	7524	0	159
2025.03.28	12:00:00	3076.344	3081.869	3072.495	3077.456	11703	0	159
2025.03.28	13:00:00	3077.383	3084.136	3070.752	3083.497	22255	0	159
2025.03.28	14:00:00	3083.469	3086.831	3068.026	3069.937	30068	0	159
2025.03.28	15:00:00	3069.911	3085.724	3067.255	3083.707	16676	0	159
2025.03.28	16:00:00	3083.677	3086.718	3080.410	3083.879	9961	0	159
2025.03.28	17:00:00	3083.839	3085.984	3076.112	3077.431	9244	0	159
2025.03.28	18:00:00	3077.473	3080.516	3073.497	3079.683	7341	0	159
2025.03.28	19:00:00	3079.658	3081.817	3079.437	3080.734	6255	0	159
2025.03.28	20:00:00	3080.708	3085.955	3080.708	3085.146	4565	0	159
2025.03.30	22:00:00	3092.531	3097.834	3088.585	3090.003	7769	0	159
2025.03.30	23:00:00	3090.000	3090.912	3087.793	3089.213	5516	0	159
2025.03.31	00:00:00	3089.159	3089.729	3077.412	3079.115	9590	0	159
2025.03.31	01:00:00	3079.079	3095.449	3076.790	3094.757	16983	0	159
2025.03.31	02:00:00	3094.747	3107.289	3093.852	3106.648	19116	0	159
2025.03.31	03:00:00	3106.694	3111.695	3105.147	3107.138	13484	0	159
2025.03.31	04:00:00	3107.072	3115.938	3105.925	3113.290	7491	0	159
2025.03.31	05:00:00	3113.251	3120.089	3107.573	3116.585	10472	0	159
2025.03.31	06:00:00	3116.486	3128.165	3113.435	3119.177	15814	0	159
2025.03.31	07:00:00	3119.205	3125.435	3118.605	3124.523	13799	0	159
2025.03.31	08:00:00	3124.477	3127.156	3120.919	3122.168	9249	0	159
2025.03.31	09:00:00	3122.208	3123.320	3111.820	3114.882	9677	0	159
2025.03.31	10:00:00	3114.876	3123.688	3111.829	3118.439	10564	0	159
2025.03.31	11:00:00	3118.464	3119.675	3113.370	3119.480	9201	0	159
2025.03.31	12:00:00	3119.471	3126.766	3118.095	3124.488	14027	0	159
2025.03.31	13:00:00	3124.445	3124.762	3099.753	3113.478	33061	0	159
2025.03.31	14:00:00	3113.430	3123.625	3110.870	3123.117	26026	0	159
2025.03.31	15:00:00	3123.168	3127.236	3112.888	3113.807	16032	0	159
2025.03.31	16:00:00	3113.847	3120.648	3111.637	3117.567	10309	0	159
2025.03.31	17:00:00	3117.526	3120.315	3115.822	3117.905	8534	0	159
2025.03.31	18:00:00	3117.908	3123.397	3117.312	3121.480	6745	0	159
2025.03.31	19:00:00	3121.472	3124.652	3120.862	3124.360	6894	0	159
2025.03.31	20:00:00	3124.320	3124.789	3122.883	3124.071	3194	0	159
2025.03.31	22:00:00	3125.076	3125.986	3121.737	3122.797	2677	0	159
2025.03.31	23:00:00	3122.773	3126.447	3120.024	3120.581	4084	0	159
2025.04.01	00:00:00	3120.569	3127.979	3120.200	3127.260	6718	0	159
2025.04.01	01:00:00	3127.229	3138.232	3126.549	3135.386	18385	0	159
2025.04.01	02:00:00	3135.422	3145.702	3132.955	3145.131	15143	0	159
2025.04.01	03:00:00	3145.089	3147.335	3142.553	3146.028	9661	0	159
2025.04.01	04:00:00	3146.000	3147.939	3142.796	3144.721	6354	0	159
2025.04.01	05:00:00	3144.673	3149.059	3130.495	3132.070	13736	0	159
2025.04.01	06:00:00	3132.078	3138.110	3126.530	3133.728	22315	0	159
2025.04.01	07:00:00	3133.702	3137.696	3124.131	3127.638	13324	0	159
2025.04.01	08:00:00	3127.594	3135.652	3126.392	3130.909	10009	0	159
2025.04.01	09:00:00	3130.953	3134.122	3130.077	3132.344	6762	0	159
2025.04.01	10:00:00	3132.383	3138.997	3130.793	3132.412	9840	0	159
2025.04.01	11:00:00	3132.374	3135.854	3128.655	3130.319	9268	0	159
2025.04.01	12:00:00	3130.354	3134.567	3127.689	3133.235	11432	0	159
2025.04.01	13:00:00	3133.287	3137.095	3128.182	3133.821	18685	0	159
2025.04.01	14:00:00	3133.783	3135.447	3123.639	3128.694	23557	0	159
2025.04.01	15:00:00	3128.737	3133.030	3113.401	3113.725	19720	0	159
2025.04.01	16:00:00	3113.690	3116.834	3100.761	3106.653	23656	0	159
2025.04.01	17:00:00	3106.690	3114.520	3105.671	3113.641	9651	0	159
2025.04.01	18:00:00	3113.613	3118.692	3113.289	3114.183	6640	0	159
2025.04.01	19:00:00	3114.201	3119.013	3113.711	3118.723	5285	0	159
2025.04.01	20:00:00	3118.681	3120.866	3113.095	3114.303	3555	0	159
2025.04.01	22:00:00	3114.278	3114.935	3107.742	3111.381	4817	0	159
2025.04.01	23:00:00	3111.418	3116.247	3111.242	3115.160	4242	0	159
2025.04.02	00:00:00	3115.126	3123.761	3112.970	3122.897	8179	0	159
2025.04.02	01:00:00	3122.883	3135.376	3121.348	3133.117	17196	0	159
2025.04.02	02:00:00	3133.189	3135.703	3128.559	3128.610	10721	0	159
2025.04.02	03:00:00	3128.581	3132.120	3124.583	3125.489	7300	0	159
2025.04.02	04:00:00	3125.458	3126.779	3115.548	3116.192	6752	0	159
2025.04.02	05:00:00	3116.156	3119.193	3108.623	3117.978	13753	0	159
2025.04.02	06:00:00	3117.982	3119.681	3113.976	3116.541	9201	0	159
2025.04.02	07:00:00	3116.575	3126.039	3112.175	3125.314	8346	0	160
2025.04.02	08:00:00	3125.275	3133.878	3123.340	3131.316	10765	0	159
2025.04.02	09:00:00	3131.227	3131.568	3126.966	3130.997	7726	0	159
2025.04.02	10:00:00	3131.018	3131.351	3110.052	3114.412	11813	0	159
2025.04.02	11:00:00	3114.438	3123.889	3114.296	3121.230	10033	0	159
2025.04.02	12:00:00	3121.314	3127.437	3117.046	3122.451	10908	0	159
2025.04.02	13:00:00	3122.377	3132.156	3116.597	3122.233	22552	0	159
2025.04.02	14:00:00	3122.199	3129.388	3119.383	3124.859	13526	0	159
2025.04.02	15:00:00	3124.826	3128.189	3120.806	3125.909	10648	0	159
2025.04.02	16:00:00	3125.935	3134.396	3125.935	3131.470	11397	0	159
2025.04.02	17:00:00	3131.377	3131.405	3120.837	3123.541	9891	0	159
2025.04.02	18:00:00	3123.582	3126.201	3118.666	3121.907	7859	0	159
2025.04.02	19:00:00	3121.874	3127.320	3121.523	3124.388	5868	0	159
2025.04.02	20:00:00	3124.358	3141.774	3104.795	3134.072	49522	0	159
2025.04.02	22:00:00	3130.015	3148.072	3122.557	3145.789	33664	0	159
2025.04.02	23:00:00	3145.814	3167.792	3145.814	3162.702	22360	0	159
2025.04.03	00:00:00	3162.555	3164.812	3140.717	3151.320	32082	0	159
2025.04.03	01:00:00	3151.345	3163.010	3147.902	3153.397	35946	0	159
2025.04.03	02:00:00	3153.425	3155.355	3142.241	3145.192	17011	0	159
2025.04.03	03:00:00	3145.152	3152.207	3144.679	3148.066	16088	0	159
2025.04.03	04:00:00	3148.020	3149.660	3139.083	3140.371	10086	0	159
2025.04.03	05:00:00	3140.425	3141.021	3124.006	3131.888	22043	0	159
2025.04.03	06:00:00	3131.924	3134.169	3116.392	3127.782	25955	0	159
2025.04.03	07:00:00	3127.840	3130.177	3119.781	3128.957	17973	0	159
2025.04.03	08:00:00	3129.011	3132.066	3126.015	3129.007	12094	0	159
2025.04.03	09:00:00	3129.125	3129.603	3121.488	3121.568	15511	0	159
2025.04.03	10:00:00	3121.603	3122.972	3089.165	3095.556	31344	0	159
2025.04.03	11:00:00	3095.509	3100.037	3085.061	3093.188	28934	0	159
2025.04.03	12:00:00	3093.193	3094.763	3061.916	3076.261	35728	0	159
2025.04.03	13:00:00	3076.233	3093.478	3054.052	3086.124	52383	0	159
2025.04.03	14:00:00	3086.698	3135.605	3086.053	3128.939	47134	0	159
2025.04.03	15:00:00	3128.968	3129.563	3103.896	3110.558	32970	0	159
2025.04.03	16:00:00	3110.604	3114.282	3101.799	3107.551	17127	0	159
2025.04.03	17:00:00	3107.533	3109.928	3099.949	3109.500	13299	0	159
2025.04.03	18:00:00	3109.542	3111.701	3102.115	3111.586	8112	0	159
2025.04.03	19:00:00	3111.608	3113.296	3101.532	3107.583	9200	0	159
2025.04.03	20:00:00	3107.567	3119.962	3107.200	3113.145	6867	0	159
2025.04.03	22:00:00	3114.351	3116.719	3112.327	3115.387	4304	0	160
2025.04.03	23:00:00	3115.423	3116.274	3109.757	3112.884	6415	0	159
2025.04.04	00:00:00	3112.908	3115.045	3106.014	3110.542	10092	0	159
2025.04.04	01:00:00	3110.508	3115.792	3109.102	3109.875	10468	0	159
2025.04.04	02:00:00	3109.867	3112.974	3091.197	3096.727	16646	0	159
2025.04.04	03:00:00	3096.691	3099.098	3086.989	3098.409	16576	0	159
2025.04.04	04:00:00	3098.438	3105.014	3095.992	3100.157	10687	0	159
2025.04.04	05:00:00	3100.119	3108.908	3098.820	3108.908	10683	0	159
2025.04.04	06:00:00	3108.882	3109.931	3100.471	3101.083	10860	0	159
2025.04.04	07:00:00	3100.978	3103.473	3091.993	3092.850	17808	0	159
2025.04.04	08:00:00	3092.824	3094.121	3078.448	3084.201	17304	0	159
2025.04.04	09:00:00	3084.175	3095.913	3083.869	3090.725	13974	0	159
2025.04.04	10:00:00	3090.749	3116.180	3090.501	3110.273	29636	0	159
2025.04.04	11:00:00	3110.230	3136.725	3095.552	3110.242	48610	0	159
2025.04.04	12:00:00	3110.248	3111.835	3069.359	3071.138	50186	0	159
2025.04.04	13:00:00	3071.176	3087.424	3059.600	3061.740	47971	0	159
2025.04.04	14:00:00	3061.858	3061.858	3026.903	3038.414	54658	0	159
2025.04.04	15:00:00	3038.455	3050.522	3016.939	3021.908	51816	0	159
2025.04.04	16:00:00	3021.944	3036.782	3017.578	3030.875	29197	0	159
2025.04.04	17:00:00	3030.909	3032.932	3015.556	3025.754	25475	0	159
2025.04.04	18:00:00	3025.714	3027.883	3017.896	3025.483	15144	0	159
2025.04.04	19:00:00	3025.508	3040.929	3021.970	3036.464	20045	0	159
2025.04.04	20:00:00	3036.423	3040.902	3033.840	3038.506	9051	0	159
2025.04.06	22:00:00	3028.686	3032.445	2999.824	3009.903	18305	0	159
2025.04.06	23:00:00	3009.929	3017.124	2977.024	2999.944	28246	0	159
2025.04.07	00:00:00	2999.954	3009.706	2970.689	2978.978	34179	0	159
2025.04.07	01:00:00	2978.939	3055.714	2972.065	3038.425	75921	0	159
2025.04.07	02:00:00	3038.383	3055.804	3024.274	3025.844	37103	0	159
2025.04.07	03:00:00	3025.820	3034.077	3017.110	3018.884	22959	0	159
2025.04.07	04:00:00	3018.951	3035.680	3018.951	3035.470	14261	0	159
2025.04.07	05:00:00	3035.425	3044.629	3024.900	3032.003	20501	0	159
2025.04.07	06:00:00	3031.959	3033.584	3016.667	3029.887	29298	0	159
2025.04.07	07:00:00	3029.928	3030.798	3013.200	3018.569	37963	0	159
2025.04.07	08:00:00	3018.527	3035.525	3017.652	3031.224	24182	0	159
2025.04.07	09:00:00	3031.425	3033.449	3019.527	3025.163	20048	0	159
2025.04.07	10:00:00	3025.192	3036.473	3024.100	3031.415	21976	0	159
2025.04.07	11:00:00	3031.372	3046.148	3030.221	3031.321	24822	0	159
2025.04.07	12:00:00	3031.369	3032.943	3014.735	3031.164	37221	0	159
2025.04.07	13:00:00	3031.079	3034.213	3002.122	3015.480	49791	0	159
2025.04.07	14:00:00	3015.431	3038.018	2996.453	2999.309	75891	0	159
2025.04.07	15:00:00	2999.351	3004.853	2979.826	2987.491	42409	0	159
2025.04.07	16:00:00	2987.526	2987.849	2969.864	2970.629	26182	0	159
2025.04.07	17:00:00	2970.654	2975.218	2956.302	2970.050	35161	0	159
2025.04.07	18:00:00	2970.085	2976.717	2963.985	2965.824	17036	0	159
2025.04.07	19:00:00	2965.778	2982.080	2965.332	2976.636	16471	0	159
2025.04.07	20:00:00	2976.704	2986.197	2969.926	2982.355	8281	0	159
2025.04.07	22:00:00	2982.102	2988.636	2980.892	2986.678	7000	0	159
2025.04.07	23:00:00	2986.678	2987.403	2978.548	2981.392	7483	0	159
2025.04.08	00:00:00	2981.366	2992.659	2980.318	2985.399	15678	0	159
2025.04.08	01:00:00	2985.357	3003.183	2983.566	2999.716	27921	0	159
2025.04.08	02:00:00	2999.843	3004.873	2998.275	3000.864	13821	0	159
2025.04.08	03:00:00	3000.909	3001.059	2993.062	2994.741	12426	0	159
2025.04.08	04:00:00	2994.716	3002.901	2990.880	3002.229	10600	0	159
2025.04.08	05:00:00	3002.197	3008.360	2999.422	3005.599	13261	0	159
2025.04.08	06:00:00	3005.651	3015.779	3002.462	3013.250	18546	0	159
2025.04.08	07:00:00	3013.276	3013.914	3001.990	3003.607	20435	0	159
2025.04.08	08:00:00	3003.579	3009.302	3001.211	3007.426	10931	0	159
2025.04.08	09:00:00	3007.384	3007.814	2994.795	3006.824	13202	0	159
2025.04.08	10:00:00	3006.862	3010.257	3004.110	3008.971	8521	0	159
2025.04.08	11:00:00	3008.898	3019.502	3008.610	3017.379	10013	0	159
2025.04.08	12:00:00	3017.456	3019.434	3002.358	3002.509	17424	0	159
2025.04.08	13:00:00	3002.573	3022.746	3002.544	3010.414	27450	0	159
2025.04.08	14:00:00	3010.319	3018.178	3005.888	3006.181	20339	0	159
2025.04.08	15:00:00	3006.215	3012.395	3001.222	3001.545	14141	0	159
2025.04.08	16:00:00	3001.596	3001.596	2984.324	2986.021	16599	0	159
2025.04.08	17:00:00	2986.062	2987.368	2974.596	2985.158	18452	0	159
2025.04.08	18:00:00	2985.049	2992.380	2979.367	2983.636	11769	0	159
2025.04.08	19:00:00	2983.598	2987.565	2976.701	2984.959	9965	0	159
2025.04.08	20:00:00	2984.996	2986.554	2977.113	2982.305	5516	0	159
2025.04.08	22:00:00	2984.367	2985.460	2980.121	2981.925	5227	0	159
2025.04.08	23:00:00	2981.963	2990.869	2969.978	2978.398	11164	0	159
2025.04.09	00:00:00	2978.425	2987.058	2974.776	2980.345	18342	0	159
2025.04.09	01:00:00	2980.393	3009.858	2972.457	3008.771	32669	0	159
2025.04.09	02:00:00	3008.715	3011.253	2999.897	3002.984	15830	0	159
2025.04.09	03:00:00	3002.923	3009.806	3002.584	3004.464	11924	0	159
2025.04.09	04:00:00	3004.464	3014.175	2999.481	3012.337	14385	0	159
2025.04.09	05:00:00	3012.370	3020.537	3005.502	3015.450	18215	0	159
2025.04.09	06:00:00	3015.489	3040.918	3014.561	3039.090	22937	0	159
2025.04.09	07:00:00	3039.060	3052.419	3034.366	3041.091	21214	0	159
2025.04.09	08:00:00	3041.050	3051.205	3038.140	3044.048	14632	0	159
2025.04.09	09:00:00	3043.951	3049.680	3038.555	3045.013	11294	0	159
2025.04.09	10:00:00	3045.008	3046.960	3038.195	3042.884	12024	0	159
2025.04.09	11:00:00	3042.910	3068.139	3036.074	3066.596	27629	0	159
2025.04.09	12:00:00	3066.631	3073.049	3042.626	3047.418	29408	0	159
2025.04.09	13:00:00	3047.446	3077.986	3047.256	3075.336	33300	0	159
2025.04.09	14:00:00	3075.286	3084.640	3068.387	3070.576	21524	0	159
2025.04.09	15:00:00	3070.494	3087.778	3065.283	3086.288	15863	0	159
2025.04.09	16:00:00	3086.330	3094.764	3082.772	3092.332	12191	0	159
2025.04.09	17:00:00	3092.440	3099.069	3051.123	3059.983	46406	0	159
2025.04.09	18:00:00	3059.942	3073.556	3048.521	3067.141	29189	0	159
2025.04.09	19:00:00	3067.216	3099.665	3064.241	3093.548	22384	0	159
2025.04.09	20:00:00	3093.515	3095.551	3078.159	3083.131	9281	0	159
2025.04.09	22:00:00	3080.368	3089.947	3071.437	3080.057	8991	0	159
2025.04.09	23:00:00	3080.052	3089.015	3079.567	3086.784	8626	0	159
2025.04.10	00:00:00	3086.745	3101.404	3081.346	3097.201	16685	0	159
2025.04.10	01:00:00	3097.171	3100.613	3078.448	3094.078	23975	0	159
2025.04.10	02:00:00	3094.069	3120.389	3093.894	3119.296	22525	0	159
2025.04.10	03:00:00	3119.256	3131.797	3115.295	3125.403	14852	0	159
2025.04.10	04:00:00	3125.365	3129.401	3121.164	3125.325	8855	0	159
2025.04.10	05:00:00	3125.346	3132.570	3112.725	3122.424	12153	0	159
2025.04.10	06:00:00	3122.387	3126.345	3118.941	3122.103	12260	0	159
2025.04.10	07:00:00	3122.135	3123.501	3106.611	3108.703	15938	0	159
2025.04.10	08:00:00	3108.704	3115.783	3104.686	3105.075	14016	0	159
2025.04.10	09:00:00	3105.075	3118.084	3103.182	3116.599	11162	0	159
2025.04.10	10:00:00	3116.623	3122.605	3114.358	3120.046	10721	0	159
2025.04.10	11:00:00	3120.096	3125.656	3113.158	3124.677	12297	0	159
2025.04.10	12:00:00	3124.702	3133.993	3116.345	3123.114	22867	0	159
2025.04.10	13:00:00	3123.139	3136.625	3116.039	3116.956	26652	0	159
2025.04.10	14:00:00	3116.918	3154.884	3116.827	3154.647	27927	0	159
2025.04.10	15:00:00	3154.621	3174.993	3154.437	3157.996	23060	0	159
2025.04.10	16:00:00	3158.014	3167.287	3153.956	3158.572	22103	0	159
2025.04.10	17:00:00	3158.538	3165.538	3151.545	3162.772	14769	0	159
2025.04.10	18:00:00	3162.774	3175.692	3158.001	3173.326	11664	0	159
2025.04.10	19:00:00	3173.397	3176.428	3167.998	3170.773	10923	0	159
2025.04.10	20:00:00	3170.749	3176.428	3168.493	3175.703	5503	0	159
2025.04.10	22:00:00	3177.764	3190.332	3176.372	3188.888	9212	0	159
2025.04.10	23:00:00	3188.926	3191.341	3183.054	3188.972	8954	0	159
2025.04.11	00:00:00	3188.993	3217.907	3184.855	3205.600	26682	0	159
2025.04.11	01:00:00	3205.550	3219.465	3201.018	3207.168	31315	0	159
2025.04.11	02:00:00	3207.209	3219.899	3205.993	3217.394	16484	0	159
2025.04.11	03:00:00	3217.354	3220.133	3214.129	3217.686	10944	0	159
2025.04.11	04:00:00	3217.693	3218.137	3208.455	3208.601	9116	0	159
2025.04.11	05:00:00	3208.581	3219.251	3187.126	3195.798	24415	0	159
2025.04.11	06:00:00	3195.773	3209.574	3190.225	3197.219	22714	0	159
2025.04.11	07:00:00	3197.243	3213.128	3193.912	3212.406	17196	0	159
2025.04.11	08:00:00	3212.430	3227.449	3208.511	3215.960	21818	0	159
2025.04.11	09:00:00	3215.984	3230.145	3211.935	3227.776	15526	0	159
2025.04.11	10:00:00	3227.741	3237.815	3210.091	3212.572	18476	0	159
2025.04.11	11:00:00	3212.642	3224.701	3211.495	3213.872	17627	0	159
2025.04.11	12:00:00	3213.910	3234.017	3211.033	3233.669	21819	0	159
2025.04.11	13:00:00	3233.650	3244.158	3219.640	3224.108	31688	0	159
2025.04.11	14:00:00	3224.117	3237.819	3222.909	3230.264	27823	0	159
2025.04.11	15:00:00	3230.226	3242.093	3229.404	3240.602	15636	0	159
2025.04.11	16:00:00	3240.601	3245.436	3219.561	3223.263	16033	0	159
2025.04.11	17:00:00	3223.318	3235.558	3223.318	3233.951	15028	0	159
2025.04.11	18:00:00	3234.000	3238.305	3231.208	3235.711	8524	0	159
2025.04.11	19:00:00	3235.678	3235.706	3227.462	3231.084	9213	0	159
2025.04.11	20:00:00	3231.057	3238.968	3230.864	3237.519	5160	0	159
2025.04.13	22:00:00	3220.460	3224.747	3213.589	3221.333	10151	0	159
2025.04.13	23:00:00	3221.374	3224.548	3216.864	3223.805	9640	0	159
2025.04.14	00:00:00	3223.699	3227.234	3219.190	3221.016	9704	0	159
2025.04.14	01:00:00	3221.040	3243.601	3215.380	3239.702	22027	0	159
2025.04.14	02:00:00	3239.673	3245.757	3229.538	3232.001	14171	0	159
2025.04.14	03:00:00	3231.956	3234.741	3226.909	3232.444	8759	0	159
2025.04.14	04:00:00	3232.445	3235.800	3226.137	3227.431	7213	0	159
2025.04.14	05:00:00	3227.390	3236.043	3221.386	3234.408	10698	0	159
2025.04.14	06:00:00	3234.383	3238.157	3228.886	3231.059	11621	0	159
2025.04.14	07:00:00	3231.086	3233.725	3224.756	3228.013	10046	0	159
2025.04.14	08:00:00	3227.973	3230.070	3216.566	3227.023	14140	0	159
2025.04.14	09:00:00	3227.020	3231.742	3220.898	3223.843	10939	0	159
2025.04.14	10:00:00	3223.889	3224.696	3206.323	3215.266	15814	0	159
2025.04.14	11:00:00	3215.235	3225.796	3213.940	3223.359	11041	0	159
2025.04.14	12:00:00	3223.332	3227.710	3200.514	3206.788	20363	0	159
2025.04.14	13:00:00	3206.744	3210.684	3193.552	3204.628	30940	0	159
2025.04.14	14:00:00	3204.560	3215.725	3200.390	3211.223	9506	0	159
2025.04.14	15:00:00	3211.169	3211.192	3196.365	3198.051	15303	0	159
2025.04.14	16:00:00	3198.089	3208.308	3197.637	3207.504	9864	0	159
2025.04.14	17:00:00	3207.565	3216.602	3207.018	3214.045	9066	0	159
2025.04.14	18:00:00	3214.138	3214.871	3201.379	3208.110	7312	0	159
2025.04.14	19:00:00	3208.078	3213.083	3207.726	3212.699	6352	0	159
2025.04.14	20:00:00	3212.745	3213.821	3207.342	3210.376	3875	0	159
2025.04.14	22:00:00	3211.990	3215.245	3210.762	3212.210	3659	0	160
2025.04.14	23:00:00	3212.224	3214.202	3210.458	3212.598	3912	0	159
2025.04.15	00:00:00	3212.634	3215.168	3210.772	3211.862	6206	0	159
2025.04.15	01:00:00	3211.827	3225.980	3209.977	3223.662	13299	0	159
2025.04.15	02:00:00	3223.705	3225.038	3218.719	3224.272	7924	0	159
2025.04.15	03:00:00	3224.192	3228.966	3223.252	3228.304	7500	0	159
2025.04.15	04:00:00	3228.345	3232.704	3226.805	3231.835	5618	0	159
2025.04.15	05:00:00	3231.810	3232.135	3220.817	3224.644	8641	0	159
2025.04.15	06:00:00	3224.685	3228.756	3223.203	3225.109	7342	0	159
2025.04.15	07:00:00	3225.150	3226.511	3217.361	3225.623	9658	0	159
2025.04.15	08:00:00	3225.650	3232.139	3224.327	3227.693	10940	0	159
2025.04.15	09:00:00	3227.657	3230.075	3221.116	3222.458	6616	0	159
2025.04.15	10:00:00	3222.569	3226.895	3219.574	3220.252	6450	0	159
2025.04.15	11:00:00	3220.268	3224.092	3216.776	3220.164	7475	0	159
2025.04.15	12:00:00	3220.192	3226.200	3214.286	3221.465	11196	0	159
2025.04.15	13:00:00	3221.497	3226.323	3211.575	3213.122	13751	0	159
2025.04.15	14:00:00	3213.147	3226.861	3213.147	3222.683	15250	0	159
2025.04.15	15:00:00	3222.682	3224.079	3217.059	3221.371	7632	0	159
2025.04.15	16:00:00	3221.394	3223.366	3219.487	3221.473	5402	0	159
2025.04.15	17:00:00	3221.396	3230.727	3220.338	3228.017	5963	0	159
2025.04.15	18:00:00	3228.054	3229.680	3225.700	3229.074	5157	0	160
2025.04.15	19:00:00	3229.075	3231.877	3226.207	3229.793	5043	0	160
2025.04.15	20:00:00	3229.831	3233.674	3226.428	3229.808	4061	0	159
2025.04.15	22:00:00	3230.815	3242.184	3229.896	3241.366	5208	0	159
2025.04.15	23:00:00	3241.410	3251.826	3238.382	3251.780	8595	0	159
2025.04.16	00:00:00	3251.804	3268.064	3251.590	3264.500	15969	0	159
2025.04.16	01:00:00	3264.473	3275.104	3256.014	3270.263	18968	0	159
2025.04.16	02:00:00	3270.216	3275.424	3266.967	3267.764	10315	0	159
2025.04.16	03:00:00	3267.644	3281.750	3266.135	3281.401	9370	0	159
2025.04.16	04:00:00	3281.401	3287.591	3269.347	3283.733	9990	0	159
2025.04.16	05:00:00	3283.702	3291.782	3283.603	3289.765	9894	0	159
2025.04.16	06:00:00	3289.814	3295.042	3285.986	3291.759	11280	0	159
2025.04.16	07:00:00	3291.768	3300.703	3291.315	3300.410	13639	0	159
2025.04.16	08:00:00	3300.458	3317.821	3288.588	3307.048	23033	0	159
2025.04.16	09:00:00	3307.092	3310.906	3300.028	3303.581	11102	0	159
2025.04.16	10:00:00	3303.607	3306.801	3299.598	3304.074	8055	0	159
2025.04.16	11:00:00	3304.175	3313.720	3293.164	3306.842	16090	0	159
2025.04.16	12:00:00	3306.798	3313.420	3302.436	3307.343	14977	0	159
2025.04.16	13:00:00	3307.359	3316.499	3296.860	3311.587	20612	0	159
2025.04.16	14:00:00	3311.648	3319.620	3306.147	3308.425	20995	0	159
2025.04.16	15:00:00	3308.538	3328.212	3305.294	3325.328	16273	0	159
2025.04.16	16:00:00	3325.288	3333.003	3321.433	3327.249	12371	0	159
2025.04.16	17:00:00	3327.277	3332.840	3324.466	3328.249	10965	0	159
2025.04.16	18:00:00	3328.222	3340.734	3326.395	3338.310	10126	0	159
2025.04.16	19:00:00	3338.399	3342.497	3335.892	3336.676	8873	0	159
2025.04.16	20:00:00	3336.720	3342.665	3334.437	3342.198	5828	0	159
2025.04.16	22:00:00	3343.801	3357.758	3343.035	3351.033	8908	0	159
2025.04.16	23:00:00	3351.072	3353.445	3346.918	3350.133	7717	0	159
2025.04.17	00:00:00	3350.168	3351.299	3342.027	3345.428	12422	0	159
2025.04.17	01:00:00	3345.353	3356.281	3320.801	3323.912	34804	0	159
2025.04.17	02:00:00	3323.888	3340.669	3321.086	3340.392	17571	0	159
2025.04.17	03:00:00	3340.367	3344.570	3337.404	3344.570	10322	0	159
2025.04.17	04:00:00	3344.523	3344.523	3337.863	3341.485	8259	0	159
2025.04.17	05:00:00	3341.531	3345.470	3328.403	3329.429	10545	0	159
2025.04.17	06:00:00	3329.456	3333.000	3325.204	3328.931	14970	0	159
2025.04.17	07:00:00	3328.899	3330.073	3314.279	3323.323	17859	0	159
2025.04.17	08:00:00	3323.360	3324.848	3312.657	3324.206	11119	0	159
2025.04.17	09:00:00	3324.234	3326.897	3320.594	3321.603	8439	0	159
2025.04.17	10:00:00	3321.593	3334.172	3321.053	3327.687	9785	0	159
2025.04.17	11:00:00	3327.711	3332.470	3322.372	3327.371	9748	0	159
2025.04.17	12:00:00	3327.322	3342.433	3322.144	3328.196	17159	0	159
2025.04.17	13:00:00	3328.220	3332.025	3311.956	3315.081	24940	0	159
2025.04.17	14:00:00	3315.055	3315.055	3283.822	3291.380	38188	0	159
2025.04.17	15:00:00	3291.412	3304.843	3290.596	3296.431	19360	0	159
2025.04.17	16:00:00	3296.335	3318.709	3294.904	3316.089	14287	0	159
2025.04.17	17:00:00	3316.142	3322.519	3314.309	3318.998	10029	0	159
2025.04.17	18:00:00	3319.044	3320.904	3314.317	3316.430	6288	0	159
2025.04.17	19:00:00	3316.404	3321.881	3310.985	3320.769	7113	0	159
2025.04.17	20:00:00	3320.691	3328.807	3317.975	3327.671	5330	0	159
2025.04.20	22:00:00	3331.849	3353.153	3331.288	3345.962	13355	0	159
2025.04.20	23:00:00	3345.971	3351.790	3343.395	3348.078	10294	0	159
2025.04.21	00:00:00	3348.157	3370.665	3347.487	3368.678	16531	0	159
2025.04.21	01:00:00	3368.718	3378.540	3367.271	3377.496	20496	0	159
2025.04.21	02:00:00	3377.533	3384.981	3374.194	3384.798	12979	0	159
2025.04.21	03:00:00	3384.757	3385.294	3378.231	3382.472	9957	0	159
2025.04.21	04:00:00	3382.465	3382.465	3369.598	3376.349	9160	0	159
2025.04.21	05:00:00	3376.359	3385.867	3375.877	3385.379	11685	0	159
2025.04.21	06:00:00	3385.338	3393.195	3382.468	3392.163	12895	0	159
2025.04.21	07:00:00	3392.138	3396.017	3381.820	3385.058	11794	0	159
2025.04.21	08:00:00	3385.031	3394.255	3383.677	3392.777	9205	0	159
2025.04.21	09:00:00	3392.775	3397.028	3390.907	3394.893	9039	0	159
2025.04.21	10:00:00	3394.901	3397.841	3391.986	3394.967	8130	0	160
2025.04.21	11:00:00	3394.905	3405.924	3386.401	3404.443	12456	0	159
2025.04.21	12:00:00	3404.515	3415.743	3398.008	3414.860	15444	0	159
2025.04.21	13:00:00	3414.828	3426.785	3405.142	3420.522	27560	0	159
2025.04.21	14:00:00	3420.423	3430.279	3408.889	3416.707	23775	0	159
2025.04.21	15:00:00	3416.751	3426.144	3407.934	3422.941	17836	0	159
2025.04.21	16:00:00	3422.897	3424.043	3410.246	3414.596	11954	0	159
2025.04.21	17:00:00	3414.648	3422.928	3405.988	3422.507	11482	0	159
2025.04.21	18:00:00	3422.554	3426.671	3417.650	3426.480	8317	0	159
2025.04.21	19:00:00	3426.425	3430.547	3417.436	3423.458	8663	0	159
2025.04.21	20:00:00	3423.486	3427.236	3419.628	3424.875	5145	0	159
2025.04.21	22:00:00	3423.892	3435.874	3423.892	3431.058	8399	0	159
2025.04.21	23:00:00	3431.096	3444.267	3429.370	3434.548	13365	0	159
2025.04.22	00:00:00	3434.524	3435.457	3412.180	3425.491	25685	0	159
2025.04.22	01:00:00	3425.503	3455.035	3421.550	3452.935	25941	0	159
2025.04.22	02:00:00	3452.981	3476.065	3442.450	3473.092	22485	0	159
2025.04.22	03:00:00	3473.062	3494.773	3472.085	3487.776	20694	0	159
2025.04.22	04:00:00	3487.894	3488.525	3479.516	3484.412	13310	0	159
2025.04.22	05:00:00	3484.520	3495.554	3473.467	3494.319	18611	0	159
2025.04.22	06:00:00	3494.344	3500.033	3475.208	3479.727	33079	0	159
2025.04.22	07:00:00	3479.756	3480.663	3460.861	3468.670	27118	0	159
2025.04.22	08:00:00	3468.656	3472.650	3443.151	3443.965	19427	0	159
2025.04.22	09:00:00	3444.020	3458.760	3443.989	3454.619	17976	0	159
2025.04.22	10:00:00	3454.619	3468.278	3451.339	3452.297	17019	0	159
2025.04.22	11:00:00	3452.301	3461.272	3448.080	3456.721	14020	0	159
2025.04.22	12:00:00	3456.706	3464.803	3424.256	3431.593	30942	0	159
2025.04.22	13:00:00	3431.619	3449.705	3408.597	3418.726	47290	0	159
2025.04.22	14:00:00	3418.704	3438.966	3418.034	3429.945	26117	0	159
2025.04.22	15:00:00	3430.043	3433.216	3410.299	3417.669	22735	0	159
2025.04.22	16:00:00	3417.620	3421.043	3371.994	3393.038	49323	0	159
2025.04.22	17:00:00	3392.991	3410.317	3386.082	3401.837	29071	0	159
2025.04.22	18:00:00	3401.879	3402.588	3373.195	3381.391	15379	0	159
2025.04.22	19:00:00	3381.488	3385.824	3366.718	3374.789	16415	0	159
2025.04.22	20:00:00	3374.818	3382.710	3373.294	3381.379	8118	0	159
2025.04.22	22:00:00	3337.564	3347.056	3315.828	3327.947	26582	0	159
2025.04.22	23:00:00	3327.993	3349.967	3326.849	3336.561	19653	0	159
2025.04.23	00:00:00	3336.607	3371.307	3334.617	3367.865	20797	0	159
2025.04.23	01:00:00	3367.949	3386.646	3359.010	3379.260	40005	0	159
2025.04.23	02:00:00	3379.252	3379.981	3348.721	3354.221	24828	0	159
2025.04.23	03:00:00	3354.141	3355.631	3329.203	3338.878	29047	0	159
2025.04.23	04:00:00	3338.944	3347.184	3335.686	3346.761	10042	0	159
2025.04.23	05:00:00	3346.651	3349.355	3315.929	3319.116	25013	0	159
2025.04.23	06:00:00	3319.140	3325.952	3291.789	3301.141	37665	0	159
2025.04.23	07:00:00	3301.184	3320.551	3301.184	3319.130	18494	0	159
2025.04.23	08:00:00	3319.185	3321.545	3305.439	3321.506	12831	0	159
2025.04.23	09:00:00	3321.589	3340.536	3317.239	3317.745	16404	0	159
2025.04.23	10:00:00	3317.718	3336.368	3316.661	3330.039	13665	0	159
2025.04.23	11:00:00	3330.084	3339.051	3321.675	3324.594	15676	0	159
2025.04.23	12:00:00	3324.677	3333.357	3310.587	3310.857	22535	0	159
2025.04.23	13:00:00	3310.821	3313.727	3271.164	3277.522	47407	0	159
2025.04.23	14:00:00	3277.472	3296.293	3260.042	3287.450	45046	0	159
2025.04.23	15:00:00	3287.490	3294.370	3269.103	3280.424	35487	0	159
2025.04.23	16:00:00	3280.386	3305.600	3279.135	3295.157	18869	0	159
2025.04.23	17:00:00	3295.043	3301.483	3277.823	3281.391	17468	0	159
2025.04.23	18:00:00	3281.350	3287.004	3277.891	3282.782	9384	0	159
2025.04.23	19:00:00	3282.793	3297.206	3282.629	3293.858	9902	0	159
2025.04.23	20:00:00	3293.943	3295.810	3283.903	3288.376	7178	0	159
2025.04.23	22:00:00	3295.005	3315.908	3294.975	3309.088	10340	0	159
2025.04.23	23:00:00	3309.143	3316.882	3308.248	3316.384	6198	0	159
2025.04.24	00:00:00	3316.351	3339.116	3313.286	3331.703	18353	0	159
2025.04.24	01:00:00	3331.679	3367.546	3330.792	3357.466	38701	0	159
2025.04.24	02:00:00	3357.440	3363.430	3335.746	3342.155	23145	0	159
2025.04.24	03:00:00	3342.130	3342.715	3320.548	3327.074	17654	0	159
2025.04.24	04:00:00	3326.906	3331.761	3325.779	3326.107	8273	0	159
2025.04.24	05:00:00	3326.133	3335.521	3320.467	3323.748	12734	0	159
2025.04.24	06:00:00	3323.711	3328.147	3314.742	3324.581	22366	0	159
2025.04.24	07:00:00	3324.554	3339.837	3323.096	3333.733	17945	0	159
2025.04.24	08:00:00	3333.686	3341.654	3327.325	3336.126	11453	0	159
2025.04.24	09:00:00	3336.165	3342.926	3325.428	3335.659	11425	0	159
2025.04.24	10:00:00	3335.709	3336.757	3325.627	3329.889	9598	0	159
2025.04.24	11:00:00	3329.850	3343.988	3329.544	3336.932	12224	0	159
2025.04.24	12:00:00	3336.948	3344.719	3335.423	3335.909	14350	0	159
2025.04.24	13:00:00	3335.934	3336.235	3312.524	3315.348	27816	0	159
2025.04.24	14:00:00	3315.376	3330.405	3306.739	3327.519	25605	0	159
2025.04.24	15:00:00	3327.486	3330.496	3319.515	3329.391	16490	0	159
2025.04.24	16:00:00	3329.365	3335.388	3322.437	3331.600	12282	0	159
2025.04.24	17:00:00	3331.596	3338.655	3329.951	3336.724	9762	0	159
2025.04.24	18:00:00	3336.711	3340.280	3333.678	3334.737	6695	0	159
2025.04.24	19:00:00	3334.762	3347.035	3333.420	3342.226	6715	0	159
2025.04.24	20:00:00	3342.266	3349.961	3338.128	3349.370	5737	0	159
2025.04.24	22:00:00	3353.176	3370.789	3352.680	3367.039	8286	0	159
2025.04.24	23:00:00	3367.071	3368.162	3346.946	3348.976	12767	0	159
2025.04.25	00:00:00	3348.951	3361.361	3347.281	3357.678	15284	0	159
2025.04.25	01:00:00	3357.653	3363.132	3342.906	3345.670	18189	0	159
2025.04.25	02:00:00	3345.769	3353.412	3344.552	3348.680	11832	0	159
2025.04.25	03:00:00	3348.713	3354.232	3322.632	3323.655	13154	0	159
2025.04.25	04:00:00	3323.681	3327.775	3316.342	3324.777	17305	0	159
2025.04.25	05:00:00	3324.829	3327.190	3287.012	3294.268	25386	0	159
2025.04.25	06:00:00	3294.149	3306.241	3287.493	3304.406	24246	0	159
2025.04.25	07:00:00	3304.359	3314.553	3303.105	3307.407	14164	0	159
2025.04.25	08:00:00	3307.381	3307.924	3291.928	3303.838	13828	0	159
2025.04.25	09:00:00	3303.864	3308.763	3292.030	3292.066	12266	0	159
2025.04.25	10:00:00	3292.039	3306.419	3291.956	3298.027	11409	0	159
2025.04.25	11:00:00	3298.019	3300.980	3287.911	3293.426	11571	0	159
2025.04.25	12:00:00	3293.396	3303.054	3291.059	3292.675	14819	0	159
2025.04.25	13:00:00	3292.644	3292.893	3265.072	3281.289	37960	0	159
2025.04.25	14:00:00	3281.138	3287.235	3274.602	3277.934	21770	0	159
2025.04.25	15:00:00	3278.019	3285.475	3270.133	3282.883	13204	0	159
2025.04.25	16:00:00	3282.882	3287.517	3280.338	3285.328	8444	0	159
2025.04.25	17:00:00	3285.368	3295.164	3281.848	3293.341	11393	0	159
2025.04.25	18:00:00	3293.291	3297.008	3288.403	3288.412	7187	0	159
2025.04.25	19:00:00	3288.457	3312.464	3287.860	3304.818	9906	0	159
2025.04.25	20:00:00	3304.856	3319.240	3304.569	3318.726	7498	0	159
2025.04.27	22:00:00	3325.640	3330.256	3309.114	3310.701	11175	0	159
2025.04.27	23:00:00	3310.708	3318.131	3298.606	3302.739	14555	0	159
2025.04.28	00:00:00	3302.791	3315.965	3301.594	3314.158	15761	0	159
2025.04.28	01:00:00	3314.140	3315.282	3279.148	3280.902	29578	0	159
2025.04.28	02:00:00	3280.937	3286.396	3268.102	3280.809	21177	0	159
2025.04.28	03:00:00	3280.784	3295.163	3280.372	3290.902	11039	0	159
2025.04.28	04:00:00	3290.894	3299.053	3288.658	3298.901	8059	0	159
2025.04.28	05:00:00	3298.913	3301.054	3287.817	3295.089	10523	0	159
2025.04.28	06:00:00	3295.118	3296.490	3281.838	3283.399	13451	0	159
2025.04.28	07:00:00	3283.427	3292.577	3277.645	3287.466	14394	0	159
2025.04.28	08:00:00	3287.437	3288.551	3279.197	3282.622	8392	0	159
2025.04.28	09:00:00	3282.671	3287.438	3274.477	3274.507	9446	0	159
2025.04.28	10:00:00	3274.540	3291.927	3273.268	3289.553	10384	0	159
2025.04.28	11:00:00	3289.556	3297.183	3284.914	3294.176	10546	0	159
2025.04.28	12:00:00	3294.225	3302.284	3292.676	3296.214	12685	0	159
2025.04.28	13:00:00	3296.179	3301.310	3286.851	3293.159	20956	0	159
2025.04.28	14:00:00	3293.166	3333.206	3293.105	3328.593	26457	0	159
2025.04.28	15:00:00	3328.568	3335.999	3319.096	3325.005	18374	0	159
2025.04.28	16:00:00	3325.046	3339.258	3324.496	3336.556	13263	0	159
2025.04.28	17:00:00	3336.581	3340.193	3333.221	3335.299	9737	0	159
2025.04.28	18:00:00	3335.273	3349.842	3333.902	3349.015	9877	0	159
2025.04.28	19:00:00	3349.050	3353.021	3345.585	3352.076	8192	0	159
2025.04.28	20:00:00	3352.107	3352.380	3342.333	3344.221	4879	0	159
2025.04.28	22:00:00	3345.965	3348.677	3332.362	3338.110	9781	0	159
2025.04.28	23:00:00	3338.076	3342.963	3333.810	3337.610	9507	0	159
2025.04.29	00:00:00	3337.643	3339.062	3327.744	3329.946	11520	0	159
2025.04.29	01:00:00	3329.993	3340.039	3322.768	3326.465	18712	0	159
2025.04.29	02:00:00	3326.441	3333.824	3319.336	3320.583	13697	0	159
2025.04.29	03:00:00	3320.601	3321.616	3308.016	3316.030	15416	0	159
2025.04.29	04:00:00	3316.057	3318.199	3306.692	3309.374	8188	0	159
2025.04.29	05:00:00	3309.345	3316.563	3305.084	3310.341	10406	0	159
2025.04.29	06:00:00	3310.349	3323.895	3308.746	3318.780	11761	0	159
2025.04.29	07:00:00	3318.766	3323.228	3312.355	3323.042	8959	0	159
2025.04.29	08:00:00	3323.066	3324.923	3311.711	3311.887	7661	0	159
2025.04.29	09:00:00	3311.862	3315.940	3308.654	3309.120	7992	0	159
2025.04.29	10:00:00	3309.007	3315.542	3306.159	3312.914	8559	0	159
2025.04.29	11:00:00	3312.940	3316.017	3307.916	3309.416	9013	0	159
2025.04.29	12:00:00	3309.359	3314.623	3300.416	3312.869	16145	0	159
2025.04.29	13:00:00	3312.798	3321.312	3299.784	3306.985	26502	0	159
2025.04.29	14:00:00	3307.010	3317.757	3299.649	3314.464	19961	0	159
2025.04.29	15:00:00	3314.579	3315.634	3305.233	3312.455	12711	0	159
2025.04.29	16:00:00	3312.477	3330.013	3312.181	3328.718	10474	0	159
2025.04.29	17:00:00	3328.798	3329.694	3314.257	3314.399	8361	0	159
2025.04.29	18:00:00	3314.368	3320.062	3313.260	3319.977	8114	0	159
2025.04.29	19:00:00	3320.015	3324.945	3317.887	3320.535	8106	0	159
2025.04.29	20:00:00	3320.510	3323.498	3316.956	3317.338	4559	0	159
2025.04.29	22:00:00	3317.260	3323.433	3315.968	3318.859	4988	0	159
2025.04.29	23:00:00	3318.955	3319.374	3310.949	3317.122	6029	0	159
2025.04.30	00:00:00	3317.122	3327.971	3311.429	3313.161	11297	0	159
2025.04.30	01:00:00	3313.043	3322.721	3307.799	3308.233	12948	0	159
2025.04.30	02:00:00	3308.207	3313.187	3305.048	3306.720	10478	0	159
2025.04.30	03:00:00	3306.740	3311.233	3303.763	3304.753	8404	0	159
2025.04.30	04:00:00	3304.765	3308.905	3301.326	3308.044	6825	0	160
2025.04.30	05:00:00	3308.069	3314.658	3307.623	3309.500	8381	0	159
2025.04.30	06:00:00	3309.532	3311.256	3304.933	3305.877	8546	0	159
2025.04.30	07:00:00	3305.844	3314.646	3303.144	3307.203	7785	0	159
2025.04.30	08:00:00	3307.242	3307.704	3280.266	3284.573	18342	0	159
2025.04.30	09:00:00	3284.496	3286.863	3275.076	3276.008	10756	0	159
2025.04.30	10:00:00	3275.983	3280.799	3271.840	3272.633	9150	0	159
2025.04.30	11:00:00	3272.634	3281.671	3268.302	3272.307	11401	0	159
2025.04.30	12:00:00	3272.331	3304.816	3266.901	3298.631	27007	0	159
2025.04.30	13:00:00	3298.680	3319.742	3296.205	3309.082	27300	0	159
2025.04.30	14:00:00	3308.858	3313.725	3292.863	3309.889	29553	0	159
2025.04.30	15:00:00	3309.844	3314.688	3299.053	3307.955	19338	0	159
2025.04.30	16:00:00	3308.055	3314.279	3307.056	3310.788	11319	0	159
2025.04.30	17:00:00	3310.751	3313.461	3304.943	3305.324	8905	0	159
2025.04.30	18:00:00	3305.295	3307.754	3300.397	3301.701	9993	0	159
2025.04.30	19:00:00	3301.728	3305.771	3292.053	3295.818	8419	0	159
2025.04.30	20:00:00	3295.778	3297.987	3283.121	3288.521	8605	0	159
2025.04.30	22:00:00	3287.870	3288.182	3271.306	3274.043	11766	0	159
2025.04.30	23:00:00	3274.071	3285.419	3269.738	3272.887	11648	0	159
2025.05.01	00:00:00	3272.922	3276.314	3241.146	3246.641	27295	0	159
2025.05.01	01:00:00	3246.603	3251.359	3234.502	3238.862	18190	0	159
2025.05.01	02:00:00	3238.887	3251.637	3235.161	3241.505	14201	0	159
2025.05.01	03:00:00	3241.463	3242.628	3228.894	3229.496	15780	0	159
2025.05.01	04:00:00	3229.540	3231.994	3221.228	3226.772	13180	0	159
2025.05.01	05:00:00	3226.757	3238.822	3223.389	3236.714	13229	0	159
2025.05.01	06:00:00	3236.749	3243.149	3233.861	3235.671	14220	0	159
2025.05.01	07:00:00	3235.709	3236.876	3226.093	3230.192	11277	0	159
2025.05.01	08:00:00	3230.149	3236.726	3229.928	3235.145	7591	0	159
2025.05.01	09:00:00	3235.169	3236.276	3215.897	3218.563	10085	0	159
2025.05.01	10:00:00	3218.529	3225.381	3213.618	3222.982	9848	0	159
2025.05.01	11:00:00	3223.007	3227.153	3203.334	3205.502	13793	0	159
2025.05.01	12:00:00	3205.465	3232.721	3201.862	3226.683	24841	0	159
2025.05.01	13:00:00	3226.790	3233.320	3218.794	3224.801	24636	0	159
2025.05.01	14:00:00	3225.024	3231.564	3214.307	3219.048	27892	0	159
2025.05.01	15:00:00	3219.160	3221.818	3205.044	3216.462	15164	0	159
2025.05.01	16:00:00	3216.434	3220.567	3208.912	3219.536	11030	0	159
2025.05.01	17:00:00	3219.548	3220.778	3209.850	3214.545	9289	0	159
2025.05.01	18:00:00	3214.520	3226.802	3212.825	3223.861	8464	0	159
2025.05.01	19:00:00	3223.908	3229.720	3223.908	3228.250	7272	0	159
2025.05.01	20:00:00	3228.238	3239.836	3228.039	3238.117	7676	0	159
2025.05.01	22:00:00	3240.879	3243.531	3232.532	3237.985	7860	0	159
2025.05.01	23:00:00	3238.011	3241.599	3234.725	3237.253	6394	0	159
2025.05.02	00:00:00	3237.291	3244.301	3227.533	3231.277	13790	0	159
2025.05.02	01:00:00	3231.306	3237.501	3231.306	3236.405	11191	0	159
2025.05.02	02:00:00	3236.510	3249.372	3235.881	3248.008	10672	0	159
2025.05.02	03:00:00	3248.049	3258.758	3245.816	3254.916	9390	0	159
2025.05.02	04:00:00	3255.020	3257.525	3250.433	3251.749	8102	0	159
2025.05.02	05:00:00	3251.777	3256.965	3249.547	3251.878	7245	0	159
2025.05.02	06:00:00	3251.973	3262.390	3246.327	3252.922	11527	0	159
2025.05.02	07:00:00	3252.944	3263.369	3251.590	3258.906	9739	0	159
2025.05.02	08:00:00	3258.992	3261.644	3255.249	3258.045	8460	0	159
2025.05.02	09:00:00	3258.100	3267.214	3255.161	3265.212	9935	0	159
2025.05.02	10:00:00	3265.246	3265.742	3257.334	3259.392	8464	0	159
2025.05.02	11:00:00	3259.473	3269.242	3258.046	3262.698	9688	0	159
2025.05.02	12:00:00	3262.684	3264.906	3249.847	3250.343	23750	0	159
2025.05.02	13:00:00	3250.317	3259.650	3239.490	3250.486	31097	0	159
2025.05.02	14:00:00	3250.525	3264.553	3242.133	3262.748	23947	0	159
2025.05.02	15:00:00	3262.776	3264.195	3230.228	3231.601	21551	0	159
2025.05.02	16:00:00	3231.604	3236.275	3222.721	3224.904	22304	0	159
2025.05.02	17:00:00	3224.954	3239.855	3223.543	3231.440	15138	0	159
2025.05.02	18:00:00	3231.479	3232.432	3224.268	3226.455	9370	0	159
2025.05.02	19:00:00	3226.480	3234.576	3226.480	3233.675	9507	0	159
2025.05.02	20:00:00	3233.703	3241.232	3232.627	3240.947	5914	0	159
2025.05.04	22:00:00	3238.490	3244.216	3237.490	3239.530	7639	0	159
2025.05.04	23:00:00	3239.601	3252.300	3238.864	3247.922	9660	0	159
2025.05.05	00:00:00	3247.993	3248.745	3241.180	3246.704	9145	0	159
2025.05.05	01:00:00	3246.753	3271.092	3246.545	3264.750	15110	0	159
2025.05.05	02:00:00	3264.720	3272.429	3259.654	3270.161	12306	0	159
2025.05.05	03:00:00	3270.208	3271.319	3253.107	3254.550	11844	0	159
2025.05.05	04:00:00	3254.447	3259.452	3253.616	3256.443	7903	0	159
2025.05.05	05:00:00	3256.517	3262.081	3254.082	3259.734	8609	0	159
2025.05.05	06:00:00	3259.628	3265.733	3256.775	3262.212	10922	0	159
2025.05.05	07:00:00	3262.240	3267.748	3258.676	3264.760	10109	0	159
2025.05.05	08:00:00	3264.824	3282.889	3263.060	3282.782	11261	0	159
2025.05.05	09:00:00	3282.827	3308.967	3282.157	3308.691	17427	0	159
2025.05.05	10:00:00	3308.754	3318.643	3308.549	3313.274	14071	0	159
2025.05.05	11:00:00	3313.233	3318.985	3311.343	3312.919	10239	0	159
2025.05.05	12:00:00	3312.801	3322.547	3312.776	3319.591	13502	0	159
2025.05.05	13:00:00	3319.555	3321.089	3311.870	3315.482	14979	0	159
2025.05.05	14:00:00	3315.143	3328.838	3309.852	3312.629	21902	0	159
2025.05.05	15:00:00	3312.633	3317.882	3309.006	3312.065	14715	0	159
2025.05.05	16:00:00	3312.028	3313.597	3305.577	3309.774	11500	0	159
2025.05.05	17:00:00	3309.797	3318.239	3309.140	3317.129	8883	0	159
2025.05.05	18:00:00	3317.104	3323.598	3313.874	3323.141	7958	0	159
2025.05.05	19:00:00	3323.223	3337.652	3322.778	3328.793	11611	0	159
2025.05.05	20:00:00	3328.760	3334.764	3328.647	3333.919	5931	0	159
2025.05.05	22:00:00	3336.247	3338.052	3327.426	3330.662	6683	0	159
2025.05.05	23:00:00	3330.688	3335.084	3328.886	3334.031	6808	0	159
2025.05.06	00:00:00	3334.038	3334.408	3323.139	3329.569	12817	0	159
2025.05.06	01:00:00	3329.618	3381.765	3329.618	3379.645	39249	0	159
2025.05.06	02:00:00	3379.601	3387.099	3356.451	3358.407	25934	0	159
2025.05.06	03:00:00	3358.487	3372.425	3352.407	3360.401	19643	0	159
2025.05.06	04:00:00	3360.395	3366.213	3356.066	3363.248	11615	0	159
2025.05.06	05:00:00	3363.279	3364.017	3350.152	3362.038	15450	0	159
2025.05.06	06:00:00	3361.990	3367.984	3358.760	3364.654	13014	0	159
2025.05.06	07:00:00	3364.722	3379.648	3364.722	3371.200	14191	0	159
2025.05.06	08:00:00	3371.313	3383.152	3368.547	3377.161	13082	0	159
2025.05.06	09:00:00	3377.206	3383.227	3371.432	3383.159	10918	0	159
2025.05.06	10:00:00	3383.188	3383.816	3376.660	3383.580	9567	0	159
2025.05.06	11:00:00	3383.541	3385.063	3373.758	3379.128	11216	0	159
2025.05.06	12:00:00	3379.180	3392.407	3373.101	3391.025	15687	0	159
2025.05.06	13:00:00	3391.005	3397.638	3387.824	3391.781	23979	0	159
2025.05.06	14:00:00	3391.747	3398.013	3378.227	3386.302	21371	0	159
2025.05.06	15:00:00	3386.175	3399.895	3385.266	3395.083	11769	0	159
2025.05.06	16:00:00	3395.135	3411.657	3394.673	3408.850	12923	0	159
2025.05.06	17:00:00	3408.802	3417.839	3407.439	3414.054	12256	0	159
2025.05.06	18:00:00	3414.081	3417.478	3410.231	3415.566	8186	0	160
2025.05.06	19:00:00	3415.591	3424.059	3412.565	3423.139	8390	0	159
2025.05.06	20:00:00	3423.115	3435.016	3419.189	3430.343	9644	0	159
2025.05.06	22:00:00	3420.590	3424.802	3380.545	3381.489	32762	0	159
2025.05.06	23:00:00	3381.518	3404.778	3376.840	3400.723	22383	0	159
2025.05.07	00:00:00	3400.765	3401.666	3360.747	3379.612	33569	0	159
2025.05.07	01:00:00	3379.569	3385.204	3360.068	3374.737	30585	0	159
2025.05.07	02:00:00	3374.739	3393.909	3371.935	3390.613	20242	0	159
2025.05.07	03:00:00	3390.568	3392.635	3370.039	3375.541	14778	0	159
2025.05.07	04:00:00	3375.519	3387.506	3374.962	3382.118	10716	0	159
2025.05.07	05:00:00	3382.140	3389.548	3378.600	3387.906	12121	0	159
2025.05.07	06:00:00	3387.909	3395.827	3387.389	3392.418	12083	0	159
2025.05.07	07:00:00	3392.463	3397.400	3383.715	3387.971	11341	0	159
2025.05.07	08:00:00	3388.010	3388.557	3378.198	3382.803	10878	0	159
2025.05.07	09:00:00	3382.803	3385.200	3369.591	3369.976	10973	0	159
2025.05.07	10:00:00	3369.941	3393.409	3369.186	3391.389	13682	0	159
2025.05.07	11:00:00	3391.437	3391.560	3383.695	3387.083	10034	0	159
2025.05.07	12:00:00	3387.055	3393.820	3384.064	3390.907	13233	0	159
2025.05.07	13:00:00	3390.870	3398.099	3381.226	3394.470	21596	0	159
2025.05.07	14:00:00	3394.445	3394.681	3375.662	3385.888	20685	0	159
2025.05.07	15:00:00	3385.839	3389.576	3381.943	3385.270	13626	0	159
2025.05.07	16:00:00	3385.224	3389.780	3378.834	3386.933	9672	0	159
2025.05.07	17:00:00	3386.889	3389.888	3383.774	3385.194	9382	0	159
2025.05.07	18:00:00	3385.150	3398.001	3376.028	3384.565	30482	0	159
2025.05.07	19:00:00	3384.652	3387.008	3363.692	3371.832	26226	0	159
2025.05.07	20:00:00	3371.959	3374.566	3363.791	3364.210	8886	0	159
2025.05.07	22:00:00	3366.954	3373.890	3366.749	3369.978	6789	0	159
2025.05.07	23:00:00	3369.974	3377.185	3369.661	3376.488	5686	0	159
2025.05.08	00:00:00	3376.515	3386.927	3373.785	3380.569	11915	0	159
2025.05.08	01:00:00	3380.595	3409.704	3378.970	3408.631	23433	0	159
2025.05.08	02:00:00	3408.662	3414.851	3402.080	3402.080	17132	0	159
2025.05.08	03:00:00	3402.064	3408.473	3395.739	3396.864	13224	0	159
2025.05.08	04:00:00	3396.839	3399.417	3382.026	3382.125	12170	0	159
2025.05.08	05:00:00	3382.174	3384.272	3354.883	3355.404	22200	0	159
2025.05.08	06:00:00	3355.442	3361.968	3320.199	3329.836	37686	0	159
2025.05.08	07:00:00	3329.801	3349.278	3327.167	3342.928	20186	0	159
2025.05.08	08:00:00	3342.882	3344.249	3337.059	3339.371	12419	0	159
2025.05.08	09:00:00	3339.335	3344.359	3331.176	3331.992	12133	0	159
2025.05.08	10:00:00	3331.994	3346.695	3330.390	3342.540	12254	0	159
2025.05.08	11:00:00	3342.498	3345.504	3339.196	3344.381	9613	0	159
2025.05.08	12:00:00	3344.311	3358.627	3343.146	3356.137	14806	0	159
2025.05.08	13:00:00	3356.119	3369.602	3354.646	3356.076	20959	0	159
2025.05.08	14:00:00	3356.103	3362.988	3350.762	3356.533	22316	0	159
2025.05.08	15:00:00	3356.562	3360.072	3326.804	3330.399	28702	0	159
2025.05.08	16:00:00	3330.371	3330.371	3304.343	3310.290	26546	0	159
2025.05.08	17:00:00	3310.325	3311.204	3297.806	3308.272	20214	0	159
2025.05.08	18:00:00	3308.381	3310.992	3305.608	3308.425	9119	0	159
2025.05.08	19:00:00	3308.472	3310.057	3288.697	3306.384	14138	0	159
2025.05.08	20:00:00	3306.434	3310.856	3303.828	3306.353	7246	0	159
2025.05.08	22:00:00	3308.508	3323.957	3306.525	3323.879	10841	0	159
2025.05.08	23:00:00	3323.808	3324.010	3311.990	3316.412	7665	0	159
2025.05.09	00:00:00	3316.448	3323.138	3308.806	3322.136	11464	0	159
2025.05.09	01:00:00	3322.115	3322.558	3286.670	3291.343	27130	0	159
2025.05.09	02:00:00	3291.229	3308.604	3274.664	3308.264	26358	0	159
2025.05.09	03:00:00	3308.218	3313.395	3299.622	3308.106	16092	0	159
2025.05.09	04:00:00	3308.099	3327.574	3308.099	3324.621	11328	0	159
2025.05.09	05:00:00	3324.607	3330.345	3312.926	3321.433	13804	0	159
2025.05.09	06:00:00	3321.550	3326.837	3315.226	3325.496	13063	0	159
2025.05.09	07:00:00	3325.431	3332.264	3322.403	3327.306	11630	0	159
2025.05.09	08:00:00	3327.331	3328.991	3320.217	3328.514	10418	0	159
2025.05.09	09:00:00	3328.542	3329.317	3323.491	3325.063	7798	0	159
2025.05.09	10:00:00	3325.100	3329.938	3321.979	3323.337	6741	0	159
2025.05.09	11:00:00	3323.232	3338.371	3323.232	3332.962	14029	0	159
2025.05.09	12:00:00	3333.066	3335.722	3329.116	3333.581	11623	0	159
2025.05.09	13:00:00	3333.549	3340.396	3328.669	3330.719	17413	0	159
2025.05.09	14:00:00	3330.770	3341.241	3320.298	3337.165	20615	0	159
2025.05.09	15:00:00	3337.134	3346.044	3336.134	3345.040	13643	0	159
2025.05.09	16:00:00	3345.143	3347.556	3336.361	3336.893	10454	0	159
2025.05.09	17:00:00	3336.868	3342.551	3336.016	3340.927	7710	0	159
2025.05.09	18:00:00	3340.987	3343.004	3336.260	3338.725	5901	0	159
2025.05.09	19:00:00	3338.703	3339.859	3325.441	3328.802	8081	0	159
2025.05.09	20:00:00	3328.760	3330.295	3325.142	3326.805	5135	0	159
2025.05.11	22:00:00	3282.238	3292.619	3266.710	3272.689	14898	0	159
2025.05.11	23:00:00	3272.696	3288.852	3265.847	3287.534	17478	0	159
2025.05.12	00:00:00	3287.506	3289.998	3272.158	3279.172	18206	0	159
2025.05.12	01:00:00	3279.199	3282.238	3258.751	3271.896	31445	0	159
2025.05.12	02:00:00	3271.869	3279.950	3269.530	3272.041	16278	0	159
2025.05.12	03:00:00	3271.994	3284.784	3270.461	3283.250	11887	0	159
2025.05.12	04:00:00	3283.214	3283.662	3275.558	3278.852	8497	0	159
2025.05.12	05:00:00	3278.905	3279.731	3268.460	3276.094	11536	0	159
2025.05.12	06:00:00	3276.133	3281.651	3272.971	3277.442	14621	0	159
2025.05.12	07:00:00	3277.489	3277.737	3216.105	3222.647	50923	0	159
2025.05.12	08:00:00	3222.718	3234.398	3220.604	3231.418	28890	0	159
2025.05.12	09:00:00	3231.385	3231.385	3212.993	3215.262	16375	0	159
2025.05.12	10:00:00	3215.236	3219.502	3207.693	3208.062	16702	0	159
2025.05.12	11:00:00	3208.062	3229.399	3207.758	3224.794	18155	0	159
2025.05.12	12:00:00	3224.822	3234.309	3220.323	3233.584	17888	0	159
2025.05.12	13:00:00	3233.543	3248.580	3231.741	3240.727	34509	0	159
2025.05.12	14:00:00	3240.703	3247.733	3233.447	3237.545	27643	0	159
2025.05.12	15:00:00	3237.588	3244.002	3232.737	3239.237	15160	0	159
2025.05.12	16:00:00	3239.206	3240.138	3223.261	3224.236	12955	0	159
2025.05.12	17:00:00	3224.256	3227.628	3221.123	3223.204	10603	0	159
2025.05.12	18:00:00	3223.205	3230.062	3220.295	3229.662	7582	0	159
2025.05.12	19:00:00	3229.703	3238.872	3228.845	3235.394	10633	0	159
2025.05.12	20:00:00	3235.355	3238.401	3232.490	3234.271	4732	0	159
2025.05.12	22:00:00	3239.778	3241.807	3229.864	3233.906	7155	0	159
2025.05.12	23:00:00	3233.915	3240.079	3233.445	3236.880	6201	0	159
2025.05.13	00:00:00	3236.906	3243.286	3233.878	3239.888	10784	0	159
2025.05.13	01:00:00	3239.833	3243.423	3215.861	3225.166	20983	0	159
2025.05.13	02:00:00	3225.203	3241.349	3223.155	3228.921	15914	0	159
2025.05.13	03:00:00	3228.855	3238.429	3228.193	3236.743	10187	0	159
2025.05.13	04:00:00	3236.719	3253.566	3234.853	3252.551	9092	0	159
2025.05.13	05:00:00	3252.575	3260.747	3251.157	3256.562	11517	0	159
2025.05.13	06:00:00	3256.534	3265.659	3247.355	3262.183	13022	0	159
2025.05.13	07:00:00	3262.210	3264.958	3254.266	3259.098	10755	0	159
2025.05.13	08:00:00	3259.139	3261.284	3250.382	3255.569	9726	0	159
2025.05.13	09:00:00	3255.497	3256.614	3250.531	3253.386	8253	0	159
2025.05.13	10:00:00	3253.394	3256.293	3251.114	3252.834	6783	0	159
2025.05.13	11:00:00	3252.799	3258.576	3248.763	3249.134	10024	0	159
2025.05.13	12:00:00	3249.098	3249.952	3237.302	3241.778	21052	0	159
2025.05.13	13:00:00	3241.742	3246.929	3227.224	3227.544	27284	0	159
2025.05.13	14:00:00	3227.572	3248.714	3225.472	3242.666	20048	0	159
2025.05.13	15:00:00	3242.686	3255.827	3242.017	3253.325	13909	0	159
2025.05.13	16:00:00	3253.293	3257.818	3248.666	3250.997	10010	0	159
2025.05.13	17:00:00	3251.030	3252.735	3242.044	3247.003	8638	0	159
2025.05.13	18:00:00	3247.052	3250.767	3245.692	3248.691	6012	0	159
2025.05.13	19:00:00	3248.750	3251.207	3246.337	3249.324	6162	0	159
2025.05.13	20:00:00	3249.355	3254.818	3248.043	3249.942	4201	0	159
2025.05.13	22:00:00	3252.408	3254.607	3249.432	3254.526	4232	0	160
2025.05.13	23:00:00	3254.521	3257.165	3252.133	3254.426	4526	0	159
2025.05.14	00:00:00	3254.388	3254.658	3240.555	3243.755	11555	0	159
2025.05.14	01:00:00	3243.852	3251.782	3237.202	3238.942	16654	0	159
2025.05.14	02:00:00	3238.847	3241.451	3229.098	3232.792	13826	0	159
2025.05.14	03:00:00	3232.762	3233.732	3226.212	3228.366	10472	0	159
2025.05.14	04:00:00	3228.370	3230.417	3222.565	3224.028	9594	0	159
2025.05.14	05:00:00	3223.985	3234.378	3221.570	3233.799	10015	0	159
2025.05.14	06:00:00	3233.933	3236.701	3227.704	3228.747	10325	0	159
2025.05.14	07:00:00	3228.775	3238.874	3224.243	3238.085	12309	0	159
2025.05.14	08:00:00	3237.990	3243.897	3230.413	3232.551	14323	0	159
2025.05.14	09:00:00	3232.598	3236.536	3229.094	3232.297	12091	0	159
2025.05.14	10:00:00	3232.224	3236.571	3229.611	3235.753	8720	0	159
2025.05.14	11:00:00	3235.780	3239.149	3219.436	3220.142	10569	0	159
2025.05.14	12:00:00	3220.105	3222.520	3184.110	3184.754	33142	0	159
2025.05.14	13:00:00	3184.797	3198.333	3174.900	3191.406	39441	0	159
2025.05.14	14:00:00	3191.374	3194.272	3179.328	3181.823	22778	0	159
2025.05.14	15:00:00	3181.791	3186.701	3179.043	3182.674	16205	0	159
2025.05.14	16:00:00	3182.629	3190.941	3173.685	3188.543	14662	0	159
2025.05.14	17:00:00	3188.510	3190.537	3180.869	3181.925	11719	0	159
2025.05.14	18:00:00	3181.958	3183.024	3171.671	3171.930	8644	0	159
2025.05.14	19:00:00	3171.971	3181.508	3167.957	3180.587	10249	0	159
2025.05.14	20:00:00	3180.613	3183.254	3177.078	3178.241	5053	0	159
2025.05.14	22:00:00	3179.701	3183.970	3179.506	3182.772	5125	0	159
2025.05.14	23:00:00	3182.736	3187.312	3181.188	3186.008	4854	0	159
2025.05.15	00:00:00	3185.934	3187.918	3180.196	3187.828	8780	0	159
2025.05.15	01:00:00	3187.787	3192.743	3171.238	3172.483	16576	0	159
2025.05.15	02:00:00	3172.451	3175.586	3150.081	3154.223	20196	0	159
2025.05.15	03:00:00	3154.194	3157.036	3148.315	3150.594	11819	0	159
2025.05.15	04:00:00	3150.546	3152.579	3135.539	3138.574	10492	0	159
2025.05.15	05:00:00	3138.679	3143.102	3123.339	3128.977	14423	0	159
2025.05.15	06:00:00	3128.964	3153.892	3120.649	3149.896	21583	0	159
2025.05.15	07:00:00	3149.848	3151.965	3130.565	3142.318	18520	0	159
2025.05.15	08:00:00	3142.244	3164.334	3139.079	3162.614	13958	0	159
2025.05.15	09:00:00	3162.577	3171.646	3159.344	3165.273	11821	0	159
2025.05.15	10:00:00	3165.307	3179.142	3164.118	3178.219	11254	0	159
2025.05.15	11:00:00	3178.267	3180.019	3172.414	3179.180	10703	0	159
2025.05.15	12:00:00	3179.141	3189.913	3177.507	3188.790	16933	0	159
2025.05.15	13:00:00	3188.830	3199.788	3185.170	3192.140	26998	0	159
2025.05.15	14:00:00	3192.176	3207.164	3190.439	3205.336	22779	0	159
2025.05.15	15:00:00	3205.294	3220.088	3204.578	3219.740	13742	0	159
2025.05.15	16:00:00	3219.780	3222.768	3215.873	3222.437	8799	0	159
2025.05.15	17:00:00	3222.471	3229.185	3216.398	3221.212	9817	0	159
2025.05.15	18:00:00	3221.251	3225.934	3219.750	3223.184	7148	0	159
2025.05.15	19:00:00	3223.225	3232.723	3222.255	3232.037	7786	0	159
2025.05.15	20:00:00	3231.901	3240.704	3231.094	3240.471	6290	0	159
2025.05.15	22:00:00	3239.605	3252.132	3236.936	3251.038	8704	0	159
2025.05.15	23:00:00	3251.081	3251.234	3236.489	3237.150	11798	0	159
2025.05.16	00:00:00	3237.175	3244.029	3232.013	3243.153	16010	0	159
2025.05.16	01:00:00	3243.223	3244.615	3214.907	3222.230	21817	0	159
2025.05.16	02:00:00	3222.198	3227.474	3212.804	3215.485	14787	0	159
2025.05.16	03:00:00	3215.422	3217.430	3206.505	3211.969	13637	0	159
2025.05.16	04:00:00	3211.920	3222.519	3211.729	3219.533	9465	0	159
2025.05.16	05:00:00	3219.508	3222.340	3211.964	3218.540	11235	0	159
2025.05.16	06:00:00	3218.515	3231.343	3212.838	3214.899	13603	0	159
2025.05.16	07:00:00	3214.864	3217.978	3205.378	3207.681	13863	0	159
2025.05.16	08:00:00	3207.572	3209.298	3195.518	3207.488	11757	0	159
2025.05.16	09:00:00	3207.415	3212.954	3203.735	3209.211	10058	0	159
2025.05.16	10:00:00	3209.307	3211.145	3168.921	3176.063	19283	0	159
2025.05.16	11:00:00	3176.118	3179.288	3154.231	3163.115	21558	0	159
2025.05.16	12:00:00	3163.149	3182.086	3154.878	3177.431	25586	0	159
2025.05.16	13:00:00	3177.472	3186.693	3169.409	3180.685	29421	0	159
2025.05.16	14:00:00	3180.675	3188.606	3165.997	3173.342	24523	0	159
2025.05.16	15:00:00	3173.366	3185.185	3172.703	3183.479	13826	0	159
2025.05.16	16:00:00	3183.514	3189.751	3180.432	3189.406	10907	0	159
2025.05.16	17:00:00	3189.358	3192.160	3183.447	3189.388	8627	0	159
2025.05.16	18:00:00	3189.411	3191.222	3184.804	3187.399	6864	0	159
2025.05.16	19:00:00	3187.445	3195.763	3187.413	3192.583	7643	0	159
2025.05.16	20:00:00	3192.553	3202.954	3192.130	3202.159	8673	0	159
2025.05.18	22:00:00	3214.226	3240.839	3211.644	3239.282	15042	0	159
2025.05.18	23:00:00	3239.291	3245.260	3226.552	3234.910	13666	0	159
2025.05.19	00:00:00	3234.947	3249.812	3233.486	3246.513	16598	0	159
2025.05.19	01:00:00	3246.479	3246.822	3214.577	3218.453	25182	0	159
2025.05.19	02:00:00	3218.473	3230.112	3217.069	3228.604	14301	0	159
2025.05.19	03:00:00	3228.650	3230.547	3208.040	3212.270	12458	0	159
2025.05.19	04:00:00	3212.229	3218.200	3206.584	3215.842	8508	0	159
2025.05.19	05:00:00	3215.882	3224.276	3214.877	3223.986	10268	0	159
2025.05.19	06:00:00	3223.956	3231.694	3220.260	3224.253	14661	0	159
2025.05.19	07:00:00	3224.211	3234.640	3224.074	3232.335	13625	0	159
2025.05.19	08:00:00	3232.361	3244.961	3229.973	3244.348	11704	0	159
2025.05.19	09:00:00	3244.362	3247.571	3233.576	3242.046	11669	0	159
2025.05.19	10:00:00	3242.025	3245.302	3234.159	3241.719	8796	0	159
2025.05.19	11:00:00	3241.693	3248.535	3239.083	3243.820	8041	0	159
2025.05.19	12:00:00	3243.817	3244.444	3228.836	3229.350	12914	0	159
2025.05.19	13:00:00	3229.308	3241.661	3224.556	3229.999	23026	0	159
2025.05.19	14:00:00	3229.951	3236.240	3217.216	3233.939	19122	0	159
2025.05.19	15:00:00	3233.937	3239.811	3229.603	3231.662	12440	0	159
2025.05.19	16:00:00	3231.687	3234.278	3228.069	3231.903	8794	0	159
2025.05.19	17:00:00	3231.871	3233.257	3225.598	3226.413	8395	0	159
2025.05.19	18:00:00	3226.459	3235.189	3225.166	3233.528	6277	0	159
2025.05.19	19:00:00	3233.564	3235.866	3231.623	3233.010	5531	0	159
2025.05.19	20:00:00	3233.056	3233.791	3228.048	3230.334	4278	0	159
2025.05.19	22:00:00	3229.311	3230.416	3224.589	3226.730	4247	0	159
2025.05.19	23:00:00	3226.791	3227.434	3219.097	3222.532	6392	0	159
2025.05.20	00:00:00	3222.561	3224.249	3214.091	3222.823	11145	0	159
2025.05.20	01:00:00	3222.807	3232.803	3220.539	3221.119	14866	0	159
2025.05.20	02:00:00	3221.143	3223.056	3206.439	3206.639	14982	0	159
2025.05.20	03:00:00	3206.678	3214.184	3204.535	3211.450	11085	0	159
2025.05.20	04:00:00	3211.394	3218.011	3211.187	3217.189	7919	0	159
2025.05.20	05:00:00	3217.210	3219.823	3209.880	3213.759	10505	0	159
2025.05.20	06:00:00	3213.724	3219.258	3208.615	3209.793	11468	0	159
2025.05.20	07:00:00	3209.840	3225.460	3207.946	3222.843	10557	0	159
2025.05.20	08:00:00	3222.819	3235.914	3218.275	3235.859	10242	0	159
2025.05.20	09:00:00	3235.955	3239.366	3230.498	3236.436	12015	0	159
2025.05.20	10:00:00	3236.403	3238.449	3231.891	3235.354	6178	0	159
2025.05.20	11:00:00	3235.314	3241.651	3235.132	3241.236	6803	0	159
2025.05.20	12:00:00	3241.139	3250.856	3234.403	3242.867	12600	0	159
2025.05.20	13:00:00	3242.749	3261.727	3232.804	3261.035	23827	0	159
2025.05.20	14:00:00	3261.233	3285.886	3260.678	3282.499	34866	0	159
2025.05.20	15:00:00	3282.596	3283.586	3273.342	3277.239	17032	0	159
2025.05.20	16:00:00	3277.212	3282.551	3275.232	3278.812	9021	0	159
2025.05.20	17:00:00	3278.859	3287.838	3278.305	3286.428	8538	0	159
2025.05.20	18:00:00	3286.453	3289.708	3284.189	3287.683	7646	0	159
2025.05.20	19:00:00	3287.650	3295.172	3287.256	3294.078	7226	0	159
2025.05.20	20:00:00	3294.130	3295.736	3289.243	3289.937	5386	0	159
2025.05.20	22:00:00	3291.700	3304.144	3290.809	3296.885	11851	0	159
2025.05.20	23:00:00	3296.808	3296.878	3288.530	3290.695	9214	0	159
2025.05.21	00:00:00	3290.734	3304.278	3288.959	3303.386	11565	0	159
2025.05.21	01:00:00	3303.426	3314.709	3285.420	3294.597	24971	0	159
2025.05.21	02:00:00	3294.566	3305.273	3289.306	3301.736	14651	0	159
2025.05.21	03:00:00	3301.733	3309.743	3299.164	3307.505	9180	0	159
2025.05.21	04:00:00	3307.491	3308.294	3301.133	3302.143	7465	0	159
2025.05.21	05:00:00	3302.104	3319.643	3298.404	3316.441	12300	0	159
2025.05.21	06:00:00	3316.415	3320.736	3310.737	3319.985	14047	0	159
2025.05.21	07:00:00	3319.948	3320.035	3307.757	3309.906	11647	0	159
2025.05.21	08:00:00	3309.933	3312.266	3303.946	3308.515	10450	0	159
2025.05.21	09:00:00	3308.553	3313.554	3307.114	3313.554	9067	0	159
2025.05.21	10:00:00	3313.590	3318.294	3308.568	3311.725	9637	0	159
2025.05.21	11:00:00	3311.777	3316.456	3306.539	3311.249	9884	0	159
2025.05.21	12:00:00	3311.255	3312.664	3290.693	3302.621	22210	0	159
2025.05.21	13:00:00	3302.648	3309.535	3295.439	3303.622	22020	0	159
2025.05.21	14:00:00	3303.547	3307.764	3295.270	3304.364	19048	0	159
2025.05.21	15:00:00	3304.360	3315.211	3303.530	3311.978	13545	0	159
2025.05.21	16:00:00	3312.012	3314.664	3302.758	3303.074	9954	0	159
2025.05.21	17:00:00	3303.160	3316.353	3302.811	3316.318	14180	0	159
2025.05.21	18:00:00	3316.394	3316.445	3311.928	3314.332	8054	0	159
2025.05.21	19:00:00	3314.359	3324.897	3314.359	3318.382	10295	0	159
2025.05.21	20:00:00	3318.423	3319.857	3313.192	3315.567	6438	0	159
2025.05.21	22:00:00	3319.029	3321.078	3315.583	3317.967	6901	0	159
2025.05.21	23:00:00	3317.960	3324.213	3317.260	3320.082	7019	0	159
2025.05.22	00:00:00	3320.138	3326.302	3319.389	3323.774	10047	0	159
2025.05.22	01:00:00	3323.780	3342.942	3320.376	3338.147	19019	0	159
2025.05.22	02:00:00	3338.095	3344.730	3336.582	3341.200	12820	0	159
2025.05.22	03:00:00	3341.236	3345.430	3334.868	3335.440	9537	0	159
2025.05.22	04:00:00	3335.451	3339.192	3332.704	3338.646	7105	0	159
2025.05.22	05:00:00	3338.614	3339.502	3326.198	3332.276	8842	0	159
2025.05.22	06:00:00	3332.327	3335.723	3325.545	3326.403	11793	0	159
2025.05.22	07:00:00	3326.511	3331.268	3322.608	3327.621	12471	0	159
2025.05.22	08:00:00	3327.636	3329.874	3310.167	3311.246	15725	0	159
2025.05.22	09:00:00	3311.200	3313.942	3304.139	3304.779	13701	0	159
2025.05.22	10:00:00	3304.700	3307.466	3288.511	3289.694	16194	0	159
2025.05.22	11:00:00	3289.669	3314.721	3282.977	3314.330	19207	0	159
2025.05.22	12:00:00	3314.305	3314.526	3300.907	3304.181	21619	0	159
2025.05.22	13:00:00	3304.134	3315.775	3286.880	3287.816	29425	0	159
2025.05.22	14:00:00	3287.774	3304.565	3279.252	3296.967	22340	0	159
2025.05.22	15:00:00	3297.021	3298.804	3281.474	3294.675	19787	0	159
2025.05.22	16:00:00	3294.722	3304.860	3291.119	3301.597	11450	0	159
2025.05.22	17:00:00	3301.582	3301.743	3290.167	3296.660	11405	0	159
2025.05.22	18:00:00	3296.628	3298.881	3292.311	3293.886	7705	0	159
2025.05.22	19:00:00	3293.924	3297.165	3288.982	3290.264	7694	0	159
2025.05.22	20:00:00	3290.296	3295.648	3289.593	3294.610	4970	0	159
2025.05.22	22:00:00	3295.987	3299.421	3295.121	3297.679	4650	0	160
2025.05.22	23:00:00	3297.716	3302.013	3297.285	3300.146	5241	0	159
2025.05.23	00:00:00	3300.172	3308.908	3286.942	3301.000	17182	0	159
2025.05.23	01:00:00	3301.031	3306.532	3295.907	3305.177	17398	0	159
2025.05.23	02:00:00	3305.237	3305.376	3290.949	3296.862	11553	0	159
2025.05.23	03:00:00	3296.826	3303.424	3296.519	3302.070	7751	0	159
2025.05.23	04:00:00	3302.097	3316.186	3301.915	3313.667	8436	0	159
2025.05.23	05:00:00	3313.562	3325.685	3312.539	3323.926	11457	0	159
2025.05.23	06:00:00	3323.825	3332.010	3322.995	3331.015	12530	0	159
2025.05.23	07:00:00	3331.075	3334.502	3326.770	3329.145	10161	0	159
2025.05.23	08:00:00	3329.191	3329.471	3322.548	3326.336	8874	0	159
2025.05.23	09:00:00	3326.394	3334.027	3324.889	3328.785	9440	0	159
2025.05.23	10:00:00	3328.674	3331.863	3323.352	3328.662	8265	0	159
2025.05.23	11:00:00	3328.609	3349.740	3324.505	3347.966	28577	0	159
2025.05.23	12:00:00	3348.018	3360.474	3344.809	3356.937	34972	0	159
2025.05.23	13:00:00	3356.981	3364.620	3337.153	3340.067	38168	0	159
2025.05.23	14:00:00	3340.019	3359.645	3336.631	3359.185	23963	0	159
2025.05.23	15:00:00	3359.227	3362.489	3352.073	3361.655	15298	0	159
2025.05.23	16:00:00	3361.687	3364.517	3357.158	3358.939	10377	0	159
2025.05.23	17:00:00	3358.953	3365.930	3356.348	3362.668	9337	0	159
2025.05.23	18:00:00	3362.687	3365.876	3361.102	3361.923	6503	0	159
2025.05.23	19:00:00	3361.947	3365.793	3358.282	3360.785	7534	0	159
2025.05.23	20:00:00	3360.743	3361.700	3356.103	3356.285	5509	0	159
2025.05.25	22:00:00	3352.093	3352.480	3341.349	3344.326	14445	0	159
2025.05.25	23:00:00	3344.376	3350.712	3341.410	3342.691	8461	0	159
2025.05.26	00:00:00	3342.730	3346.235	3331.390	3342.011	14244	0	159
2025.05.26	01:00:00	3342.051	3347.706	3335.554	3344.967	15666	0	159
2025.05.26	02:00:00	3344.934	3356.859	3343.241	3348.214	12253	0	159
2025.05.26	03:00:00	3348.174	3349.997	3344.278	3347.636	8640	0	159
2025.05.26	04:00:00	3347.639	3351.116	3346.253	3349.914	6551	0	159
2025.05.26	05:00:00	3349.890	3351.906	3344.289	3347.314	8969	0	159
2025.05.26	06:00:00	3347.389	3347.518	3337.043	3337.229	10028	0	159
2025.05.26	07:00:00	3337.211	3338.806	3332.124	3337.309	9546	0	159
2025.05.26	08:00:00	3337.431	3339.670	3331.001	3334.740	9779	0	159
2025.05.26	09:00:00	3334.764	3336.184	3323.485	3328.536	11564	0	159
2025.05.26	10:00:00	3328.531	3333.672	3328.531	3331.485	5238	0	159
2025.05.26	11:00:00	3331.488	3334.525	3329.247	3333.149	4709	0	159
2025.05.26	12:00:00	3333.152	3335.094	3326.350	3334.390	7856	0	159
2025.05.26	13:00:00	3334.427	3338.901	3331.255	3338.329	9047	0	159
2025.05.26	14:00:00	3338.353	3341.624	3335.502	3337.211	8854	0	159
2025.05.26	15:00:00	3337.223	3339.753	3336.877	3337.998	5331	0	159
2025.05.26	16:00:00	3337.984	3343.639	3337.521	3342.137	4311	0	159
2025.05.26	17:00:00	3342.089	3343.105	3340.456	3341.184	2866	0	160
2025.05.26	18:00:00	3341.190	3341.938	3340.949	3341.558	659	0	160
2025.05.26	22:00:00	3346.458	3348.863	3342.829	3347.535	4918	0	159
2025.05.26	23:00:00	3347.539	3348.500	3344.576	3346.139	4328	0	159
2025.05.27	00:00:00	3346.182	3350.029	3342.425	3345.097	8150	0	159
2025.05.27	01:00:00	3345.116	3347.330	3331.730	3335.905	11429	0	159
2025.05.27	02:00:00	3335.936	3344.436	3335.014	3342.942	8315	0	159
2025.05.27	03:00:00	3342.914	3347.251	3340.834	3341.217	6613	0	159
2025.05.27	04:00:00	3341.188	3341.485	3330.712	3330.966	6594	0	159
2025.05.27	05:00:00	3330.953	3332.674	3315.992	3323.425	15330	0	159
2025.05.27	06:00:00	3323.401	3328.356	3305.006	3308.492	20239	0	159
2025.05.27	07:00:00	3308.524	3312.556	3292.535	3296.244	19905	0	159
2025.05.27	08:00:00	3296.214	3310.344	3296.015	3298.620	15454	0	159
2025.05.27	09:00:00	3298.568	3309.687	3294.586	3296.274	13592	0	159
2025.05.27	10:00:00	3296.247	3299.660	3290.642	3293.264	13462	0	159
2025.05.27	11:00:00	3293.310	3298.192	3287.724	3288.373	11257	0	159
2025.05.27	12:00:00	3288.399	3297.959	3287.989	3293.792	12690	0	159
2025.05.27	13:00:00	3293.752	3304.926	3292.268	3295.273	19267	0	159
2025.05.27	14:00:00	3295.046	3303.267	3285.089	3299.883	16259	0	159
2025.05.27	15:00:00	3299.842	3303.061	3289.609	3293.605	11576	0	159
2025.05.27	16:00:00	3293.612	3298.806	3292.969	3297.752	6885	0	159
2025.05.27	17:00:00	3297.758	3304.375	3296.866	3301.329	6513	0	159
2025.05.27	18:00:00	3301.363	3304.014	3299.119	3303.106	5238	0	159
2025.05.27	19:00:00	3303.065	3308.008	3302.933	3304.380	5129	0	159
2025.05.27	20:00:00	3304.356	3305.105	3299.640	3300.192	3580	0	159
2025.05.27	22:00:00	3301.448	3305.743	3301.411	3303.175	4920	0	159
2025.05.27	23:00:00	3303.223	3310.957	3297.621	3309.402	7191	0	159
2025.05.28	00:00:00	3309.431	3315.770	3308.181	3308.488	6688	0	159
2025.05.28	01:00:00	3308.520	3310.775	3298.538	3301.783	11723	0	159
2025.05.28	02:00:00	3301.821	3313.625	3300.262	3302.393	12650	0	159
2025.05.28	03:00:00	3302.419	3304.051	3291.674	3297.761	12158	0	159
2025.05.28	04:00:00	3297.721	3299.292	3294.383	3296.463	7161	0	159
2025.05.28	05:00:00	3296.483	3310.258	3295.977	3307.232	10496	0	159
2025.05.28	06:00:00	3307.247	3308.727	3298.328	3308.314	9576	0	159
2025.05.28	07:00:00	3308.272	3322.393	3307.049	3319.249	11427	0	159
2025.05.28	08:00:00	3319.300	3323.823	3315.147	3321.592	10518	0	159
2025.05.28	09:00:00	3321.629	3325.551	3320.045	3324.108	6539	0	159
2025.05.28	10:00:00	3324.153	3324.739	3311.763	3313.357	7442	0	159
2025.05.28	11:00:00	3313.342	3315.123	3307.461	3311.110	8020	0	159
2025.05.28	12:00:00	3311.168	3314.569	3305.319	3312.335	10035	0	159
2025.05.28	13:00:00	3312.292	3316.438	3297.414	3305.229	19440	0	159
2025.05.28	14:00:00	3305.184	3309.018	3300.392	3302.610	14294	0	159
2025.05.28	15:00:00	3302.635	3302.748	3292.510	3296.094	11561	0	159
2025.05.28	16:00:00	3296.125	3299.189	3288.560	3293.410	8033	0	159
2025.05.28	17:00:00	3293.416	3299.122	3291.317	3296.756	6894	0	159
2025.05.28	18:00:00	3296.808	3302.988	3296.556	3302.067	6652	0	159
2025.05.28	19:00:00	3302.042	3303.065	3293.866	3296.983	8871	0	159
2025.05.28	20:00:00	3297.006	3297.340	3276.427	3286.656	7044	0	159
2025.05.28	22:00:00	3286.879	3294.961	3282.049	3286.568	8787	0	159
2025.05.28	23:00:00	3286.540	3287.765	3250.273	3259.895	29103	0	159
2025.05.29	00:00:00	3259.921	3268.976	3253.825	3265.066	24130	0	159
2025.05.29	01:00:00	3265.027	3265.900	3245.439	3263.544	24667	0	159
2025.05.29	02:00:00	3263.527	3275.459	3260.997	3270.052	14831	0	159
2025.05.29	03:00:00	3270.010	3280.165	3268.062	3274.545	11682	0	159
2025.05.29	04:00:00	3274.635	3275.439	3269.064	3269.081	8771	0	159
2025.05.29	05:00:00	3269.169	3272.598	3265.986	3272.477	9231	0	159
2025.05.29	06:00:00	3272.479	3276.412	3268.051	3271.677	10531	0	159
2025.05.29	07:00:00	3271.716	3287.505	3271.716	3286.561	10408	0	159
2025.05.29	08:00:00	3286.517	3289.286	3278.173	3281.748	8554	0	159
2025.05.29	09:00:00	3281.686	3283.276	3276.262	3282.103	7189	0	159
2025.05.29	10:00:00	3282.138	3300.796	3281.864	3296.633	10783	0	159
2025.05.29	11:00:00	3296.629	3305.549	3295.374	3299.719	10274	0	159
2025.05.29	12:00:00	3299.844	3317.551	3298.550	3316.467	17692	0	159
2025.05.29	13:00:00	3316.414	3322.051	3310.208	3312.724	21380	0	159
2025.05.29	14:00:00	3312.682	3319.532	3304.801	3310.332	18534	0	159
2025.05.29	15:00:00	3310.382	3321.981	3309.770	3321.578	11213	0	159
2025.05.29	16:00:00	3321.664	3331.225	3319.797	3322.273	10824	0	159
2025.05.29	17:00:00	3322.258	3324.514	3318.087	3324.133	8485	0	159
2025.05.29	18:00:00	3324.236	3325.849	3317.570	3321.275	8144	0	159
2025.05.29	19:00:00	3321.269	3321.539	3315.512	3316.615	7002	0	159
2025.05.29	20:00:00	3316.586	3318.387	3315.234	3317.534	3359	0	159
2025.05.29	22:00:00	3320.033	3321.095	3313.540	3314.293	4714	0	159
2025.05.29	23:00:00	3314.398	3317.314	3312.854	3315.503	5583	0	159
2025.05.30	00:00:00	3315.498	3318.874	3309.512	3312.593	8257	0	159
2025.05.30	01:00:00	3312.627	3322.742	3308.077	3309.913	14555	0	159
2025.05.30	02:00:00	3309.959	3312.188	3294.969	3297.253	15431	0	159
2025.05.30	03:00:00	3297.279	3302.308	3291.219	3294.531	9790	0	159
2025.05.30	04:00:00	3294.458	3296.523	3291.497	3296.174	6267	0	159
2025.05.30	05:00:00	3296.189	3304.994	3290.181	3303.812	9338	0	159
2025.05.30	06:00:00	3303.851	3304.306	3290.503	3301.851	12259	0	159
2025.05.30	07:00:00	3301.806	3301.806	3287.370	3295.002	11813	0	159
2025.05.30	08:00:00	3294.975	3299.257	3291.580	3295.797	9829	0	159
2025.05.30	09:00:00	3295.756	3299.274	3292.581	3295.673	7628	0	159
2025.05.30	10:00:00	3295.634	3300.669	3292.558	3295.220	6958	0	159
2025.05.30	11:00:00	3295.231	3297.329	3288.620	3294.055	8905	0	159
2025.05.30	12:00:00	3294.054	3306.829	3282.785	3304.019	29293	0	159
2025.05.30	13:00:00	3303.985	3308.311	3275.196	3276.784	28803	0	159
2025.05.30	14:00:00	3276.739	3287.376	3271.526	3282.705	25469	0	159
2025.05.30	15:00:00	3282.730	3292.817	3275.962	3288.676	18163	0	159
2025.05.30	16:00:00	3288.616	3295.778	3283.957	3293.391	14381	0	159
2025.05.30	17:00:00	3293.356	3294.823	3289.817	3290.930	9806	0	159
2025.05.30	18:00:00	3291.044	3295.042	3291.044	3293.823	6701	0	159
2025.05.30	19:00:00	3293.784	3295.194	3291.660	3294.826	5867	0	159
2025.05.30	20:00:00	3294.937	3295.834	3288.642	3289.665	4799	0	159
2025.06.01	22:00:00	3303.113	3315.076	3299.873	3313.149	9634	0	159
2025.06.01	23:00:00	3313.143	3316.742	3309.189	3310.255	7370	0	159
2025.06.02	00:00:00	3310.213	3314.959	3303.212	3311.418	11528	0	159
2025.06.02	01:00:00	3311.454	3313.802	3301.409	3303.576	10982	0	159
2025.06.02	02:00:00	3303.561	3311.588	3303.267	3307.330	7873	0	159
2025.06.02	03:00:00	3307.250	3308.973	3303.375	3308.743	7233	0	159
2025.06.02	04:00:00	3308.806	3318.296	3308.791	3313.854	6763	0	159
2025.06.02	05:00:00	3313.883	3325.771	3313.883	3323.704	7967	0	159
2025.06.02	06:00:00	3323.686	3345.466	3323.686	3344.458	13048	0	159
2025.06.02	07:00:00	3344.485	3359.037	3343.135	3352.562	15272	0	159
2025.06.02	08:00:00	3352.655	3356.424	3350.008	3352.101	9395	0	159
2025.06.02	09:00:00	3352.070	3352.502	3344.361	3348.385	9102	0	159
2025.06.02	10:00:00	3348.425	3351.442	3344.546	3348.629	8707	0	159
2025.06.02	11:00:00	3348.593	3360.152	3346.110	3356.324	10050	0	160
2025.06.02	12:00:00	3356.296	3363.587	3353.928	3355.465	12451	0	159
2025.06.02	13:00:00	3355.509	3376.267	3350.319	3371.107	19049	0	159
2025.06.02	14:00:00	3370.947	3379.064	3367.624	3376.002	23572	0	159
2025.06.02	15:00:00	3376.042	3378.865	3369.796	3374.294	12946	0	159
2025.06.02	16:00:00	3374.319	3379.250	3369.285	3371.719	9288	0	159
2025.06.02	17:00:00	3371.664	3376.017	3371.195	3374.355	7983	0	159
2025.06.02	18:00:00	3374.384	3380.145	3370.740	3379.252	7252	0	159
2025.06.02	19:00:00	3379.257	3382.346	3377.858	3381.539	5859	0	159
2025.06.02	20:00:00	3381.499	3382.959	3378.364	3381.794	4419	0	159
2025.06.02	22:00:00	3383.838	3391.422	3382.953	3389.939	6812	0	159
2025.06.02	23:00:00	3389.979	3392.238	3383.206	3387.456	6825	0	159
2025.06.03	00:00:00	3387.407	3388.687	3373.760	3375.747	11364	0	159
2025.06.03	01:00:00	3375.794	3376.152	3363.197	3372.632	21405	0	159
2025.06.03	02:00:00	3372.577	3378.031	3364.421	3368.802	13382	0	159
2025.06.03	03:00:00	3368.805	3369.677	3359.685	3361.087	10767	0	159
2025.06.03	04:00:00	3361.174	3365.237	3359.177	3362.677	7712	0	159
2025.06.03	05:00:00	3362.736	3367.715	3356.244	3365.028	9249	0	159
2025.06.03	06:00:00	3364.910	3367.319	3351.149	3358.847	12546	0	159
2025.06.03	07:00:00	3358.809	3361.314	3352.499	3359.648	12473	0	159
2025.06.03	08:00:00	3359.752	3364.905	3359.648	3361.147	8708	0	159
2025.06.03	09:00:00	3361.100	3362.688	3354.962	3356.812	7458	0	159
2025.06.03	10:00:00	3356.882	3358.705	3354.895	3355.430	6207	0	159
2025.06.03	11:00:00	3355.469	3360.518	3353.305	3359.294	6796	0	159
2025.06.03	12:00:00	3359.323	3363.123	3349.030	3359.349	13272	0	159
2025.06.03	13:00:00	3359.399	3363.095	3340.992	3345.698	19603	0	159
2025.06.03	14:00:00	3345.751	3350.170	3333.053	3346.526	19702	0	159
2025.06.03	15:00:00	3346.495	3351.524	3344.069	3350.304	9867	0	159
2025.06.03	16:00:00	3350.368	3353.530	3344.633	3348.473	7717	0	159
2025.06.03	17:00:00	3348.428	3354.629	3347.382	3353.171	6070	0	160
2025.06.03	18:00:00	3353.089	3353.813	3350.431	3353.546	4573	0	159
2025.06.03	19:00:00	3353.590	3355.537	3351.282	3352.657	4707	0	159
2025.06.03	20:00:00	3352.617	3355.288	3352.469	3353.345	3143	0	159
2025.06.03	22:00:00	3355.807	3358.514	3354.837	3357.132	3261	0	159
2025.06.03	23:00:00	3357.108	3361.657	3355.225	3359.996	4735	0	159
2025.06.04	00:00:00	3359.943	3360.180	3349.812	3350.152	10440	0	159
2025.06.04	01:00:00	3350.187	3372.386	3346.452	3370.932	14352	0	159
2025.06.04	02:00:00	3370.898	3372.627	3362.783	3365.564	8431	0	159
2025.06.04	03:00:00	3365.526	3367.471	3358.298	3359.246	7174	0	159
2025.06.04	04:00:00	3359.236	3361.520	3352.389	3354.781	7504	0	159
2025.06.04	05:00:00	3354.852	3356.441	3347.999	3351.075	9482	0	159
2025.06.04	06:00:00	3351.059	3358.428	3348.955	3355.638	10646	0	159
2025.06.04	07:00:00	3355.753	3365.217	3353.639	3354.721	8869	0	159
2025.06.04	08:00:00	3354.679	3364.322	3351.703	3362.769	8651	0	159
2025.06.04	09:00:00	3362.805	3364.972	3359.315	3362.983	7368	0	159
2025.06.04	10:00:00	3362.945	3363.969	3347.340	3350.870	9599	0	159
2025.06.04	11:00:00	3350.906	3352.062	3343.720	3346.577	9475	0	159
2025.06.04	12:00:00	3346.613	3360.826	3344.330	3358.887	17675	0	159
2025.06.04	13:00:00	3358.924	3362.827	3350.847	3352.841	16584	0	159
2025.06.04	14:00:00	3352.808	3384.709	3351.191	3377.424	21106	0	159
2025.06.04	15:00:00	3377.394	3378.978	3369.613	3371.763	13253	0	159
2025.06.04	16:00:00	3371.724	3376.331	3370.832	3375.059	7628	0	159
2025.06.04	17:00:00	3375.037	3380.902	3372.962	3379.206	6231	0	159
2025.06.04	18:00:00	3379.149	3382.217	3374.973	3376.256	5260	0	159
2025.06.04	19:00:00	3376.210	3376.327	3371.946	3373.614	5574	0	159
2025.06.04	20:00:00	3373.566	3375.042	3370.508	3373.744	4192	0	160
2025.06.04	22:00:00	3373.576	3376.038	3372.316	3373.534	3362	0	159
2025.06.04	23:00:00	3373.576	3379.080	3372.387	3378.042	4899	0	159
2025.06.05	00:00:00	3378.099	3381.728	3372.234	3380.276	10440	0	159
2025.06.05	01:00:00	3380.255	3384.183	3370.591	3373.708	12512	0	159
2025.06.05	02:00:00	3373.739	3375.160	3368.172	3370.797	8381	0	159
2025.06.05	03:00:00	3370.820	3377.408	3369.306	3369.674	6571	0	159
2025.06.05	04:00:00	3369.683	3372.505	3363.916	3368.487	8189	0	159
2025.06.05	05:00:00	3368.530	3369.822	3361.180	3364.281	8310	0	159
2025.06.05	06:00:00	3364.240	3370.086	3363.720	3365.950	7952	0	159
2025.06.05	07:00:00	3365.891	3374.534	3365.306	3371.304	7718	0	159
2025.06.05	08:00:00	3371.266	3376.966	3369.641	3375.205	6535	0	159
2025.06.05	09:00:00	3375.202	3391.324	3374.017	3389.565	15546	0	159
2025.06.05	10:00:00	3389.534	3400.457	3388.202	3399.949	13059	0	159
2025.06.05	11:00:00	3399.898	3403.592	3391.575	3392.293	13870	0	159
2025.06.05	12:00:00	3392.327	3400.197	3377.584	3383.084	26110	0	159
2025.06.05	13:00:00	3383.122	3388.453	3371.133	3378.173	42067	0	159
2025.06.05	14:00:00	3378.247	3383.256	3363.859	3367.645	34469	0	159
2025.06.05	15:00:00	3367.610	3372.943	3339.370	3344.773	33604	0	159
2025.06.05	16:00:00	3344.681	3356.501	3339.811	3354.165	17757	0	159
2025.06.05	17:00:00	3354.123	3354.772	3348.894	3353.956	9384	0	159
2025.06.05	18:00:00	3353.951	3356.216	3350.429	3353.607	8093	0	159
2025.06.05	19:00:00	3353.652	3361.404	3352.830	3356.885	11364	0	159
2025.06.05	20:00:00	3356.861	3357.737	3351.987	3352.752	4710	0	159
2025.06.05	22:00:00	3354.170	3363.592	3353.168	3358.982	7011	0	159
2025.06.05	23:00:00	3359.085	3362.655	3357.216	3361.810	5264	0	159
2025.06.06	00:00:00	3361.867	3364.103	3357.312	3359.357	7396	0	159
2025.06.06	01:00:00	3359.330	3368.542	3356.133	3363.776	12157	0	159
2025.06.06	02:00:00	3363.754	3366.560	3362.064	3363.871	8132	0	160
2025.06.06	03:00:00	3363.975	3371.811	3359.339	3369.747	7319	0	159
2025.06.06	04:00:00	3369.666	3374.636	3369.057	3373.595	6647	0	159
2025.06.06	05:00:00	3373.569	3375.685	3362.223	3366.046	8911	0	159
2025.06.06	06:00:00	3365.964	3366.967	3356.083	3360.632	10673	0	159
2025.06.06	07:00:00	3360.682	3362.368	3352.826	3359.374	10610	0	159
2025.06.06	08:00:00	3359.419	3367.782	3358.375	3365.293	8552	0	159
2025.06.06	09:00:00	3365.324	3365.386	3352.703	3356.712	8517	0	159
2025.06.06	10:00:00	3356.725	3360.914	3355.903	3360.472	6964	0	159
2025.06.06	11:00:00	3360.587	3364.329	3358.107	3358.292	8144	0	159
2025.06.06	12:00:00	3358.308	3364.421	3343.539	3353.389	29562	0	159
2025.06.06	13:00:00	3353.365	3361.043	3342.460	3343.265	35414	0	159
2025.06.06	14:00:00	3343.308	3345.028	3316.269	3326.069	37618	0	159
2025.06.06	15:00:00	3326.124	3336.772	3323.311	3332.223	18323	0	159
2025.06.06	16:00:00	3332.182	3332.774	3320.824	3322.775	11538	0	159
2025.06.06	17:00:00	3322.762	3326.800	3321.354	3323.627	8606	0	159
2025.06.06	18:00:00	3323.648	3324.051	3313.676	3317.477	7927	0	159
2025.06.06	19:00:00	3317.473	3318.975	3311.358	3312.345	7837	0	159
2025.06.06	20:00:00	3312.382	3312.896	3307.053	3311.702	5573	0	159
2025.06.08	22:00:00	3317.819	3321.215	3309.240	3314.935	7981	0	159
2025.06.08	23:00:00	3314.894	3318.633	3313.377	3318.038	6543	0	159
2025.06.09	00:00:00	3318.082	3318.699	3298.181	3305.496	14579	0	159
2025.06.09	01:00:00	3305.423	3309.456	3295.080	3295.964	15629	0	159
2025.06.09	02:00:00	3295.999	3307.593	3293.428	3305.534	12348	0	159
2025.06.09	03:00:00	3305.568	3312.012	3304.213	3310.769	8486	0	159
2025.06.09	04:00:00	3310.799	3313.506	3309.273	3311.729	5850	0	159
2025.06.09	05:00:00	3311.683	3316.643	3309.589	3314.669	7488	0	159
2025.06.09	06:00:00	3314.681	3324.911	3312.439	3324.327	8541	0	159
2025.06.09	07:00:00	3324.363	3328.652	3321.539	3324.238	9181	0	159
2025.06.09	08:00:00	3324.269	3325.685	3319.705	3319.705	8165	0	159
2025.06.09	09:00:00	3319.808	3323.475	3316.830	3318.617	7062	0	159
2025.06.09	10:00:00	3318.669	3319.746	3312.063	3314.645	6419	0	159
2025.06.09	11:00:00	3314.686	3321.310	3313.595	3317.456	7834	0	159
2025.06.09	12:00:00	3317.412	3322.432	3312.953	3320.048	10487	0	159
2025.06.09	13:00:00	3319.998	3321.748	3310.698	3319.333	16712	0	159
2025.06.09	14:00:00	3319.305	3326.839	3316.124	3320.808	13948	0	159
2025.06.09	15:00:00	3320.855	3332.070	3320.350	3328.665	9131	0	159
2025.06.09	16:00:00	3328.668	3337.877	3327.475	3337.588	8073	0	159
2025.06.09	17:00:00	3337.705	3338.240	3332.972	3333.694	6449	0	159
2025.06.09	18:00:00	3333.705	3337.054	3332.697	3333.190	4917	0	159
2025.06.09	19:00:00	3333.176	3335.441	3325.894	3327.241	5781	0	159
2025.06.09	20:00:00	3327.201	3329.500	3324.853	3325.683	3802	0	160
2025.06.09	22:00:00	3325.892	3326.895	3321.583	3323.615	4702	0	159
2025.06.09	23:00:00	3323.682	3327.913	3323.682	3326.766	3902	0	160
2025.06.10	00:00:00	3326.809	3326.851	3314.554	3316.578	11101	0	159
2025.06.10	01:00:00	3316.651	3319.938	3302.929	3306.264	16800	0	159
2025.06.10	02:00:00	3306.227	3310.391	3301.917	3309.300	11593	0	159
2025.06.10	03:00:00	3309.293	3310.430	3305.051	3307.602	7721	0	159
2025.06.10	04:00:00	3307.592	3308.786	3302.789	3307.318	6078	0	159
2025.06.10	05:00:00	3307.328	3319.206	3306.813	3317.623	12788	0	159
2025.06.10	06:00:00	3317.712	3331.322	3315.504	3325.374	12937	0	159
2025.06.10	07:00:00	3325.349	3332.201	3324.002	3330.180	11593	0	159
2025.06.10	08:00:00	3330.090	3334.834	3326.194	3329.337	8491	0	159
2025.06.10	09:00:00	3329.300	3331.863	3327.141	3329.798	6038	0	159
2025.06.10	10:00:00	3329.825	3336.269	3328.406	3335.389	6420	0	159
2025.06.10	11:00:00	3335.392	3342.587	3332.176	3333.780	8606	0	159
2025.06.10	12:00:00	3333.817	3340.279	3328.200	3337.199	11204	0	159
2025.06.10	13:00:00	3337.129	3349.153	3335.525	3343.628	15748	0	159
2025.06.10	14:00:00	3343.591	3343.727	3325.446	3328.617	19207	0	159
2025.06.10	15:00:00	3328.540	3329.346	3323.165	3326.692	13548	0	159
2025.06.10	16:00:00	3326.653	3327.758	3319.944	3321.357	8395	0	159
2025.06.10	17:00:00	3321.382	3325.827	3320.427	3324.763	6582	0	159
2025.06.10	18:00:00	3324.670	3325.355	3319.358	3321.628	6106	0	159
2025.06.10	19:00:00	3321.677	3334.536	3321.402	3328.716	7121	0	159
2025.06.10	20:00:00	3328.757	3328.958	3322.355	3322.514	5009	0	159
2025.06.10	22:00:00	3321.278	3327.505	3320.724	3324.422	5537	0	159
2025.06.10	23:00:00	3324.461	3328.140	3315.517	3327.862	9352	0	159
2025.06.11	00:00:00	3327.936	3335.204	3325.008	3332.450	11127	0	159
2025.06.11	01:00:00	3332.350	3337.467	3327.612	3328.605	9842	0	159
2025.06.11	02:00:00	3328.546	3339.566	3327.078	3338.263	7734	0	159
2025.06.11	03:00:00	3338.314	3341.566	3336.407	3339.416	6158	0	159
2025.06.11	04:00:00	3339.387	3342.951	3336.812	3341.901	5760	0	159
2025.06.11	05:00:00	3341.855	3343.147	3335.522	3339.704	7427	0	159
2025.06.11	06:00:00	3339.697	3340.233	3332.476	3337.234	9599	0	159
2025.06.11	07:00:00	3337.255	3348.531	3335.165	3345.696	9084	0	159
2025.06.11	08:00:00	3345.664	3346.742	3342.535	3344.572	7488	0	159
2025.06.11	09:00:00	3344.526	3344.701	3331.238	3333.759	11517	0	159
2025.06.11	10:00:00	3333.817	3336.798	3328.452	3329.920	7825	0	159
2025.06.11	11:00:00	3329.886	3335.269	3326.110	3333.072	9370	0	159
2025.06.11	12:00:00	3333.152	3360.764	3327.196	3336.728	30443	0	159
2025.06.11	13:00:00	3336.732	3344.491	3327.882	3330.022	30807	0	159
2025.06.11	14:00:00	3329.907	3341.280	3328.542	3337.564	17282	0	159
2025.06.11	15:00:00	3337.606	3342.764	3329.557	3333.267	13698	0	159
2025.06.11	16:00:00	3333.247	3334.492	3328.090	3330.267	9160	0	159
2025.06.11	17:00:00	3330.308	3331.435	3319.220	3324.278	11468	0	160
2025.06.11	18:00:00	3324.303	3347.342	3323.804	3343.900	19304	0	160
2025.06.11	19:00:00	3343.827	3349.268	3342.312	3346.849	10069	0	160
2025.06.11	20:00:00	3346.876	3355.647	3346.522	3355.508	5814	0	160
2025.06.11	22:00:00	3359.272	3369.788	3356.289	3368.948	8862	0	160
2025.06.11	23:00:00	3368.984	3373.534	3357.635	3365.376	11230	0	160
2025.06.12	00:00:00	3365.405	3371.364	3362.120	3365.865	14164	0	160
2025.06.12	01:00:00	3365.890	3376.896	3362.401	3371.117	15535	0	160
2025.06.12	02:00:00	3371.072	3377.804	3368.946	3374.674	10363	0	160
2025.06.12	03:00:00	3374.649	3376.612	3371.603	3373.426	7298	0	160
2025.06.12	04:00:00	3373.409	3373.770	3369.430	3370.371	5206	0	160
2025.06.12	05:00:00	3370.442	3375.783	3367.772	3374.598	6517	0	160
2025.06.12	06:00:00	3374.475	3375.601	3365.254	3375.026	10032	0	160
2025.06.12	07:00:00	3374.982	3375.196	3338.536	3346.168	21399	0	160
2025.06.12	08:00:00	3346.192	3361.157	3346.192	3356.789	16758	0	160
2025.06.12	09:00:00	3356.709	3367.962	3355.332	3365.354	11647	0	160
2025.06.12	10:00:00	3365.450	3385.913	3362.532	3382.487	14594	0	160
2025.06.12	11:00:00	3382.577	3388.581	3373.175	3379.285	13700	0	160
2025.06.12	12:00:00	3379.252	3390.391	3376.337	3388.008	17737	0	160
2025.06.12	13:00:00	3388.123	3399.045	3379.389	3392.026	26593	0	160
2025.06.12	14:00:00	3392.055	3393.140	3382.938	3383.821	23964	0	160
2025.06.12	15:00:00	3383.903	3390.287	3377.784	3385.876	17444	0	160
2025.06.12	16:00:00	3385.906	3391.374	3380.961	3383.790	11899	0	160
2025.06.12	17:00:00	3383.759	3385.039	3378.097	3382.637	8596	0	160
2025.06.12	18:00:00	3382.677	3386.304	3381.864	3385.904	5902	0	160
2025.06.12	19:00:00	3385.858	3389.396	3384.737	3388.139	5310	0	160
2025.06.12	20:00:00	3388.111	3389.007	3384.746	3385.813	3544	0	160
2025.06.12	22:00:00	3385.856	3385.955	3379.633	3383.339	4951	0	160
2025.06.12	23:00:00	3383.346	3396.320	3382.584	3395.882	6617	0	160
2025.06.13	00:00:00	3395.837	3419.987	3391.693	3416.859	45078	0	160
2025.06.13	01:00:00	3416.944	3433.429	3413.974	3427.655	27579	0	160
2025.06.13	02:00:00	3427.539	3444.171	3424.783	3441.434	18726	0	160
2025.06.13	03:00:00	3441.405	3444.400	3423.805	3425.557	19921	0	160
2025.06.13	04:00:00	3425.543	3430.310	3422.611	3425.305	11133	0	160
2025.06.13	05:00:00	3425.336	3428.830	3417.976	3425.995	13308	0	160
2025.06.13	06:00:00	3426.096	3428.693	3408.376	3416.206	16411	0	160
2025.06.13	07:00:00	3416.229	3419.000	3407.879	3414.933	14568	0	160
2025.06.13	08:00:00	3414.863	3426.064	3414.308	3424.446	10973	0	160
2025.06.13	09:00:00	3424.345	3427.328	3420.025	3424.255	11985	0	160
2025.06.13	10:00:00	3424.293	3427.684	3411.595	3415.818	14582	0	160
2025.06.13	11:00:00	3415.858	3423.043	3412.496	3422.217	11801	0	160
2025.06.13	12:00:00	3422.207	3438.205	3421.726	3436.641	13360	0	160
2025.06.13	13:00:00	3436.608	3446.819	3433.933	3437.003	22774	0	160
2025.06.13	14:00:00	3436.912	3439.879	3423.727	3427.856	24662	0	160
2025.06.13	15:00:00	3427.824	3430.391	3420.906	3426.206	17731	0	160
2025.06.13	16:00:00	3426.258	3431.114	3419.203	3430.047	9893	0	160
2025.06.13	17:00:00	3430.040	3433.543	3427.411	3430.415	9594	0	160
2025.06.13	18:00:00	3430.343	3439.473	3428.717	3436.555	11106	0	160
2025.06.13	19:00:00	3436.544	3438.191	3431.658	3432.307	9322	0	160
2025.06.13	20:00:00	3432.352	3434.780	3428.965	3433.449	6166	0	160
2025.06.15	22:00:00	3440.955	3451.251	3438.591	3448.312	13411	0	160
2025.06.15	23:00:00	3448.425	3450.167	3439.542	3444.141	11528	0	160
2025.06.16	00:00:00	3444.166	3451.224	3434.314	3436.111	15289	0	160
2025.06.16	01:00:00	3436.135	3443.228	3433.208	3441.510	15584	0	160
2025.06.16	02:00:00	3441.515	3446.399	3437.889	3438.432	10573	0	160
2025.06.16	03:00:00	3438.392	3439.654	3429.244	3431.428	9754	0	160
2025.06.16	04:00:00	3431.496	3433.261	3426.885	3427.567	7312	0	160
2025.06.16	05:00:00	3427.529	3430.435	3417.786	3421.614	13241	0	160
2025.06.16	06:00:00	3421.649	3421.649	3412.999	3418.243	15220	0	160
2025.06.16	07:00:00	3418.192	3419.843	3409.459	3412.619	13094	0	160
2025.06.16	08:00:00	3412.624	3418.536	3409.773	3413.919	10026	0	160
2025.06.16	09:00:00	3413.955	3419.502	3411.917	3412.028	8470	0	160
2025.06.16	10:00:00	3412.075	3421.339	3410.609	3421.028	8357	0	160
2025.06.16	11:00:00	3421.001	3422.697	3410.826	3415.000	9379	0	160
2025.06.16	12:00:00	3415.043	3417.810	3411.048	3415.685	11993	0	160
2025.06.16	13:00:00	3415.648	3418.128	3382.725	3388.131	32897	0	160
2025.06.16	14:00:00	3388.229	3399.436	3387.376	3396.944	27341	0	160
2025.06.16	15:00:00	3396.898	3405.724	3396.898	3404.626	14072	0	160
2025.06.16	16:00:00	3404.534	3404.992	3397.371	3399.473	8980	0	160
2025.06.16	17:00:00	3399.464	3400.231	3391.090	3392.593	7935	0	160
2025.06.16	18:00:00	3392.561	3394.076	3384.012	3385.322	7186	0	160
2025.06.16	19:00:00	3385.336	3388.510	3382.790	3384.094	8163	0	160
2025.06.16	20:00:00	3384.015	3386.083	3383.294	3384.919	3934	0	160
2025.06.16	22:00:00	3386.673	3398.517	3386.442	3395.465	6684	0	160
2025.06.16	23:00:00	3395.451	3402.977	3393.021	3402.769	9910	0	160
2025.06.17	00:00:00	3402.815	3403.256	3391.455	3394.191	14465	0	160
2025.06.17	01:00:00	3394.219	3402.469	3393.321	3393.689	11520	0	160
2025.06.17	02:00:00	3393.700	3400.444	3388.309	3390.069	10576	0	160
2025.06.17	03:00:00	3390.020	3392.591	3373.463	3387.583	15775	0	160
2025.06.17	04:00:00	3387.557	3396.289	3387.060	3393.979	7162	0	160
2025.06.17	05:00:00	3394.024	3395.532	3390.689	3392.641	7792	0	160
2025.06.17	06:00:00	3392.652	3392.652	3381.074	3385.529	11260	0	160
2025.06.17	07:00:00	3385.484	3391.923	3383.134	3387.783	10064	0	160
2025.06.17	08:00:00	3387.784	3388.651	3377.770	3378.876	9959	0	160
2025.06.17	09:00:00	3378.823	3385.976	3375.675	3385.598	12434	0	160
2025.06.17	10:00:00	3385.577	3398.711	3385.327	3398.089	11850	0	160
2025.06.17	11:00:00	3398.106	3400.203	3388.220	3388.635	11308	0	160
2025.06.17	12:00:00	3388.650	3391.590	3383.518	3386.689	16506	0	160
2025.06.17	13:00:00	3386.693	3397.536	3385.842	3390.690	20625	0	160
2025.06.17	14:00:00	3390.656	3392.056	3366.079	3385.032	27172	0	160
2025.06.17	15:00:00	3385.010	3388.286	3372.409	3379.284	14662	0	160
2025.06.17	16:00:00	3379.386	3385.934	3376.651	3382.890	12074	0	160
2025.06.17	17:00:00	3382.897	3391.340	3381.301	3390.258	10396	0	160
2025.06.17	18:00:00	3390.270	3392.499	3382.422	3382.821	8308	0	160
2025.06.17	19:00:00	3382.834	3386.418	3382.296	3385.710	7781	0	160
2025.06.17	20:00:00	3385.675	3390.315	3383.634	3388.822	4557	0	160
2025.06.17	22:00:00	3392.820	3396.217	3388.828	3388.854	5575	0	160
2025.06.17	23:00:00	3388.903	3390.320	3384.926	3387.392	5176	0	160
2025.06.18	00:00:00	3387.295	3388.847	3382.918	3385.853	9023	0	160
2025.06.18	01:00:00	3385.883	3388.688	3378.653	3379.022	9855	0	160
2025.06.18	02:00:00	3378.962	3379.716	3370.655	3379.393	8982	0	160
2025.06.18	03:00:00	3379.433	3391.524	3379.283	3390.960	7360	0	160
2025.06.18	04:00:00	3390.928	3400.011	3389.420	3395.176	7466	0	160
2025.06.18	05:00:00	3395.218	3395.707	3384.215	3386.407	10347	0	160
2025.06.18	06:00:00	3386.426	3386.874	3379.400	3382.381	9747	0	160
2025.06.18	07:00:00	3382.344	3386.195	3377.037	3385.991	8939	0	160
2025.06.18	08:00:00	3385.928	3388.415	3382.560	3383.611	7030	0	160
2025.06.18	09:00:00	3383.604	3385.533	3375.433	3378.079	7011	0	160
2025.06.18	10:00:00	3378.074	3382.389	3375.686	3380.193	8179	0	160
2025.06.18	11:00:00	3380.238	3387.026	3378.918	3382.048	8892	0	160
2025.06.18	12:00:00	3381.999	3389.918	3381.582	3386.582	11094	0	160
2025.06.18	13:00:00	3386.647	3396.852	3385.618	3392.333	13187	0	160
2025.06.18	14:00:00	3392.288	3392.447	3373.833	3386.892	23934	0	160
2025.06.18	15:00:00	3386.924	3392.853	3381.180	3392.680	10193	0	160
2025.06.18	16:00:00	3392.731	3394.683	3389.924	3391.031	6906	0	160
2025.06.18	17:00:00	3391.031	3391.295	3384.291	3385.333	6144	0	160
2025.06.18	18:00:00	3385.394	3395.827	3378.326	3379.067	24894	0	160
2025.06.18	19:00:00	3379.109	3379.244	3362.867	3366.818	25041	0	160
2025.06.18	20:00:00	3366.771	3369.395	3362.474	3368.584	7948	0	160
2025.06.18	22:00:00	3373.198	3379.890	3370.590	3375.178	6547	0	160
2025.06.18	23:00:00	3375.166	3377.063	3370.664	3375.023	6429	0	160
2025.06.19	00:00:00	3375.042	3383.364	3374.691	3379.416	7930	0	160
2025.06.19	01:00:00	3379.474	3387.968	3374.516	3374.895	13843	0	160
2025.06.19	02:00:00	3374.870	3379.478	3373.998	3376.783	7050	0	160
2025.06.19	03:00:00	3376.738	3377.366	3369.684	3373.609	6831	0	160
2025.06.19	04:00:00	3373.609	3375.191	3371.976	3374.480	4461	0	160
2025.06.19	05:00:00	3374.468	3375.326	3360.187	3364.477	9407	0	160
2025.06.19	06:00:00	3364.520	3364.818	3347.456	3357.345	22755	0	160
2025.06.19	07:00:00	3357.446	3369.182	3350.693	3365.954	14922	0	160
2025.06.19	08:00:00	3365.968	3371.651	3362.210	3368.645	10660	0	160
2025.06.19	09:00:00	3368.679	3373.667	3363.635	3370.267	8533	0	160
2025.06.19	10:00:00	3370.310	3379.050	3369.037	3374.998	8171	0	160
2025.06.19	11:00:00	3375.046	3375.550	3370.440	3371.967	6839	0	160
2025.06.19	12:00:00	3371.971	3372.590	3363.784	3367.958	8986	0	160
2025.06.19	13:00:00	3367.996	3372.963	3361.497	3369.573	11766	0	160
2025.06.19	14:00:00	3369.547	3371.005	3361.574	3364.650	9989	0	160
2025.06.19	15:00:00	3364.624	3371.922	3362.182	3369.260	10614	0	160
2025.06.19	16:00:00	3369.223	3371.707	3366.155	3371.125	6380	0	160
2025.06.19	17:00:00	3371.045	3374.140	3370.925	3373.455	1096	0	160
2025.06.19	22:00:00	3369.491	3370.375	3361.986	3365.623	7477	0	160
2025.06.19	23:00:00	3365.628	3370.445	3363.627	3368.739	6639	0	160
2025.06.20	00:00:00	3368.763	3370.350	3364.625	3368.174	7785	0	160
2025.06.20	01:00:00	3368.181	3368.289	3356.080	3356.516	10648	0	160
2025.06.20	02:00:00	3356.476	3360.653	3351.623	3352.479	10498	0	160
2025.06.20	03:00:00	3352.510	3356.353	3344.625	3355.507	11598	0	160
2025.06.20	04:00:00	3355.539	3357.656	3352.540	3354.316	5520	0	160
2025.06.20	05:00:00	3354.284	3355.186	3342.730	3344.740	8945	0	160
2025.06.20	06:00:00	3344.773	3348.714	3340.345	3345.266	10412	0	160
2025.06.20	07:00:00	3345.222	3355.316	3343.382	3347.691	9552	0	160
2025.06.20	08:00:00	3347.657	3352.517	3346.681	3351.026	7705	0	160
2025.06.20	09:00:00	3350.977	3359.224	3349.177	3355.243	7744	0	160
2025.06.20	10:00:00	3355.301	3357.928	3354.920	3355.430	5489	0	160
2025.06.20	11:00:00	3355.429	3356.048	3346.540	3347.051	9634	0	160
2025.06.20	12:00:00	3347.094	3350.723	3341.887	3344.444	13478	0	160
2025.06.20	13:00:00	3344.563	3373.885	3342.988	3370.333	17640	0	160
2025.06.20	14:00:00	3370.331	3374.477	3365.211	3369.235	14870	0	160
2025.06.20	15:00:00	3369.278	3371.752	3365.835	3369.856	8358	0	160
2025.06.20	16:00:00	3369.786	3373.365	3367.784	3371.518	6215	0	160
2025.06.20	17:00:00	3371.461	3371.806	3366.618	3367.356	5526	0	160
2025.06.20	18:00:00	3367.400	3367.974	3364.606	3366.720	4859	0	160
2025.06.20	19:00:00	3366.748	3370.724	3364.853	3365.625	4812	0	160
2025.06.20	20:00:00	3365.578	3369.314	3364.690	3368.546	4102	0	160
2025.06.22	22:00:00	3384.117	3388.960	3372.353	3379.142	16322	0	160
2025.06.22	23:00:00	3379.143	3380.631	3371.173	3372.755	10000	0	160
2025.06.23	00:00:00	3372.776	3373.551	3358.389	3365.716	13745	0	160
2025.06.23	01:00:00	3365.762	3368.093	3351.846	3355.307	16014	0	160
2025.06.23	02:00:00	3355.263	3364.935	3354.759	3361.564	8377	0	160
2025.06.23	03:00:00	3361.502	3366.398	3360.365	3363.372	7279	0	160
2025.06.23	04:00:00	3363.385	3365.061	3356.783	3358.472	5299	0	160
2025.06.23	05:00:00	3358.466	3360.673	3346.971	3356.776	9424	0	160
2025.06.23	06:00:00	3356.874	3359.838	3352.644	3357.578	9170	0	160
2025.06.23	07:00:00	3357.614	3358.771	3351.642	3357.627	8144	0	160
2025.06.23	08:00:00	3357.672	3362.382	3357.672	3361.863	7420	0	160
2025.06.23	09:00:00	3361.808	3368.980	3361.571	3366.542	8489	0	160
2025.06.23	10:00:00	3366.614	3368.240	3363.970	3367.724	6298	0	160
2025.06.23	11:00:00	3367.838	3382.055	3367.838	3380.596	10450	0	160
2025.06.23	12:00:00	3380.667	3381.012	3355.868	3360.462	14004	0	160
2025.06.23	13:00:00	3360.425	3387.768	3359.726	3380.590	19267	0	160
2025.06.23	14:00:00	3380.514	3386.768	3369.812	3386.366	20685	0	160
2025.06.23	15:00:00	3386.402	3389.820	3384.496	3387.240	9735	0	160
2025.06.23	16:00:00	3387.200	3393.565	3380.473	3389.774	15004	0	160
2025.06.23	17:00:00	3389.813	3391.573	3375.607	3382.526	16294	0	160
2025.06.23	18:00:00	3382.553	3387.755	3376.810	3378.635	9783	0	160
2025.06.23	19:00:00	3378.665	3382.142	3375.676	3376.362	7101	0	160
2025.06.23	20:00:00	3376.320	3377.295	3367.229	3368.358	6078	0	160
2025.06.23	22:00:00	3365.986	3366.026	3350.409	3355.464	12562	0	160
2025.06.23	23:00:00	3355.435	3357.332	3341.462	3344.235	14140	0	160
2025.06.24	00:00:00	3344.270	3355.220	3333.168	3351.064	16852	0	160
2025.06.24	01:00:00	3351.054	3354.415	3342.201	3347.775	17483	0	160
2025.06.24	02:00:00	3347.724	3352.948	3345.840	3351.894	8987	0	160
2025.06.24	03:00:00	3351.903	3357.912	3351.518	3352.476	6531	0	160
2025.06.24	04:00:00	3352.403	3353.419	3347.050	3348.605	6321	0	160
2025.06.24	05:00:00	3348.534	3348.744	3326.552	3332.044	14204	0	160
2025.06.24	06:00:00	3332.080	3333.123	3316.022	3322.736	18864	0	160
2025.06.24	07:00:00	3322.814	3331.754	3316.536	3329.645	17061	0	160
2025.06.24	08:00:00	3329.658	3332.320	3324.631	3327.323	10473	0	160
2025.06.24	09:00:00	3327.298	3328.755	3317.893	3318.575	9296	0	160
2025.06.24	10:00:00	3318.602	3327.663	3318.537	3325.485	6800	0	160
2025.06.24	11:00:00	3325.459	3328.955	3317.829	3321.214	9065	0	160
2025.06.24	12:00:00	3321.181	3321.181	3304.515	3314.737	18928	0	160
2025.06.24	13:00:00	3314.694	3317.953	3295.339	3301.966	26144	0	160
2025.06.24	14:00:00	3302.009	3310.279	3298.666	3304.519	18006	0	160
2025.06.24	15:00:00	3304.589	3317.066	3299.787	3313.261	13506	0	160
2025.06.24	16:00:00	3313.296	3320.489	3311.276	3318.424	7679	0	160
2025.06.24	17:00:00	3318.452	3321.223	3317.835	3317.926	7295	0	160
2025.06.24	18:00:00	3317.921	3319.030	3315.663	3317.119	5684	0	160
2025.06.24	19:00:00	3317.155	3325.184	3316.056	3323.479	6500	0	160
2025.06.24	20:00:00	3323.526	3324.444	3321.597	3323.086	3762	0	160
2025.06.24	22:00:00	3324.444	3324.444	3320.842	3321.641	3388	0	160
2025.06.24	23:00:00	3321.679	3324.882	3321.602	3324.142	2978	0	160
2025.06.25	00:00:00	3324.139	3330.081	3323.627	3326.955	6698	0	160
2025.06.25	01:00:00	3326.956	3334.887	3326.348	3334.572	8268	0	160
2025.06.25	02:00:00	3334.678	3335.209	3327.781	3329.444	6136	0	160
2025.06.25	03:00:00	3329.445	3332.002	3327.197	3328.295	5291	0	160
2025.06.25	04:00:00	3328.284	3329.235	3325.797	3327.509	3841	0	160
2025.06.25	05:00:00	3327.501	3333.742	3326.664	3331.625	5100	0	160
2025.06.25	06:00:00	3331.609	3333.466	3329.015	3331.652	5966	0	160
2025.06.25	07:00:00	3331.676	3337.096	3326.751	3330.631	8277	0	160
2025.06.25	08:00:00	3330.656	3332.414	3326.525	3327.223	7805	0	160
2025.06.25	09:00:00	3327.251	3327.323	3321.397	3325.283	7284	0	160
2025.06.25	10:00:00	3325.292	3329.569	3324.199	3324.430	6384	0	160
2025.06.25	11:00:00	3324.392	3329.548	3322.111	3322.667	7879	0	160
2025.06.25	12:00:00	3322.660	3329.499	3318.164	3320.609	8649	0	160
2025.06.25	13:00:00	3320.611	3321.621	3311.894	3314.539	12772	0	160
2025.06.25	14:00:00	3314.436	3326.368	3312.284	3323.404	11153	0	160
2025.06.25	15:00:00	3323.458	3327.194	3321.603	3325.627	7599	0	160
2025.06.25	16:00:00	3325.667	3335.147	3324.142	3334.802	7706	0	160
2025.06.25	17:00:00	3334.823	3335.418	3324.727	3328.030	8533	0	160
2025.06.25	18:00:00	3328.016	3331.838	3326.180	3331.583	5435	0	160
2025.06.25	19:00:00	3331.544	3336.068	3330.347	3333.706	5551	0	160
2025.06.25	20:00:00	3333.745	3335.674	3331.379	3332.385	3867	0	160
2025.06.25	22:00:00	3335.125	3335.589	3331.264	3333.211	4281	0	160
2025.06.25	23:00:00	3333.253	3340.158	3332.814	3339.028	5093	0	160
2025.06.26	00:00:00	3338.987	3339.381	3332.103	3334.028	7387	0	160
2025.06.26	01:00:00	3334.065	3336.775	3329.181	3330.222	9595	0	160
2025.06.26	02:00:00	3330.183	3341.820	3329.209	3339.471	7022	0	160
2025.06.26	03:00:00	3339.481	3343.223	3336.423	3337.991	5994	0	160
2025.06.26	04:00:00	3338.026	3338.155	3333.335	3333.983	4678	0	160
2025.06.26	05:00:00	3333.965	3338.250	3332.364	3334.218	6292	0	160
2025.06.26	06:00:00	3334.155	3340.367	3330.967	3339.784	8491	0	160
2025.06.26	07:00:00	3339.755	3347.239	3339.662	3346.051	7453	0	160
2025.06.26	08:00:00	3346.066	3350.370	3344.448	3348.256	8135	0	160
2025.06.26	09:00:00	3348.217	3348.792	3338.680	3340.533	9021	0	160
2025.06.26	10:00:00	3340.535	3343.469	3337.838	3343.253	5582	0	160
2025.06.26	11:00:00	3343.258	3344.121	3331.469	3332.921	7921	0	160
2025.06.26	12:00:00	3332.937	3344.056	3321.590	3322.060	15612	0	160
2025.06.26	13:00:00	3322.116	3328.700	3309.947	3319.925	28319	0	160
2025.06.26	14:00:00	3319.891	3323.898	3311.896	3318.411	16555	0	160
2025.06.26	15:00:00	3318.436	3324.928	3318.436	3324.808	9308	0	160
2025.06.26	16:00:00	3324.881	3333.277	3323.729	3331.322	8120	0	160
2025.06.26	17:00:00	3331.329	3336.501	3331.145	3332.718	7360	0	160
2025.06.26	18:00:00	3332.690	3334.914	3331.275	3334.119	5643	0	160
2025.06.26	19:00:00	3334.155	3334.329	3328.265	3331.301	5614	0	160
2025.06.26	20:00:00	3331.407	3332.327	3327.804	3328.248	3340	0	160
2025.06.26	22:00:00	3325.601	3325.842	3318.774	3321.513	5059	0	160
2025.06.26	23:00:00	3321.555	3323.729	3316.229	3318.758	5056	0	160
2025.06.27	00:00:00	3318.767	3319.947	3313.226	3318.880	7797	0	160
2025.06.27	01:00:00	3318.771	3322.012	3314.872	3316.427	9843	0	160
2025.06.27	02:00:00	3316.498	3320.335	3308.511	3308.891	8934	0	160
2025.06.27	03:00:00	3308.798	3310.995	3292.557	3294.318	11826	0	160
2025.06.27	04:00:00	3294.364	3297.580	3291.048	3293.969	8594	0	160
2025.06.27	05:00:00	3294.008	3300.941	3289.244	3297.103	10501	0	160
2025.06.27	06:00:00	3297.354	3299.920	3286.871	3294.888	13541	0	160
2025.06.27	07:00:00	3294.938	3295.377	3283.394	3284.458	13141	0	160
2025.06.27	08:00:00	3284.502	3291.132	3281.778	3289.427	11467	0	160
2025.06.27	09:00:00	3289.327	3289.830	3282.072	3282.797	9799	0	160
2025.06.27	10:00:00	3282.819	3290.959	3279.692	3285.665	8375	0	160
2025.06.27	11:00:00	3285.713	3287.948	3276.009	3281.389	10549	0	160
2025.06.27	12:00:00	3281.358	3282.303	3269.409	3270.028	19699	0	160
2025.06.27	13:00:00	3270.060	3274.422	3255.821	3274.143	28381	0	160
2025.06.27	14:00:00	3274.231	3278.103	3263.580	3272.407	19640	0	160
2025.06.27	15:00:00	3272.445	3277.565	3270.922	3274.655	12481	0	160
2025.06.27	16:00:00	3274.574	3278.629	3273.360	3277.558	7613	0	160
2025.06.27	17:00:00	3277.598	3282.802	3272.700	3277.353	9134	0	160
2025.06.27	18:00:00	3277.402	3278.390	3270.464	3275.755	8352	0	160
2025.06.27	19:00:00	3275.766	3276.588	3268.340	3270.578	7041	0	160
2025.06.27	20:00:00	3270.616	3275.500	3270.253	3274.526	4750	0	160
2025.06.29	22:00:00	3272.488	3274.249	3247.921	3263.811	18241	0	160
2025.06.29	23:00:00	3263.784	3270.950	3262.825	3263.806	9664	0	160
2025.06.30	00:00:00	3263.775	3269.786	3262.637	3264.626	9122	0	160
2025.06.30	01:00:00	3264.587	3275.962	3259.456	3273.862	14137	0	160
2025.06.30	02:00:00	3273.901	3283.293	3273.614	3280.186	9992	0	160
2025.06.30	03:00:00	3280.215	3282.798	3277.815	3278.981	6845	0	160
2025.06.30	04:00:00	3278.996	3286.282	3276.964	3285.686	5608	0	160
2025.06.30	05:00:00	3285.573	3291.407	3284.635	3288.997	7203	0	160
2025.06.30	06:00:00	3288.983	3295.551	3287.825	3292.123	8121	0	160
2025.06.30	07:00:00	3292.153	3296.850	3290.725	3292.873	7622	0	160
2025.06.30	08:00:00	3292.879	3296.594	3288.122	3289.186	7581	0	160
2025.06.30	09:00:00	3289.188	3289.188	3277.453	3287.791	10453	0	160
2025.06.30	10:00:00	3287.828	3288.833	3282.440	3283.455	5650	0	160
2025.06.30	11:00:00	3283.544	3283.821	3274.488	3277.932	8499	0	160
2025.06.30	12:00:00	3277.993	3288.981	3277.993	3282.089	8891	0	160
2025.06.30	13:00:00	3282.048	3287.062	3277.955	3284.791	12079	0	160
2025.06.30	14:00:00	3284.709	3289.576	3279.178	3287.627	11664	0	160
2025.06.30	15:00:00	3287.601	3290.761	3283.619	3289.625	8999	0	160
2025.06.30	16:00:00	3289.669	3297.510	3289.073	3297.227	6905	0	160
2025.06.30	17:00:00	3297.192	3298.607	3291.983	3294.048	6909	0	160
2025.06.30	18:00:00	3294.061	3299.606	3292.639	3298.414	5420	0	160
2025.06.30	19:00:00	3298.414	3309.450	3298.022	3308.534	7476	0	160
2025.06.30	20:00:00	3308.502	3309.330	3302.319	3303.195	4324	0	160
2025.06.30	22:00:00	3302.878	3314.602	3302.302	3311.423	5526	0	160
2025.06.30	23:00:00	3311.449	3312.582	3308.556	3312.441	5629	0	160
2025.07.01	00:00:00	3312.493	3314.839	3309.917	3314.722	6464	0	160
2025.07.01	01:00:00	3314.663	3320.968	3313.872	3317.842	9519	0	160
2025.07.01	02:00:00	3317.798	3319.425	3314.344	3316.124	7898	0	160
2025.07.01	03:00:00	3316.098	3322.683	3315.720	3321.161	6321	0	160
2025.07.01	04:00:00	3321.173	3323.108	3318.893	3322.980	4588	0	160
2025.07.01	05:00:00	3322.978	3332.368	3322.905	3328.707	7672	0	160
2025.07.01	06:00:00	3328.753	3334.567	3325.009	3331.300	7959	0	160
2025.07.01	07:00:00	3331.358	3339.931	3330.678	3339.497	9826	0	160
2025.07.01	08:00:00	3339.501	3342.422	3336.753	3339.525	7755	0	160
2025.07.01	09:00:00	3339.555	3348.070	3338.174	3345.800	7920	0	160
2025.07.01	10:00:00	3345.782	3349.680	3344.359	3348.643	6560	0	160
2025.07.01	11:00:00	3348.670	3353.082	3346.971	3349.017	8534	0	160
2025.07.01	12:00:00	3348.990	3358.015	3348.283	3354.683	12923	0	160
2025.07.01	13:00:00	3354.643	3355.520	3344.518	3351.512	15355	0	160
2025.07.01	14:00:00	3351.595	3354.405	3343.583	3345.678	15014	0	160
2025.07.01	15:00:00	3345.793	3346.684	3336.981	3340.228	13888	0	160
2025.07.01	16:00:00	3340.215	3343.523	3337.533	3341.723	8091	0	160
2025.07.01	17:00:00	3341.738	3342.197	3336.913	3339.695	7228	0	160
2025.07.01	18:00:00	3339.650	3339.921	3336.831	3337.967	4662	0	160
2025.07.01	19:00:00	3337.987	3340.155	3336.835	3338.005	5444	0	160
2025.07.01	20:00:00	3338.042	3340.363	3336.771	3338.959	3286	0	160
2025.07.01	22:00:00	3337.692	3343.826	3336.880	3341.515	5320	0	160
2025.07.01	23:00:00	3341.569	3341.874	3336.814	3338.152	5152	0	160
2025.07.02	00:00:00	3338.186	3344.999	3334.557	3339.009	9461	0	160
2025.07.02	01:00:00	3339.044	3342.877	3330.975	3332.194	10049	0	160
2025.07.02	02:00:00	3332.234	3338.225	3328.509	3336.737	8574	0	160
2025.07.02	03:00:00	3336.732	3342.063	3334.893	3339.959	6380	0	160
2025.07.02	04:00:00	3339.925	3342.033	3339.401	3340.084	4392	0	160
2025.07.02	05:00:00	3340.090	3343.951	3336.523	3338.756	6504	0	160
2025.07.02	06:00:00	3338.785	3339.366	3329.884	3333.507	8139	0	160
2025.07.02	07:00:00	3333.399	3336.836	3327.587	3334.571	9166	0	160
2025.07.02	08:00:00	3334.605	3338.054	3332.853	3333.558	6462	0	160
2025.07.02	09:00:00	3333.507	3342.298	3333.033	3341.636	6936	0	160
2025.07.02	10:00:00	3341.686	3345.758	3340.583	3344.261	5157	0	160
2025.07.02	11:00:00	3344.298	3347.752	3339.708	3342.199	6445	0	160
2025.07.02	12:00:00	3342.214	3351.128	3337.733	3346.621	14231	0	160
2025.07.02	13:00:00	3346.595	3346.620	3334.900	3337.440	14970	0	160
2025.07.02	14:00:00	3337.479	3343.599	3333.842	3342.961	9995	0	160
2025.07.02	15:00:00	3342.998	3343.803	3338.677	3341.021	9209	0	160
2025.07.02	16:00:00	3340.943	3349.237	3340.943	3348.668	7184	0	160
2025.07.02	17:00:00	3348.626	3350.572	3347.403	3349.622	5295	0	160
2025.07.02	18:00:00	3349.656	3355.215	3348.486	3354.906	4526	0	160
2025.07.02	19:00:00	3354.913	3359.519	3354.558	3358.258	5195	0	160
2025.07.02	20:00:00	3358.302	3360.174	3355.540	3357.315	3520	0	160
2025.07.02	22:00:00	3358.427	3365.726	3358.411	3361.937	5330	0	160
2025.07.02	23:00:00	3361.958	3362.315	3348.754	3349.395	8945	0	160
2025.07.03	00:00:00	3349.420	3349.895	3343.471	3344.788	7620	0	160
2025.07.03	01:00:00	3344.857	3348.183	3341.880	3345.975	7845	0	160
2025.07.03	02:00:00	3345.994	3351.399	3345.724	3350.965	5929	0	160
2025.07.03	03:00:00	3351.008	3351.471	3345.487	3347.509	5012	0	160
2025.07.03	04:00:00	3347.437	3351.834	3347.384	3350.834	4334	0	160
2025.07.03	05:00:00	3350.722	3360.459	3350.152	3359.279	6886	0	160
2025.07.03	06:00:00	3359.345	3363.677	3356.482	3361.859	7548	0	160
2025.07.03	07:00:00	3361.823	3363.116	3352.628	3353.077	7729	0	160
2025.07.03	08:00:00	3353.096	3358.383	3351.678	3356.225	6472	0	160
2025.07.03	09:00:00	3356.183	3356.423	3343.772	3345.687	7785	0	160
2025.07.03	10:00:00	3345.673	3355.368	3344.745	3353.040	6118	0	160
2025.07.03	11:00:00	3353.077	3353.717	3342.981	3346.073	6850	0	160
2025.07.03	12:00:00	3346.041	3352.308	3311.535	3324.487	29260	0	160
2025.07.03	13:00:00	3324.519	3338.551	3322.071	3332.223	21252	0	160
2025.07.03	14:00:00	3332.228	3334.704	3323.441	3324.643	15335	0	160
2025.07.03	15:00:00	3324.636	3331.477	3323.022	3328.045	8682	0	160
2025.07.03	16:00:00	3328.106	3334.714	3325.676	3333.866	6371	0	160
2025.07.03	17:00:00	3333.827	3334.862	3328.839	3329.141	4306	0	160
2025.07.03	18:00:00	3329.069	3330.286	3327.843	3329.132	2499	0	160
2025.07.03	19:00:00	3329.100	3329.551	3327.011	3328.749	2443	0	160
2025.07.03	20:00:00	3328.713	3328.911	3325.321	3326.687	2049	0	160
2025.07.03	22:00:00	3326.167	3329.607	3323.570	3329.070	3248	0	160
2025.07.03	23:00:00	3329.036	3332.025	3328.526	3330.871	4511	0	160
2025.07.04	00:00:00	3330.875	3331.120	3325.867	3328.996	5385	0	160
2025.07.04	01:00:00	3328.948	3334.281	3326.429	3330.056	6937	0	160
2025.07.04	02:00:00	3330.088	3332.451	3327.079	3327.333	5886	0	160
2025.07.04	03:00:00	3327.290	3338.948	3326.143	3338.350	5579	0	160
2025.07.04	04:00:00	3338.307	3342.259	3337.973	3340.817	5142	0	160
2025.07.04	05:00:00	3340.810	3342.266	3338.371	3339.492	5096	0	160
2025.07.04	06:00:00	3339.569	3345.127	3339.208	3342.640	6685	0	160
2025.07.04	07:00:00	3342.664	3343.782	3336.384	3342.947	7383	0	160
2025.07.04	08:00:00	3342.950	3344.258	3340.849	3342.804	5379	0	160
2025.07.04	09:00:00	3342.803	3343.060	3332.974	3334.403	6834	0	160
2025.07.04	10:00:00	3334.373	3338.069	3331.466	3336.799	5758	0	160
2025.07.04	11:00:00	3336.779	3337.832	3334.350	3334.795	4775	0	160
2025.07.04	12:00:00	3334.791	3337.830	3331.328	3333.931	6688	0	160
2025.07.04	13:00:00	3333.888	3338.059	3332.254	3333.856	7035	0	160
2025.07.04	14:00:00	3333.866	3334.239	3330.866	3333.212	5902	0	160
2025.07.04	15:00:00	3333.210	3333.982	3330.797	3332.394	3811	0	160
2025.07.04	16:00:00	3332.357	3335.930	3332.222	3334.998	2595	0	160
2025.07.06	22:00:00	3341.408	3341.918	3332.388	3333.457	5668	0	160
2025.07.06	23:00:00	3333.505	3334.510	3326.187	3328.853	6322	0	160
2025.07.07	00:00:00	3328.830	3329.726	3321.677	3326.505	8239	0	160
2025.07.07	01:00:00	3326.528	3327.691	3306.618	3316.554	15341	0	160
2025.07.07	02:00:00	3316.587	3317.783	3305.982	3308.943	9504	0	160
2025.07.07	03:00:00	3308.903	3315.354	3307.070	3310.848	7834	0	160
2025.07.07	04:00:00	3310.892	3312.415	3305.219	3307.706	8100	0	160
2025.07.07	05:00:00	3307.719	3315.104	3307.009	3313.467	8294	0	160
2025.07.07	06:00:00	3313.422	3315.245	3308.292	3309.878	9251	0	160
2025.07.07	07:00:00	3309.827	3313.248	3300.640	3302.217	9412	0	160
2025.07.07	08:00:00	3302.247	3312.774	3301.228	3310.173	8231	0	160
2025.07.07	09:00:00	3310.112	3311.929	3306.103	3308.924	7606	0	160
2025.07.07	10:00:00	3308.941	3310.745	3296.296	3302.079	11334	0	160
2025.07.07	11:00:00	3302.114	3307.641	3299.774	3301.910	12397	0	160
2025.07.07	12:00:00	3301.940	3312.723	3300.376	3309.551	15121	0	160
2025.07.07	13:00:00	3309.661	3317.077	3306.199	3316.297	13795	0	160
2025.07.07	14:00:00	3316.333	3321.396	3313.224	3318.094	10637	0	160
2025.07.07	15:00:00	3318.049	3322.031	3316.089	3320.836	6448	0	160
2025.07.07	16:00:00	3320.784	3328.091	3320.082	3327.367	9452	0	160
2025.07.07	17:00:00	3327.404	3335.818	3327.310	3332.018	8398	0	160
2025.07.07	18:00:00	3331.911	3335.706	3328.439	3334.291	6390	0	160
2025.07.07	19:00:00	3334.302	3340.438	3334.302	3336.981	5683	0	160
2025.07.07	20:00:00	3337.025	3338.067	3335.393	3336.540	3502	0	160
2025.07.07	22:00:00	3340.928	3345.823	3338.890	3339.804	5550	0	160
2025.07.07	23:00:00	3339.800	3340.135	3333.921	3334.653	5565	0	160
2025.07.08	00:00:00	3334.697	3337.314	3331.122	3334.261	9190	0	160
2025.07.08	01:00:00	3334.230	3336.971	3329.717	3334.805	10241	0	160
2025.07.08	02:00:00	3334.839	3338.035	3332.838	3334.472	7181	0	160
2025.07.08	03:00:00	3334.413	3335.477	3329.595	3331.469	5126	0	160
2025.07.08	04:00:00	3331.418	3332.826	3327.304	3329.612	5269	0	160
2025.07.08	05:00:00	3329.556	3336.570	3329.486	3334.021	5731	0	160
2025.07.08	06:00:00	3334.070	3335.993	3330.784	3335.704	6745	0	160
2025.07.08	07:00:00	3335.752	3339.500	3330.509	3333.912	7341	0	160
2025.07.08	08:00:00	3333.877	3333.877	3323.192	3323.673	9756	0	160
2025.07.08	09:00:00	3323.612	3326.736	3321.088	3322.038	7547	0	160
2025.07.08	10:00:00	3322.055	3327.100	3320.406	3324.621	5617	0	160
2025.07.08	11:00:00	3324.658	3327.484	3319.940	3324.964	6643	0	160
2025.07.08	12:00:00	3325.014	3329.864	3324.701	3328.206	7738	0	160
2025.07.08	13:00:00	3328.201	3328.632	3314.716	3315.270	15579	0	160
2025.07.08	14:00:00	3315.236	3315.908	3294.284	3296.625	20637	0	160
2025.07.08	15:00:00	3296.662	3300.313	3287.023	3298.241	15278	0	160
2025.07.08	16:00:00	3298.249	3301.572	3295.938	3300.481	9861	0	160
2025.07.08	17:00:00	3300.446	3310.426	3299.282	3306.355	13685	0	160
2025.07.08	18:00:00	3306.304	3308.159	3300.601	3305.401	7226	0	160
2025.07.08	19:00:00	3305.438	3306.163	3302.379	3302.992	5400	0	160
2025.07.08	20:00:00	3303.020	3303.783	3299.326	3301.488	3748	0	160
2025.07.08	22:00:00	3303.130	3304.074	3300.335	3301.589	4012	0	160
2025.07.08	23:00:00	3301.616	3303.916	3297.199	3302.277	6211	0	160
2025.07.09	00:00:00	3302.322	3308.003	3301.815	3307.119	7391	0	160
2025.07.09	01:00:00	3307.109	3307.286	3299.262	3301.833	9240	0	160
2025.07.09	02:00:00	3301.818	3303.020	3286.295	3288.570	10411	0	160
2025.07.09	03:00:00	3288.536	3294.760	3284.933	3293.250	8897	0	160
2025.07.09	04:00:00	3293.244	3296.376	3291.192	3293.965	5120	0	160
2025.07.09	05:00:00	3293.898	3297.875	3288.964	3289.441	8190	0	160
2025.07.09	06:00:00	3289.484	3292.795	3285.495	3292.194	9590	0	160
2025.07.09	07:00:00	3292.314	3296.019	3288.207	3291.852	9917	0	160
2025.07.09	08:00:00	3291.822	3292.677	3282.656	3285.040	9176	0	160
2025.07.09	09:00:00	3285.082	3290.425	3284.331	3289.173	7023	0	160
2025.07.09	10:00:00	3289.128	3295.987	3288.197	3295.552	6201	0	160
2025.07.09	11:00:00	3295.504	3295.989	3283.168	3284.936	7775	0	160
2025.07.09	12:00:00	3284.969	3297.553	3284.969	3296.365	10143	0	160
2025.07.09	13:00:00	3296.329	3305.283	3291.823	3300.198	15059	0	160
2025.07.09	14:00:00	3300.167	3312.916	3299.562	3312.275	12315	0	160
2025.07.09	15:00:00	3312.311	3312.889	3306.354	3309.606	8023	0	160
2025.07.09	16:00:00	3309.555	3313.324	3307.913	3311.887	5881	0	160
2025.07.09	17:00:00	3311.906	3314.616	3308.070	3309.498	5988	0	160
2025.07.09	18:00:00	3309.570	3313.683	3308.081	3311.420	5538	0	160
2025.07.09	19:00:00	3311.377	3316.874	3310.924	3315.605	5680	0	160
2025.07.09	20:00:00	3315.645	3315.867	3311.557	3313.846	3342	0	160
2025.07.09	22:00:00	3315.279	3321.176	3314.721	3319.464	3856	0	160
2025.07.09	23:00:00	3319.471	3319.723	3315.653	3317.640	3980	0	160
2025.07.10	00:00:00	3317.559	3322.000	3316.617	3317.746	7136	0	160
2025.07.10	01:00:00	3317.683	3326.415	3316.401	3322.181	7811	0	160
2025.07.10	02:00:00	3322.085	3323.679	3318.141	3319.156	5564	0	160
2025.07.10	03:00:00	3319.216	3320.190	3315.362	3315.758	4901	0	160
2025.07.10	04:00:00	3315.682	3322.560	3314.773	3322.139	4256	0	160
2025.07.10	05:00:00	3322.212	3325.055	3320.671	3321.308	5505	0	160
2025.07.10	06:00:00	3321.149	3328.535	3320.902	3325.252	6529	0	160
2025.07.10	07:00:00	3325.211	3329.486	3319.867	3321.047	7091	0	160
2025.07.10	08:00:00	3321.071	3330.155	3319.862	3328.630	5870	0	160
2025.07.10	09:00:00	3328.602	3330.278	3323.203	3326.474	6378	0	160
2025.07.10	10:00:00	3326.507	3328.732	3322.228	3325.300	6612	0	160
2025.07.10	11:00:00	3325.341	3330.318	3318.331	3320.411	8573	0	160
2025.07.10	12:00:00	3320.424	3326.089	3317.966	3323.783	9885	0	160
2025.07.10	13:00:00	3323.746	3329.472	3311.935	3312.836	17976	0	160
2025.07.10	14:00:00	3312.786	3321.609	3310.017	3314.977	13312	0	160
2025.07.10	15:00:00	3314.949	3321.515	3314.558	3319.725	7241	0	160
2025.07.10	16:00:00	3319.711	3320.003	3312.108	3315.138	6581	0	160
2025.07.10	17:00:00	3315.016	3318.641	3314.649	3317.278	5625	0	160
2025.07.10	18:00:00	3317.291	3321.854	3316.431	3321.513	5295	0	160
2025.07.10	19:00:00	3321.551	3325.910	3321.363	3324.826	5522	0	160
2025.07.10	20:00:00	3324.851	3325.300	3323.348	3324.489	3064	0	160
2025.07.10	22:00:00	3325.207	3326.476	3321.837	3323.261	4778	0	160
2025.07.10	23:00:00	3323.157	3326.396	3322.918	3323.808	3501	0	160
2025.07.11	00:00:00	3323.764	3336.154	3323.638	3330.627	10603	0	160
2025.07.11	01:00:00	3330.580	3331.579	3325.297	3329.583	9536	0	160
2025.07.11	02:00:00	3329.552	3334.992	3327.173	3332.620	6400	0	160
2025.07.11	03:00:00	3332.615	3336.038	3332.155	3333.765	4558	0	160
2025.07.11	04:00:00	3333.751	3335.389	3329.489	3331.999	4564	0	160
2025.07.11	05:00:00	3331.964	3341.676	3331.962	3334.020	9148	0	160
2025.07.11	06:00:00	3334.051	3343.827	3332.076	3332.567	9284	0	160
2025.07.11	07:00:00	3332.520	3342.264	3331.086	3341.833	8544	0	160
2025.07.11	08:00:00	3341.789	3343.804	3332.867	3333.087	9400	0	160
2025.07.11	09:00:00	3333.119	3339.987	3332.669	3339.449	6906	0	160
2025.07.11	10:00:00	3339.486	3348.248	3339.486	3345.011	7451	0	160
2025.07.11	11:00:00	3345.053	3350.275	3342.048	3347.507	8054	0	160
2025.07.11	12:00:00	3347.526	3357.102	3344.356	3355.081	12720	0	160
2025.07.11	13:00:00	3355.127	3359.260	3350.031	3351.916	19208	0	160
2025.07.11	14:00:00	3351.889	3363.882	3350.189	3361.167	16754	0	160
2025.07.11	15:00:00	3361.124	3368.736	3356.854	3358.915	12145	0	160
2025.07.11	16:00:00	3358.884	3359.717	3352.804	3353.809	8871	0	160
2025.07.11	17:00:00	3353.779	3354.085	3349.178	3353.345	7244	0	160
2025.07.11	18:00:00	3353.380	3358.482	3353.264	3356.119	5944	0	160
2025.07.11	19:00:00	3356.064	3359.796	3355.534	3356.411	5862	0	160
2025.07.11	20:00:00	3356.459	3358.959	3353.583	3355.105	3724	0	160
2025.07.13	22:00:00	3361.295	3371.157	3359.658	3369.310	9662	0	160
2025.07.13	23:00:00	3369.355	3374.017	3366.358	3367.772	8221	0	160
2025.07.14	00:00:00	3367.731	3373.318	3364.886	3367.628	9191	0	160
2025.07.14	01:00:00	3367.582	3370.164	3357.017	3358.812	11582	0	160
2025.07.14	02:00:00	3358.758	3359.593	3353.865	3357.393	7365	0	160
2025.07.14	03:00:00	3357.435	3359.663	3355.402	3356.964	5629	0	160
2025.07.14	04:00:00	3356.952	3361.737	3353.735	3359.794	6394	0	160
2025.07.14	05:00:00	3359.742	3360.446	3353.706	3357.649	7361	0	160
2025.07.14	06:00:00	3357.613	3369.697	3356.638	3368.882	8337	0	160
2025.07.14	07:00:00	3368.834	3375.078	3366.581	3371.948	9136	0	160
2025.07.14	08:00:00	3371.956	3372.594	3365.355	3365.875	7001	0	160
2025.07.14	09:00:00	3365.973	3370.357	3364.034	3370.277	5646	0	160
2025.07.14	10:00:00	3370.196	3374.647	3369.760	3372.010	6012	0	160
2025.07.14	11:00:00	3372.020	3373.042	3363.917	3364.169	7041	0	160
2025.07.14	12:00:00	3364.192	3366.604	3349.354	3350.103	12970	0	160
2025.07.14	13:00:00	3350.136	3359.073	3347.139	3355.258	13289	0	160
2025.07.14	14:00:00	3355.190	3356.311	3340.954	3343.045	12976	0	160
2025.07.14	15:00:00	3343.097	3349.770	3342.437	3345.105	8581	0	160
2025.07.14	16:00:00	3345.044	3349.245	3343.082	3347.749	6346	0	160
2025.07.14	17:00:00	3347.781	3351.693	3347.326	3351.044	5353	0	160
2025.07.14	18:00:00	3351.026	3351.194	3347.899	3348.869	4384	0	160
2025.07.14	19:00:00	3348.937	3350.486	3343.179	3344.125	5694	0	160
2025.07.14	20:00:00	3344.103	3345.623	3341.217	3342.572	3569	0	160
2025.07.14	22:00:00	3343.583	3345.792	3341.301	3345.792	2975	0	160
2025.07.14	23:00:00	3345.722	3346.556	3343.945	3345.337	3257	0	160
2025.07.15	00:00:00	3345.299	3349.391	3344.758	3347.626	4618	0	160
2025.07.15	01:00:00	3347.597	3350.648	3345.969	3346.585	5922	0	160
2025.07.15	02:00:00	3346.568	3352.064	3345.737	3350.961	6046	0	160
2025.07.15	03:00:00	3350.856	3358.324	3350.750	3357.841	5695	0	160
2025.07.15	04:00:00	3357.853	3361.426	3357.581	3360.241	4779	0	160
2025.07.15	05:00:00	3360.232	3365.166	3360.232	3362.237	5240	0	160
2025.07.15	06:00:00	3362.202	3364.180	3357.637	3358.096	7005	0	160
2025.07.15	07:00:00	3358.189	3365.422	3357.470	3364.347	6587	0	160
2025.07.15	08:00:00	3364.327	3365.629	3356.520	3361.025	8640	0	160
2025.07.15	09:00:00	3361.060	3364.686	3358.623	3363.370	6890	0	160
2025.07.15	10:00:00	3363.343	3366.356	3361.117	3361.258	5482	0	160
2025.07.15	11:00:00	3361.295	3362.105	3353.985	3354.932	7217	0	160
2025.07.15	12:00:00	3354.892	3360.385	3346.428	3348.884	15372	0	160
2025.07.15	13:00:00	3348.850	3352.431	3334.370	3346.489	20423	0	160
2025.07.15	14:00:00	3346.460	3352.170	3342.431	3347.989	13826	0	160
2025.07.15	15:00:00	3348.022	3349.921	3325.363	3328.996	15933	0	160
2025.07.15	16:00:00	3328.957	3330.290	3320.218	3329.274	11041	0	160
2025.07.15	17:00:00	3329.298	3331.382	3325.852	3328.179	6476	0	160
2025.07.15	18:00:00	3328.186	3331.936	3325.786	3328.877	5589	0	160
2025.07.15	19:00:00	3328.842	3331.221	3326.421	3330.455	4846	0	160
2025.07.15	20:00:00	3330.408	3331.019	3324.788	3325.267	3185	0	160
2025.07.15	22:00:00	3325.035	3327.692	3325.035	3326.606	2736	0	160
2025.07.15	23:00:00	3326.579	3331.776	3326.326	3331.056	3371	0	160
2025.07.16	00:00:00	3331.092	3332.596	3328.820	3330.612	5149	0	160
2025.07.16	01:00:00	3330.613	3335.001	3328.821	3330.966	7324	0	160
2025.07.16	02:00:00	3330.974	3331.573	3325.053	3326.224	5208	0	160
2025.07.16	03:00:00	3326.189	3335.117	3325.899	3334.330	5431	0	160
2025.07.16	04:00:00	3334.281	3338.667	3332.818	3338.219	4694	0	160
2025.07.16	05:00:00	3338.191	3339.897	3335.601	3338.143	4883	0	160
2025.07.16	06:00:00	3338.118	3342.002	3337.732	3339.150	5988	0	160
2025.07.16	07:00:00	3339.288	3340.177	3335.931	3337.809	5651	0	160
2025.07.16	08:00:00	3337.824	3342.675	3337.695	3342.079	5061	0	160
2025.07.16	09:00:00	3342.042	3343.072	3338.973	3340.058	5565	0	160
2025.07.16	10:00:00	3340.022	3340.427	3334.039	3334.981	5562	0	160
2025.07.16	11:00:00	3334.957	3340.266	3333.720	3339.259	6814	0	160
2025.07.16	12:00:00	3339.219	3341.031	3331.022	3334.494	12462	0	160
2025.07.16	13:00:00	3334.531	3339.428	3321.938	3326.819	14663	0	160
2025.07.16	14:00:00	3326.855	3342.666	3319.529	3338.162	20215	0	160
2025.07.16	15:00:00	3338.116	3377.523	3336.042	3343.553	68240	0	160
2025.07.16	16:00:00	3343.524	3355.152	3338.886	3349.054	23780	0	160
2025.07.16	17:00:00	3349.076	3357.274	3348.744	3354.816	9489	0	160
2025.07.16	18:00:00	3354.777	3357.410	3349.061	3350.346	6409	0	160
2025.07.16	19:00:00	3350.325	3350.486	3346.014	3347.080	6876	0	160
2025.07.16	20:00:00	3347.116	3349.545	3346.266	3347.547	3814	0	160
2025.07.16	22:00:00	3350.161	3352.247	3346.185	3349.595	3851	0	160
2025.07.16	23:00:00	3349.594	3350.223	3345.265	3346.526	3416	0	160
2025.07.17	00:00:00	3346.556	3347.405	3339.642	3340.821	5576	0	160
2025.07.17	01:00:00	3340.914	3344.492	3337.204	3343.905	7343	0	160
2025.07.17	02:00:00	3343.877	3344.645	3337.719	3341.353	5584	0	160
2025.07.17	03:00:00	3341.398	3342.426	3336.241	3341.486	5181	0	160
2025.07.17	04:00:00	3341.511	3344.726	3338.383	3342.763	4174	0	160
2025.07.17	05:00:00	3342.718	3342.928	3335.878	3339.325	5220	0	160
2025.07.17	06:00:00	3339.328	3339.738	3328.215	3335.472	9259	0	160
2025.07.17	07:00:00	3335.439	3336.191	3325.208	3325.886	8328	0	160
2025.07.17	08:00:00	3325.925	3332.032	3325.550	3328.828	6000	0	160
2025.07.17	09:00:00	3328.843	3332.523	3324.697	3325.608	5535	0	160
2025.07.17	10:00:00	3325.508	3331.111	3324.893	3325.788	6103	0	160
2025.07.17	11:00:00	3325.742	3328.527	3322.358	3324.254	7226	0	160
2025.07.17	12:00:00	3324.261	3328.637	3309.883	3313.107	18320	0	160
2025.07.17	13:00:00	3313.151	3321.891	3311.072	3319.015	19131	0	160
2025.07.17	14:00:00	3319.037	3335.160	3318.279	3334.143	11448	0	160
2025.07.17	15:00:00	3334.183	3338.427	3331.302	3336.707	8647	0	160
2025.07.17	16:00:00	3336.675	3339.944	3335.378	3338.821	6328	0	160
2025.07.17	17:00:00	3338.861	3341.098	3336.316	3337.444	5505	0	160
2025.07.17	18:00:00	3337.445	3338.958	3335.594	3338.523	4517	0	160
2025.07.17	19:00:00	3338.537	3340.771	3338.200	3339.763	4355	0	160
2025.07.17	20:00:00	3339.779	3340.229	3337.409	3338.733	2610	0	160
2025.07.17	22:00:00	3340.927	3344.009	3338.203	3343.339	5056	0	160
2025.07.17	23:00:00	3343.339	3343.448	3339.523	3340.139	3688	0	160
2025.07.18	00:00:00	3340.176	3341.513	3338.003	3339.872	4708	0	160
2025.07.18	01:00:00	3339.900	3343.035	3335.352	3337.698	7667	0	160
2025.07.18	02:00:00	3337.666	3344.261	3336.859	3337.844	6689	0	160
2025.07.18	03:00:00	3337.781	3338.484	3334.038	3334.600	4872	0	160
2025.07.18	04:00:00	3334.598	3336.986	3333.738	3336.985	4131	0	160
2025.07.18	05:00:00	3337.018	3340.402	3333.382	3333.433	5738	0	160
2025.07.18	06:00:00	3333.469	3342.729	3331.801	3342.043	7163	0	160
2025.07.18	07:00:00	3342.004	3350.093	3340.670	3349.823	6286	0	160
2025.07.18	08:00:00	3349.849	3350.398	3346.237	3347.467	5505	0	160
2025.07.18	09:00:00	3347.504	3354.882	3347.421	3352.322	5815	0	160
2025.07.18	10:00:00	3352.223	3352.772	3347.894	3351.349	6197	0	160
2025.07.18	11:00:00	3351.324	3357.714	3350.819	3354.403	6401	0	160
2025.07.18	12:00:00	3354.458	3361.236	3354.205	3359.916	8868	0	160
2025.07.18	13:00:00	3359.954	3360.346	3352.181	3355.534	12918	0	160
2025.07.18	14:00:00	3355.565	3359.141	3351.137	3354.707	11213	0	160
2025.07.18	15:00:00	3354.706	3356.413	3352.288	3353.654	8011	0	160
2025.07.18	16:00:00	3353.629	3357.531	3351.196	3353.732	7250	0	160
2025.07.18	17:00:00	3353.750	3353.750	3350.508	3352.223	5520	0	160
2025.07.18	18:00:00	3352.218	3353.367	3350.112	3351.365	4453	0	160
2025.07.18	19:00:00	3351.348	3352.778	3347.668	3348.316	4686	0	160
2025.07.18	20:00:00	3348.279	3352.098	3347.804	3350.395	3463	0	160
2025.07.20	22:00:00	3348.767	3350.115	3345.015	3347.755	4156	0	160
2025.07.20	23:00:00	3347.778	3349.502	3345.380	3349.128	3628	0	160
2025.07.21	00:00:00	3349.168	3354.550	3347.656	3352.272	4981	0	160
2025.07.21	01:00:00	3352.241	3358.641	3351.869	3356.425	6842	0	160
2025.07.21	02:00:00	3356.478	3357.403	3352.293	3354.095	5387	0	160
2025.07.21	03:00:00	3354.163	3356.899	3351.063	3351.286	4577	0	160
2025.07.21	04:00:00	3351.275	3358.729	3350.618	3357.791	3966	0	160
2025.07.21	05:00:00	3357.764	3369.701	3357.667	3366.661	8540	0	160
2025.07.21	06:00:00	3366.689	3370.785	3365.377	3368.384	6701	0	160
2025.07.21	07:00:00	3368.340	3370.492	3363.875	3364.763	6546	0	160
2025.07.21	08:00:00	3364.800	3366.920	3363.126	3365.909	6134	0	160
2025.07.21	09:00:00	3365.947	3366.413	3362.674	3366.071	5104	0	160
2025.07.21	10:00:00	3366.108	3368.040	3362.801	3365.996	4695	0	160
2025.07.21	11:00:00	3366.019	3375.594	3365.260	3375.302	7032	0	160
2025.07.21	12:00:00	3375.271	3388.606	3374.531	3387.230	10436	0	160
2025.07.21	13:00:00	3387.261	3395.321	3383.658	3388.613	14618	0	160
2025.07.21	14:00:00	3388.544	3401.575	3386.141	3400.316	15658	0	160
2025.07.21	15:00:00	3400.283	3401.022	3395.597	3397.994	10628	0	160
2025.07.21	16:00:00	3397.983	3399.032	3393.731	3395.595	7951	0	160
2025.07.21	17:00:00	3395.587	3395.827	3391.468	3393.224	6189	0	160
2025.07.21	18:00:00	3393.267	3395.829	3393.016	3395.350	5472	0	160
2025.07.21	19:00:00	3395.430	3399.787	3395.077	3398.837	6483	0	160
2025.07.21	20:00:00	3398.744	3399.276	3396.770	3397.578	3261	0	160
2025.07.21	22:00:00	3399.028	3401.115	3398.061	3399.329	2631	0	160
2025.07.21	23:00:00	3399.369	3402.783	3393.208	3396.532	5393	0	160
2025.07.22	00:00:00	3396.540	3397.665	3390.448	3394.481	7656	0	160
2025.07.22	01:00:00	3394.526	3395.843	3385.106	3385.964	9363	0	160
2025.07.22	02:00:00	3385.952	3391.955	3385.241	3391.566	6494	0	160
2025.07.22	03:00:00	3391.524	3393.715	3388.737	3392.591	5092	0	160
2025.07.22	04:00:00	3392.517	3392.550	3387.942	3391.162	4365	0	160
2025.07.22	05:00:00	3391.197	3391.934	3384.653	3385.542	6364	0	160
2025.07.22	06:00:00	3385.584	3388.000	3384.366	3384.691	6763	0	160
2025.07.22	07:00:00	3384.818	3387.634	3383.240	3387.634	5596	0	160
2025.07.22	08:00:00	3387.591	3390.111	3386.192	3389.017	6629	0	160
2025.07.22	09:00:00	3388.973	3390.658	3384.528	3386.193	5788	0	160
2025.07.22	10:00:00	3386.198	3388.747	3385.889	3387.059	4606	0	160
2025.07.22	11:00:00	3387.115	3391.663	3386.653	3391.348	5353	0	160
2025.07.22	12:00:00	3391.378	3407.896	3391.016	3407.643	11196	0	160
2025.07.22	13:00:00	3407.592	3420.204	3406.397	3412.328	19286	0	160
2025.07.22	14:00:00	3412.377	3427.758	3405.025	3426.368	21039	0	160
2025.07.22	15:00:00	3426.370	3430.614	3423.665	3426.597	13671	0	160
2025.07.22	16:00:00	3426.640	3432.925	3426.245	3432.169	8870	0	160
2025.07.22	17:00:00	3432.212	3433.507	3426.521	3429.236	8658	0	160
2025.07.22	18:00:00	3429.254	3431.050	3427.892	3429.637	6021	0	160
2025.07.22	19:00:00	3429.612	3432.496	3428.885	3431.738	5800	0	160
2025.07.22	20:00:00	3431.683	3432.676	3427.772	3431.203	4324	0	160
2025.07.22	22:00:00	3430.826	3431.405	3427.460	3427.943	3225	0	160
2025.07.22	23:00:00	3427.926	3433.312	3426.283	3427.458	5872	0	160
2025.07.23	00:00:00	3427.433	3438.980	3427.033	3428.862	9776	0	160
2025.07.23	01:00:00	3428.852	3430.692	3420.959	3421.114	13042	0	160
2025.07.23	02:00:00	3421.071	3425.099	3419.154	3423.065	7970	0	160
2025.07.23	03:00:00	3422.991	3428.716	3422.853	3423.153	6879	0	160
2025.07.23	04:00:00	3423.063	3425.301	3421.994	3423.467	5125	0	160
2025.07.23	05:00:00	3423.505	3423.856	3416.322	3420.379	6695	0	160
2025.07.23	06:00:00	3420.357	3425.232	3419.497	3425.012	8462	0	160
2025.07.23	07:00:00	3424.973	3429.702	3419.865	3420.720	7476	0	160
2025.07.23	08:00:00	3420.754	3428.744	3420.579	3428.376	7092	0	160
2025.07.23	09:00:00	3428.412	3433.855	3428.249	3431.188	6104	0	160
2025.07.23	10:00:00	3431.158	3431.422	3421.159	3422.712	7180	0	160
2025.07.23	11:00:00	3422.675	3429.782	3420.305	3428.180	6924	0	160
2025.07.23	12:00:00	3428.170	3430.000	3419.868	3420.025	10554	0	160
2025.07.23	13:00:00	3419.993	3420.626	3405.576	3413.346	19336	0	160
2025.07.23	14:00:00	3413.304	3419.847	3410.614	3413.562	10623	0	160
2025.07.23	15:00:00	3413.486	3415.874	3398.134	3398.134	11501	0	160
2025.07.23	16:00:00	3398.106	3398.106	3381.402	3387.379	27106	0	160
2025.07.23	17:00:00	3387.344	3394.887	3385.636	3393.197	11417	0	160
2025.07.23	18:00:00	3393.233	3395.875	3391.954	3393.710	6299	0	160
2025.07.23	19:00:00	3393.737	3395.920	3388.503	3390.081	6492	0	160
2025.07.23	20:00:00	3390.122	3390.443	3386.123	3386.882	3737	0	160
2025.07.23	22:00:00	3391.108	3392.510	3386.696	3386.696	3798	0	160
2025.07.23	23:00:00	3386.768	3391.601	3386.497	3390.008	3879	0	160
2025.07.24	00:00:00	3390.060	3393.259	3388.528	3391.478	5348	0	160
2025.07.24	01:00:00	3391.505	3393.438	3384.027	3387.651	11713	0	160
2025.07.24	02:00:00	3387.678	3388.940	3380.834	3383.836	10095	0	160
2025.07.24	03:00:00	3383.872	3386.052	3374.728	3383.762	9540	0	160
2025.07.24	04:00:00	3383.666	3385.389	3380.950	3382.575	4847	0	160
2025.07.24	05:00:00	3382.584	3382.941	3374.405	3379.265	7361	0	160
2025.07.24	06:00:00	3379.218	3379.575	3369.926	3376.045	8789	0	160
2025.07.24	07:00:00	3375.924	3377.597	3365.982	3367.757	8035	0	160
2025.07.24	08:00:00	3367.767	3374.727	3365.820	3369.718	7558	0	160
2025.07.24	09:00:00	3369.678	3370.146	3362.021	3363.627	7234	0	160
2025.07.24	10:00:00	3363.647	3367.199	3362.080	3364.376	5622	0	160
2025.07.24	11:00:00	3364.409	3366.481	3361.253	3362.296	6111	0	160
2025.07.24	12:00:00	3362.254	3365.514	3352.536	3353.469	12517	0	160
2025.07.24	13:00:00	3353.504	3372.159	3351.315	3366.744	19269	0	160
2025.07.24	14:00:00	3366.653	3377.421	3365.667	3373.666	11950	0	160
2025.07.24	15:00:00	3373.556	3375.204	3370.349	3372.541	8357	0	160
2025.07.24	16:00:00	3372.515	3373.702	3366.926	3367.004	6319	0	160
2025.07.24	17:00:00	3366.988	3371.812	3366.267	3370.032	5668	0	160
2025.07.24	18:00:00	3370.092	3373.477	3367.385	3372.027	4731	0	160
2025.07.24	19:00:00	3371.988	3373.130	3370.015	3370.478	4312	0	160
2025.07.24	20:00:00	3370.517	3371.260	3367.222	3368.152	3593	0	160
2025.07.24	22:00:00	3368.512	3370.011	3365.131	3368.799	4043	0	160
2025.07.24	23:00:00	3368.740	3371.407	3366.676	3369.419	4144	0	160
2025.07.25	00:00:00	3369.422	3373.578	3368.356	3372.220	4589	0	160
2025.07.25	01:00:00	3372.238	3372.783	3366.009	3370.447	6498	0	160
2025.07.25	02:00:00	3370.414	3370.625	3362.490	3363.214	5839	0	160
2025.07.25	03:00:00	3363.178	3363.580	3358.613	3359.194	5136	0	160
2025.07.25	04:00:00	3359.176	3363.501	3357.819	3360.994	4803	0	160
2025.07.25	05:00:00	3361.027	3362.418	3355.290	3358.677	5421	0	160
2025.07.25	06:00:00	3358.636	3359.776	3354.664	3359.373	6472	0	160
2025.07.25	07:00:00	3359.369	3360.171	3352.706	3354.008	6090	0	160
2025.07.25	08:00:00	3354.041	3355.358	3344.551	3345.490	6302	0	160
2025.07.25	09:00:00	3345.495	3348.928	3343.037	3345.884	5636	0	160
2025.07.25	10:00:00	3345.889	3348.066	3340.959	3342.836	5655	0	160
2025.07.25	11:00:00	3342.898	3345.196	3338.623	3341.012	6552	0	160
2025.07.25	12:00:00	3341.008	3344.092	3336.312	3340.724	8806	0	160
2025.07.25	13:00:00	3340.705	3347.498	3336.811	3343.977	15977	0	160
2025.07.25	14:00:00	3343.935	3344.961	3330.523	3331.751	16402	0	160
2025.07.25	15:00:00	3331.793	3335.938	3324.928	3327.896	15586	0	160
2025.07.25	16:00:00	3327.851	3331.465	3326.161	3329.705	7379	0	160
2025.07.25	17:00:00	3329.671	3336.799	3329.614	3335.874	5835	0	160
2025.07.25	18:00:00	3335.961	3339.396	3335.820	3338.699	4338	0	160
2025.07.25	19:00:00	3338.776	3340.284	3337.237	3337.804	4418	0	160
2025.07.25	20:00:00	3337.769	3339.181	3336.187	3336.826	3536	0	160
2025.07.27	22:00:00	3329.144	3335.345	3323.817	3329.603	8532	0	160
2025.07.27	23:00:00	3329.587	3337.465	3329.428	3333.683	7406	0	160
2025.07.28	00:00:00	3333.675	3336.090	3327.640	3333.426	7750	0	160
2025.07.28	01:00:00	3333.334	3338.800	3329.850	3331.992	10845	0	160
2025.07.28	02:00:00	3331.939	3336.539	3330.570	3335.632	6075	0	160
2025.07.28	03:00:00	3335.580	3343.316	3334.399	3343.246	5164	0	160
2025.07.28	04:00:00	3343.199	3344.045	3339.432	3339.633	4562	0	160
2025.07.28	05:00:00	3339.650	3344.233	3338.029	3343.398	5423	0	160
2025.07.28	06:00:00	3343.333	3345.352	3335.755	3340.200	7118	0	160
2025.07.28	07:00:00	3340.130	3341.896	3333.785	3334.882	8021	0	160
2025.07.28	08:00:00	3334.879	3338.791	3332.382	3335.965	6620	0	160
2025.07.28	09:00:00	3335.978	3340.780	3335.884	3337.732	6691	0	160
2025.07.28	10:00:00	3337.744	3338.839	3334.166	3335.856	7054	0	160
2025.07.28	11:00:00	3335.900	3338.333	3334.407	3336.519	5765	0	160
2025.07.28	12:00:00	3336.568	3338.369	3325.508	3328.472	11135	0	160
2025.07.28	13:00:00	3328.479	3330.688	3301.777	3302.314	18340	0	160
2025.07.28	14:00:00	3302.344	3314.817	3301.770	3307.981	18920	0	160
2025.07.28	15:00:00	3307.942	3317.168	3306.555	3314.764	9539	0	160
2025.07.28	16:00:00	3314.736	3315.053	3311.451	3312.286	5855	0	160
2025.07.28	17:00:00	3312.255	3313.206	3308.820	3310.749	6262	0	160
2025.07.28	18:00:00	3310.738	3315.614	3310.186	3313.659	4563	0	160
2025.07.28	19:00:00	3313.692	3318.890	3312.974	3317.161	5015	0	160
2025.07.28	20:00:00	3317.195	3318.409	3314.408	3314.878	3456	0	160
2025.07.28	22:00:00	3313.217	3315.295	3311.901	3314.614	5414	0	160
2025.07.28	23:00:00	3314.626	3314.724	3310.485	3312.468	3664	0	160
2025.07.29	00:00:00	3312.485	3315.903	3307.843	3311.600	6855	0	160
2025.07.29	01:00:00	3311.612	3320.861	3308.473	3318.918	8852	0	160
2025.07.29	02:00:00	3318.947	3320.337	3317.470	3318.928	5828	0	160
2025.07.29	03:00:00	3318.888	3318.888	3311.203	3312.576	5669	0	160
2025.07.29	04:00:00	3312.580	3317.445	3308.990	3316.507	4971	0	160
2025.07.29	05:00:00	3316.498	3320.045	3314.281	3319.874	5368	0	160
2025.07.29	06:00:00	3319.905	3322.430	3316.250	3316.975	10070	0	160
2025.07.29	07:00:00	3317.017	3318.691	3311.294	3317.133	9268	0	160
2025.07.29	08:00:00	3317.139	3329.976	3316.603	3326.385	8352	0	160
2025.07.29	09:00:00	3326.347	3328.285	3320.831	3324.475	8856	0	160
2025.07.29	10:00:00	3324.574	3326.418	3321.965	3322.155	5380	0	160
2025.07.29	11:00:00	3322.195	3322.201	3314.884	3315.278	7463	0	160
2025.07.29	12:00:00	3315.249	3324.530	3315.229	3323.225	9428	0	160
2025.07.29	13:00:00	3323.200	3324.231	3312.842	3317.486	16602	0	160
2025.07.29	14:00:00	3317.446	3329.635	3311.890	3328.900	14723	0	160
2025.07.29	15:00:00	3328.933	3334.142	3319.566	3320.751	11247	0	160
2025.07.29	16:00:00	3320.751	3324.784	3319.072	3323.152	7336	0	160
2025.07.29	17:00:00	3323.120	3329.269	3322.950	3328.250	6167	0	160
2025.07.29	18:00:00	3328.299	3330.906	3325.291	3325.807	4969	0	160
2025.07.29	19:00:00	3325.892	3328.767	3322.680	3324.938	5893	0	160
2025.07.29	20:00:00	3324.989	3326.686	3324.697	3326.460	3339	0	160
2025.07.29	22:00:00	3327.751	3329.171	3325.956	3327.643	2654	0	160
2025.07.29	23:00:00	3327.686	3328.359	3326.160	3327.531	2697	0	160
2025.07.30	00:00:00	3327.568	3333.673	3327.206	3330.206	5234	0	160
2025.07.30	01:00:00	3330.104	3333.256	3321.876	3323.295	8513	0	160
2025.07.30	02:00:00	3323.351	3332.349	3323.351	3329.373	6892	0	160
2025.07.30	03:00:00	3329.356	3329.905	3326.214	3328.429	4889	0	160
2025.07.30	04:00:00	3328.365	3329.828	3325.772	3327.245	4119	0	160
2025.07.30	05:00:00	3327.172	3330.633	3324.437	3324.946	5514	0	160
2025.07.30	06:00:00	3324.918	3327.538	3323.058	3326.990	6312	0	160
2025.07.30	07:00:00	3327.101	3332.149	3325.601	3327.751	6344	0	160
2025.07.30	08:00:00	3327.784	3333.406	3327.495	3332.199	6008	0	160
2025.07.30	09:00:00	3332.169	3334.025	3329.330	3331.273	5686	0	160
2025.07.30	10:00:00	3331.245	3333.002	3326.622	3328.473	8150	0	160
2025.07.30	11:00:00	3328.515	3331.673	3323.966	3330.846	7358	0	160
2025.07.30	12:00:00	3330.829	3331.904	3310.565	3313.421	13937	0	160
2025.07.30	13:00:00	3313.446	3316.074	3298.428	3303.078	22287	0	160
2025.07.30	14:00:00	3303.105	3308.395	3301.166	3302.045	10135	0	160
2025.07.30	15:00:00	3302.115	3303.341	3288.575	3290.465	11909	0	160
2025.07.30	16:00:00	3290.378	3298.509	3289.874	3297.950	7064	0	160
2025.07.30	17:00:00	3297.990	3302.100	3297.654	3301.493	5825	0	160
2025.07.30	18:00:00	3301.376	3304.767	3279.474	3280.221	31720	0	160
2025.07.30	19:00:00	3280.178	3282.655	3268.034	3269.396	22299	0	160
2025.07.30	20:00:00	3269.334	3276.213	3268.965	3275.266	7656	0	160
2025.07.30	22:00:00	3274.201	3280.076	3274.201	3278.907	5284	0	160
2025.07.30	23:00:00	3278.906	3285.800	3277.742	3285.303	4463	0	160
2025.07.31	00:00:00	3285.257	3288.496	3282.802	3286.516	7898	0	160
2025.07.31	01:00:00	3286.543	3293.953	3285.056	3293.786	10802	0	160
2025.07.31	02:00:00	3293.838	3297.516	3290.476	3297.218	7229	0	160
2025.07.31	03:00:00	3297.252	3298.574	3293.434	3295.086	5966	0	160
2025.07.31	04:00:00	3295.042	3298.418	3293.644	3298.098	4635	0	160
2025.07.31	05:00:00	3298.065	3301.543	3294.646	3299.671	5264	0	160
2025.07.31	06:00:00	3299.641	3304.837	3298.040	3299.024	8034	0	160
2025.07.31	07:00:00	3299.027	3309.771	3298.013	3304.761	8508	0	160
2025.07.31	08:00:00	3304.682	3314.830	3303.557	3309.953	8589	0	160
2025.07.31	09:00:00	3309.914	3313.170	3304.822	3306.645	7785	0	160
2025.07.31	10:00:00	3306.703	3308.146	3293.782	3296.261	8519	0	160
2025.07.31	11:00:00	3296.269	3307.776	3295.146	3306.111	9974	0	160
2025.07.31	12:00:00	3306.086	3311.163	3303.919	3307.642	11083	0	160
2025.07.31	13:00:00	3307.677	3310.479	3300.588	3301.413	18659	0	160
2025.07.31	14:00:00	3301.369	3303.205	3291.300	3296.121	15287	0	160
2025.07.31	15:00:00	3296.092	3299.136	3291.316	3295.545	10690	0	160
2025.07.31	16:00:00	3295.437	3297.325	3289.586	3294.988	9799	0	160
2025.07.31	17:00:00	3295.014	3298.450	3294.023	3295.006	7573	0	160
2025.07.31	18:00:00	3295.043	3297.129	3292.821	3295.711	5466	0	160
2025.07.31	19:00:00	3295.755	3296.370	3290.485	3291.029	5961	0	160
2025.07.31	20:00:00	3290.989	3293.711	3289.830	3290.735	4101	0	160
2025.07.31	22:00:00	3289.873	3295.172	3289.583	3295.010	3350	0	160
2025.07.31	23:00:00	3294.999	3295.138	3287.967	3288.651	4926	0	160
2025.08.01	00:00:00	3288.607	3293.799	3286.399	3290.356	6975	0	160
2025.08.01	01:00:00	3290.304	3293.535	3281.566	3283.643	8514	0	160
2025.08.01	02:00:00	3283.616	3292.488	3283.269	3291.718	7765	0	160
2025.08.01	03:00:00	3291.713	3297.140	3290.522	3291.403	5844	0	160
2025.08.01	04:00:00	3291.365	3295.580	3290.080	3292.088	5790	0	160
2025.08.01	05:00:00	3292.094	3300.470	3291.736	3296.712	6239	0	160
2025.08.01	06:00:00	3296.669	3297.695	3290.523	3292.397	6779	0	160
2025.08.01	07:00:00	3292.359	3293.384	3285.223	3286.861	8098	0	160
2025.08.01	08:00:00	3286.823	3294.476	3285.271	3294.265	7144	0	160
2025.08.01	09:00:00	3294.248	3296.425	3292.753	3294.438	6360	0	160
2025.08.01	10:00:00	3294.447	3303.104	3293.224	3298.360	6624	0	160
2025.08.01	11:00:00	3298.397	3301.334	3296.811	3300.309	6770	0	160
2025.08.01	12:00:00	3300.342	3345.261	3297.385	3341.208	28924	0	160
2025.08.01	13:00:00	3341.182	3354.631	3338.842	3342.090	32475	0	160
2025.08.01	14:00:00	3342.194	3355.088	3341.295	3345.940	24556	0	160
2025.08.01	15:00:00	3345.937	3351.320	3341.573	3348.567	13259	0	160
2025.08.01	16:00:00	3348.532	3349.377	3340.532	3347.365	11213	0	160
2025.08.01	17:00:00	3347.284	3349.434	3345.586	3348.220	8660	0	160
2025.08.01	18:00:00	3348.249	3351.375	3345.882	3347.624	6177	0	160
2025.08.01	19:00:00	3347.585	3361.325	3347.585	3357.185	10009	0	160
2025.08.01	20:00:00	3357.239	3363.566	3357.028	3363.119	5131	0	160
2025.08.03	22:00:00	3364.339	3364.563	3357.684	3359.084	6879	0	160
2025.08.03	23:00:00	3359.126	3362.050	3354.526	3361.957	5508	0	160
2025.08.04	00:00:00	3361.990	3362.378	3350.113	3352.197	7689	0	160
2025.08.04	01:00:00	3352.149	3353.677	3345.006	3352.315	9168	0	160
2025.08.04	02:00:00	3352.204	3355.254	3350.171	3354.267	5544	0	160
2025.08.04	03:00:00	3354.233	3360.889	3354.233	3360.255	5778	0	160
2025.08.04	04:00:00	3360.259	3362.215	3358.738	3358.953	4229	0	160
2025.08.04	05:00:00	3358.886	3361.011	3355.442	3357.553	4685	0	160
2025.08.04	06:00:00	3357.567	3362.671	3353.532	3362.631	7394	0	160
2025.08.04	07:00:00	3362.589	3362.589	3351.685	3355.809	8529	0	160
2025.08.04	08:00:00	3355.842	3359.802	3354.081	3358.448	6509	0	160
2025.08.04	09:00:00	3358.407	3361.811	3356.874	3357.977	5981	0	160
2025.08.04	10:00:00	3357.953	3358.927	3352.886	3357.795	5726	0	160
2025.08.04	11:00:00	3357.854	3370.759	3357.642	3370.263	7683	0	160
2025.08.04	12:00:00	3370.262	3371.527	3360.965	3367.790	9887	0	160
2025.08.04	13:00:00	3367.808	3385.353	3367.031	3383.241	13889	0	160
2025.08.04	14:00:00	3383.288	3384.641	3371.828	3374.062	11494	0	160
2025.08.04	15:00:00	3374.020	3376.080	3370.647	3374.306	9142	0	160
2025.08.04	16:00:00	3374.305	3378.153	3370.571	3370.967	6801	0	160
2025.08.04	17:00:00	3370.976	3374.345	3370.691	3374.003	5651	0	160
2025.08.04	18:00:00	3374.035	3376.857	3373.190	3375.817	4056	0	160
2025.08.04	19:00:00	3375.806	3377.165	3374.440	3375.971	4229	0	160
2025.08.04	20:00:00	3375.917	3376.928	3373.415	3373.878	2735	0	160
2025.08.04	22:00:00	3375.404	3376.422	3373.687	3374.733	2304	0	160
2025.08.04	23:00:00	3374.728	3379.703	3374.728	3377.407	4040	0	160
2025.08.05	00:00:00	3377.383	3381.409	3375.858	3379.799	4782	0	160
2025.08.05	01:00:00	3379.812	3382.398	3377.855	3379.061	6151	0	160
2025.08.05	02:00:00	3378.963	3381.427	3373.720	3373.720	5849	0	160
2025.08.05	03:00:00	3373.618	3375.447	3372.057	3372.057	4442	0	160
2025.08.05	04:00:00	3372.107	3373.230	3370.981	3371.168	3545	0	160
2025.08.05	05:00:00	3371.169	3374.150	3367.702	3373.988	5954	0	160
2025.08.05	06:00:00	3374.022	3374.192	3365.655	3366.219	5780	0	160
2025.08.05	07:00:00	3366.255	3375.531	3366.044	3373.651	7192	0	160
2025.08.05	08:00:00	3373.572	3374.607	3366.055	3366.124	5996	0	160
2025.08.05	09:00:00	3366.162	3366.355	3358.825	3359.679	6329	0	160
2025.08.05	10:00:00	3359.644	3361.784	3352.942	3353.220	7207	0	160
2025.08.05	11:00:00	3353.230	3354.363	3349.803	3351.408	6967	0	160
2025.08.05	12:00:00	3351.408	3366.991	3349.866	3366.113	10215	0	160
2025.08.05	13:00:00	3366.147	3379.704	3365.837	3373.726	12130	0	160
2025.08.05	14:00:00	3373.786	3386.593	3370.464	3385.354	16956	0	160
2025.08.05	15:00:00	3385.386	3390.033	3382.134	3389.490	8273	0	160
2025.08.05	16:00:00	3389.527	3390.402	3376.890	3382.015	8530	0	160
2025.08.05	17:00:00	3382.055	3382.845	3379.005	3380.099	5424	0	160
2025.08.05	18:00:00	3380.098	3381.191	3378.382	3380.091	4919	0	160
2025.08.05	19:00:00	3380.010	3381.388	3378.101	3378.979	4216	0	160
2025.08.05	20:00:00	3378.940	3380.941	3378.397	3380.799	2526	0	160
2025.08.05	22:00:00	3381.515	3381.691	3378.095	3379.719	2347	0	160
2025.08.05	23:00:00	3379.681	3383.974	3378.903	3383.151	3447	0	160
2025.08.06	00:00:00	3383.221	3385.340	3380.834	3383.531	4807	0	160
2025.08.06	01:00:00	3383.415	3383.691	3373.046	3376.154	7643	0	160
2025.08.06	02:00:00	3376.041	3377.785	3374.187	3376.313	5362	0	160
2025.08.06	03:00:00	3376.348	3378.430	3373.422	3374.587	4328	0	160
2025.08.06	04:00:00	3374.590	3376.459	3372.207	3372.439	3344	0	160
2025.08.06	05:00:00	3372.350	3374.878	3370.644	3374.256	4986	0	160
2025.08.06	06:00:00	3374.323	3378.650	3373.216	3375.138	5465	0	160
2025.08.06	07:00:00	3375.208	3377.183	3368.953	3373.617	5997	0	160
2025.08.06	08:00:00	3373.509	3374.697	3364.758	3365.179	6718	0	160
2025.08.06	09:00:00	3365.172	3367.806	3358.091	3358.919	6360	0	160
2025.08.06	10:00:00	3358.872	3365.444	3358.196	3363.595	6784	0	160
2025.08.06	11:00:00	3363.595	3367.015	3360.651	3365.174	5175	0	160
2025.08.06	12:00:00	3365.156	3369.299	3360.141	3367.520	8506	0	160
2025.08.06	13:00:00	3367.506	3373.526	3365.072	3371.709	13714	0	160
2025.08.06	14:00:00	3371.659	3379.331	3369.426	3379.306	9620	0	160
2025.08.06	15:00:00	3379.241	3379.975	3370.044	3377.431	9805	0	160
2025.08.06	16:00:00	3377.392	3379.467	3372.940	3376.003	6825	0	160
2025.08.06	17:00:00	3376.043	3377.648	3370.870	3374.638	5782	0	160
2025.08.06	18:00:00	3374.535	3374.589	3368.983	3371.618	5410	0	160
2025.08.06	19:00:00	3371.626	3373.201	3370.289	3371.647	5047	0	160
2025.08.06	20:00:00	3371.608	3372.210	3367.133	3369.079	3759	0	160
2025.08.06	22:00:00	3371.635	3374.796	3369.876	3372.018	4679	0	160
2025.08.06	23:00:00	3371.968	3372.008	3367.590	3370.155	4768	0	160
2025.08.07	00:00:00	3370.205	3374.828	3365.222	3372.336	8488	0	160
2025.08.07	01:00:00	3372.297	3382.530	3370.195	3382.311	9325	0	160
2025.08.07	02:00:00	3382.324	3384.160	3378.179	3379.641	6371	0	160
2025.08.07	03:00:00	3379.637	3380.256	3376.461	3379.696	5372	0	160
2025.08.07	04:00:00	3379.732	3380.664	3376.910	3377.537	4766	0	160
2025.08.07	05:00:00	3377.566	3380.982	3371.648	3375.564	7315	0	160
2025.08.07	06:00:00	3375.589	3387.807	3374.943	3387.667	8005	0	160
2025.08.07	07:00:00	3387.673	3397.504	3386.258	3396.155	9903	0	160
2025.08.07	08:00:00	3396.189	3396.603	3372.421	3378.107	17626	0	160
2025.08.07	09:00:00	3378.153	3381.246	3373.255	3376.761	11304	0	160
2025.08.07	10:00:00	3376.739	3378.812	3371.765	3372.925	7246	0	160
2025.08.07	11:00:00	3372.949	3383.308	3371.730	3378.229	11454	0	160
2025.08.07	12:00:00	3378.199	3389.798	3375.310	3380.823	11763	0	160
2025.08.07	13:00:00	3380.763	3393.833	3380.139	3384.917	18423	0	160
2025.08.07	14:00:00	3384.883	3390.362	3375.261	3387.799	30370	0	160
2025.08.07	15:00:00	3387.831	3390.844	3384.430	3390.102	9355	0	160
2025.08.07	16:00:00	3390.185	3392.606	3387.115	3388.856	6675	0	160
2025.08.07	17:00:00	3388.820	3393.010	3384.314	3392.185	7776	0	160
2025.08.07	18:00:00	3392.179	3393.999	3387.565	3388.279	6124	0	160
2025.08.07	19:00:00	3388.203	3400.872	3387.276	3399.659	11172	0	160
2025.08.07	20:00:00	3399.712	3401.873	3392.528	3396.399	10352	0	160
2025.08.07	22:00:00	3401.918	3408.990	3389.025	3405.178	28799	0	160
2025.08.07	23:00:00	3405.174	3407.028	3396.626	3400.470	10026	0	160
2025.08.08	00:00:00	3400.432	3402.356	3387.667	3389.900	20649	0	160
2025.08.08	01:00:00	3389.943	3390.942	3381.087	3383.411	21775	0	160
2025.08.08	02:00:00	3383.370	3389.986	3383.135	3388.369	10865	0	160
2025.08.08	03:00:00	3388.395	3397.785	3383.582	3395.817	13534	0	160
2025.08.08	04:00:00	3395.817	3399.272	3393.472	3394.363	7540	0	160
2025.08.08	05:00:00	3394.310	3396.048	3390.168	3392.296	8862	0	160
2025.08.08	06:00:00	3392.269	3397.676	3388.739	3393.447	12108	0	160
2025.08.08	07:00:00	3393.494	3404.271	3392.185	3401.993	19962	0	160
2025.08.08	08:00:00	3402.074	3402.631	3394.156	3394.372	12406	0	160
2025.08.08	09:00:00	3394.416	3401.410	3393.952	3400.646	12441	0	160
2025.08.08	10:00:00	3400.688	3401.003	3384.318	3385.135	14270	0	160
2025.08.08	11:00:00	3385.163	3388.669	3380.361	3386.249	17046	0	160
2025.08.08	12:00:00	3386.206	3401.944	3385.121	3391.621	29734	0	160
2025.08.08	13:00:00	3391.646	3401.643	3387.578	3400.247	26029	0	160
2025.08.08	14:00:00	3400.189	3401.263	3381.105	3390.573	21284	0	160
2025.08.08	15:00:00	3390.601	3395.265	3388.673	3395.248	10443	0	160
2025.08.08	16:00:00	3395.284	3400.654	3393.509	3397.492	7497	0	160
2025.08.08	17:00:00	3397.493	3399.553	3379.802	3379.802	9291	0	160
2025.08.08	18:00:00	3381.732	3404.267	3376.445	3395.431	58529	0	160
2025.08.08	19:00:00	3395.401	3400.830	3392.280	3398.566	16431	0	160
2025.08.08	20:00:00	3398.618	3398.898	3392.421	3398.564	7277	0	160
2025.08.10	22:00:00	3400.578	3401.819	3390.643	3395.282	8944	0	160
2025.08.10	23:00:00	3395.343	3397.014	3390.292	3391.548	5113	0	160
2025.08.11	00:00:00	3391.592	3391.639	3381.518	3381.561	10290	0	160
2025.08.11	01:00:00	3381.600	3383.930	3367.699	3377.495	14694	0	160
2025.08.11	02:00:00	3377.486	3379.967	3369.634	3377.224	9735	0	160
2025.08.11	03:00:00	3377.171	3380.212	3374.057	3378.257	6449	0	160
2025.08.11	04:00:00	3378.253	3379.771	3375.543	3375.891	5744	0	160
2025.08.11	05:00:00	3375.853	3380.107	3373.968	3377.080	7097	0	160
2025.08.11	06:00:00	3377.109	3377.280	3363.716	3365.869	11429	0	160
2025.08.11	07:00:00	3365.828	3366.372	3357.097	3360.069	14832	0	160
2025.08.11	08:00:00	3360.112	3365.825	3358.817	3361.900	10235	0	160
2025.08.11	09:00:00	3361.871	3363.687	3352.926	3353.290	9471	0	160
2025.08.11	10:00:00	3353.313	3363.797	3353.066	3358.474	8042	0	160
2025.08.11	11:00:00	3358.462	3358.913	3349.852	3355.230	11189	0	160
2025.08.11	12:00:00	3355.226	3357.594	3344.347	3356.821	14182	0	160
2025.08.11	13:00:00	3356.788	3362.902	3348.301	3358.665	14146	0	160
2025.08.11	14:00:00	3358.620	3359.406	3341.409	3346.287	13224	0	160
2025.08.11	15:00:00	3346.314	3352.240	3344.832	3349.405	8240	0	160
2025.08.11	16:00:00	3349.502	3350.310	3342.485	3344.174	6775	0	160
2025.08.11	17:00:00	3344.207	3358.834	3341.273	3357.628	14260	0	160
2025.08.11	18:00:00	3357.623	3358.701	3352.266	3356.162	6823	0	160
2025.08.11	19:00:00	3356.140	3356.831	3350.467	3351.694	5257	0	160
2025.08.11	20:00:00	3351.662	3351.829	3342.167	3342.963	5667	0	160
2025.08.11	22:00:00	3343.475	3347.194	3342.491	3347.030	4334	0	160
2025.08.11	23:00:00	3347.026	3349.607	3346.174	3349.027	4067	0	160
2025.08.12	00:00:00	3349.010	3355.747	3347.422	3354.410	6431	0	160
2025.08.12	01:00:00	3354.465	3357.431	3346.212	3349.739	9036	0	160
2025.08.12	02:00:00	3349.847	3354.299	3349.650	3352.948	5806	0	160
2025.08.12	03:00:00	3352.989	3355.393	3347.989	3349.390	5265	0	160
2025.08.12	04:00:00	3349.437	3355.691	3348.605	3354.382	5410	0	160
2025.08.12	05:00:00	3354.420	3355.765	3350.540	3354.510	5714	0	160
2025.08.12	06:00:00	3354.617	3354.897	3342.242	3345.388	10561	0	160
2025.08.12	07:00:00	3345.414	3358.149	3343.799	3355.539	8875	0	160
2025.08.12	08:00:00	3355.512	3355.863	3345.526	3347.973	6978	0	160
2025.08.12	09:00:00	3347.974	3351.790	3344.460	3345.589	5435	0	160
2025.08.12	10:00:00	3345.556	3350.585	3343.930	3344.682	7099	0	160
2025.08.12	11:00:00	3344.795	3348.278	3336.068	3347.499	8484	0	160
2025.08.12	12:00:00	3347.464	3358.031	3338.556	3349.849	22336	0	160
2025.08.12	13:00:00	3349.810	3357.113	3340.026	3345.633	29350	0	160
2025.08.12	14:00:00	3345.658	3346.629	3331.080	3337.417	19254	0	160
2025.08.12	15:00:00	3337.384	3359.254	3336.856	3349.800	16221	0	160
2025.08.12	16:00:00	3349.887	3351.296	3345.830	3349.448	8239	0	160
2025.08.12	17:00:00	3349.412	3350.634	3346.378	3349.032	6590	0	160
2025.08.12	18:00:00	3349.028	3350.860	3347.514	3349.024	4667	0	160
2025.08.12	19:00:00	3348.983	3349.331	3345.531	3347.563	4898	0	160
2025.08.12	20:00:00	3347.549	3350.032	3346.012	3348.056	3538	0	160
2025.08.12	22:00:00	3350.832	3353.762	3349.156	3350.455	3424	0	160
2025.08.12	23:00:00	3350.479	3352.110	3349.654	3350.570	3179	0	160
2025.08.13	00:00:00	3350.580	3350.783	3342.678	3343.625	6043	0	160
2025.08.13	01:00:00	3343.649	3352.017	3342.787	3350.810	8167	0	160
2025.08.13	02:00:00	3350.797	3354.457	3346.596	3351.827	6638	0	160
2025.08.13	03:00:00	3351.812	3353.007	3348.588	3349.593	5218	0	160
2025.08.13	04:00:00	3349.615	3352.329	3348.147	3351.818	3782	0	160
2025.08.13	05:00:00	3351.808	3352.077	3345.677	3349.218	5701	0	160
2025.08.13	06:00:00	3349.257	3357.532	3348.878	3357.071	7187	0	160
2025.08.13	07:00:00	3357.105	3361.004	3353.895	3354.723	7523	0	160
2025.08.13	08:00:00	3354.688	3363.460	3352.869	3360.197	8112	0	160
2025.08.13	09:00:00	3360.258	3366.727	3358.612	3364.593	6069	0	160
2025.08.13	10:00:00	3364.631	3367.030	3362.998	3366.014	5184	0	160
2025.08.13	11:00:00	3366.043	3367.121	3358.834	3362.290	7304	0	160
2025.08.13	12:00:00	3362.314	3363.815	3355.470	3358.171	9375	0	160
2025.08.13	13:00:00	3358.118	3365.979	3354.128	3365.024	11037	0	160
2025.08.13	14:00:00	3365.029	3370.735	3361.030	3363.124	10760	0	160
2025.08.13	15:00:00	3363.158	3363.742	3354.348	3357.746	8163	0	160
2025.08.13	16:00:00	3357.778	3360.920	3357.017	3357.930	4734	0	160
2025.08.13	17:00:00	3357.928	3359.409	3352.658	3353.696	4625	0	160
2025.08.13	18:00:00	3353.646	3354.442	3349.900	3353.758	4491	0	160
2025.08.13	19:00:00	3353.660	3358.744	3352.561	3357.812	3819	0	160
2025.08.13	20:00:00	3357.856	3358.241	3355.633	3355.915	2628	0	160
2025.08.13	22:00:00	3358.408	3358.408	3356.616	3357.532	2648	0	160
2025.08.13	23:00:00	3357.589	3363.461	3357.520	3362.702	4120	0	160
2025.08.14	00:00:00	3362.748	3374.859	3362.743	3369.621	7925	0	160
2025.08.14	01:00:00	3369.516	3370.928	3365.066	3367.421	8577	0	160
2025.08.14	02:00:00	3367.440	3369.273	3362.774	3362.862	6348	0	160
2025.08.14	03:00:00	3362.822	3364.136	3355.404	3360.464	7653	0	160
2025.08.14	04:00:00	3360.496	3361.845	3358.563	3360.478	4692	0	160
2025.08.14	05:00:00	3360.436	3361.776	3356.146	3358.838	5933	0	160
2025.08.14	06:00:00	3358.814	3362.410	3355.939	3362.071	7605	0	160
2025.08.14	07:00:00	3362.112	3366.483	3343.591	3345.984	11853	0	160
2025.08.14	08:00:00	3345.958	3350.318	3341.447	3346.108	11811	0	160
2025.08.14	09:00:00	3346.188	3359.155	3345.063	3356.562	8723	0	160
2025.08.14	10:00:00	3356.587	3359.106	3352.072	3354.963	6018	0	160
2025.08.14	11:00:00	3354.999	3357.119	3352.456	3355.400	5966	0	160
2025.08.14	12:00:00	3355.431	3358.393	3342.001	3350.634	16264	0	160
2025.08.14	13:00:00	3350.566	3356.096	3343.733	3344.127	19172	0	160
2025.08.14	14:00:00	3344.098	3346.675	3334.223	3340.613	17160	0	160
2025.08.14	15:00:00	3340.659	3342.880	3335.352	3341.796	9462	0	160
2025.08.14	16:00:00	3341.757	3342.097	3329.766	3334.385	10309	0	160
2025.08.14	17:00:00	3334.346	3338.467	3331.825	3337.824	6147	0	160
2025.08.14	18:00:00	3337.877	3339.397	3336.018	3338.320	4431	0	160
2025.08.14	19:00:00	3338.313	3341.066	3337.895	3337.965	4003	0	160
2025.08.14	20:00:00	3338.004	3338.543	3334.469	3335.312	3181	0	160
2025.08.14	22:00:00	3337.796	3337.796	3332.431	3333.369	3965	0	160
2025.08.14	23:00:00	3333.385	3336.645	3332.168	3335.551	3389	0	160
2025.08.15	00:00:00	3335.580	3338.792	3332.372	3337.008	5576	0	160
2025.08.15	01:00:00	3337.122	3340.259	3333.274	3339.608	7299	0	160
2025.08.15	02:00:00	3339.625	3340.826	3336.721	3340.456	5225	0	160
2025.08.15	03:00:00	3340.486	3344.893	3340.089	3343.450	4486	0	160
2025.08.15	04:00:00	3343.412	3346.614	3343.286	3345.449	4601	0	160
2025.08.15	05:00:00	3345.450	3348.747	3341.982	3343.893	5682	0	160
2025.08.15	06:00:00	3343.857	3344.476	3340.189	3340.422	6104	0	160
2025.08.15	07:00:00	3340.395	3346.561	3340.137	3346.147	6796	0	160
2025.08.15	08:00:00	3346.107	3348.268	3338.336	3341.259	7341	0	160
2025.08.15	09:00:00	3341.156	3344.936	3338.428	3342.654	6912	0	160
2025.08.15	10:00:00	3342.682	3342.718	3336.243	3337.687	6374	0	160
2025.08.15	11:00:00	3337.725	3344.177	3337.069	3342.359	6428	0	160
2025.08.15	12:00:00	3342.362	3343.939	3333.592	3342.642	12023	0	160
2025.08.15	13:00:00	3342.700	3345.969	3332.856	3335.409	13896	0	160
2025.08.15	14:00:00	3335.441	3343.652	3335.128	3341.806	9719	0	160
2025.08.15	15:00:00	3341.771	3345.133	3341.323	3342.329	6776	0	160
2025.08.15	16:00:00	3342.429	3342.547	3335.772	3338.163	5583	0	160
2025.08.15	17:00:00	3338.202	3338.946	3335.126	3336.062	4719	0	160
2025.08.15	18:00:00	3336.066	3338.222	3334.687	3336.051	4055	0	160
2025.08.15	19:00:00	3336.028	3339.596	3334.387	3339.143	4436	0	160
2025.08.15	20:00:00	3339.212	3339.435	3335.145	3335.213	3320	0	160
2025.08.17	22:00:00	3334.569	3335.381	3332.964	3334.405	3359	0	160
2025.08.17	23:00:00	3334.369	3334.469	3323.503	3327.087	6691	0	160
2025.08.18	00:00:00	3327.080	3342.811	3326.773	3340.615	8937	0	160
2025.08.18	01:00:00	3340.581	3347.470	3339.550	3346.874	8641	0	160
2025.08.18	02:00:00	3346.864	3347.572	3342.403	3343.351	5171	0	160
2025.08.18	03:00:00	3343.315	3351.786	3343.247	3347.156	5659	0	160
2025.08.18	04:00:00	3347.112	3358.219	3346.754	3357.455	5292	0	160
2025.08.18	05:00:00	3357.492	3358.417	3346.629	3349.611	7522	0	160
2025.08.18	06:00:00	3349.584	3351.113	3346.003	3349.516	6332	0	160
2025.08.18	07:00:00	3349.472	3355.648	3347.193	3349.022	6951	0	160
2025.08.18	08:00:00	3349.052	3349.960	3344.577	3348.651	5893	0	160
2025.08.18	09:00:00	3348.665	3351.721	3347.521	3348.152	5475	0	160
2025.08.18	10:00:00	3348.124	3351.441	3346.507	3346.627	5034	0	160
2025.08.18	11:00:00	3346.629	3348.739	3344.475	3345.456	4206	0	160
2025.08.18	12:00:00	3345.500	3348.839	3343.117	3344.723	6863	0	160
2025.08.18	13:00:00	3344.792	3344.996	3335.713	3336.874	9817	0	160
2025.08.18	14:00:00	3336.899	3338.685	3332.341	3334.362	9010	0	160
2025.08.18	15:00:00	3334.397	3336.826	3332.195	3335.669	6098	0	160
2025.08.18	16:00:00	3335.702	3335.884	3331.709	3334.356	5219	0	160
2025.08.18	17:00:00	3334.281	3334.827	3331.685	3333.713	4611	0	160
2025.08.18	18:00:00	3333.679	3333.788	3331.436	3331.923	3293	0	160
2025.08.18	19:00:00	3331.967	3334.400	3330.179	3333.623	3761	0	160
2025.08.18	20:00:00	3333.667	3334.337	3332.650	3332.676	2103	0	160
2025.08.18	22:00:00	3333.777	3334.647	3332.857	3334.408	2633	0	160
2025.08.18	23:00:00	3334.409	3334.723	3330.514	3330.978	3169	0	160
2025.08.19	00:00:00	3330.990	3339.205	3326.022	3335.114	8816	0	160
2025.08.19	01:00:00	3335.197	3335.750	3330.107	3333.011	9544	0	160
2025.08.19	02:00:00	3333.000	3338.076	3329.500	3338.060	5918	0	160
2025.08.19	03:00:00	3338.074	3341.663	3337.074	3337.787	5748	0	160
2025.08.19	04:00:00	3337.745	3338.217	3334.400	3337.648	4328	0	160
2025.08.19	05:00:00	3337.649	3340.660	3335.683	3336.165	5270	0	160
2025.08.19	06:00:00	3336.189	3338.795	3334.479	3335.951	5470	0	160
2025.08.19	07:00:00	3336.077	3341.821	3334.946	3340.695	6538	0	160
2025.08.19	08:00:00	3340.739	3340.973	3336.427	3338.000	4835	0	160
2025.08.19	09:00:00	3338.019	3339.691	3336.871	3339.286	4416	0	160
2025.08.19	10:00:00	3339.264	3345.328	3339.219	3343.506	4939	0	160
2025.08.19	11:00:00	3343.543	3344.811	3339.273	3339.767	4861	0	160
2025.08.19	12:00:00	3339.768	3340.544	3334.292	3334.722	7248	0	160
2025.08.19	13:00:00	3334.767	3339.336	3325.706	3333.990	12707	0	160
2025.08.19	14:00:00	3334.028	3336.950	3320.853	3325.307	12836	0	160
2025.08.19	15:00:00	3325.334	3326.733	3321.568	3322.669	8528	0	160
2025.08.19	16:00:00	3322.711	3324.435	3317.016	3317.493	6399	0	160
2025.08.19	17:00:00	3317.488	3320.036	3314.853	3317.531	6510	0	160
2025.08.19	18:00:00	3317.505	3320.197	3316.815	3318.522	4017	0	160
2025.08.19	19:00:00	3318.519	3318.887	3315.491	3315.965	4563	0	160
2025.08.19	20:00:00	3315.923	3317.474	3314.886	3315.311	3157	0	160
2025.08.19	22:00:00	3316.796	3317.637	3315.423	3316.852	2548	0	160
2025.08.19	23:00:00	3316.870	3316.894	3312.771	3314.231	3814	0	160
2025.08.20	00:00:00	3314.241	3317.008	3312.800	3316.019	5458	0	160
2025.08.20	01:00:00	3315.987	3317.776	3311.476	3315.310	8126	0	160
2025.08.20	02:00:00	3315.273	3317.107	3312.385	3314.045	6239	0	160
2025.08.20	03:00:00	3314.011	3318.648	3314.011	3317.520	5249	0	160
2025.08.20	04:00:00	3317.517	3320.996	3317.177	3318.732	4054	0	160
2025.08.20	05:00:00	3318.736	3324.037	3318.144	3323.398	5017	0	160
2025.08.20	06:00:00	3323.403	3326.010	3322.230	3322.964	5871	0	160
2025.08.20	07:00:00	3322.939	3327.525	3321.610	3324.813	5526	0	160
2025.08.20	08:00:00	3324.769	3325.629	3320.886	3324.921	5345	0	160
2025.08.20	09:00:00	3324.936	3327.440	3323.529	3326.141	5162	0	160
2025.08.20	10:00:00	3326.172	3327.913	3323.840	3326.542	5046	0	160
2025.08.20	11:00:00	3326.500	3332.935	3325.719	3332.325	6740	0	160
2025.08.20	12:00:00	3332.248	3344.901	3332.060	3342.895	10031	0	160
2025.08.20	13:00:00	3342.869	3348.420	3338.887	3344.903	10544	0	160
2025.08.20	14:00:00	3344.944	3350.322	3339.948	3346.956	9461	0	160
2025.08.20	15:00:00	3346.936	3346.946	3338.863	3340.594	6706	0	160
2025.08.20	16:00:00	3340.703	3346.007	3340.658	3345.137	4858	0	160
2025.08.20	17:00:00	3345.147	3348.135	3344.017	3346.972	4744	0	160
2025.08.20	18:00:00	3347.026	3347.160	3344.020	3345.732	4617	0	160
2025.08.20	19:00:00	3345.718	3349.263	3345.010	3348.821	4243	0	160
2025.08.20	20:00:00	3348.773	3349.236	3347.468	3348.453	2988	0	160
2025.08.20	22:00:00	3350.438	3352.092	3348.753	3349.720	3824	0	160
2025.08.20	23:00:00	3349.720	3349.720	3346.354	3346.836	3542	0	160
2025.08.21	00:00:00	3346.906	3346.906	3341.452	3342.307	4720	0	160
2025.08.21	01:00:00	3342.360	3346.348	3340.804	3342.800	5995	0	160
2025.08.21	02:00:00	3342.800	3345.012	3340.375	3344.656	5071	0	160
2025.08.21	03:00:00	3344.596	3344.819	3339.687	3339.930	4248	0	160
2025.08.21	04:00:00	3339.887	3341.045	3337.908	3338.291	3639	0	160
2025.08.21	05:00:00	3338.264	3340.635	3337.059	3338.831	4397	0	160
2025.08.21	06:00:00	3338.788	3339.924	3334.283	3336.678	5878	0	160
2025.08.21	07:00:00	3336.629	3341.527	3335.338	3339.629	5074	0	160
2025.08.21	08:00:00	3339.665	3341.373	3337.868	3339.652	4471	0	160
2025.08.21	09:00:00	3339.608	3342.191	3337.943	3340.579	4806	0	160
2025.08.21	10:00:00	3340.657	3341.541	3327.491	3328.409	6981	0	160
2025.08.21	11:00:00	3328.389	3334.391	3325.126	3333.569	7223	0	160
2025.08.21	12:00:00	3333.676	3345.119	3333.642	3341.888	11590	0	160
2025.08.21	13:00:00	3341.924	3347.680	3336.011	3339.367	13871	0	160
2025.08.21	14:00:00	3339.407	3348.081	3337.901	3344.122	11918	0	160
2025.08.21	15:00:00	3344.225	3346.212	3337.571	3343.634	9372	0	160
2025.08.21	16:00:00	3343.621	3343.972	3338.322	3339.780	5414	0	160
2025.08.21	17:00:00	3339.801	3342.076	3336.992	3337.067	4559	0	160
2025.08.21	18:00:00	3337.107	3339.587	3336.544	3339.330	3674	0	160
2025.08.21	19:00:00	3339.336	3341.948	3337.959	3338.823	3689	0	160
2025.08.21	20:00:00	3338.863	3339.203	3337.879	3338.676	2175	0	160
2025.08.21	22:00:00	3338.375	3340.640	3338.232	3338.888	2904	0	160
2025.08.21	23:00:00	3339.000	3339.578	3337.356	3338.411	2544	0	160
2025.08.22	00:00:00	3338.367	3339.803	3335.057	3339.560	4763	0	160
2025.08.22	01:00:00	3339.602	3340.225	3333.759	3334.101	5432	0	160
2025.08.22	02:00:00	3334.130	3336.219	3332.753	3334.146	5085	0	160
2025.08.22	03:00:00	3334.106	3335.389	3331.605	3331.976	4536	0	160
2025.08.22	04:00:00	3331.963	3332.724	3327.954	3328.411	3756	0	160
2025.08.22	05:00:00	3328.424	3331.449	3327.183	3330.072	4552	0	160
2025.08.22	06:00:00	3330.074	3330.426	3325.734	3329.434	5242	0	160
2025.08.22	07:00:00	3329.393	3335.026	3325.817	3327.465	6628	0	160
2025.08.22	08:00:00	3327.500	3330.696	3325.332	3328.827	6131	0	160
2025.08.22	09:00:00	3328.824	3331.628	3328.124	3330.140	4491	0	160
2025.08.22	10:00:00	3330.179	3331.750	3328.918	3330.913	4150	0	160
2025.08.22	11:00:00	3330.946	3331.087	3327.647	3329.346	4830	0	160
2025.08.22	12:00:00	3329.342	3329.990	3321.450	3323.540	10783	0	160
2025.08.22	13:00:00	3323.498	3336.257	3323.149	3333.702	10901	0	160
2025.08.22	14:00:00	3333.733	3376.788	3333.733	3373.882	37987	0	160
2025.08.22	15:00:00	3373.846	3378.869	3367.327	3367.914	12970	0	160
2025.08.22	16:00:00	3367.890	3374.209	3367.832	3370.588	8008	0	160
2025.08.22	17:00:00	3370.549	3375.501	3370.465	3374.180	5397	0	160
2025.08.22	18:00:00	3374.158	3375.042	3370.993	3372.681	4526	0	160
2025.08.22	19:00:00	3372.656	3373.590	3368.904	3373.188	4572	0	160
2025.08.22	20:00:00	3373.213	3373.658	3370.154	3372.299	3367	0	160
2025.08.24	22:00:00	3368.744	3370.214	3365.862	3367.355	3515	0	160
2025.08.24	23:00:00	3367.292	3371.052	3366.397	3368.995	3656	0	160
2025.08.25	00:00:00	3369.080	3369.684	3363.212	3364.886	5178	0	160
2025.08.25	01:00:00	3364.933	3367.858	3360.690	3362.829	6977	0	160
2025.08.25	02:00:00	3362.831	3365.125	3359.748	3364.405	5164	0	160
2025.08.25	03:00:00	3364.361	3368.076	3364.166	3367.263	3744	0	160
2025.08.25	04:00:00	3367.263	3367.721	3363.763	3366.039	3545	0	160
2025.08.25	05:00:00	3366.050	3366.113	3363.028	3364.579	3854	0	160
2025.08.25	06:00:00	3364.541	3369.590	3364.438	3368.968	4676	0	160
2025.08.25	07:00:00	3368.931	3369.888	3366.083	3366.226	4061	0	160
2025.08.25	08:00:00	3366.229	3366.771	3363.408	3363.979	4032	0	160
2025.08.25	09:00:00	3363.940	3368.034	3361.927	3367.282	4071	0	160
2025.08.25	10:00:00	3367.329	3368.454	3365.131	3366.003	4075	0	160
2025.08.25	11:00:00	3365.997	3371.514	3365.687	3370.594	4131	0	160
2025.08.25	12:00:00	3370.592	3371.215	3364.171	3364.531	4972	0	160
2025.08.25	13:00:00	3364.533	3371.265	3362.185	3370.872	7877	0	160
2025.08.25	14:00:00	3370.905	3375.465	3369.206	3374.245	8404	0	160
2025.08.25	15:00:00	3374.285	3376.306	3371.847	3374.068	5623	0	160
2025.08.25	16:00:00	3374.000	3374.398	3371.655	3373.753	4413	0	160
2025.08.25	17:00:00	3373.795	3374.824	3370.849	3371.161	4319	0	160
2025.08.25	18:00:00	3371.156	3373.287	3369.868	3370.557	3687	0	160
2025.08.25	19:00:00	3370.556	3370.837	3365.199	3365.421	4140	0	160
2025.08.25	20:00:00	3365.465	3366.191	3364.265	3365.523	2760	0	160
2025.08.25	22:00:00	3365.597	3367.153	3363.695	3364.294	2883	0	160
2025.08.25	23:00:00	3364.260	3364.260	3351.716	3354.854	6729	0	160
2025.08.26	00:00:00	3354.827	3386.488	3351.252	3383.264	21461	0	160
2025.08.26	01:00:00	3383.298	3384.919	3371.678	3376.709	11217	0	160
2025.08.26	02:00:00	3376.741	3379.048	3372.888	3375.359	6999	0	160
2025.08.26	03:00:00	3375.365	3375.504	3369.772	3372.201	5696	0	160
2025.08.26	04:00:00	3372.217	3379.040	3372.085	3377.449	4823	0	160
2025.08.26	05:00:00	3377.407	3379.072	3372.504	3376.558	5535	0	160
2025.08.26	06:00:00	3376.532	3377.693	3372.465	3376.268	5878	0	160
2025.08.26	07:00:00	3376.230	3379.121	3367.291	3376.726	8452	0	160
2025.08.26	08:00:00	3376.684	3379.913	3375.590	3376.693	5968	0	160
2025.08.26	09:00:00	3376.691	3378.556	3369.419	3372.012	7072	0	160
2025.08.26	10:00:00	3372.003	3375.138	3367.258	3372.025	5470	0	160
2025.08.26	11:00:00	3371.997	3380.360	3370.689	3377.467	6982	0	160
2025.08.26	12:00:00	3377.520	3379.769	3371.041	3372.062	8029	0	160
2025.08.26	13:00:00	3372.096	3378.092	3370.549	3375.778	11222	0	160
2025.08.26	14:00:00	3375.703	3379.540	3370.374	3379.285	10049	0	160
2025.08.26	15:00:00	3379.326	3389.457	3378.583	3386.688	7285	0	160
2025.08.26	16:00:00	3386.675	3387.737	3382.454	3383.001	5578	0	160
2025.08.26	17:00:00	3382.959	3385.932	3381.487	3381.714	4647	0	160
2025.08.26	18:00:00	3381.681	3385.676	3380.245	3385.602	4226	0	160
2025.08.26	19:00:00	3385.566	3390.841	3385.081	3389.658	4601	0	160
2025.08.26	20:00:00	3389.689	3393.583	3389.191	3393.583	2876	0	160
2025.08.26	22:00:00	3392.136	3392.241	3388.738	3391.027	3744	0	160
2025.08.26	23:00:00	3390.991	3392.954	3389.960	3390.862	3374	0	160
2025.08.27	00:00:00	3390.853	3393.554	3388.957	3389.579	5377	0	160
2025.08.27	01:00:00	3389.627	3390.025	3383.361	3386.299	6915	0	160
2025.08.27	02:00:00	3386.253	3387.106	3382.147	3384.230	4812	0	160
2025.08.27	03:00:00	3384.192	3384.545	3380.577	3380.633	4067	0	160
2025.08.27	04:00:00	3380.677	3381.244	3373.839	3374.993	4870	0	160
2025.08.27	05:00:00	3375.002	3378.850	3374.055	3377.202	5245	0	160
2025.08.27	06:00:00	3377.204	3381.954	3376.325	3377.539	5443	0	160
2025.08.27	07:00:00	3377.494	3381.586	3373.755	3381.393	5939	0	160
2025.08.27	08:00:00	3381.374	3385.041	3381.005	3384.489	5893	0	160
2025.08.27	09:00:00	3384.494	3385.490	3377.565	3378.177	5754	0	160
2025.08.27	10:00:00	3378.222	3379.183	3374.868	3375.593	6827	0	160
2025.08.27	11:00:00	3375.628	3378.159	3373.698	3376.822	5519	0	160
2025.08.27	12:00:00	3376.844	3382.898	3374.255	3381.123	7749	0	160
2025.08.27	13:00:00	3381.148	3384.797	3375.489	3377.804	11281	0	160
2025.08.27	14:00:00	3377.845	3386.958	3376.091	3386.357	8517	0	160
2025.08.27	15:00:00	3386.398	3390.420	3385.146	3387.898	6793	0	160
2025.08.27	16:00:00	3387.917	3398.783	3387.481	3395.419	7293	0	160
2025.08.27	17:00:00	3395.481	3397.499	3394.860	3395.207	5467	0	160
2025.08.27	18:00:00	3395.170	3396.280	3392.272	3394.541	4019	0	160
2025.08.27	19:00:00	3394.505	3396.341	3393.730	3396.210	4210	0	160
2025.08.27	20:00:00	3396.172	3398.217	3394.098	3397.256	3180	0	160
2025.08.27	22:00:00	3398.497	3398.526	3394.786	3395.754	3546	0	160
2025.08.27	23:00:00	3395.699	3399.502	3395.076	3395.819	3843	0	160
2025.08.28	00:00:00	3395.762	3398.075	3391.314	3391.951	5287	0	160
2025.08.28	01:00:00	3391.970	3392.926	3385.467	3386.053	7978	0	160
2025.08.28	02:00:00	3385.967	3391.355	3384.603	3391.355	5790	0	160
2025.08.28	03:00:00	3391.347	3392.460	3388.909	3390.135	4462	0	160
2025.08.28	04:00:00	3390.206	3392.250	3388.709	3390.214	3819	0	160
2025.08.28	05:00:00	3390.223	3390.830	3387.632	3389.170	4282	0	160
2025.08.28	06:00:00	3389.199	3395.724	3388.767	3395.334	5874	0	160
2025.08.28	07:00:00	3395.380	3397.696	3393.757	3395.752	6089	0	160
2025.08.28	08:00:00	3395.762	3401.065	3393.982	3400.710	6317	0	160
2025.08.28	09:00:00	3400.758	3401.634	3398.402	3399.253	4888	0	160
2025.08.28	10:00:00	3399.229	3399.268	3393.887	3397.036	6020	0	160
2025.08.28	11:00:00	3397.002	3407.658	3396.239	3404.153	6769	0	160
2025.08.28	12:00:00	3404.130	3408.791	3396.873	3397.246	11091	0	160
2025.08.28	13:00:00	3397.271	3410.415	3394.281	3407.280	13297	0	160
2025.08.28	14:00:00	3407.277	3413.476	3406.456	3412.287	8935	0	160
2025.08.28	15:00:00	3412.323	3413.159	3404.437	3410.901	7486	0	160
2025.08.28	16:00:00	3410.897	3417.770	3409.897	3415.500	6265	0	160
2025.08.28	17:00:00	3415.476	3418.790	3414.558	3418.088	5284	0	160
2025.08.28	18:00:00	3417.973	3420.239	3417.247	3419.973	4643	0	160
2025.08.28	19:00:00	3420.060	3423.212	3417.918	3422.070	5768	0	160
2025.08.28	20:00:00	3422.159	3422.521	3416.321	3417.012	3664	0	160
2025.08.28	22:00:00	3417.816	3418.461	3415.523	3416.882	3021	0	160
2025.08.28	23:00:00	3416.809	3416.818	3414.757	3414.819	2321	0	160
2025.08.29	00:00:00	3414.850	3417.885	3413.015	3413.442	4967	0	160
2025.08.29	01:00:00	3413.545	3413.667	3407.956	3409.976	6115	0	160
2025.08.29	02:00:00	3409.971	3413.981	3409.933	3411.347	4931	0	160
2025.08.29	03:00:00	3411.370	3413.595	3409.926	3410.864	4112	0	160
2025.08.29	04:00:00	3410.843	3411.543	3407.483	3408.899	4184	0	160
2025.08.29	05:00:00	3408.933	3410.816	3406.922	3410.265	4054	0	160
2025.08.29	06:00:00	3410.244	3412.688	3407.858	3410.238	4647	0	160
2025.08.29	07:00:00	3410.233	3412.654	3406.562	3412.197	5694	0	160
2025.08.29	08:00:00	3412.168	3414.879	3409.786	3410.410	5313	0	160
2025.08.29	09:00:00	3410.435	3410.970	3406.844	3407.430	5512	0	160
2025.08.29	10:00:00	3407.440	3408.812	3404.684	3405.559	4636	0	160
2025.08.29	11:00:00	3405.581	3411.266	3404.313	3410.725	4825	0	160
2025.08.29	12:00:00	3410.655	3416.888	3406.708	3416.487	8711	0	160
2025.08.29	13:00:00	3416.565	3429.027	3413.653	3428.691	10283	0	160
2025.08.29	14:00:00	3428.723	3441.070	3428.723	3440.947	14449	0	160
2025.08.29	15:00:00	3440.862	3447.665	3438.953	3445.494	10603	0	160
2025.08.29	16:00:00	3445.487	3449.363	3442.280	3449.165	8473	0	160
2025.08.29	17:00:00	3449.114	3450.149	3440.988	3443.725	7836	0	160
2025.08.29	18:00:00	3443.751	3445.675	3441.010	3442.882	5874	0	160
2025.08.29	19:00:00	3442.971	3453.924	3441.607	3452.573	7235	0	160
2025.08.29	20:00:00	3452.605	3452.734	3445.768	3448.035	5514	0	160
2025.08.31	22:00:00	3445.866	3452.606	3442.459	3450.202	5466	0	160
2025.08.31	23:00:00	3450.201	3450.856	3444.678	3447.952	4306	0	160
2025.09.01	00:00:00	3447.912	3447.912	3442.684	3444.039	5853	0	160
2025.09.01	01:00:00	3444.112	3459.300	3437.028	3457.220	10360	0	160
2025.09.01	02:00:00	3457.344	3484.797	3455.152	3483.531	22780	0	160
2025.09.01	03:00:00	3483.582	3486.107	3469.662	3474.523	12941	0	160
2025.09.01	04:00:00	3474.491	3479.419	3472.186	3475.134	6504	0	160
2025.09.01	05:00:00	3475.028	3482.790	3474.230	3477.234	8618	0	160
2025.09.01	06:00:00	3477.210	3489.928	3476.739	3479.239	10022	0	160
2025.09.01	07:00:00	3479.213	3481.047	3467.813	3477.814	10214	0	160
2025.09.01	08:00:00	3477.877	3479.873	3474.486	3476.921	7492	0	160
2025.09.01	09:00:00	3477.002	3477.151	3467.225	3469.407	7861	0	160
2025.09.01	10:00:00	3469.439	3473.930	3466.276	3470.566	8103	0	160
2025.09.01	11:00:00	3470.526	3473.451	3467.625	3470.009	7836	0	160
2025.09.01	12:00:00	3470.058	3471.660	3467.076	3469.461	6791	0	160
2025.09.01	13:00:00	3469.506	3479.133	3468.826	3475.327	8284	0	160
2025.09.01	14:00:00	3475.300	3481.280	3473.637	3475.635	7287	0	160
2025.09.01	15:00:00	3475.631	3479.166	3473.423	3474.083	4986	0	160
2025.09.01	16:00:00	3474.095	3477.711	3472.326	3477.322	3496	0	160
2025.09.01	17:00:00	3477.326	3478.890	3476.101	3477.947	2915	0	160
2025.09.01	18:00:00	3477.879	3478.030	3476.203	3476.760	826	0	160
2025.09.01	22:00:00	3476.299	3480.401	3475.273	3475.326	5881	0	160
2025.09.01	23:00:00	3475.227	3481.516	3474.527	3479.211	5553	0	160
2025.09.02	00:00:00	3479.130	3485.137	3478.139	3479.209	8376	0	160
2025.09.02	01:00:00	3479.226	3508.741	3476.897	3497.812	17429	0	160
2025.09.02	02:00:00	3497.909	3500.845	3491.211	3496.296	11127	0	160
2025.09.02	03:00:00	3496.227	3496.227	3489.977	3495.044	7065	0	160
2025.09.02	04:00:00	3495.008	3498.322	3493.296	3496.713	5430	0	160
2025.09.02	05:00:00	3496.693	3497.872	3492.047	3493.312	6899	0	160
2025.09.02	06:00:00	3493.291	3495.734	3483.236	3485.684	10301	0	160
2025.09.02	07:00:00	3485.709	3488.363	3472.096	3476.857	13471	0	160
2025.09.02	08:00:00	3476.955	3481.435	3470.194	3477.603	11062	0	160
2025.09.02	09:00:00	3477.707	3480.367	3475.987	3476.731	8886	0	160
2025.09.02	10:00:00	3476.775	3485.926	3475.705	3485.649	9064	0	160
2025.09.02	11:00:00	3485.753	3490.116	3478.517	3489.737	10191	0	160
2025.09.02	12:00:00	3489.687	3494.072	3474.190	3482.187	19468	0	160
2025.09.02	13:00:00	3482.227	3493.565	3478.284	3489.304	23124	0	160
2025.09.02	14:00:00	3489.277	3514.171	3488.725	3511.050	20960	0	160
2025.09.02	15:00:00	3511.080	3520.300	3509.506	3520.300	14328	0	160
2025.09.02	16:00:00	3520.327	3528.752	3518.113	3527.772	11140	0	160
2025.09.02	17:00:00	3527.728	3530.380	3521.923	3529.371	8355	0	160
2025.09.02	18:00:00	3529.329	3532.068	3525.265	3528.301	7024	0	160
2025.09.02	19:00:00	3528.336	3540.094	3528.336	3536.941	8242	0	160
2025.09.02	20:00:00	3536.989	3537.707	3533.327	3533.885	4768	0	160
2025.09.02	22:00:00	3531.828	3535.033	3529.104	3529.317	4797	0	160
2025.09.02	23:00:00	3529.336	3533.247	3526.280	3529.984	5609	0	160
2025.09.03	00:00:00	3530.082	3546.950	3528.022	3536.100	13145	0	160
2025.09.03	01:00:00	3536.146	3541.820	3531.858	3538.880	12716	0	160
2025.09.03	02:00:00	3538.778	3545.994	3531.238	3531.815	10874	0	160
2025.09.03	03:00:00	3531.787	3533.480	3529.272	3530.921	8524	0	160
2025.09.03	04:00:00	3530.815	3538.319	3530.573	3536.886	6017	0	160
2025.09.03	05:00:00	3536.908	3538.016	3526.781	3529.999	7864	0	160
2025.09.03	06:00:00	3529.958	3537.404	3529.802	3535.274	8428	0	160
2025.09.03	07:00:00	3535.236	3537.074	3529.291	3533.842	8054	0	160
2025.09.03	08:00:00	3533.874	3541.314	3533.774	3540.001	8696	0	160
2025.09.03	09:00:00	3540.006	3541.951	3533.870	3534.332	7645	0	160
2025.09.03	10:00:00	3534.375	3541.743	3532.292	3540.068	6994	0	160
2025.09.03	11:00:00	3540.060	3549.594	3539.906	3547.551	9667	0	160
2025.09.03	12:00:00	3547.535	3551.496	3541.357	3550.514	14836	0	160
2025.09.03	13:00:00	3550.471	3561.449	3549.369	3553.762	22370	0	160
2025.09.03	14:00:00	3553.630	3565.572	3551.474	3558.409	21093	0	160
2025.09.03	15:00:00	3558.442	3567.404	3557.392	3563.953	10967	0	160
2025.09.03	16:00:00	3563.950	3572.552	3562.225	3572.413	7705	0	160
2025.09.03	17:00:00	3572.442	3575.998	3570.247	3574.309	6856	0	160
2025.09.03	18:00:00	3574.348	3578.427	3565.393	3570.298	11031	0	160
2025.09.03	19:00:00	3570.387	3571.633	3561.163	3563.559	11090	0	160
2025.09.03	20:00:00	3563.527	3566.064	3558.825	3559.616	5542	0	160
2025.09.03	22:00:00	3560.678	3564.225	3559.808	3561.783	8044	0	160
2025.09.03	23:00:00	3561.803	3561.826	3554.385	3560.292	7939	0	160
2025.09.04	00:00:00	3560.341	3562.601	3552.033	3561.485	9413	0	160
2025.09.04	01:00:00	3561.568	3563.473	3543.590	3546.202	15511	0	160
2025.09.04	02:00:00	3546.229	3550.531	3526.345	3530.883	17055	0	160
2025.09.04	03:00:00	3530.827	3531.778	3511.172	3529.147	15958	0	160
2025.09.04	04:00:00	3529.182	3534.449	3528.676	3533.077	5745	0	160
2025.09.04	05:00:00	3533.055	3534.142	3525.390	3527.297	8614	0	160
2025.09.04	06:00:00	3527.343	3541.655	3524.440	3536.065	11698	0	160
2025.09.04	07:00:00	3536.108	3541.248	3532.614	3541.137	9610	0	160
2025.09.04	08:00:00	3541.100	3545.550	3537.318	3541.242	8824	0	160
2025.09.04	09:00:00	3541.204	3544.915	3536.688	3538.673	7701	0	160
2025.09.04	10:00:00	3538.681	3547.001	3538.357	3540.834	7949	0	160
2025.09.04	11:00:00	3540.873	3549.837	3536.558	3545.464	9593	0	160
2025.09.04	12:00:00	3545.419	3553.912	3541.207	3548.316	14590	0	160
2025.09.04	13:00:00	3548.235	3558.793	3539.710	3546.646	21268	0	160
2025.09.04	14:00:00	3546.841	3546.841	3535.049	3545.936	19950	0	160
2025.09.04	15:00:00	3545.976	3553.327	3542.347	3552.829	10044	0	160
2025.09.04	16:00:00	3552.837	3556.227	3549.129	3552.567	7269	0	160
2025.09.04	17:00:00	3552.536	3555.428	3542.526	3542.969	7339	0	160
2025.09.04	18:00:00	3542.960	3548.345	3542.779	3546.290	6181	0	160
2025.09.04	19:00:00	3546.301	3551.047	3545.656	3549.800	5155	0	160
2025.09.04	20:00:00	3549.836	3550.488	3544.345	3545.752	3514	0	160
2025.09.04	22:00:00	3544.605	3545.948	3539.909	3540.837	4375	0	160
2025.09.04	23:00:00	3540.902	3554.515	3540.787	3552.540	6352	0	160
2025.09.05	00:00:00	3552.532	3556.504	3548.969	3552.145	8966	0	160
2025.09.05	01:00:00	3552.146	3556.472	3550.082	3552.413	9177	0	160
2025.09.05	02:00:00	3552.370	3555.389	3545.994	3550.771	7055	0	160
2025.09.05	03:00:00	3550.759	3559.062	3548.668	3558.344	5968	0	160
2025.09.05	04:00:00	3558.359	3559.244	3556.265	3558.421	4246	0	160
2025.09.05	05:00:00	3558.512	3561.150	3555.751	3557.739	6061	0	160
2025.09.05	06:00:00	3557.772	3558.068	3548.259	3552.553	7745	0	160
2025.09.05	07:00:00	3552.585	3554.361	3546.635	3548.197	8250	0	160
2025.09.05	08:00:00	3548.161	3549.921	3544.721	3545.996	7339	0	160
2025.09.05	09:00:00	3546.062	3553.714	3545.960	3552.428	6409	0	160
2025.09.05	10:00:00	3552.325	3552.969	3549.455	3551.797	5618	0	160
2025.09.05	11:00:00	3551.786	3555.201	3547.862	3553.228	6877	0	160
2025.09.05	12:00:00	3553.254	3586.859	3548.802	3580.248	32794	0	160
2025.09.05	13:00:00	3580.217	3595.250	3573.332	3594.470	33812	0	160
2025.09.05	14:00:00	3594.500	3597.923	3573.160	3590.188	29955	0	160
2025.09.05	15:00:00	3590.144	3595.493	3581.773	3592.005	16382	0	160
2025.09.05	16:00:00	3592.046	3600.076	3591.145	3595.223	10907	0	160
2025.09.05	17:00:00	3595.329	3597.442	3590.504	3596.350	10285	0	160
2025.09.05	18:00:00	3596.364	3597.321	3592.558	3595.462	7540	0	160
2025.09.05	19:00:00	3595.418	3596.018	3592.656	3594.813	6384	0	160
2025.09.05	20:00:00	3594.773	3595.333	3586.376	3586.597	5895	0	160
2025.09.07	22:00:00	3591.856	3596.716	3587.112	3592.113	15667	0	160
2025.09.07	23:00:00	3592.130	3594.050	3587.753	3591.151	8013	0	160
2025.09.08	00:00:00	3591.173	3594.362	3586.886	3594.241	9960	0	160
2025.09.08	01:00:00	3594.197	3597.212	3584.911	3589.421	16659	0	160
2025.09.08	02:00:00	3589.481	3594.439	3586.480	3590.686	11497	0	160
2025.09.08	03:00:00	3590.717	3592.191	3582.926	3583.610	6894	0	160
2025.09.08	04:00:00	3583.566	3584.765	3579.577	3581.563	5627	0	160
2025.09.08	05:00:00	3581.596	3591.538	3581.136	3591.099	6802	0	160
2025.09.08	06:00:00	3591.154	3598.831	3589.519	3598.021	8171	0	160
2025.09.08	07:00:00	3598.042	3613.646	3596.412	3609.483	10881	0	160
2025.09.08	08:00:00	3609.509	3617.345	3607.132	3611.310	9354	0	160
2025.09.08	09:00:00	3611.278	3614.950	3608.634	3613.703	7396	0	160
2025.09.08	10:00:00	3613.793	3622.496	3613.465	3616.917	8368	0	160
2025.09.08	11:00:00	3617.004	3620.006	3612.781	3619.954	7226	0	160
2025.09.08	12:00:00	3619.926	3626.128	3614.746	3624.149	11042	0	160
2025.09.08	13:00:00	3624.273	3636.905	3620.324	3633.361	21967	0	160
2025.09.08	14:00:00	3633.456	3640.956	3628.870	3640.670	17474	0	160
2025.09.08	15:00:00	3640.714	3646.316	3633.231	3639.259	14429	0	160
2025.09.08	16:00:00	3639.317	3641.746	3635.833	3640.569	8967	0	160
2025.09.08	17:00:00	3640.563	3641.153	3632.544	3633.423	7767	0	160
2025.09.08	18:00:00	3633.473	3636.623	3631.851	3636.005	5848	0	160
2025.09.08	19:00:00	3636.064	3637.696	3632.534	3636.528	5664	0	160
2025.09.08	20:00:00	3636.555	3637.945	3634.395	3635.352	3520	0	160
2025.09.08	22:00:00	3634.538	3636.942	3628.877	3629.477	4833	0	160
2025.09.08	23:00:00	3629.502	3636.227	3628.192	3634.992	5600	0	160
2025.09.09	00:00:00	3635.023	3640.893	3633.439	3638.541	7564	0	160
2025.09.09	01:00:00	3638.494	3647.402	3635.963	3646.405	11282	0	160
2025.09.09	02:00:00	3646.470	3654.597	3644.702	3647.575	11055	0	160
2025.09.09	03:00:00	3647.543	3651.984	3642.661	3645.838	9706	0	160
2025.09.09	04:00:00	3645.863	3657.108	3645.694	3654.973	5851	0	160
2025.09.09	05:00:00	3654.949	3659.299	3652.841	3655.269	7522	0	160
2025.09.09	06:00:00	3655.316	3656.371	3636.485	3647.471	20258	0	160
2025.09.09	07:00:00	3647.511	3650.937	3641.567	3644.363	10046	0	160
2025.09.09	08:00:00	3644.298	3651.014	3641.969	3648.139	11493	0	160
2025.09.09	09:00:00	3648.185	3656.712	3647.700	3653.664	8024	0	160
2025.09.09	10:00:00	3653.701	3656.012	3648.825	3651.818	6717	0	160
2025.09.09	11:00:00	3651.925	3654.236	3646.855	3648.000	6999	0	160
2025.09.09	12:00:00	3648.072	3655.410	3643.814	3647.499	12723	0	160
2025.09.09	13:00:00	3647.402	3668.322	3646.383	3666.057	20775	0	160
2025.09.09	14:00:00	3666.025	3674.523	3636.083	3645.065	48741	0	160
2025.09.09	15:00:00	3645.107	3646.426	3626.820	3645.441	22958	0	160
2025.09.09	16:00:00	3645.406	3649.434	3644.133	3644.922	8468	0	160
2025.09.09	17:00:00	3644.952	3646.425	3641.305	3642.752	7201	0	160
2025.09.09	18:00:00	3642.788	3645.155	3639.656	3640.418	6032	0	160
2025.09.09	19:00:00	3640.356	3641.341	3628.449	3629.362	8066	0	160
2025.09.09	20:00:00	3629.325	3632.797	3626.628	3626.842	4811	0	160
2025.09.09	22:00:00	3625.128	3635.818	3623.134	3635.422	7822	0	160
2025.09.09	23:00:00	3635.429	3640.825	3633.307	3633.568	6924	0	160
2025.09.10	00:00:00	3633.543	3634.433	3621.427	3623.872	10290	0	160
2025.09.10	01:00:00	3623.908	3632.697	3620.180	3630.635	16022	0	160
2025.09.10	02:00:00	3630.755	3638.253	3630.113	3636.275	9026	0	160
2025.09.10	03:00:00	3636.231	3637.027	3633.118	3636.479	6104	0	160
2025.09.10	04:00:00	3636.581	3643.319	3636.488	3642.944	4700	0	160
2025.09.10	05:00:00	3642.929	3645.409	3639.885	3642.962	5984	0	160
2025.09.10	06:00:00	3642.953	3647.585	3640.799	3643.637	8716	0	160
2025.09.10	07:00:00	3643.675	3648.509	3641.157	3644.103	8736	0	160
2025.09.10	08:00:00	3644.141	3647.638	3641.995	3645.844	7126	0	160
2025.09.10	09:00:00	3645.858	3655.976	3644.968	3655.151	6511	0	160
2025.09.10	10:00:00	3655.113	3657.622	3651.532	3655.249	7010	0	160
2025.09.10	11:00:00	3655.287	3656.392	3648.442	3649.282	7800	0	160
2025.09.10	12:00:00	3649.298	3657.417	3640.379	3643.977	17767	0	160
2025.09.10	13:00:00	3643.940	3654.046	3642.196	3651.201	16606	0	160
2025.09.10	14:00:00	3651.225	3655.294	3643.873	3647.500	12601	0	160
2025.09.10	15:00:00	3647.546	3648.654	3638.438	3644.453	10496	0	160
2025.09.10	16:00:00	3644.393	3646.867	3639.886	3642.820	7534	0	160
2025.09.10	17:00:00	3642.777	3647.581	3641.580	3647.350	6072	0	160
2025.09.10	18:00:00	3647.367	3649.720	3644.531	3645.276	4890	0	160
2025.09.10	19:00:00	3645.313	3646.384	3635.064	3641.898	6977	0	160
2025.09.10	20:00:00	3641.864	3642.816	3637.996	3640.016	3767	0	160
2025.09.10	22:00:00	3643.470	3644.450	3638.086	3639.855	4262	0	160
2025.09.10	23:00:00	3639.921	3645.552	3638.508	3644.883	4528	0	160
2025.09.11	00:00:00	3644.916	3647.165	3642.549	3643.966	7962	0	160
2025.09.11	01:00:00	3643.938	3649.134	3639.812	3641.085	8569	0	160
2025.09.11	02:00:00	3641.047	3643.448	3634.142	3637.371	7283	0	160
2025.09.11	03:00:00	3637.396	3637.396	3629.859	3631.998	7486	0	160
2025.09.11	04:00:00	3632.064	3634.336	3630.121	3630.686	4459	0	160
2025.09.11	05:00:00	3630.719	3633.418	3623.356	3625.068	9569	0	160
2025.09.11	06:00:00	3625.112	3637.996	3622.666	3633.220	10199	0	160
2025.09.11	07:00:00	3633.253	3633.377	3623.807	3629.811	9602	0	160
2025.09.11	08:00:00	3629.845	3631.747	3625.460	3626.269	6455	0	160
2025.09.11	09:00:00	3626.232	3626.232	3614.136	3621.814	9882	0	160
2025.09.11	10:00:00	3621.916	3624.945	3619.716	3621.852	6509	0	160
2025.09.11	11:00:00	3621.810	3622.226	3615.398	3616.789	7416	0	160
2025.09.11	12:00:00	3616.756	3643.946	3613.082	3628.904	24193	0	160
2025.09.11	13:00:00	3628.936	3637.052	3618.325	3630.253	26937	0	160
2025.09.11	14:00:00	3630.202	3637.854	3626.176	3629.585	15964	0	160
2025.09.11	15:00:00	3629.609	3638.973	3629.598	3633.060	9219	0	160
2025.09.11	16:00:00	3633.102	3641.908	3633.102	3636.210	9060	0	160
2025.09.11	17:00:00	3636.184	3636.736	3631.806	3635.068	7524	0	160
2025.09.11	18:00:00	3635.104	3637.098	3630.298	3632.341	5642	0	160
2025.09.11	19:00:00	3632.329	3637.470	3632.187	3636.945	5234	0	160
2025.09.11	20:00:00	3636.909	3637.634	3633.160	3633.536	2834	0	160
2025.09.11	22:00:00	3634.842	3638.275	3633.103	3634.871	3108	0	160
2025.09.11	23:00:00	3634.856	3636.156	3631.519	3631.842	3670	0	160
2025.09.12	00:00:00	3631.810	3637.960	3630.526	3636.495	6666	0	160
2025.09.12	01:00:00	3636.547	3647.510	3636.484	3646.470	12516	0	160
2025.09.12	02:00:00	3646.427	3651.001	3644.682	3648.958	8119	0	160
2025.09.12	03:00:00	3648.930	3653.286	3646.570	3652.849	6398	0	160
2025.09.12	04:00:00	3652.862	3656.030	3651.557	3654.847	4726	0	160
2025.09.12	05:00:00	3654.843	3656.620	3651.951	3653.013	6023	0	160
2025.09.12	06:00:00	3653.080	3654.108	3648.295	3650.576	7118	0	160
2025.09.12	07:00:00	3650.576	3653.780	3647.799	3648.301	7547	0	160
2025.09.12	08:00:00	3648.279	3651.208	3639.700	3641.075	9549	0	160
2025.09.12	09:00:00	3641.048	3647.021	3637.707	3646.455	9275	0	160
2025.09.12	10:00:00	3646.424	3652.168	3646.287	3651.124	6307	0	160
2025.09.12	11:00:00	3651.166	3652.032	3646.863	3647.044	6757	0	160
2025.09.12	12:00:00	3647.076	3649.006	3638.242	3645.354	12538	0	160
2025.09.12	13:00:00	3645.394	3652.534	3643.285	3650.623	14445	0	160
2025.09.12	14:00:00	3650.677	3654.320	3647.326	3648.100	11000	0	160
2025.09.12	15:00:00	3648.144	3648.328	3641.896	3644.515	8597	0	160
2025.09.12	16:00:00	3644.539	3649.608	3642.707	3649.096	5557	0	160
2025.09.12	17:00:00	3649.074	3650.615	3647.527	3648.724	4966	0	160
2025.09.12	18:00:00	3648.696	3649.403	3647.053	3648.423	4217	0	160
2025.09.12	19:00:00	3648.415	3648.449	3643.511	3644.164	4091	0	160
2025.09.12	20:00:00	3644.204	3645.381	3641.347	3643.484	4076	0	160
2025.09.14	22:00:00	3644.610	3646.044	3639.721	3642.064	3563	0	160
2025.09.14	23:00:00	3642.136	3642.136	3636.772	3638.241	3527	0	160
2025.09.15	00:00:00	3638.237	3642.564	3631.980	3633.401	7777	0	160
2025.09.15	01:00:00	3633.432	3634.789	3626.541	3634.444	12428	0	160
2025.09.15	02:00:00	3634.377	3645.500	3634.327	3641.069	7281	0	160
2025.09.15	03:00:00	3641.007	3646.422	3640.073	3646.019	5050	0	160
2025.09.15	04:00:00	3646.030	3646.860	3643.680	3645.596	3662	0	160
2025.09.15	05:00:00	3645.624	3646.218	3642.318	3643.695	5039	0	160
2025.09.15	06:00:00	3643.719	3643.980	3636.617	3636.663	7650	0	160
2025.09.15	07:00:00	3636.623	3644.964	3633.740	3643.893	7820	0	160
2025.09.15	08:00:00	3643.900	3645.821	3640.812	3645.461	6918	0	160
2025.09.15	09:00:00	3645.436	3645.977	3635.683	3641.180	7314	0	160
2025.09.15	10:00:00	3641.211	3646.378	3639.097	3639.958	7087	0	160
2025.09.15	11:00:00	3639.946	3646.698	3639.048	3642.661	7001	0	160
2025.09.15	12:00:00	3642.686	3651.031	3636.946	3650.255	11040	0	160
2025.09.15	13:00:00	3650.226	3664.371	3646.821	3657.179	13816	0	160
2025.09.15	14:00:00	3657.147	3663.777	3653.827	3663.436	11958	0	160
2025.09.15	15:00:00	3663.468	3681.938	3662.936	3680.454	10538	0	160
2025.09.15	16:00:00	3680.497	3685.623	3674.770	3679.182	11568	0	160
2025.09.15	17:00:00	3679.209	3682.689	3678.541	3681.705	6854	0	160
2025.09.15	18:00:00	3681.704	3681.970	3675.833	3676.940	5581	0	160
2025.09.15	19:00:00	3676.971	3682.786	3676.666	3680.955	5676	0	160
2025.09.15	20:00:00	3680.912	3681.986	3678.585	3679.020	3623	0	160
2025.09.15	22:00:00	3680.555	3680.605	3676.301	3678.791	3622	0	160
2025.09.15	23:00:00	3678.888	3680.500	3676.131	3676.965	3508	0	160
2025.09.16	00:00:00	3676.886	3686.904	3676.431	3686.353	7667	0	160
2025.09.16	01:00:00	3686.391	3689.480	3677.081	3679.284	11817	0	160
2025.09.16	02:00:00	3679.245	3682.654	3674.711	3677.683	8405	0	160
2025.09.16	03:00:00	3677.718	3683.179	3676.983	3681.135	5568	0	160
2025.09.16	04:00:00	3681.078	3685.528	3680.160	3684.256	4167	0	160
2025.09.16	05:00:00	3684.217	3684.544	3680.325	3682.696	5221	0	160
2025.09.16	06:00:00	3682.794	3694.211	3681.736	3693.352	7606	0	160
2025.09.16	07:00:00	3693.322	3694.170	3686.309	3686.470	8404	0	160
2025.09.16	08:00:00	3686.431	3697.246	3686.134	3694.310	7508	0	160
2025.09.16	09:00:00	3694.280	3698.816	3692.967	3698.197	6914	0	160
2025.09.16	10:00:00	3698.173	3698.745	3692.918	3693.161	6147	0	160
2025.09.16	11:00:00	3693.203	3699.447	3690.542	3697.126	7863	0	160
2025.09.16	12:00:00	3697.203	3697.464	3686.452	3689.260	12186	0	160
2025.09.16	13:00:00	3689.221	3698.599	3685.120	3695.613	14975	0	160
2025.09.16	14:00:00	3695.583	3703.088	3685.705	3686.339	18437	0	160
2025.09.16	15:00:00	3686.374	3688.799	3678.868	3686.142	14609	0	160
2025.09.16	16:00:00	3686.210	3691.226	3684.613	3689.740	7467	0	160
2025.09.16	17:00:00	3689.715	3690.910	3686.297	3687.647	6574	0	160
2025.09.16	18:00:00	3687.665	3690.897	3686.453	3690.633	4717	0	160
2025.09.16	19:00:00	3690.590	3691.084	3687.718	3689.610	4355	0	160
2025.09.16	20:00:00	3689.668	3693.790	3689.443	3689.947	3216	0	160
2025.09.16	22:00:00	3691.231	3692.864	3689.843	3691.878	2705	0	160
2025.09.16	23:00:00	3691.916	3695.243	3691.646	3694.245	3524	0	160
2025.09.17	00:00:00	3694.244	3695.378	3691.177	3691.420	5084	0	160
2025.09.17	01:00:00	3691.374	3692.021	3676.030	3679.426	12517	0	160
2025.09.17	02:00:00	3679.466	3683.831	3674.218	3682.154	10135	0	160
2025.09.17	03:00:00	3682.162	3683.501	3679.880	3681.759	5352	0	160
2025.09.17	04:00:00	3681.688	3682.477	3680.377	3680.774	3439	0	160
2025.09.17	05:00:00	3680.780	3685.859	3675.833	3679.089	7749	0	160
2025.09.17	06:00:00	3679.229	3680.099	3670.370	3675.041	8945	0	160
2025.09.17	07:00:00	3675.010	3677.367	3666.591	3667.199	9449	0	160
2025.09.17	08:00:00	3667.155	3667.908	3662.489	3664.832	8589	0	160
2025.09.17	09:00:00	3664.785	3670.985	3663.880	3667.912	7018	0	160
2025.09.17	10:00:00	3667.883	3669.716	3660.354	3661.556	10237	0	160
2025.09.17	11:00:00	3661.547	3669.878	3659.843	3665.949	9424	0	160
2025.09.17	12:00:00	3665.987	3679.387	3665.570	3678.614	8740	0	160
2025.09.17	13:00:00	3678.691	3682.554	3672.781	3678.752	13809	0	160
2025.09.17	14:00:00	3678.743	3686.137	3676.847	3684.230	9981	0	160
2025.09.17	15:00:00	3684.237	3687.248	3682.772	3684.136	6638	0	160
2025.09.17	16:00:00	3684.167	3688.546	3683.930	3684.739	5468	0	160
2025.09.17	17:00:00	3684.771	3687.804	3678.621	3686.900	6727	0	160
2025.09.17	18:00:00	3686.822	3707.490	3646.097	3650.344	77856	0	160
2025.09.17	19:00:00	3650.442	3666.993	3646.368	3661.730	37985	0	160
2025.09.17	20:00:00	3661.757	3661.757	3656.312	3659.677	6207	0	160
2025.09.17	22:00:00	3660.131	3665.402	3655.582	3662.982	6657	0	160
2025.09.17	23:00:00	3662.952	3672.021	3662.059	3669.169	6172	0	160
2025.09.18	00:00:00	3669.131	3669.972	3658.066	3665.157	9521	0	160
2025.09.18	01:00:00	3665.226	3668.774	3651.826	3657.148	17826	0	160
2025.09.18	02:00:00	3657.102	3665.806	3655.506	3664.775	8511	0	160
2025.09.18	03:00:00	3664.752	3665.997	3657.844	3658.506	5270	0	160
2025.09.18	04:00:00	3658.554	3659.292	3653.437	3653.714	5221	0	160
2025.09.18	05:00:00	3653.717	3659.189	3649.374	3651.576	9058	0	160
2025.09.18	06:00:00	3651.598	3651.995	3633.830	3637.469	18938	0	160
2025.09.18	07:00:00	3637.500	3659.852	3635.454	3659.024	13073	0	160
2025.09.18	08:00:00	3658.899	3665.773	3653.644	3665.473	9510	0	160
2025.09.18	09:00:00	3665.431	3673.021	3664.552	3671.665	9650	0	160
2025.09.18	10:00:00	3671.635	3672.469	3665.441	3667.157	7541	0	160
2025.09.18	11:00:00	3667.202	3670.941	3664.436	3667.193	8018	0	160
2025.09.18	12:00:00	3667.233	3672.447	3662.863	3663.299	12910	0	160
2025.09.18	13:00:00	3663.346	3664.234	3627.744	3642.237	31487	0	160
2025.09.18	14:00:00	3642.120	3646.405	3634.237	3638.386	26061	0	160
2025.09.18	15:00:00	3638.428	3642.469	3636.733	3641.315	12739	0	160
2025.09.18	16:00:00	3641.346	3647.270	3640.874	3646.411	8844	0	160
2025.09.18	17:00:00	3646.368	3646.869	3643.287	3643.591	7739	0	160
2025.09.18	18:00:00	3643.598	3643.632	3640.506	3641.405	5863	0	160
2025.09.18	19:00:00	3641.363	3647.061	3640.588	3646.565	5549	0	160
2025.09.18	20:00:00	3646.611	3647.257	3643.862	3644.380	2845	0	160
2025.09.18	22:00:00	3643.340	3643.744	3639.451	3640.263	2809	0	160
2025.09.18	23:00:00	3640.337	3641.891	3637.711	3640.239	4053	0	160
2025.09.19	00:00:00	3640.242	3642.718	3636.241	3640.047	6798	0	160
2025.09.19	01:00:00	3640.114	3651.217	3632.203	3639.922	14134	0	160
2025.09.19	02:00:00	3639.859	3650.276	3638.827	3647.397	10334	0	160
2025.09.19	03:00:00	3647.288	3656.439	3645.286	3653.722	9367	0	160
2025.09.19	04:00:00	3653.660	3659.995	3653.660	3658.875	6605	0	160
2025.09.19	05:00:00	3658.866	3661.294	3651.439	3652.504	8149	0	160
2025.09.19	06:00:00	3652.495	3654.256	3643.269	3646.946	11727	0	160
2025.09.19	07:00:00	3647.003	3657.576	3644.462	3653.945	9009	0	160
2025.09.19	08:00:00	3653.874	3656.570	3649.553	3655.655	7642	0	160
2025.09.19	09:00:00	3655.614	3658.827	3655.200	3658.504	5874	0	160
2025.09.19	10:00:00	3658.558	3659.228	3655.042	3655.841	5094	0	160
2025.09.19	11:00:00	3655.799	3655.911	3645.676	3648.392	8318	0	160
2025.09.19	12:00:00	3648.421	3651.900	3644.590	3649.286	10354	0	160
2025.09.19	13:00:00	3649.242	3664.365	3643.763	3663.291	16556	0	160
2025.09.19	14:00:00	3663.279	3669.296	3656.376	3666.994	15548	0	160
2025.09.19	15:00:00	3667.030	3676.032	3665.274	3670.811	12867	0	160
2025.09.19	16:00:00	3670.710	3673.260	3666.602	3668.310	7812	0	160
2025.09.19	17:00:00	3668.273	3679.481	3668.090	3678.604	7374	0	160
2025.09.19	18:00:00	3678.595	3684.127	3678.192	3683.612	6325	0	160
2025.09.19	19:00:00	3683.653	3685.203	3681.302	3684.444	5662	0	160
2025.09.19	20:00:00	3684.353	3685.053	3680.846	3684.861	4004	0	160
2025.09.21	22:00:00	3687.969	3692.290	3683.776	3688.350	6382	0	160
2025.09.21	23:00:00	3688.353	3690.595	3685.725	3686.253	5600	0	160
2025.09.22	00:00:00	3686.263	3691.008	3685.678	3690.774	7327	0	160
2025.09.22	01:00:00	3690.737	3696.970	3686.689	3689.369	15951	0	160
2025.09.22	02:00:00	3689.348	3693.326	3685.466	3686.374	8855	0	160
2025.09.22	03:00:00	3686.332	3697.484	3685.885	3695.448	7420	0	160
2025.09.22	04:00:00	3695.419	3695.949	3690.108	3692.208	5217	0	160
2025.09.22	05:00:00	3692.202	3700.356	3691.765	3697.020	7025	0	160
2025.09.22	06:00:00	3697.054	3719.857	3695.467	3714.436	13668	0	160
2025.09.22	07:00:00	3714.360	3716.291	3708.584	3713.226	12120	0	160
2025.09.22	08:00:00	3713.193	3722.578	3712.314	3720.403	9002	0	160
2025.09.22	09:00:00	3720.448	3726.703	3719.268	3723.184	8192	0	160
2025.09.22	10:00:00	3723.265	3728.318	3721.093	3727.456	7854	0	160
2025.09.22	11:00:00	3727.418	3728.278	3721.211	3724.606	8698	0	160
2025.09.22	12:00:00	3724.643	3725.558	3712.030	3721.574	14397	0	160
2025.09.22	13:00:00	3721.620	3725.582	3713.732	3722.392	24169	0	160
2025.09.22	14:00:00	3722.317	3726.373	3716.771	3725.790	17375	0	160
2025.09.22	15:00:00	3725.830	3736.395	3723.511	3736.150	11045	0	160
2025.09.22	16:00:00	3736.109	3739.644	3735.201	3737.058	8446	0	160
2025.09.22	17:00:00	3737.104	3747.270	3737.104	3746.594	7604	0	160
2025.09.22	18:00:00	3746.560	3748.043	3744.621	3747.659	5521	0	160
2025.09.22	19:00:00	3747.608	3748.793	3742.433	3747.626	6322	0	160
2025.09.22	20:00:00	3747.592	3748.621	3745.480	3746.967	3646	0	160
2025.09.22	22:00:00	3746.503	3747.717	3738.273	3739.950	4613	0	160
2025.09.22	23:00:00	3740.037	3749.254	3738.959	3747.763	6935	0	160
2025.09.23	00:00:00	3747.797	3750.774	3744.867	3747.112	7609	0	160
2025.09.23	01:00:00	3747.167	3759.305	3745.665	3754.576	16003	0	160
2025.09.23	02:00:00	3754.615	3755.467	3736.722	3741.719	16377	0	160
2025.09.23	03:00:00	3741.680	3747.144	3739.004	3746.477	8647	0	160
2025.09.23	04:00:00	3746.489	3747.519	3743.065	3744.761	5804	0	160
2025.09.23	05:00:00	3744.725	3758.769	3743.229	3753.178	9256	0	160
2025.09.23	06:00:00	3753.145	3757.453	3751.287	3753.941	10998	0	160
2025.09.23	07:00:00	3753.912	3757.423	3748.896	3753.435	10191	0	160
2025.09.23	08:00:00	3753.329	3775.166	3752.965	3774.227	11836	0	160
2025.09.23	09:00:00	3774.281	3791.084	3774.182	3784.793	16065	0	160
2025.09.23	10:00:00	3784.839	3787.865	3780.824	3783.005	9166	0	160
2025.09.23	11:00:00	3783.030	3788.811	3779.670	3783.475	11311	0	160
2025.09.23	12:00:00	3783.520	3785.427	3777.352	3784.309	12785	0	160
2025.09.23	13:00:00	3784.345	3788.815	3774.265	3783.925	22796	0	160
2025.09.23	14:00:00	3783.870	3784.981	3767.654	3773.966	21399	0	160
2025.09.23	15:00:00	3774.005	3782.021	3772.771	3779.338	11416	0	160
2025.09.23	16:00:00	3779.382	3781.985	3765.035	3779.265	16108	0	160
2025.09.23	17:00:00	3779.283	3785.704	3775.704	3777.396	11943	0	160
2025.09.23	18:00:00	3777.436	3781.394	3756.209	3756.775	13733	0	160
2025.09.23	19:00:00	3756.735	3768.193	3751.856	3764.280	20455	0	160
2025.09.23	20:00:00	3764.251	3767.424	3762.489	3763.891	4987	0	160
2025.09.23	22:00:00	3766.672	3767.597	3761.561	3765.394	3626	0	160
2025.09.23	23:00:00	3765.456	3770.177	3761.894	3763.836	6196	0	160
2025.09.24	00:00:00	3763.822	3765.622	3758.844	3765.198	8642	0	160
2025.09.24	01:00:00	3765.207	3771.839	3755.015	3756.596	16569	0	160
2025.09.24	02:00:00	3756.557	3759.299	3750.597	3757.101	9584	0	160
2025.09.24	03:00:00	3757.125	3766.549	3752.271	3765.454	8641	0	160
2025.09.24	04:00:00	3765.422	3768.320	3763.218	3768.212	6062	0	160
2025.09.24	05:00:00	3768.166	3777.039	3767.834	3774.914	7835	0	160
2025.09.24	06:00:00	3774.956	3776.114	3769.045	3771.182	9267	0	160
2025.09.24	07:00:00	3771.250	3779.257	3770.622	3777.358	8184	0	160
2025.09.24	08:00:00	3777.391	3777.750	3766.964	3770.132	7599	0	160
2025.09.24	09:00:00	3770.069	3771.778	3763.090	3768.526	7758	0	160
2025.09.24	10:00:00	3768.413	3768.735	3759.764	3762.156	7711	0	160
2025.09.24	11:00:00	3762.189	3769.545	3759.629	3768.903	7453	0	160
2025.09.24	12:00:00	3768.958	3771.475	3763.928	3768.024	12514	0	160
2025.09.24	13:00:00	3767.999	3773.015	3759.055	3761.311	18247	0	160
2025.09.24	14:00:00	3761.319	3765.055	3749.359	3752.737	21259	0	160
2025.09.24	15:00:00	3752.763	3756.584	3739.614	3741.114	17037	0	160
2025.09.24	16:00:00	3741.151	3745.225	3732.199	3735.747	16208	0	160
2025.09.24	17:00:00	3735.778	3738.757	3732.317	3733.228	8727	0	160
2025.09.24	18:00:00	3733.186	3733.976	3722.702	3724.381	8986	0	160
2025.09.24	19:00:00	3724.406	3731.888	3717.427	3730.032	10209	0	160
2025.09.24	20:00:00	3730.098	3737.499	3729.941	3736.431	3866	0	160
2025.09.24	22:00:00	3739.494	3745.319	3738.898	3741.040	5043	0	160
2025.09.24	23:00:00	3741.022	3745.269	3739.023	3742.920	5019	0	160
2025.09.25	00:00:00	3742.990	3751.539	3741.378	3749.019	9530	0	160
2025.09.25	01:00:00	3748.987	3750.497	3732.852	3736.086	13518	0	160
2025.09.25	02:00:00	3735.979	3742.455	3729.422	3739.591	10747	0	160
2025.09.25	03:00:00	3739.550	3739.692	3734.341	3736.578	7445	0	160
2025.09.25	04:00:00	3736.581	3740.726	3731.730	3738.097	6274	0	160
2025.09.25	05:00:00	3738.067	3741.316	3734.108	3738.719	8163	0	160
2025.09.25	06:00:00	3738.768	3748.362	3737.712	3741.037	10328	0	160
2025.09.25	07:00:00	3741.074	3755.001	3740.002	3752.214	11831	0	160
2025.09.25	08:00:00	3752.173	3761.648	3751.129	3756.374	13553	0	160
2025.09.25	09:00:00	3756.396	3761.302	3750.386	3756.971	10314	0	160
2025.09.25	10:00:00	3756.982	3760.911	3755.584	3757.179	7867	0	160
2025.09.25	11:00:00	3757.221	3757.649	3741.100	3753.056	14149	0	160
2025.09.25	12:00:00	3753.018	3755.951	3730.542	3738.812	25380	0	160
2025.09.25	13:00:00	3738.836	3745.555	3721.931	3733.715	33779	0	160
2025.09.25	14:00:00	3733.768	3736.413	3723.567	3731.539	22988	0	160
2025.09.25	15:00:00	3731.561	3738.799	3727.916	3735.828	14656	0	160
2025.09.25	16:00:00	3735.920	3742.723	3732.664	3733.748	10427	0	160
2025.09.25	17:00:00	3733.713	3744.210	3732.355	3741.826	12222	0	160
2025.09.25	18:00:00	3741.864	3758.296	3736.518	3755.190	12342	0	160
2025.09.25	19:00:00	3755.165	3756.724	3744.647	3746.523	10482	0	160
2025.09.25	20:00:00	3746.560	3752.498	3745.975	3749.696	4674	0	160
2025.09.25	22:00:00	3748.251	3751.594	3746.311	3748.845	4760	0	160
2025.09.25	23:00:00	3748.786	3749.940	3738.051	3744.717	8553	0	160
2025.09.26	00:00:00	3744.676	3749.597	3740.194	3749.534	10918	0	160
2025.09.26	01:00:00	3749.639	3753.344	3737.715	3738.969	14050	0	160
2025.09.26	02:00:00	3739.017	3742.852	3737.603	3738.419	8221	0	160
2025.09.26	03:00:00	3738.455	3746.092	3734.464	3745.435	6875	0	160
2025.09.26	04:00:00	3745.474	3747.768	3744.648	3747.724	5118	0	160
2025.09.26	05:00:00	3747.609	3749.701	3741.920	3742.110	6023	0	160
2025.09.26	06:00:00	3742.061	3754.165	3741.492	3743.660	12734	0	160
2025.09.26	07:00:00	3743.608	3749.561	3739.207	3747.971	10348	0	160
2025.09.26	08:00:00	3747.991	3755.206	3747.025	3752.956	7994	0	160
2025.09.26	09:00:00	3752.914	3754.455	3747.225	3751.509	6892	0	160
2025.09.26	10:00:00	3751.527	3755.015	3742.903	3744.650	7366	0	160
2025.09.26	11:00:00	3744.646	3752.920	3744.416	3748.706	7529	0	160
2025.09.26	12:00:00	3748.662	3757.458	3746.530	3752.048	15810	0	160
2025.09.26	13:00:00	3752.092	3766.361	3751.304	3761.906	27116	0	160
2025.09.26	14:00:00	3761.846	3783.850	3761.571	3778.842	25337	0	160
2025.09.26	15:00:00	3778.835	3780.927	3772.974	3780.373	13764	0	160
2025.09.26	16:00:00	3780.332	3781.275	3771.419	3774.202	12469	0	160
2025.09.26	17:00:00	3774.193	3783.128	3774.032	3782.873	9330	0	160
2025.09.26	18:00:00	3782.908	3783.204	3774.610	3778.558	8603	0	160
2025.09.26	19:00:00	3778.550	3778.550	3764.617	3766.731	11793	0	160
2025.09.26	20:00:00	3766.762	3769.530	3760.050	3761.041	6541	0	160
2025.09.28	22:00:00	3764.718	3770.994	3763.347	3770.583	6585	0	160
2025.09.28	23:00:00	3770.487	3772.495	3766.297	3766.899	6310	0	160
2025.09.29	00:00:00	3766.858	3787.481	3763.935	3787.103	12812	0	160
2025.09.29	01:00:00	3787.066	3788.780	3767.846	3778.557	31581	0	160
2025.09.29	02:00:00	3778.531	3798.870	3777.583	3792.789	18212	0	160
2025.09.29	03:00:00	3792.825	3799.436	3792.144	3794.340	11773	0	160
2025.09.29	04:00:00	3794.355	3808.838	3792.447	3805.003	10638	0	160
2025.09.29	05:00:00	3804.974	3814.491	3801.306	3813.565	16850	0	160
2025.09.29	06:00:00	3813.682	3819.874	3810.953	3817.400	18770	0	160
2025.09.29	07:00:00	3817.360	3819.347	3805.007	3806.343	15153	0	160
2025.09.29	08:00:00	3806.381	3819.549	3806.381	3818.762	12264	0	160
2025.09.29	09:00:00	3818.753	3819.751	3806.908	3807.605	9310	0	160
2025.09.29	10:00:00	3807.631	3818.491	3806.499	3817.856	10208	0	160
2025.09.29	11:00:00	3817.930	3831.366	3816.377	3828.934	12251	0	160
2025.09.29	12:00:00	3828.865	3830.420	3811.621	3813.800	22535	0	160
2025.09.29	13:00:00	3813.831	3828.026	3809.189	3821.404	26232	0	160
2025.09.29	14:00:00	3821.407	3830.496	3816.663	3828.108	21180	0	160
2025.09.29	15:00:00	3828.153	3833.220	3820.889	3830.351	16498	0	160
2025.09.29	16:00:00	3830.345	3833.585	3828.195	3830.274	8615	0	160
2025.09.29	17:00:00	3830.310	3832.848	3823.959	3828.918	10522	0	160
2025.09.29	18:00:00	3828.976	3830.691	3823.343	3824.581	9190	0	160
2025.09.29	19:00:00	3824.585	3829.750	3822.605	3828.754	8694	0	160
2025.09.29	20:00:00	3828.792	3834.000	3827.751	3833.974	5492	0	160
2025.09.29	22:00:00	3830.346	3833.099	3825.626	3830.688	4341	0	160
2025.09.29	23:00:00	3830.641	3833.376	3828.041	3832.835	4768	0	160
2025.09.30	00:00:00	3832.890	3840.605	3831.092	3838.946	12710	0	160
2025.09.30	01:00:00	3838.879	3850.661	3837.969	3847.940	16257	0	160
2025.09.30	02:00:00	3847.985	3852.052	3842.589	3848.006	12157	0	160
2025.09.30	03:00:00	3847.989	3867.180	3845.790	3864.772	10959	0	160
2025.09.30	04:00:00	3864.731	3867.107	3861.979	3867.088	7158	0	160
2025.09.30	05:00:00	3867.046	3870.416	3862.562	3869.700	11308	0	160
2025.09.30	06:00:00	3869.787	3871.700	3854.858	3855.720	15559	0	160
2025.09.30	07:00:00	3855.767	3859.344	3839.471	3843.811	19015	0	160
2025.09.30	08:00:00	3843.843	3847.172	3807.567	3816.341	34235	0	160
2025.09.30	09:00:00	3816.366	3821.543	3793.113	3798.783	29531	0	160
2025.09.30	10:00:00	3798.749	3814.577	3798.202	3812.125	14971	0	160
2025.09.30	11:00:00	3812.012	3817.833	3804.313	3815.189	14235	0	160
2025.09.30	12:00:00	3815.128	3821.623	3808.828	3819.400	19172	0	160
2025.09.30	13:00:00	3819.357	3829.967	3811.486	3824.163	24685	0	160
2025.09.30	14:00:00	3824.032	3854.543	3820.381	3854.076	29061	0	160
2025.09.30	15:00:00	3854.030	3854.255	3831.177	3839.035	28791	0	160
2025.09.30	16:00:00	3839.001	3847.949	3837.779	3845.911	12646	0	160
2025.09.30	17:00:00	3845.950	3849.311	3842.655	3844.106	9726	0	160
2025.09.30	18:00:00	3844.094	3848.983	3839.656	3847.902	7785	0	160
2025.09.30	19:00:00	3847.933	3860.808	3847.115	3859.050	7853	0	160
2025.09.30	20:00:00	3859.090	3860.108	3850.714	3858.857	8105	0	160
2025.09.30	22:00:00	3857.224	3861.403	3854.640	3860.002	6962	0	160
2025.09.30	23:00:00	3860.046	3863.062	3860.046	3862.927	4689	0	160
2025.10.01	00:00:00	3862.940	3865.365	3858.560	3860.594	7695	0	160
2025.10.01	01:00:00	3860.495	3869.029	3859.018	3868.905	8500	0	160
2025.10.01	02:00:00	3868.859	3875.562	3858.013	3863.374	14996	0	160
2025.10.01	03:00:00	3863.274	3866.372	3855.514	3862.027	12161	0	160
2025.10.01	04:00:00	3862.001	3865.023	3857.379	3864.930	8347	0	160
2025.10.01	05:00:00	3864.915	3869.876	3862.050	3863.517	10420	0	160
2025.10.01	06:00:00	3863.463	3864.902	3853.334	3859.107	12913	0	160
2025.10.01	07:00:00	3859.180	3879.880	3858.935	3879.199	13339	0	160
2025.10.01	08:00:00	3879.237	3895.356	3879.002	3892.901	16511	0	160
2025.10.01	09:00:00	3892.921	3895.235	3883.602	3888.986	11939	0	160
2025.10.01	10:00:00	3889.008	3889.613	3885.145	3887.524	9810	0	160
2025.10.01	11:00:00	3887.635	3888.449	3878.059	3883.512	10442	0	160
2025.10.01	12:00:00	3883.621	3891.122	3864.487	3870.377	30007	0	160
2025.10.01	13:00:00	3870.407	3877.199	3863.693	3872.974	28791	0	160
2025.10.01	14:00:00	3872.906	3878.806	3856.165	3873.036	33756	0	160
2025.10.01	15:00:00	3872.989	3876.800	3858.040	3868.424	27946	0	160
2025.10.01	16:00:00	3868.393	3871.554	3860.716	3870.869	11604	0	160
2025.10.01	17:00:00	3870.841	3871.886	3860.643	3860.847	9249	0	160
2025.10.01	18:00:00	3860.842	3866.319	3854.868	3862.126	14231	0	160
2025.10.01	19:00:00	3862.123	3871.001	3861.305	3867.767	9559	0	160
2025.10.01	20:00:00	3867.731	3867.883	3860.262	3864.607	6136	0	160
2025.10.01	22:00:00	3867.707	3867.766	3858.612	3862.103	5795	0	160
2025.10.01	23:00:00	3862.065	3866.616	3857.474	3863.518	8183	0	160
2025.10.02	00:00:00	3863.475	3863.781	3855.925	3856.078	10551	0	160
2025.10.02	01:00:00	3856.042	3865.165	3852.832	3865.041	10691	0	160
2025.10.02	02:00:00	3865.080	3870.021	3861.572	3866.197	9021	0	160
2025.10.02	03:00:00	3866.157	3869.416	3863.920	3866.587	6131	0	160
2025.10.02	04:00:00	3866.587	3867.714	3861.799	3864.164	4506	0	160
2025.10.02	05:00:00	3864.237	3871.354	3864.179	3867.739	6691	0	160
2025.10.02	06:00:00	3867.830	3874.290	3862.059	3864.211	9610	0	160
2025.10.02	07:00:00	3864.167	3874.894	3861.697	3868.558	14228	0	160
2025.10.02	08:00:00	3868.459	3878.719	3864.587	3874.634	10321	0	160
2025.10.02	09:00:00	3874.594	3879.796	3873.352	3879.118	8849	0	160
2025.10.02	10:00:00	3879.108	3883.784	3875.729	3881.722	8000	0	160
2025.10.02	11:00:00	3881.769	3886.683	3879.752	3886.313	8658	0	160
2025.10.02	12:00:00	3886.277	3892.014	3880.051	3884.458	16881	0	160
2025.10.02	13:00:00	3884.524	3897.154	3873.453	3875.233	27321	0	160
2025.10.02	14:00:00	3875.289	3876.852	3825.281	3839.932	50906	0	160
2025.10.02	15:00:00	3839.830	3844.817	3819.335	3828.364	41536	0	160
2025.10.02	16:00:00	3828.316	3845.339	3827.173	3844.819	23333	0	160
2025.10.02	17:00:00	3844.856	3847.933	3840.611	3844.287	14646	0	160
2025.10.02	18:00:00	3844.288	3851.560	3843.404	3850.866	7881	0	160
2025.10.02	19:00:00	3850.901	3859.104	3850.484	3855.554	9610	0	160
2025.10.02	20:00:00	3855.603	3859.353	3853.517	3855.423	4651	0	160
2025.10.02	22:00:00	3856.811	3858.495	3852.146	3857.118	4743	0	160
2025.10.02	23:00:00	3857.074	3863.804	3856.816	3862.410	5205	0	160
2025.10.03	00:00:00	3862.365	3862.779	3856.395	3856.949	8559	0	160
2025.10.03	01:00:00	3856.906	3862.622	3847.306	3858.458	14603	0	160
2025.10.03	02:00:00	3858.424	3859.107	3847.620	3848.159	8606	0	160
2025.10.03	03:00:00	3848.129	3850.975	3838.019	3842.757	13223	0	160
2025.10.03	04:00:00	3842.711	3848.294	3841.608	3843.951	7783	0	160
2025.10.03	05:00:00	3843.970	3859.214	3843.836	3855.053	10845	0	160
2025.10.03	06:00:00	3855.015	3861.014	3850.842	3859.182	10383	0	160
2025.10.03	07:00:00	3859.168	3865.313	3856.972	3864.228	8565	0	160
2025.10.03	08:00:00	3864.196	3865.705	3860.168	3864.755	7354	0	160
2025.10.03	09:00:00	3864.735	3864.946	3856.834	3864.218	7101	0	160
2025.10.03	10:00:00	3864.221	3867.702	3862.072	3865.886	8926	0	160
2025.10.03	11:00:00	3865.866	3867.140	3854.689	3862.112	12540	0	160
2025.10.03	12:00:00	3862.141	3874.961	3860.448	3873.788	13804	0	160
2025.10.03	13:00:00	3873.897	3890.661	3869.998	3882.551	26942	0	160
2025.10.03	14:00:00	3882.607	3885.969	3866.235	3879.616	35908	0	160
2025.10.03	15:00:00	3879.585	3891.669	3873.882	3889.440	19627	0	160
2025.10.03	16:00:00	3889.474	3889.788	3880.480	3883.629	13122	0	160
2025.10.03	17:00:00	3883.676	3886.016	3876.883	3881.955	13751	0	160
2025.10.03	18:00:00	3882.021	3889.184	3879.920	3886.012	11073	0	160
2025.10.03	19:00:00	3886.070	3889.136	3883.509	3885.568	9084	0	160
2025.10.03	20:00:00	3885.537	3887.228	3882.845	3887.045	4690	0	160
2025.10.05	22:00:00	3888.624	3903.900	3884.034	3899.560	9952	0	160
2025.10.05	23:00:00	3899.787	3920.986	3898.418	3909.450	25207	0	160
2025.10.06	00:00:00	3909.487	3910.085	3898.937	3900.397	18342	0	160
2025.10.06	01:00:00	3900.435	3918.338	3899.673	3917.905	12851	0	160
2025.10.06	02:00:00	3917.975	3924.652	3917.537	3921.013	12230	0	160
2025.10.06	03:00:00	3920.964	3932.041	3919.861	3929.569	11492	0	160
2025.10.06	04:00:00	3929.584	3940.343	3928.730	3938.731	13251	0	160
2025.10.06	05:00:00	3938.698	3945.205	3927.364	3932.657	18301	0	160
2025.10.06	06:00:00	3932.744	3934.826	3922.377	3934.292	18648	0	160
2025.10.06	07:00:00	3934.321	3943.894	3929.272	3941.617	20697	0	160
2025.10.06	08:00:00	3941.651	3949.640	3935.409	3942.470	18074	0	160
2025.10.06	09:00:00	3942.443	3944.993	3936.535	3942.334	11904	0	160
2025.10.06	10:00:00	3942.367	3946.806	3932.551	3942.229	14436	0	160
2025.10.06	11:00:00	3942.113	3942.787	3930.997	3938.294	17350	0	160
2025.10.06	12:00:00	3938.256	3941.358	3926.472	3934.202	29093	0	160
2025.10.06	13:00:00	3934.227	3947.225	3927.142	3944.569	29146	0	160
2025.10.06	14:00:00	3944.537	3958.896	3940.201	3954.949	26615	0	160
2025.10.06	15:00:00	3954.924	3964.106	3948.056	3962.418	18896	0	160
2025.10.06	16:00:00	3962.454	3970.010	3945.799	3954.035	24963	0	160
2025.10.06	17:00:00	3954.066	3958.936	3951.119	3957.842	13229	0	160
2025.10.06	18:00:00	3957.876	3960.611	3955.881	3958.472	7823	0	160
2025.10.06	19:00:00	3958.427	3965.004	3958.274	3959.451	8404	0	160
2025.10.06	20:00:00	3959.415	3962.490	3957.397	3961.114	5200	0	160
2025.10.06	22:00:00	3958.919	3976.198	3958.488	3963.471	15908	0	160
2025.10.06	23:00:00	3963.433	3972.570	3961.625	3969.514	10825	0	160
2025.10.07	00:00:00	3969.556	3977.475	3961.443	3962.855	16984	0	160
2025.10.07	01:00:00	3962.822	3963.750	3955.804	3958.182	15044	0	160
2025.10.07	02:00:00	3958.135	3967.017	3957.379	3964.903	8081	0	160
2025.10.07	03:00:00	3964.848	3974.622	3960.730	3973.365	9882	0	160
2025.10.07	04:00:00	3973.409	3976.921	3971.453	3975.944	7968	0	160
2025.10.07	05:00:00	3975.918	3976.780	3960.115	3964.747	16612	0	160
2025.10.07	06:00:00	3964.624	3966.320	3953.823	3955.192	14542	0	160
2025.10.07	07:00:00	3955.223	3956.165	3943.305	3945.997	25435	0	160
2025.10.07	08:00:00	3945.918	3954.045	3940.820	3951.285	17310	0	160
2025.10.07	09:00:00	3951.283	3963.524	3951.064	3955.156	12412	0	160
2025.10.07	10:00:00	3955.161	3962.877	3954.060	3960.075	9480	0	160
2025.10.07	11:00:00	3960.088	3969.161	3956.308	3967.020	10493	0	160
2025.10.07	12:00:00	3966.967	3980.159	3964.319	3979.442	18419	0	160
2025.10.07	13:00:00	3979.374	3985.661	3970.499	3979.250	25587	0	160
2025.10.07	14:00:00	3979.211	3986.655	3968.988	3985.600	27295	0	160
2025.10.07	15:00:00	3985.635	3991.059	3961.817	3966.153	32971	0	160
2025.10.07	16:00:00	3966.174	3979.520	3963.092	3976.555	23265	0	160
2025.10.07	17:00:00	3976.665	3987.710	3976.445	3980.912	15050	0	160
2025.10.07	18:00:00	3980.954	3983.908	3974.076	3980.947	14175	0	160
2025.10.07	19:00:00	3981.006	3983.302	3978.451	3980.127	9590	0	160
2025.10.07	20:00:00	3980.174	3986.505	3980.174	3984.493	4886	0	160
2025.10.07	22:00:00	3983.622	3990.686	3983.440	3989.587	4717	0	160
2025.10.07	23:00:00	3989.611	3995.936	3988.357	3994.411	6969	0	160
2025.10.08	00:00:00	3994.367	3999.248	3989.361	3992.425	12764	0	160
2025.10.08	01:00:00	3992.376	4000.841	3984.478	4000.581	16255	0	160
2025.10.08	02:00:00	4000.535	4011.713	3995.606	4011.629	11848	0	160
2025.10.08	03:00:00	4011.582	4016.535	4008.891	4014.641	9922	0	160
2025.10.08	04:00:00	4014.688	4027.290	4014.683	4026.730	11473	0	160
2025.10.08	05:00:00	4026.685	4037.014	4024.508	4029.110	14463	0	160
2025.10.08	06:00:00	4029.203	4033.172	4021.329	4031.575	16445	0	160
2025.10.08	07:00:00	4031.634	4039.023	4030.048	4034.200	15013	0	160
2025.10.08	08:00:00	4034.165	4040.498	4033.141	4036.247	12410	0	160
2025.10.08	09:00:00	4036.218	4049.548	4030.829	4049.239	13183	0	160
2025.10.08	10:00:00	4049.204	4049.665	4033.557	4037.132	14608	0	160
2025.10.08	11:00:00	4037.182	4038.141	4032.037	4038.007	11730	0	160
2025.10.08	12:00:00	4037.971	4046.419	4030.954	4040.056	19075	0	160
2025.10.08	13:00:00	4039.948	4049.416	4026.342	4038.117	30159	0	160
2025.10.08	14:00:00	4038.070	4049.059	4035.619	4048.136	22425	0	160
2025.10.08	15:00:00	4048.102	4050.719	4037.242	4045.664	20591	0	160
2025.10.08	16:00:00	4045.694	4059.321	4044.191	4056.500	16970	0	160
2025.10.08	17:00:00	4056.544	4058.141	4042.840	4051.268	14307	0	160
2025.10.08	18:00:00	4051.224	4053.207	4038.492	4049.827	18165	0	160
2025.10.08	19:00:00	4049.858	4054.593	4032.088	4044.942	25815	0	160
2025.10.08	20:00:00	4044.914	4046.725	4038.582	4041.764	8305	0	160
2025.10.08	22:00:00	4036.284	4038.228	4015.448	4021.407	12225	0	160
2025.10.08	23:00:00	4021.435	4021.984	4001.204	4011.688	19569	0	160
2025.10.09	00:00:00	4011.706	4028.008	4008.628	4023.037	18933	0	160
2025.10.09	01:00:00	4023.061	4036.300	4008.205	4019.764	38263	0	160
2025.10.09	02:00:00	4019.727	4021.236	4002.498	4018.578	23366	0	160
2025.10.09	03:00:00	4018.560	4029.537	4017.154	4026.783	12790	0	160
2025.10.09	04:00:00	4026.720	4041.084	4026.720	4039.021	9839	0	160
2025.10.09	05:00:00	4039.037	4043.744	4034.236	4039.776	15506	0	160
2025.10.09	06:00:00	4039.811	4041.010	4022.631	4026.100	19071	0	160
2025.10.09	07:00:00	4026.133	4032.971	4024.706	4031.582	14989	0	160
2025.10.09	08:00:00	4031.510	4040.335	4030.183	4038.203	11028	0	160
2025.10.09	09:00:00	4038.167	4042.059	4034.199	4037.488	11248	0	160
2025.10.09	10:00:00	4037.458	4044.346	4036.284	4044.219	8109	0	160
2025.10.09	11:00:00	4044.172	4046.757	4033.459	4044.488	13888	0	160
2025.10.09	12:00:00	4044.450	4053.776	4037.369	4053.367	19359	0	160
2025.10.09	13:00:00	4053.342	4057.972	4016.773	4017.276	52297	0	160
2025.10.09	14:00:00	4017.227	4029.078	4003.929	4024.195	61312	0	160
2025.10.09	15:00:00	4024.155	4028.583	4006.430	4014.637	36525	0	160
2025.10.09	16:00:00	4014.588	4021.757	3964.007	3968.612	48020	0	160
2025.10.09	17:00:00	3968.655	3974.424	3944.571	3950.140	55124	0	160
2025.10.09	18:00:00	3950.116	3968.883	3949.489	3957.338	25531	0	160
2025.10.09	19:00:00	3957.294	3982.214	3955.150	3973.033	22028	0	160
2025.10.09	20:00:00	3973.087	3979.029	3973.050	3976.053	8847	0	160
2025.10.09	22:00:00	3981.265	3981.298	3958.514	3975.332	11231	0	160
2025.10.09	23:00:00	3975.406	3990.833	3974.503	3989.932	12445	0	160
2025.10.10	00:00:00	3989.927	3994.427	3985.492	3991.074	14405	0	160
2025.10.10	01:00:00	3991.043	3992.409	3969.907	3973.275	23720	0	160
2025.10.10	02:00:00	3973.316	3986.808	3973.204	3978.670	14565	0	160
2025.10.10	03:00:00	3978.572	3979.278	3960.795	3961.963	17693	0	160
2025.10.10	04:00:00	3961.934	3966.770	3946.940	3966.375	16620	0	160
2025.10.10	05:00:00	3966.324	3977.909	3965.610	3974.815	18834	0	160
2025.10.10	06:00:00	3974.923	3976.160	3962.637	3968.410	21595	0	160
2025.10.10	07:00:00	3968.350	3976.279	3952.594	3971.948	22162	0	160
2025.10.10	08:00:00	3971.998	3994.832	3970.153	3992.036	17862	0	160
2025.10.10	09:00:00	3992.079	4006.760	3990.192	3995.720	19824	0	160
2025.10.10	10:00:00	3995.695	4000.091	3990.725	3993.963	17023	0	160
2025.10.10	11:00:00	3993.919	3999.743	3983.165	3987.181	18353	0	160
2025.10.10	12:00:00	3987.207	3993.534	3980.231	3985.702	21714	0	160
2025.10.10	13:00:00	3985.714	3998.208	3975.415	3980.873	35670	0	160
2025.10.10	14:00:00	3980.827	3994.225	3970.604	3990.132	35910	0	160
2025.10.10	15:00:00	3990.098	4022.825	3988.062	3997.977	66929	0	160
2025.10.10	16:00:00	3998.011	3998.782	3977.371	3983.316	43274	0	160
2025.10.10	17:00:00	3983.360	3992.207	3974.975	3989.844	29091	0	160
2025.10.10	18:00:00	3989.899	4009.078	3984.163	3999.062	21134	0	160
2025.10.10	19:00:00	3998.931	4021.387	3995.721	4011.206	23295	0	160
2025.10.10	20:00:00	4011.247	4020.878	4005.670	4010.399	17097	0	160
2025.10.12	22:00:00	4014.463	4045.305	4008.645	4042.325	23008	0	160
2025.10.12	23:00:00	4042.285	4060.232	4032.129	4035.147	26627	0	160
2025.10.13	00:00:00	4035.195	4059.998	4024.300	4043.878	37131	0	160
2025.10.13	01:00:00	4043.762	4054.984	4035.739	4053.025	31288	0	160
2025.10.13	02:00:00	4053.102	4055.915	4041.646	4048.050	18148	0	160
2025.10.13	03:00:00	4048.000	4056.467	4046.279	4051.909	12928	0	160
2025.10.13	04:00:00	4051.922	4059.396	4050.974	4056.316	8990	0	160
2025.10.13	05:00:00	4056.219	4078.206	4054.814	4063.659	22904	0	160
2025.10.13	06:00:00	4063.702	4073.572	4059.739	4069.542	21597	0	160
2025.10.13	07:00:00	4069.498	4077.490	4066.446	4071.176	16754	0	160
2025.10.13	08:00:00	4071.111	4079.319	4069.026	4077.813	15221	0	160
2025.10.13	09:00:00	4077.800	4079.864	4070.283	4077.331	12077	0	160
2025.10.13	10:00:00	4077.365	4085.323	4071.347	4080.975	12942	0	160
2025.10.13	11:00:00	4080.878	4084.617	4073.602	4073.986	14701	0	160
2025.10.13	12:00:00	4073.987	4085.859	4073.189	4079.554	20164	0	160
2025.10.13	13:00:00	4079.599	4095.605	4078.195	4093.982	28365	0	160
2025.10.13	14:00:00	4093.955	4103.956	4090.645	4097.364	24096	0	160
2025.10.13	15:00:00	4097.312	4107.412	4091.783	4104.946	18661	0	160
2025.10.13	16:00:00	4104.908	4117.103	4103.835	4105.753	19229	0	160
2025.10.13	17:00:00	4105.775	4115.415	4100.219	4103.905	18020	0	160
2025.10.13	18:00:00	4103.850	4107.541	4099.371	4101.730	11709	0	160
2025.10.13	19:00:00	4101.684	4110.936	4090.701	4108.639	14219	0	160
2025.10.13	20:00:00	4108.532	4112.785	4106.020	4111.336	5176	0	160
2025.10.13	22:00:00	4112.466	4115.834	4106.541	4114.935	7584	0	160
2025.10.13	23:00:00	4114.903	4132.068	4112.756	4128.045	16256	0	160
2025.10.14	00:00:00	4128.091	4130.196	4119.622	4124.551	18790	0	160
2025.10.14	01:00:00	4124.516	4149.929	4123.052	4137.283	33815	0	160
2025.10.14	02:00:00	4137.224	4149.756	4136.972	4146.070	19944	0	160
2025.10.14	03:00:00	4145.960	4166.495	4145.172	4163.373	16693	0	160
2025.10.14	04:00:00	4163.414	4170.064	4155.738	4168.037	17131	0	160
2025.10.14	05:00:00	4168.002	4179.744	4111.080	4121.145	58096	0	160
2025.10.14	06:00:00	4121.166	4133.902	4090.542	4112.120	69904	0	160
2025.10.14	07:00:00	4112.095	4127.827	4102.453	4126.283	35331	0	160
2025.10.14	08:00:00	4126.236	4145.221	4124.656	4143.981	27377	0	160
2025.10.14	09:00:00	4144.051	4144.347	4121.823	4127.456	25932	0	160
2025.10.14	10:00:00	4127.492	4144.234	4125.003	4131.785	24510	0	160
2025.10.14	11:00:00	4131.739	4137.842	4125.698	4130.511	19192	0	160
2025.10.14	12:00:00	4130.473	4134.503	4103.487	4106.476	35700	0	160
2025.10.14	13:00:00	4106.506	4129.531	4097.762	4124.097	55345	0	160
2025.10.14	14:00:00	4124.056	4137.582	4121.137	4129.088	37411	0	160
2025.10.14	15:00:00	4129.137	4142.764	4126.192	4137.989	25162	0	160
2025.10.14	16:00:00	4138.030	4155.316	4127.900	4140.455	29554	0	160
2025.10.14	17:00:00	4140.406	4153.004	4137.326	4148.060	25757	0	160
2025.10.14	18:00:00	4148.097	4152.503	4143.052	4148.180	15007	0	160
2025.10.14	19:00:00	4148.182	4150.642	4134.356	4141.606	22396	0	160
2025.10.14	20:00:00	4141.564	4146.020	4139.138	4143.662	7172	0	160
2025.10.14	22:00:00	4143.875	4163.875	4140.608	4158.416	13256	0	160
2025.10.14	23:00:00	4158.450	4167.144	4157.122	4161.613	9273	0	160
2025.10.15	00:00:00	4161.574	4169.666	4153.849	4162.576	16626	0	160
2025.10.15	01:00:00	4162.604	4186.774	4162.047	4181.641	29233	0	160
2025.10.15	02:00:00	4181.703	4184.621	4167.039	4176.378	20521	0	160
2025.10.15	03:00:00	4176.415	4190.889	4175.966	4187.051	13077	0	160
2025.10.15	04:00:00	4187.099	4187.579	4173.264	4179.758	10245	0	160
2025.10.15	05:00:00	4179.646	4193.717	4176.539	4185.969	17024	0	160
2025.10.15	06:00:00	4185.873	4200.349	4184.208	4199.350	15471	0	160
2025.10.15	07:00:00	4199.388	4209.799	4194.569	4207.690	12681	0	160
2025.10.15	08:00:00	4207.732	4218.249	4207.025	4208.095	15246	0	160
2025.10.15	09:00:00	4208.169	4212.071	4164.750	4192.554	33374	0	160
2025.10.15	10:00:00	4192.449	4206.417	4190.434	4202.555	18030	0	160
2025.10.15	11:00:00	4202.525	4204.284	4193.452	4198.736	13893	0	160
2025.10.15	12:00:00	4198.692	4202.743	4176.187	4190.504	29262	0	160
2025.10.15	13:00:00	4190.530	4198.684	4182.851	4192.199	36491	0	160
2025.10.15	14:00:00	4192.153	4212.361	4191.439	4199.899	32939	0	160
2025.10.15	15:00:00	4199.867	4203.041	4179.677	4190.267	37022	0	160
2025.10.15	16:00:00	4190.285	4199.978	4186.244	4199.098	22760	0	160
2025.10.15	17:00:00	4199.048	4199.722	4182.548	4197.937	27555	0	160
2025.10.15	18:00:00	4197.895	4204.712	4195.132	4200.571	17041	0	160
2025.10.15	19:00:00	4200.542	4213.525	4200.368	4210.372	12535	0	160
2025.10.15	20:00:00	4210.328	4212.868	4206.025	4208.270	7300	0	160
2025.10.15	22:00:00	4211.948	4215.694	4199.612	4213.234	9552	0	160
2025.10.15	23:00:00	4213.320	4215.901	4206.188	4209.458	9838	0	160
2025.10.16	00:00:00	4209.491	4227.272	4204.950	4210.631	17451	0	160
2025.10.16	01:00:00	4210.679	4232.972	4210.679	4230.194	22494	0	160
2025.10.16	02:00:00	4230.221	4239.557	4225.872	4239.461	12261	0	160
2025.10.16	03:00:00	4239.405	4242.179	4228.947	4233.816	14369	0	160
2025.10.16	04:00:00	4233.804	4239.454	4227.912	4233.559	11924	0	160
2025.10.16	05:00:00	4233.465	4234.801	4203.508	4204.951	35603	0	160
2025.10.16	06:00:00	4204.915	4227.185	4203.661	4222.844	21733	0	160
2025.10.16	07:00:00	4222.776	4233.975	4222.094	4230.593	14612	0	160
2025.10.16	08:00:00	4230.521	4235.933	4228.443	4232.869	11170	0	160
2025.10.16	09:00:00	4232.903	4241.682	4222.062	4239.667	13192	0	160
2025.10.16	10:00:00	4239.639	4246.204	4234.291	4242.761	13155	0	160
2025.10.16	11:00:00	4242.802	4247.734	4239.564	4240.659	11898	0	160
2025.10.16	12:00:00	4240.703	4251.174	4227.664	4235.936	25046	0	160
2025.10.16	13:00:00	4235.950	4258.793	4234.754	4246.407	32866	0	160
2025.10.16	14:00:00	4246.383	4267.638	4245.393	4263.220	30110	0	160
2025.10.16	15:00:00	4263.261	4276.073	4260.830	4273.385	22793	0	160
2025.10.16	16:00:00	4273.438	4291.937	4261.316	4282.611	50238	0	160
2025.10.16	17:00:00	4282.579	4298.709	4280.062	4293.827	30567	0	160
2025.10.16	18:00:00	4293.796	4294.975	4273.390	4291.108	30475	0	160
2025.10.16	19:00:00	4291.049	4313.043	4287.719	4307.326	22262	0	160
2025.10.16	20:00:00	4307.373	4330.533	4307.373	4329.323	15550	0	160
2025.10.16	22:00:00	4345.115	4380.074	4332.624	4346.788	33629	0	160
2025.10.16	23:00:00	4346.812	4379.168	4341.849	4365.805	26894	0	160
2025.10.17	00:00:00	4365.763	4371.673	4353.488	4358.268	28160	0	160
2025.10.17	01:00:00	4358.303	4362.220	4278.793	4314.085	81993	0	160
2025.10.17	02:00:00	4314.012	4348.533	4312.218	4342.454	43248	0	160
2025.10.17	03:00:00	4342.504	4366.815	4338.707	4366.766	22972	0	160
2025.10.17	04:00:00	4366.703	4377.169	4355.105	4376.318	22251	0	160
2025.10.17	05:00:00	4376.281	4378.578	4342.105	4365.587	32587	0	160
2025.10.17	06:00:00	4365.630	4369.599	4346.810	4360.029	36469	0	160
2025.10.17	07:00:00	4360.067	4361.948	4309.025	4342.299	53350	0	160
2025.10.17	08:00:00	4342.408	4349.778	4321.101	4347.800	41168	0	160
2025.10.17	09:00:00	4347.753	4348.535	4332.263	4340.238	22713	0	160
2025.10.17	10:00:00	4340.196	4342.141	4319.538	4327.664	29120	0	160
2025.10.17	11:00:00	4327.628	4336.003	4286.685	4287.115	50221	0	160
2025.10.17	12:00:00	4287.178	4320.263	4283.516	4314.447	50282	0	160
2025.10.17	13:00:00	4314.485	4317.803	4258.315	4273.920	88492	0	160
2025.10.17	14:00:00	4273.883	4274.643	4216.823	4248.889	118636	0	160
2025.10.17	15:00:00	4248.951	4259.404	4230.971	4237.478	52490	0	160
2025.10.17	16:00:00	4237.540	4244.943	4200.886	4205.005	62913	0	160
2025.10.17	17:00:00	4205.033	4228.424	4186.194	4221.176	58459	0	160
2025.10.17	18:00:00	4221.212	4244.708	4218.119	4235.715	34992	0	160
2025.10.17	19:00:00	4235.626	4237.851	4212.620	4225.936	31266	0	160
2025.10.17	20:00:00	4225.895	4252.702	4220.102	4250.936	21072	0	160
2025.10.19	22:00:00	4264.629	4268.301	4245.444	4255.790	21741	0	160
2025.10.19	23:00:00	4255.758	4256.409	4233.246	4237.893	19177	0	160
2025.10.20	00:00:00	4237.865	4250.797	4218.931	4249.458	34548	0	160
2025.10.20	01:00:00	4249.406	4268.979	4229.569	4262.393	45375	0	160
2025.10.20	02:00:00	4262.444	4271.286	4253.389	4255.797	24438	0	160
2025.10.20	03:00:00	4255.821	4265.374	4248.719	4264.725	18465	0	160
2025.10.20	04:00:00	4264.681	4268.282	4260.377	4266.338	11468	0	160
2025.10.20	05:00:00	4266.235	4266.786	4239.782	4239.968	27960	0	160
2025.10.20	06:00:00	4240.003	4245.787	4221.442	4236.327	36041	0	160
2025.10.20	07:00:00	4236.261	4260.954	4234.778	4255.173	22673	0	160
2025.10.20	08:00:00	4255.137	4266.180	4252.290	4258.671	17821	0	160
2025.10.20	09:00:00	4258.706	4263.693	4250.321	4260.690	15015	0	160
2025.10.20	10:00:00	4260.652	4260.895	4245.621	4254.885	18270	0	160
2025.10.20	11:00:00	4254.846	4279.738	4250.858	4279.281	15721	0	160
2025.10.20	12:00:00	4279.241	4327.141	4272.727	4323.592	42888	0	160
2025.10.20	13:00:00	4323.638	4325.198	4299.445	4300.895	54206	0	160
2025.10.20	14:00:00	4300.862	4334.775	4292.608	4332.303	42816	0	160
2025.10.20	15:00:00	4332.250	4355.781	4332.250	4349.215	30748	0	160
2025.10.20	16:00:00	4349.180	4350.840	4342.655	4347.872	19887	0	160
2025.10.20	17:00:00	4347.838	4351.148	4337.366	4347.561	19905	0	160
2025.10.20	18:00:00	4347.600	4364.610	4344.535	4359.427	17759	0	160
2025.10.20	19:00:00	4359.463	4381.580	4359.211	4378.166	17712	0	160
2025.10.20	20:00:00	4378.211	4380.084	4346.475	4356.065	23618	0	160
2025.10.20	22:00:00	4364.452	4375.487	4357.543	4367.465	17850	0	160
2025.10.20	23:00:00	4367.540	4371.660	4356.602	4360.492	12580	0	160
2025.10.21	00:00:00	4360.442	4371.140	4356.143	4368.835	20120	0	160
2025.10.21	01:00:00	4368.790	4372.296	4332.867	4350.796	36202	0	160
2025.10.21	02:00:00	4350.860	4355.422	4335.163	4338.833	26770	0	160
2025.10.21	03:00:00	4338.872	4350.828	4337.851	4346.556	13857	0	160
2025.10.21	04:00:00	4346.596	4347.039	4337.165	4341.941	10484	0	160
2025.10.21	05:00:00	4341.946	4344.254	4317.151	4323.315	25589	0	160
2025.10.21	06:00:00	4323.285	4344.314	4317.169	4343.203	21920	0	160
2025.10.21	07:00:00	4343.227	4343.246	4293.421	4298.449	42294	0	160
2025.10.21	08:00:00	4298.422	4301.786	4244.728	4273.899	67307	0	160
2025.10.21	09:00:00	4273.933	4278.089	4254.600	4265.136	32116	0	160
2025.10.21	10:00:00	4265.170	4266.508	4249.266	4253.766	27037	0	160
2025.10.21	11:00:00	4253.740	4272.444	4245.513	4253.325	25181	0	160
2025.10.21	12:00:00	4253.353	4257.511	4205.788	4211.051	61301	0	160
2025.10.21	13:00:00	4211.104	4225.438	4167.546	4174.072	93124	0	160
2025.10.21	14:00:00	4174.028	4188.475	4080.817	4138.930	124680	0	160
2025.10.21	15:00:00	4138.867	4150.621	4120.016	4138.534	69918	0	160
2025.10.21	16:00:00	4138.576	4143.856	4101.352	4113.475	52130	0	160
2025.10.21	17:00:00	4113.579	4120.268	4093.562	4111.230	49244	0	160
2025.10.21	18:00:00	4111.195	4125.845	4106.379	4114.820	25981	0	160
2025.10.21	19:00:00	4114.884	4122.187	4100.376	4108.770	29343	0	160
2025.10.21	20:00:00	4108.820	4130.976	4105.999	4125.337	15627	0	160
2025.10.21	22:00:00	4132.096	4132.322	4113.797	4123.321	15161	0	160
2025.10.21	23:00:00	4123.349	4127.882	4090.142	4093.165	19136	0	160
2025.10.22	00:00:00	4093.182	4094.052	4004.185	4075.132	112407	0	160
2025.10.22	01:00:00	4075.165	4121.127	4064.368	4087.177	67388	0	160
2025.10.22	02:00:00	4087.217	4117.877	4087.217	4114.959	27244	0	160
2025.10.22	03:00:00	4115.057	4143.143	4107.312	4128.674	25169	0	160
2025.10.22	04:00:00	4128.682	4133.471	4107.536	4128.173	20327	0	160
2025.10.22	05:00:00	4128.210	4147.036	4126.424	4135.121	23318	0	160
2025.10.22	06:00:00	4135.068	4161.360	4127.694	4155.708	24202	0	160
2025.10.22	07:00:00	4155.667	4156.416	4129.293	4132.901	38728	0	160
2025.10.22	08:00:00	4132.863	4135.863	4058.578	4070.631	74410	0	160
2025.10.22	09:00:00	4070.588	4101.828	4061.553	4069.534	48985	0	160
2025.10.22	10:00:00	4069.522	4090.887	4023.736	4035.140	46453	0	160
2025.10.22	11:00:00	4035.165	4045.031	4015.047	4027.778	57622	0	160
2025.10.22	12:00:00	4027.805	4053.495	4023.053	4033.849	51699	0	160
2025.10.22	13:00:00	4033.885	4085.272	4033.417	4075.941	69960	0	160
2025.10.22	14:00:00	4075.900	4078.384	4010.942	4015.041	66524	0	160
2025.10.22	15:00:00	4014.994	4047.398	4014.775	4037.089	52270	0	160
2025.10.22	16:00:00	4037.043	4064.265	4023.139	4059.221	50054	0	160
2025.10.22	17:00:00	4059.185	4071.160	4043.944	4069.951	41149	0	160
2025.10.22	18:00:00	4070.005	4081.545	4066.557	4076.727	20301	0	160
2025.10.22	19:00:00	4076.707	4113.704	4076.544	4102.378	31715	0	160
2025.10.22	20:00:00	4102.333	4107.299	4088.506	4098.347	15127	0	160
2025.10.22	22:00:00	4106.302	4116.471	4092.202	4102.050	19440	0	160
2025.10.22	23:00:00	4102.076	4104.798	4080.517	4087.666	20500	0	160
2025.10.23	00:00:00	4087.709	4096.868	4065.957	4081.825	33124	0	160
2025.10.23	01:00:00	4081.866	4092.824	4071.787	4073.297	30875	0	160
2025.10.23	02:00:00	4073.322	4085.463	4072.192	4082.552	20044	0	160
2025.10.23	03:00:00	4082.506	4100.761	4077.742	4091.173	16743	0	160
2025.10.23	04:00:00	4091.195	4093.025	4079.656	4089.702	12152	0	160
2025.10.23	05:00:00	4089.675	4110.517	4083.866	4110.266	18344	0	160
2025.10.23	06:00:00	4110.224	4137.712	4110.089	4113.630	39594	0	160
2025.10.23	07:00:00	4113.583	4121.300	4091.793	4094.256	29915	0	160
2025.10.23	08:00:00	4094.318	4119.027	4094.318	4116.135	25338	0	160
2025.10.23	09:00:00	4116.178	4125.442	4111.167	4124.415	19517	0	160
2025.10.23	10:00:00	4124.373	4125.251	4101.720	4108.833	24763	0	160
2025.10.23	11:00:00	4108.879	4121.002	4107.654	4109.614	23554	0	160
2025.10.23	12:00:00	4109.581	4129.402	4100.140	4127.175	26121	0	160
2025.10.23	13:00:00	4127.216	4151.129	4125.784	4144.946	46478	0	160
2025.10.23	14:00:00	4144.905	4154.670	4135.985	4148.258	36617	0	160
2025.10.23	15:00:00	4148.265	4151.888	4137.135	4141.845	24057	0	160
2025.10.23	16:00:00	4141.816	4148.643	4125.451	4133.022	22082	0	160
2025.10.23	17:00:00	4132.976	4139.219	4124.777	4137.659	20269	0	160
2025.10.23	18:00:00	4137.661	4143.459	4133.150	4135.982	13451	0	160
2025.10.23	19:00:00	4136.016	4138.225	4116.452	4118.289	17535	0	160
2025.10.23	20:00:00	4118.333	4125.967	4107.377	4125.560	12844	0	160
2025.10.23	22:00:00	4131.889	4131.915	4111.338	4116.133	10774	0	160
2025.10.23	23:00:00	4116.129	4122.968	4105.847	4121.775	9857	0	160
2025.10.24	00:00:00	4121.800	4133.713	4117.911	4132.560	14700	0	160
2025.10.24	01:00:00	4132.579	4144.291	4112.115	4118.913	26899	0	160
2025.10.24	02:00:00	4118.870	4119.057	4109.408	4109.614	18722	0	160
2025.10.24	03:00:00	4109.710	4123.550	4107.529	4122.380	12785	0	160
2025.10.24	04:00:00	4122.262	4123.344	4102.836	4111.710	14751	0	160
2025.10.24	05:00:00	4111.774	4118.011	4102.901	4104.650	14150	0	160
2025.10.24	06:00:00	4104.612	4104.856	4081.392	4092.215	28356	0	160
2025.10.24	07:00:00	4092.149	4096.016	4069.547	4074.245	24487	0	160
2025.10.24	08:00:00	4074.396	4077.862	4047.448	4065.337	32214	0	160
2025.10.24	09:00:00	4065.246	4073.618	4054.365	4060.753	19914	0	160
2025.10.24	10:00:00	4060.728	4070.902	4053.480	4054.777	15737	0	160
2025.10.24	11:00:00	4054.814	4065.572	4043.978	4061.284	21608	0	160
2025.10.24	12:00:00	4061.371	4093.731	4059.819	4082.059	37675	0	160
2025.10.24	13:00:00	4082.055	4122.324	4079.110	4106.845	61728	0	160
2025.10.24	14:00:00	4106.682	4135.165	4102.186	4117.364	45388	0	160
2025.10.24	15:00:00	4117.339	4131.922	4113.214	4130.347	28566	0	160
2025.10.24	16:00:00	4130.413	4138.622	4121.668	4129.162	22458	0	160
2025.10.24	17:00:00	4129.208	4134.371	4105.648	4107.534	23754	0	160
2025.10.24	18:00:00	4107.585	4113.625	4101.827	4110.312	20416	0	160
2025.10.24	19:00:00	4110.278	4117.399	4102.200	4103.999	15508	0	160
2025.10.24	20:00:00	4104.036	4114.079	4096.254	4113.082	9749	0	160
2025.10.26	22:00:00	4083.575	4109.217	4071.727	4081.737	27721	0	160
2025.10.26	23:00:00	4081.764	4088.452	4061.912	4064.458	22393	0	160
2025.10.27	00:00:00	4064.532	4084.192	4058.108	4081.329	21259	0	160
2025.10.27	01:00:00	4081.368	4097.810	4074.984	4081.775	30612	0	160
2025.10.27	02:00:00	4081.709	4082.158	4070.097	4071.586	18772	0	160
2025.10.27	03:00:00	4071.558	4081.909	4065.319	4069.562	14249	0	160
2025.10.27	04:00:00	4069.523	4071.856	4053.805	4068.752	17710	0	160
2025.10.27	05:00:00	4068.828	4084.540	4068.521	4079.552	14922	0	160
2025.10.27	06:00:00	4079.522	4084.782	4073.829	4078.263	17461	0	160
2025.10.27	07:00:00	4078.287	4080.028	4064.017	4068.619	14975	0	160
2025.10.27	08:00:00	4068.588	4070.534	4023.351	4043.324	28137	0	160
2025.10.27	09:00:00	4043.408	4050.309	4030.078	4039.737	31082	0	160
2025.10.27	10:00:00	4039.716	4047.861	4028.795	4037.364	20688	0	160
2025.10.27	11:00:00	4037.407	4041.448	4015.396	4023.923	28565	0	160
2025.10.27	12:00:00	4023.966	4046.553	4022.293	4045.514	27690	0	160
2025.10.27	13:00:00	4045.564	4050.275	4013.181	4021.994	49041	0	160
2025.10.27	14:00:00	4021.956	4023.383	3982.877	3987.910	68902	0	160
2025.10.27	15:00:00	3987.954	3993.532	3971.348	3989.930	44391	0	160
2025.10.27	16:00:00	3990.039	4000.444	3983.978	3999.159	22365	0	160
2025.10.27	17:00:00	3999.255	4008.853	3990.771	4006.513	21266	0	160
2025.10.27	18:00:00	4006.466	4010.147	3997.793	3999.308	17847	0	160
2025.10.27	19:00:00	3999.338	4005.704	3985.575	3990.129	22678	0	160
2025.10.27	20:00:00	3990.176	4000.309	3979.110	3982.549	13077	0	160
2025.10.27	22:00:00	3986.884	3996.476	3983.714	3989.898	10528	0	160
2025.10.27	23:00:00	3989.895	4004.562	3982.880	3998.476	13038	0	160
2025.10.28	00:00:00	3998.379	4009.746	3973.043	4006.746	19355	0	160
2025.10.28	01:00:00	4006.712	4019.767	4004.355	4011.010	24267	0	160
2025.10.28	02:00:00	4011.095	4013.993	3980.663	3983.882	24278	0	160
2025.10.28	03:00:00	3983.838	3994.414	3983.088	3992.900	13823	0	160
2025.10.28	04:00:00	3992.884	3994.255	3963.645	3973.680	21942	0	160
2025.10.28	05:00:00	3973.682	3980.217	3958.982	3966.469	24493	0	160
2025.10.28	06:00:00	3966.492	3968.627	3938.400	3942.594	25817	0	160
2025.10.28	07:00:00	3942.620	3948.559	3921.754	3932.430	29161	0	160
2025.10.28	08:00:00	3932.477	3935.894	3896.501	3897.412	37740	0	160
2025.10.28	09:00:00	3897.452	3911.022	3886.535	3904.714	32705	0	160
2025.10.28	10:00:00	3904.702	3930.741	3899.954	3926.405	24900	0	160
2025.10.28	11:00:00	3926.519	3929.977	3910.787	3923.293	23583	0	160
2025.10.28	12:00:00	3923.248	3929.875	3905.537	3912.871	24837	0	160
2025.10.28	13:00:00	3912.946	3940.445	3912.412	3938.881	43156	0	160
2025.10.28	14:00:00	3938.934	3953.977	3934.699	3949.702	30893	0	160
2025.10.28	15:00:00	3949.678	3969.611	3947.110	3964.813	23294	0	160
2025.10.28	16:00:00	3964.724	3965.409	3951.101	3958.538	27639	0	160
2025.10.28	17:00:00	3958.469	3970.422	3955.104	3962.456	20978	0	160
2025.10.28	18:00:00	3962.423	3964.096	3945.144	3956.612	18485	0	160
2025.10.28	19:00:00	3956.638	3962.858	3950.760	3960.116	18978	0	160
2025.10.28	20:00:00	3960.164	3960.968	3949.228	3952.221	9566	0	160
2025.10.28	22:00:00	3957.342	3961.198	3915.990	3934.029	23595	0	160
2025.10.28	23:00:00	3934.044	3967.841	3933.965	3964.818	15389	0	160
2025.10.29	00:00:00	3964.838	3982.250	3959.161	3975.301	20545	0	160
2025.10.29	01:00:00	3975.258	3979.730	3966.152	3973.798	23989	0	160
2025.10.29	02:00:00	3973.775	3974.537	3944.199	3961.181	22111	0	160
2025.10.29	03:00:00	3961.270	3972.238	3958.379	3963.360	15336	0	160
2025.10.29	04:00:00	3963.373	3964.926	3951.163	3952.027	14390	0	160
2025.10.29	05:00:00	3952.044	3966.401	3950.749	3962.559	18121	0	160
2025.10.29	06:00:00	3962.620	3984.966	3959.849	3978.310	17638	0	160
2025.10.29	07:00:00	3978.332	4001.586	3974.965	4001.329	20071	0	160
2025.10.29	08:00:00	4001.294	4018.454	4000.436	4016.617	19210	0	160
2025.10.29	09:00:00	4016.592	4029.650	4013.389	4024.056	18848	0	160
2025.10.29	10:00:00	4024.126	4029.706	4017.185	4023.366	17669	0	160
2025.10.29	11:00:00	4023.415	4028.678	4013.390	4016.693	19512	0	160
2025.10.29	12:00:00	4016.722	4030.262	4013.595	4025.390	20951	0	160
2025.10.29	13:00:00	4025.357	4025.491	4002.471	4012.287	32342	0	160
2025.10.29	14:00:00	4012.253	4022.445	4007.362	4008.574	24208	0	160
2025.10.29	15:00:00	4008.543	4012.122	3989.229	3992.986	26058	0	160
2025.10.29	16:00:00	3993.009	4001.026	3991.353	3992.863	15065	0	160
2025.10.29	17:00:00	3992.832	3997.836	3985.614	3994.873	14718	0	160
2025.10.29	18:00:00	3994.835	4007.501	3942.858	3969.394	79949	0	160
2025.10.29	19:00:00	3969.431	3979.737	3927.910	3945.555	54061	0	160
2025.10.29	20:00:00	3945.528	3954.231	3927.990	3928.745	19967	0	160
2025.10.29	22:00:00	3927.247	3948.447	3917.163	3941.336	20737	0	160
2025.10.29	23:00:00	3941.380	3954.044	3939.536	3952.812	13173	0	160
2025.10.30	00:00:00	3952.798	3964.254	3938.026	3950.226	21176	0	160
2025.10.30	01:00:00	3950.210	3966.389	3945.164	3948.049	27444	0	160
2025.10.30	02:00:00	3947.937	3948.246	3921.643	3921.950	26021	0	160
2025.10.30	03:00:00	3921.953	3938.252	3915.334	3938.008	17440	0	160
2025.10.30	04:00:00	3938.021	3982.403	3934.842	3972.691	28962	0	160
2025.10.30	05:00:00	3972.664	3978.446	3947.087	3963.757	28721	0	160
2025.10.30	06:00:00	3963.644	3977.177	3956.288	3976.836	24637	0	160
2025.10.30	07:00:00	3976.777	3977.241	3955.865	3961.320	19767	0	160
2025.10.30	08:00:00	3961.411	3976.795	3960.160	3976.355	18346	0	160
2025.10.30	09:00:00	3976.396	4011.825	3975.929	3998.670	26574	0	160
2025.10.30	10:00:00	3998.624	4000.997	3973.717	3984.292	22512	0	160
2025.10.30	11:00:00	3984.318	3985.026	3964.005	3974.380	21285	0	160
2025.10.30	12:00:00	3974.422	3985.603	3961.008	3961.446	28859	0	160
2025.10.30	13:00:00	3961.408	3995.367	3960.046	3995.367	40708	0	160
2025.10.30	14:00:00	3995.342	4014.838	3986.728	3996.410	48644	0	160
2025.10.30	15:00:00	3996.359	4008.469	3988.385	4001.938	26941	0	160
2025.10.30	16:00:00	4001.900	4004.078	3991.380	4001.280	18887	0	160
2025.10.30	17:00:00	4001.324	4017.955	3994.383	4004.795	16333	0	160
2025.10.30	18:00:00	4004.839	4017.781	4000.245	4016.104	16046	0	160
2025.10.30	19:00:00	4016.134	4026.044	4015.329	4023.466	16435	0	160
2025.10.30	20:00:00	4023.430	4027.454	4016.379	4024.533	9675	0	160
2025.10.30	22:00:00	4023.522	4046.422	4016.328	4037.974	13934	0	160
2025.10.30	23:00:00	4038.012	4043.024	4018.906	4036.658	18806	0	160
2025.10.31	00:00:00	4036.633	4037.127	4023.798	4025.376	16698	0	160
2025.10.31	01:00:00	4025.344	4039.294	4012.930	4018.868	24978	0	160
2025.10.31	02:00:00	4018.824	4019.234	4001.508	4011.051	26612	0	160
2025.10.31	03:00:00	4011.118	4013.982	3991.125	3996.422	21350	0	160
2025.10.31	04:00:00	3996.413	4010.639	3989.079	4005.678	15073	0	160
2025.10.31	05:00:00	4005.649	4011.353	3994.021	4005.093	20291	0	160
2025.10.31	06:00:00	4005.121	4015.115	4002.055	4013.101	19783	0	160
2025.10.31	07:00:00	4013.097	4025.306	4007.446	4021.041	19140	0	160
2025.10.31	08:00:00	4021.002	4026.871	4006.614	4010.481	18150	0	160
2025.10.31	09:00:00	4010.442	4014.320	3998.795	4008.531	16928	0	160
2025.10.31	10:00:00	4008.522	4016.816	4003.570	4007.458	14170	0	160
2025.10.31	11:00:00	4007.413	4011.227	4001.697	4010.585	13373	0	160
2025.10.31	12:00:00	4010.528	4036.257	4009.075	4023.047	20509	0	160
2025.10.31	13:00:00	4023.013	4035.292	4010.090	4016.522	33702	0	160
2025.10.31	14:00:00	4016.568	4027.332	4010.831	4020.568	27347	0	160
2025.10.31	15:00:00	4020.518	4022.759	4009.409	4012.804	26053	0	160
2025.10.31	16:00:00	4012.734	4015.188	3972.406	3980.751	47385	0	160
2025.10.31	17:00:00	3980.793	4003.636	3980.453	3997.671	25324	0	160
2025.10.31	18:00:00	3997.706	4010.142	3995.524	4000.027	15717	0	160
2025.10.31	19:00:00	4000.064	4005.602	3991.284	4001.071	15839	0	160
2025.10.31	20:00:00	4001.033	4006.709	3996.134	4001.621	7958	0	160
2025.11.02	23:00:00	3990.719	3998.970	3977.946	3980.306	17439	0	160
2025.11.03	00:00:00	3980.254	3987.806	3962.306	3970.971	22220	0	160
2025.11.03	01:00:00	3971.006	4001.846	3965.367	3995.910	30225	0	160
2025.11.03	02:00:00	3995.811	4006.557	3990.356	4004.001	18605	0	160
2025.11.03	03:00:00	4004.048	4015.527	4002.285	4011.114	16264	0	160
2025.11.03	04:00:00	4011.168	4014.519	4001.717	4003.761	12298	0	160
2025.11.03	05:00:00	4003.762	4018.693	3997.685	4014.055	14821	0	160
2025.11.03	06:00:00	4014.082	4018.783	4010.105	4017.370	13702	0	160
2025.11.03	07:00:00	4017.343	4026.084	4013.527	4025.279	15262	0	160
2025.11.03	08:00:00	4025.371	4027.835	4011.152	4019.772	18199	0	160
2025.11.03	09:00:00	4019.803	4025.981	3992.968	4000.624	24077	0	160
2025.11.03	10:00:00	4000.679	4004.816	3994.413	3998.911	17932	0	160
2025.11.03	11:00:00	3998.935	4008.639	3994.258	4007.563	14661	0	160
2025.11.03	12:00:00	4007.556	4013.543	4001.707	4013.239	14164	0	160
2025.11.03	13:00:00	4013.206	4020.632	4010.724	4015.983	24575	0	160
2025.11.03	14:00:00	4016.024	4026.141	4001.745	4022.647	27756	0	160
2025.11.03	15:00:00	4022.761	4030.646	4003.440	4008.635	36556	0	160
2025.11.03	16:00:00	4008.604	4013.492	3995.327	4008.205	22716	0	160
2025.11.03	17:00:00	4008.263	4012.059	4003.531	4006.159	13505	0	160
2025.11.03	18:00:00	4006.134	4009.649	3999.551	4006.678	11726	0	160
2025.11.03	19:00:00	4006.658	4008.212	3995.104	4004.710	14088	0	160
2025.11.03	20:00:00	4004.670	4014.932	4004.670	4010.308	9957	0	160
2025.11.03	21:00:00	4010.248	4010.248	3999.725	4000.704	5304	0	160
2025.11.03	23:00:00	4001.347	4005.895	3980.963	3997.266	13239	0	160
2025.11.04	00:00:00	3997.301	3999.269	3978.151	3986.349	17980	0	160
2025.11.04	01:00:00	3986.449	3994.530	3979.568	3987.411	20856	0	160
2025.11.04	02:00:00	3987.415	3987.415	3975.467	3986.620	20219	0	160
2025.11.04	03:00:00	3986.668	3999.348	3981.635	3994.564	14247	0	160
2025.11.04	04:00:00	3994.525	3995.231	3983.780	3985.443	12202	0	160
2025.11.04	05:00:00	3985.448	3987.147	3972.812	3973.410	17849	0	160
2025.11.04	06:00:00	3973.362	3988.033	3966.773	3985.053	20208	0	160
2025.11.04	07:00:00	3985.174	3996.438	3982.306	3993.974	16378	0	160
2025.11.04	08:00:00	3994.038	4000.711	3990.700	3996.008	16006	0	160
2025.11.04	09:00:00	3995.985	3999.421	3990.327	3991.224	14913	0	160
2025.11.04	10:00:00	3991.184	3997.523	3985.891	3993.927	14349	0	160
2025.11.04	11:00:00	3993.952	4000.173	3991.560	3995.182	9827	0	160
2025.11.04	12:00:00	3995.220	3997.576	3983.430	3984.635	13029	0	160
2025.11.04	13:00:00	3984.606	3996.045	3971.848	3975.653	23002	0	160
2025.11.04	14:00:00	3975.696	3977.735	3928.810	3956.957	45108	0	160
2025.11.04	15:00:00	3956.958	3968.055	3941.092	3956.828	28185	0	160
2025.11.04	16:00:00	3956.803	3975.778	3956.677	3968.981	20250	0	160
2025.11.04	17:00:00	3969.031	3971.009	3952.449	3955.086	18276	0	160
2025.11.04	18:00:00	3954.986	3956.858	3932.068	3937.847	22707	0	160
2025.11.04	19:00:00	3937.882	3944.104	3934.654	3937.435	17214	0	160
2025.11.04	20:00:00	3937.450	3942.073	3931.343	3938.528	15949	0	160
2025.11.04	21:00:00	3938.463	3938.582	3930.398	3932.139	5990	0	160
2025.11.04	23:00:00	3932.054	3940.555	3930.939	3934.767	9859	0	160
2025.11.05	00:00:00	3934.793	3943.076	3929.598	3939.874	16983	0	160
2025.11.05	01:00:00	3939.908	3949.453	3934.434	3937.050	21817	0	160
2025.11.05	02:00:00	3936.948	3951.046	3935.484	3948.503	15531	0	160
2025.11.05	03:00:00	3948.491	3965.358	3947.424	3960.874	11411	0	160
2025.11.05	04:00:00	3960.841	3973.709	3959.739	3970.236	9782	0	160
2025.11.05	05:00:00	3970.248	3978.556	3961.873	3964.933	13349	0	160
2025.11.05	06:00:00	3964.965	3973.594	3961.792	3966.191	14412	0	160
2025.11.05	07:00:00	3966.229	3974.807	3963.627	3972.701	11666	0	160
2025.11.05	08:00:00	3972.734	3987.091	3972.734	3979.852	15112	0	160
2025.11.05	09:00:00	3979.815	3981.302	3963.519	3971.802	12690	0	160
2025.11.05	10:00:00	3971.835	3971.835	3956.028	3964.456	13917	0	160
2025.11.05	11:00:00	3964.481	3968.883	3957.437	3966.917	10031	0	160
2025.11.05	12:00:00	3966.874	3969.910	3962.240	3969.571	9431	0	160
2025.11.05	13:00:00	3969.513	3979.533	3964.635	3975.814	18450	0	160
2025.11.05	14:00:00	3975.922	3985.562	3969.513	3973.399	24817	0	160
2025.11.05	15:00:00	3973.333	3984.502	3963.943	3978.201	24836	0	160
2025.11.05	16:00:00	3978.243	3990.543	3974.815	3986.864	16400	0	160
2025.11.05	17:00:00	3986.824	3989.659	3978.594	3981.948	11235	0	160
2025.11.05	18:00:00	3982.012	3986.018	3978.815	3982.459	8669	0	160
2025.11.05	19:00:00	3982.475	3988.914	3979.242	3987.809	7466	0	160
2025.11.05	20:00:00	3987.838	3990.243	3981.466	3983.780	7906	0	160
2025.11.05	21:00:00	3983.774	3984.941	3977.879	3979.101	4368	0	160
2025.11.05	23:00:00	3976.052	3980.142	3966.726	3973.671	11683	0	160
2025.11.06	00:00:00	3973.630	3976.173	3969.508	3976.173	9594	0	160
2025.11.06	01:00:00	3976.231	3977.358	3964.543	3976.629	15208	0	160
2025.11.06	02:00:00	3976.623	3985.259	3974.242	3983.325	10954	0	160
2025.11.06	03:00:00	3983.354	3990.439	3979.527	3987.556	8844	0	160
2025.11.06	04:00:00	3987.517	3989.841	3984.559	3988.748	6167	0	160
2025.11.06	05:00:00	3988.748	3990.925	3985.628	3987.694	9059	0	160
2025.11.06	06:00:00	3987.737	3992.930	3982.206	3991.508	10636	0	160
2025.11.06	07:00:00	3991.443	4009.645	3991.100	4005.879	13478	0	160
2025.11.06	08:00:00	4005.818	4016.818	4004.713	4014.801	12172	0	160
2025.11.06	09:00:00	4014.832	4015.246	4009.313	4011.031	9626	0	160
2025.11.06	10:00:00	4011.077	4011.178	4004.248	4008.363	8503	0	160
2025.11.06	11:00:00	4008.318	4019.609	4006.901	4018.182	9148	0	160
2025.11.06	12:00:00	4018.044	4019.551	4002.899	4005.269	9753	0	160
2025.11.06	13:00:00	4005.308	4016.145	4003.469	4012.140	14045	0	160
2025.11.06	14:00:00	4012.148	4013.794	3988.840	3993.264	28557	0	160
2025.11.06	15:00:00	3993.312	3993.716	3975.197	3980.220	32875	0	160
2025.11.06	16:00:00	3980.264	3986.224	3976.478	3980.916	20853	0	160
2025.11.06	17:00:00	3980.950	3988.153	3965.754	3986.251	21828	0	160
2025.11.06	18:00:00	3986.258	3991.049	3980.189	3987.769	13130	0	160
2025.11.06	19:00:00	3987.817	3995.281	3983.091	3985.395	10204	0	160
2025.11.06	20:00:00	3985.350	3987.277	3979.399	3980.719	14427	0	160
2025.11.06	21:00:00	3980.777	3982.431	3976.545	3977.032	6936	0	160
2025.11.06	23:00:00	3977.352	3989.754	3974.354	3989.177	6271	0	160
2025.11.07	00:00:00	3989.218	3994.515	3984.493	3988.647	7733	0	160
2025.11.07	01:00:00	3988.635	4002.776	3987.125	4001.676	12338	0	160
2025.11.07	02:00:00	4001.779	4003.402	3991.484	3995.340	10053	0	160
2025.11.07	03:00:00	3995.296	3996.544	3988.217	3990.445	8311	0	160
2025.11.07	04:00:00	3990.413	3998.615	3985.363	3998.451	7977	0	160
2025.11.07	05:00:00	3998.495	3998.858	3991.925	3995.159	9516	0	160
2025.11.07	06:00:00	3995.130	4008.442	3992.412	4006.685	10423	0	160
2025.11.07	07:00:00	4006.735	4010.016	4002.893	4007.772	9924	0	160
2025.11.07	08:00:00	4007.836	4010.323	4003.621	4009.683	9186	0	160
2025.11.07	09:00:00	4009.721	4014.195	4004.037	4006.548	9549	0	160
2025.11.07	10:00:00	4006.595	4009.410	4002.957	4007.849	9455	0	160
2025.11.07	11:00:00	4007.852	4012.180	3993.655	4002.861	14079	0	160
2025.11.07	12:00:00	4002.935	4008.482	3991.464	3995.829	13451	0	160
2025.11.07	13:00:00	3995.868	4001.970	3991.735	3997.699	15891	0	160
2025.11.07	14:00:00	3997.653	4007.488	3984.426	3993.336	26791	0	160
2025.11.07	15:00:00	3993.315	3999.223	3984.058	3990.952	22987	0	160
2025.11.07	16:00:00	3990.989	4027.628	3989.915	4007.833	25704	0	160
2025.11.07	17:00:00	4007.859	4009.969	3992.193	4005.378	26728	0	160
2025.11.07	18:00:00	4005.487	4009.098	3999.722	4005.564	14011	0	160
2025.11.07	19:00:00	4005.594	4008.994	4001.721	4006.838	11767	0	160
2025.11.07	20:00:00	4006.811	4007.186	3994.315	4004.022	17879	0	160
2025.11.07	21:00:00	4003.986	4005.090	3998.478	4001.422	4568	0	160
2025.11.09	23:00:00	4004.876	4012.265	4004.067	4011.834	11812	0	160
2025.11.10	00:00:00	4011.870	4023.881	4011.132	4020.382	11622	0	160
2025.11.10	01:00:00	4020.306	4053.256	4019.030	4043.982	28081	0	160
2025.11.10	02:00:00	4043.950	4049.055	4037.717	4048.140	15993	0	160
2025.11.10	03:00:00	4048.206	4052.954	4044.918	4050.292	8322	0	160
2025.11.10	04:00:00	4050.242	4056.836	4049.947	4054.155	8374	0	160
2025.11.10	05:00:00	4054.121	4069.865	4050.074	4069.251	11483	0	160
2025.11.10	06:00:00	4069.301	4078.671	4067.008	4075.095	13754	0	160
2025.11.10	07:00:00	4075.040	4079.165	4072.043	4075.190	11303	0	160
2025.11.10	08:00:00	4075.143	4085.138	4074.773	4082.196	14839	0	160
2025.11.10	09:00:00	4082.238	4086.238	4071.595	4076.625	13222	0	160
2025.11.10	10:00:00	4076.670	4083.514	4075.958	4080.830	9275	0	160
2025.11.10	11:00:00	4080.870	4085.473	4075.736	4085.293	9011	0	160
2025.11.10	12:00:00	4085.335	4100.061	4084.182	4097.618	13822	0	160
2025.11.10	13:00:00	4097.714	4105.911	4090.310	4091.597	24774	0	160
2025.11.10	14:00:00	4091.634	4094.176	4074.405	4083.582	30168	0	160
2025.11.10	15:00:00	4083.545	4094.344	4077.980	4084.555	24146	0	160
2025.11.10	16:00:00	4084.509	4095.755	4081.921	4094.822	14479	0	160
2025.11.10	17:00:00	4094.863	4102.643	4093.328	4102.492	10943	0	160
2025.11.10	18:00:00	4102.439	4115.793	4101.490	4110.202	12701	0	160
2025.11.10	19:00:00	4110.154	4115.660	4107.878	4113.129	9550	0	160
2025.11.10	20:00:00	4113.102	4114.511	4106.580	4111.734	10971	0	160
2025.11.10	21:00:00	4111.765	4116.659	4110.535	4115.691	4495	0	160
2025.11.10	23:00:00	4115.420	4122.693	4114.901	4119.955	8089	0	160
2025.11.11	00:00:00	4119.992	4133.716	4116.195	4130.931	10634	0	160
2025.11.11	01:00:00	4130.979	4141.117	4128.008	4136.261	20102	0	160
2025.11.11	02:00:00	4136.225	4139.550	4129.589	4138.000	14117	0	160
2025.11.11	03:00:00	4138.002	4148.113	4136.996	4146.883	10054	0	160
2025.11.11	04:00:00	4146.796	4148.862	4141.931	4143.052	7467	0	160
2025.11.11	05:00:00	4143.169	4144.534	4124.518	4131.026	16376	0	160
2025.11.11	06:00:00	4130.995	4137.880	4126.799	4129.998	13210	0	160
2025.11.11	07:00:00	4129.957	4133.261	4124.863	4129.671	11173	0	160
2025.11.11	08:00:00	4129.622	4137.718	4128.805	4135.678	12986	0	160
2025.11.11	09:00:00	4135.703	4146.001	4134.395	4141.891	8955	0	160
2025.11.11	10:00:00	4141.883	4144.280	4136.799	4141.892	9243	0	160
2025.11.11	11:00:00	4141.922	4144.547	4139.086	4142.788	8742	0	160
2025.11.11	12:00:00	4142.891	4143.943	4133.217	4134.334	10558	0	160
2025.11.11	13:00:00	4134.375	4146.670	4133.835	4142.474	13745	0	160
2025.11.11	14:00:00	4142.453	4143.216	4120.002	4125.061	28023	0	160
2025.11.11	15:00:00	4125.008	4126.426	4097.107	4106.638	32956	0	160
2025.11.11	16:00:00	4106.671	4115.651	4105.046	4113.245	16157	0	160
2025.11.11	17:00:00	4113.224	4117.819	4110.620	4114.320	11400	0	160
2025.11.11	18:00:00	4114.349	4116.348	4106.719	4114.025	12362	0	160
2025.11.11	19:00:00	4113.907	4126.175	4112.010	4123.010	9014	0	160
2025.11.11	20:00:00	4123.062	4131.983	4122.366	4129.524	10704	0	160
2025.11.11	21:00:00	4129.491	4131.318	4125.678	4126.546	5277	0	160
2025.11.11	23:00:00	4127.600	4144.677	4127.342	4142.683	10925	0	160
2025.11.12	00:00:00	4142.574	4145.524	4132.065	4133.017	11872	0	160
2025.11.12	01:00:00	4132.990	4137.302	4126.384	4131.633	19813	0	160
2025.11.12	02:00:00	4131.636	4135.442	4118.828	4124.006	13782	0	160
2025.11.12	03:00:00	4123.992	4125.395	4111.790	4111.972	11578	0	160
2025.11.12	04:00:00	4111.934	4113.209	4103.610	4110.410	12711	0	160
2025.11.12	05:00:00	4110.461	4111.024	4098.895	4104.681	14207	0	160
2025.11.12	06:00:00	4104.714	4119.062	4103.201	4118.401	14414	0	160
2025.11.12	07:00:00	4118.319	4125.318	4113.305	4116.963	12867	0	160
2025.11.12	08:00:00	4116.940	4132.909	4112.133	4131.233	15176	0	160
2025.11.12	09:00:00	4131.186	4133.594	4120.568	4124.669	13555	0	160
2025.11.12	10:00:00	4124.765	4129.243	4118.079	4127.815	13645	0	160
2025.11.12	11:00:00	4127.841	4131.034	4123.062	4126.121	11178	0	160
2025.11.12	12:00:00	4126.096	4139.537	4124.904	4130.209	14666	0	160
2025.11.12	13:00:00	4130.250	4132.593	4122.762	4127.000	20774	0	160
2025.11.12	14:00:00	4127.007	4140.082	4125.060	4136.763	27510	0	160
2025.11.12	15:00:00	4136.719	4185.704	4134.546	4181.468	39713	0	160
2025.11.12	16:00:00	4181.381	4197.838	4180.097	4196.322	30948	0	160
2025.11.12	17:00:00	4196.367	4206.561	4192.175	4199.374	25072	0	160
2025.11.12	18:00:00	4199.410	4211.822	4190.796	4206.899	21469	0	160
2025.11.12	19:00:00	4206.927	4210.099	4192.209	4197.485	18241	0	160
2025.11.12	20:00:00	4197.440	4199.786	4190.695	4195.852	15273	0	160
2025.11.12	21:00:00	4195.920	4202.228	4191.098	4194.486	7078	0	160
2025.11.12	23:00:00	4203.503	4208.175	4187.216	4191.097	13300	0	160
2025.11.13	00:00:00	4191.055	4209.002	4185.809	4205.860	16706	0	160
2025.11.13	01:00:00	4205.907	4209.380	4179.898	4192.335	26504	0	160
2025.11.13	02:00:00	4192.230	4195.862	4183.518	4190.080	20703	0	160
2025.11.13	03:00:00	4190.123	4213.455	4190.087	4213.125	16860	0	160
2025.11.13	04:00:00	4213.094	4219.607	4203.316	4209.314	13953	0	160
2025.11.13	05:00:00	4209.278	4217.746	4207.372	4211.945	18669	0	160
2025.11.13	06:00:00	4211.918	4212.241	4203.257	4210.337	15728	0	160
2025.11.13	07:00:00	4210.383	4220.091	4208.451	4219.942	13116	0	160
2025.11.13	08:00:00	4219.896	4239.515	4218.874	4232.847	18912	0	160
2025.11.13	09:00:00	4232.801	4239.454	4224.944	4233.211	15130	0	160
2025.11.13	10:00:00	4233.163	4240.261	4221.804	4225.373	14062	0	160
2025.11.13	11:00:00	4225.424	4232.294	4219.380	4230.487	14343	0	160
2025.11.13	12:00:00	4230.531	4245.297	4230.039	4242.523	11850	0	160
2025.11.13	13:00:00	4242.581	4243.952	4220.174	4231.841	29577	0	160
2025.11.13	14:00:00	4231.940	4232.457	4184.533	4195.291	50392	0	160
2025.11.13	15:00:00	4195.337	4205.021	4186.658	4202.539	36894	0	160
2025.11.13	16:00:00	4202.509	4211.009	4195.735	4206.637	27415	0	160
2025.11.13	17:00:00	4206.591	4208.321	4193.209	4201.869	22688	0	160
2025.11.13	18:00:00	4201.899	4203.340	4145.366	4158.006	46236	0	160
2025.11.13	19:00:00	4157.926	4170.593	4145.838	4163.828	27424	0	160
2025.11.13	20:00:00	4163.872	4170.649	4160.284	4163.946	21064	0	160
2025.11.13	21:00:00	4163.972	4181.388	4161.050	4171.534	9921	0	160
2025.11.13	23:00:00	4170.270	4186.674	4170.228	4185.865	12412	0	160
2025.11.14	00:00:00	4185.908	4189.962	4178.207	4183.819	13339	0	160
2025.11.14	01:00:00	4183.793	4193.815	4173.688	4190.038	23806	0	160
2025.11.14	02:00:00	4190.153	4210.292	4188.551	4207.154	17713	0	160
2025.11.14	03:00:00	4207.190	4211.571	4201.385	4204.463	12034	0	160
2025.11.14	04:00:00	4204.400	4205.843	4196.878	4203.238	10831	0	160
2025.11.14	05:00:00	4203.239	4203.696	4184.122	4189.937	19967	0	160
2025.11.14	06:00:00	4189.833	4193.193	4169.242	4175.284	21173	0	160
2025.11.14	07:00:00	4175.237	4182.377	4158.836	4181.008	20556	0	160
2025.11.14	08:00:00	4180.973	4186.950	4169.837	4176.063	21535	0	160
2025.11.14	09:00:00	4175.987	4180.436	4166.491	4169.257	17198	0	160
2025.11.14	10:00:00	4169.317	4171.078	4159.358	4167.811	15286	0	160
2025.11.14	11:00:00	4167.826	4169.864	4130.777	4132.907	28431	0	160
2025.11.14	12:00:00	4132.853	4140.501	4107.245	4116.161	40188	0	160
2025.11.14	13:00:00	4116.120	4118.823	4041.062	4055.752	65348	0	160
2025.11.14	14:00:00	4055.708	4083.907	4032.194	4082.653	60542	0	160
2025.11.14	15:00:00	4082.694	4096.478	4068.282	4093.474	47071	0	160
2025.11.14	16:00:00	4093.530	4111.212	4080.825	4105.116	30573	0	160
2025.11.14	17:00:00	4105.076	4110.611	4093.952	4099.875	26758	0	160
2025.11.14	18:00:00	4099.931	4103.704	4080.789	4098.045	27656	0	160
2025.11.14	19:00:00	4098.001	4100.042	4087.704	4089.972	18418	0	160
2025.11.14	20:00:00	4090.015	4092.359	4075.318	4087.156	20776	0	160
2025.11.14	21:00:00	4087.120	4087.120	4077.630	4084.609	9528	0	160
2025.11.16	23:00:00	4083.755	4106.784	4071.875	4096.457	22938	0	160
2025.11.17	00:00:00	4096.528	4098.343	4080.467	4083.038	20750	0	160
2025.11.17	01:00:00	4083.073	4102.076	4082.488	4091.202	27593	0	160
2025.11.17	02:00:00	4091.191	4093.793	4080.730	4081.702	23039	0	160
2025.11.17	03:00:00	4081.677	4085.815	4070.050	4082.921	22789	0	160
2025.11.17	04:00:00	4082.897	4088.000	4076.835	4078.618	10842	0	160
2025.11.17	05:00:00	4078.643	4078.757	4049.643	4058.283	23444	0	160
2025.11.17	06:00:00	4058.218	4071.878	4054.582	4066.014	18983	0	160
2025.11.17	07:00:00	4066.024	4089.243	4065.135	4088.159	13406	0	160
2025.11.17	08:00:00	4088.130	4095.987	4072.079	4077.380	19542	0	160
2025.11.17	09:00:00	4077.412	4088.844	4072.220	4082.251	15973	0	160
2025.11.17	10:00:00	4082.202	4089.517	4068.252	4070.206	17643	0	160
2025.11.17	11:00:00	4070.296	4086.054	4061.026	4078.456	19310	0	160
2025.11.17	12:00:00	4078.493	4085.287	4074.632	4077.149	13675	0	160
2025.11.17	13:00:00	4077.119	4092.248	4060.660	4065.412	25809	0	160
2025.11.17	14:00:00	4065.272	4082.055	4060.617	4076.213	31604	0	160
2025.11.17	15:00:00	4076.398	4077.742	4060.758	4064.373	31257	0	160
2025.11.17	16:00:00	4064.304	4073.700	4052.142	4069.907	24599	0	160
2025.11.17	17:00:00	4069.959	4081.082	4069.705	4073.391	16955	0	160
2025.11.17	18:00:00	4073.423	4076.301	4062.220	4062.617	17089	0	160
2025.11.17	19:00:00	4062.592	4065.055	4010.749	4011.229	41867	0	160
2025.11.17	20:00:00	4011.258	4043.973	4006.827	4041.064	31738	0	160
2025.11.17	21:00:00	4040.977	4046.281	4038.771	4045.789	7359	0	160
2025.11.17	23:00:00	4049.919	4055.565	4028.586	4036.825	19933	0	160
2025.11.18	00:00:00	4036.862	4041.194	4027.346	4040.127	21391	0	160
2025.11.18	01:00:00	4040.152	4045.052	4022.302	4025.005	24241	0	160
2025.11.18	02:00:00	4024.960	4035.985	4015.354	4017.671	19726	0	160
2025.11.18	03:00:00	4017.663	4026.276	4008.202	4013.285	19893	0	160
2025.11.18	04:00:00	4013.316	4018.202	4004.878	4010.472	19009	0	160
2025.11.18	05:00:00	4010.442	4025.227	4008.119	4018.984	17088	0	160
2025.11.18	06:00:00	4018.953	4020.500	4007.567	4009.043	17812	0	160
2025.11.18	07:00:00	4009.004	4017.554	3998.037	4013.674	19204	0	160
2025.11.18	08:00:00	4013.648	4042.713	4010.540	4036.785	22529	0	160
2025.11.18	09:00:00	4036.765	4047.210	4030.171	4040.264	17518	0	160
2025.11.18	10:00:00	4040.134	4050.503	4037.482	4044.148	16890	0	160
2025.11.18	11:00:00	4044.194	4050.289	4036.983	4039.406	12113	0	160
2025.11.18	12:00:00	4039.374	4044.969	4029.089	4032.284	18332	0	160
2025.11.18	13:00:00	4032.329	4070.330	4031.044	4065.172	29898	0	160
2025.11.18	14:00:00	4065.147	4082.018	4057.977	4065.731	38013	0	160
2025.11.18	15:00:00	4065.782	4072.327	4048.798	4052.948	45485	0	160
2025.11.18	16:00:00	4053.001	4069.283	4040.427	4066.865	31936	0	160
2025.11.18	17:00:00	4066.835	4075.796	4059.212	4071.441	20296	0	160
2025.11.18	18:00:00	4071.481	4074.774	4063.184	4072.652	16947	0	160
2025.11.18	19:00:00	4072.679	4082.060	4072.561	4081.051	15879	0	160
2025.11.18	20:00:00	4081.089	4082.273	4067.190	4069.515	16469	0	160
2025.11.18	21:00:00	4069.469	4072.335	4064.865	4067.233	5970	0	160
2025.11.18	23:00:00	4067.816	4077.878	4066.022	4076.650	9389	0	160
2025.11.19	00:00:00	4076.692	4078.502	4067.683	4069.467	13121	0	160
2025.11.19	01:00:00	4069.504	4070.378	4056.345	4059.169	19783	0	160
2025.11.19	02:00:00	4059.219	4080.659	4055.612	4075.620	18116	0	160
2025.11.19	03:00:00	4075.520	4078.697	4066.098	4066.989	13953	0	160
2025.11.19	04:00:00	4066.883	4076.961	4064.406	4075.206	10531	0	160
2025.11.19	05:00:00	4075.221	4097.590	4074.219	4095.434	17902	0	160
2025.11.19	06:00:00	4095.472	4098.630	4089.147	4091.113	15203	0	160
2025.11.19	07:00:00	4090.982	4097.000	4084.857	4086.976	11713	0	160
2025.11.19	08:00:00	4086.931	4088.759	4078.212	4083.482	16066	0	160
2025.11.19	09:00:00	4083.399	4116.439	4081.134	4113.321	20713	0	160
2025.11.19	10:00:00	4113.364	4119.173	4107.012	4108.906	20150	0	160
2025.11.19	11:00:00	4108.930	4117.604	4106.488	4112.900	13899	0	160
2025.11.19	12:00:00	4112.803	4120.010	4112.184	4114.543	12932	0	160
2025.11.19	13:00:00	4114.570	4117.862	4100.716	4110.438	27062	0	160
2025.11.19	14:00:00	4110.482	4128.933	4101.844	4127.793	30625	0	160
2025.11.19	15:00:00	4127.748	4132.686	4090.012	4096.599	39998	0	160
2025.11.19	16:00:00	4096.629	4098.612	4067.574	4074.770	48378	0	160
2025.11.19	17:00:00	4074.731	4081.289	4055.572	4078.816	42363	0	160
2025.11.19	18:00:00	4078.837	4091.226	4075.738	4087.029	27460	0	160
2025.11.19	19:00:00	4087.089	4087.209	4068.966	4073.651	28307	0	160
2025.11.19	20:00:00	4073.603	4082.095	4072.242	4076.212	17616	0	160
2025.11.19	21:00:00	4076.156	4084.730	4065.574	4077.890	11749	0	160
2025.11.19	23:00:00	4080.006	4108.239	4079.886	4104.662	16516	0	160
2025.11.20	00:00:00	4104.692	4110.341	4100.421	4103.071	15628	0	160
2025.11.20	01:00:00	4102.992	4109.231	4080.874	4081.388	24845	0	160
2025.11.20	02:00:00	4081.343	4081.734	4039.865	4067.018	35539	0	160
2025.11.20	03:00:00	4066.913	4085.782	4064.852	4072.378	21312	0	160
2025.11.20	04:00:00	4072.427	4080.577	4068.368	4075.715	10742	0	160
2025.11.20	05:00:00	4075.679	4076.097	4064.506	4066.777	17329	0	160
2025.11.20	06:00:00	4066.733	4077.708	4058.673	4068.479	20962	0	160
2025.11.20	07:00:00	4068.448	4076.696	4054.032	4059.959	19755	0	160
2025.11.20	08:00:00	4059.901	4069.449	4038.705	4063.648	31884	0	160
2025.11.20	09:00:00	4063.616	4072.779	4055.632	4064.146	23399	0	160
2025.11.20	10:00:00	4064.193	4068.283	4058.119	4060.123	14942	0	160
2025.11.20	11:00:00	4060.000	4068.420	4051.246	4060.789	15128	0	160
2025.11.20	12:00:00	4060.823	4082.067	4060.084	4081.810	17684	0	160
2025.11.20	13:00:00	4081.728	4096.505	4067.087	4080.269	44837	0	160
2025.11.20	14:00:00	4080.240	4107.146	4072.012	4093.354	46636	0	160
2025.11.20	15:00:00	4093.265	4098.795	4070.156	4070.156	37442	0	160
2025.11.20	16:00:00	4070.211	4082.706	4044.773	4049.046	49385	0	160
2025.11.20	17:00:00	4049.086	4068.530	4043.674	4066.087	51091	0	160
2025.11.20	18:00:00	4066.040	4072.702	4056.201	4060.584	31783	0	160
2025.11.20	19:00:00	4060.608	4087.312	4058.921	4084.652	27376	0	160
2025.11.20	20:00:00	4084.615	4085.099	4073.280	4077.045	20718	0	160
2025.11.20	21:00:00	4077.091	4080.984	4074.259	4077.134	6639	0	160
2025.11.20	23:00:00	4076.391	4088.817	4072.924	4079.125	15443	0	160
2025.11.21	00:00:00	4079.174	4081.423	4071.518	4073.755	13864	0	160
2025.11.21	01:00:00	4073.759	4074.447	4060.516	4068.524	23565	0	160
2025.11.21	02:00:00	4068.470	4079.978	4056.697	4057.353	18299	0	160
2025.11.21	03:00:00	4057.377	4059.389	4049.324	4056.197	18837	0	160
2025.11.21	04:00:00	4056.160	4062.482	4047.779	4052.073	13328	0	160
2025.11.21	05:00:00	4052.037	4059.755	4039.848	4058.471	20453	0	160
2025.11.21	06:00:00	4058.510	4064.881	4029.333	4032.882	27295	0	160
2025.11.21	07:00:00	4032.847	4039.836	4024.810	4031.675	21493	0	160
2025.11.21	08:00:00	4031.705	4048.199	4022.258	4041.004	26043	0	160
2025.11.21	09:00:00	4041.009	4063.621	4040.227	4050.578	21542	0	160
2025.11.21	10:00:00	4050.556	4052.751	4032.349	4037.164	28106	0	160
2025.11.21	11:00:00	4037.186	4046.888	4030.923	4036.588	19001	0	160
2025.11.21	12:00:00	4036.553	4071.891	4034.758	4065.841	35697	0	160
2025.11.21	13:00:00	4065.908	4081.224	4059.118	4079.534	30590	0	160
2025.11.21	14:00:00	4079.488	4083.968	4061.537	4071.676	41241	0	160
2025.11.21	15:00:00	4071.567	4076.924	4054.969	4069.701	43571	0	160
2025.11.21	16:00:00	4069.723	4100.646	4062.910	4099.858	36642	0	160
2025.11.21	17:00:00	4099.823	4101.312	4078.989	4085.486	28533	0	160
2025.11.21	18:00:00	4085.439	4088.312	4076.393	4082.921	23627	0	160
2025.11.21	19:00:00	4082.996	4092.204	4082.659	4087.587	15313	0	160
2025.11.21	20:00:00	4087.621	4088.800	4055.141	4067.389	29441	0	160
2025.11.21	21:00:00	4067.339	4069.322	4054.468	4066.113	10225	0	160
2025.11.23	23:00:00	4072.469	4077.701	4065.797	4075.117	14594	0	160
2025.11.24	00:00:00	4075.148	4076.144	4058.214	4067.524	12411	0	160
2025.11.24	01:00:00	4067.564	4073.254	4042.648	4044.190	26107	0	160
2025.11.24	02:00:00	4044.123	4051.624	4040.582	4043.565	15395	0	160
2025.11.24	03:00:00	4043.612	4058.149	4043.612	4050.459	13553	0	160
2025.11.24	04:00:00	4050.507	4061.168	4042.235	4044.061	14288	0	160
2025.11.24	05:00:00	4044.104	4049.545	4039.842	4046.422	15170	0	160
2025.11.24	06:00:00	4046.301	4058.140	4045.295	4053.418	16288	0	160
2025.11.24	07:00:00	4053.408	4067.620	4051.428	4060.001	17153	0	160
2025.11.24	08:00:00	4059.900	4067.034	4059.552	4063.401	14112	0	160
2025.11.24	09:00:00	4063.377	4074.230	4063.081	4071.824	16008	0	160
2025.11.24	10:00:00	4071.862	4077.254	4063.421	4064.029	13678	0	160
2025.11.24	11:00:00	4064.014	4071.689	4063.114	4069.896	10361	0	160
2025.11.24	12:00:00	4069.860	4084.108	4065.639	4080.471	13560	0	160
2025.11.24	13:00:00	4080.508	4086.043	4073.697	4077.696	18967	0	160
2025.11.24	14:00:00	4077.664	4086.089	4068.339	4081.240	27653	0	160
2025.11.24	15:00:00	4081.272	4093.905	4081.160	4091.741	25859	0	160
2025.11.24	16:00:00	4091.791	4098.952	4089.732	4097.127	16632	0	160
2025.11.24	17:00:00	4097.171	4100.408	4088.830	4092.900	14086	0	160
2025.11.24	18:00:00	4092.931	4125.741	4088.005	4120.456	20386	0	160
2025.11.24	19:00:00	4120.488	4124.176	4113.913	4118.508	15232	0	160
2025.11.24	20:00:00	4118.531	4133.405	4117.942	4132.620	13354	0	160
2025.11.24	21:00:00	4132.634	4140.021	4130.111	4134.086	6067	0	160
2025.11.24	23:00:00	4134.311	4144.405	4125.125	4143.810	19024	0	160
2025.11.25	00:00:00	4143.802	4144.609	4127.612	4129.512	19383	0	160
2025.11.25	01:00:00	4129.563	4139.246	4122.524	4134.809	27524	0	160
2025.11.25	02:00:00	4134.754	4155.820	4132.707	4150.819	20394	0	160
2025.11.25	03:00:00	4150.912	4151.083	4139.543	4143.052	16695	0	160
2025.11.25	04:00:00	4143.026	4148.417	4139.453	4140.807	11326	0	160
2025.11.25	05:00:00	4140.845	4152.034	4140.845	4150.888	12367	0	160
2025.11.25	06:00:00	4150.921	4152.125	4138.542	4141.605	18037	0	160
2025.11.25	07:00:00	4141.571	4146.085	4130.277	4132.529	16626	0	160
2025.11.25	08:00:00	4132.614	4139.522	4109.156	4116.115	20363	0	160
2025.11.25	09:00:00	4116.158	4131.381	4113.866	4128.403	18557	0	160
2025.11.25	10:00:00	4128.421	4138.882	4127.461	4131.192	13725	0	160
2025.11.25	11:00:00	4131.274	4137.378	4127.737	4133.459	12538	0	160
2025.11.25	12:00:00	4133.502	4138.759	4115.964	4129.871	21387	0	160
2025.11.25	13:00:00	4129.906	4150.868	4129.392	4147.707	23231	0	160
2025.11.25	14:00:00	4147.681	4148.730	4111.034	4125.254	37215	0	160
2025.11.25	15:00:00	4125.305	4133.846	4117.946	4123.130	26102	0	160
2025.11.25	16:00:00	4123.092	4141.444	4122.107	4136.278	18260	0	160
2025.11.25	17:00:00	4136.279	4159.414	4135.947	4146.103	30886	0	160
2025.11.25	18:00:00	4146.136	4150.996	4132.539	4134.318	18685	0	160
2025.11.25	19:00:00	4134.360	4140.371	4128.456	4133.761	16162	0	160
2025.11.25	20:00:00	4133.797	4138.419	4130.498	4132.303	13756	0	160
2025.11.25	21:00:00	4132.257	4132.528	4127.675	4130.768	6647	0	160
2025.11.25	23:00:00	4132.695	4137.003	4129.751	4133.730	7226	0	160
2025.11.26	00:00:00	4133.737	4144.433	4132.595	4142.690	10561	0	160
2025.11.26	01:00:00	4142.744	4152.915	4138.507	4148.541	16425	0	160
2025.11.26	02:00:00	4148.494	4166.770	4147.303	4161.582	19203	0	160
2025.11.26	03:00:00	4161.631	4169.421	4160.325	4166.104	11269	0	160
2025.11.26	04:00:00	4166.062	4167.081	4156.505	4161.942	10011	0	160
2025.11.26	05:00:00	4161.990	4168.638	4160.096	4162.285	12393	0	160
2025.11.26	06:00:00	4162.250	4162.868	4146.627	4150.128	15253	0	160
2025.11.26	07:00:00	4150.160	4161.521	4149.234	4157.237	12266	0	160
2025.11.26	08:00:00	4157.352	4168.596	4154.696	4161.048	16542	0	160
2025.11.26	09:00:00	4161.115	4164.679	4156.692	4162.741	12244	0	160
2025.11.26	10:00:00	4162.775	4165.212	4156.121	4159.889	13013	0	160
2025.11.26	11:00:00	4159.930	4173.161	4157.792	4171.556	12529	0	160
2025.11.26	12:00:00	4171.577	4173.595	4148.744	4155.239	20689	0	160
2025.11.26	13:00:00	4155.286	4166.644	4149.052	4153.210	22378	0	160
2025.11.26	14:00:00	4153.287	4156.950	4139.824	4142.256	30990	0	160
2025.11.26	15:00:00	4142.185	4165.810	4136.508	4165.246	26420	0	160
2025.11.26	16:00:00	4165.286	4168.452	4160.647	4167.005	17371	0	160
2025.11.26	17:00:00	4167.037	4169.821	4165.066	4167.112	11692	0	160
2025.11.26	18:00:00	4167.155	4171.745	4157.951	4164.612	16885	0	160
2025.11.26	19:00:00	4164.656	4169.850	4162.398	4163.254	10377	0	160
2025.11.26	20:00:00	4163.268	4167.494	4161.280	4164.006	11384	0	160
2025.11.26	21:00:00	4164.045	4167.596	4162.242	4163.971	5476	0	160
2025.11.26	23:00:00	4164.682	4168.944	4162.547	4165.012	7030	0	160
2025.11.27	00:00:00	4164.965	4167.313	4161.935	4164.590	6810	0	160
2025.11.27	01:00:00	4164.569	4165.439	4148.719	4154.274	19711	0	160
2025.11.27	02:00:00	4154.308	4156.239	4144.543	4145.450	13749	0	160
2025.11.27	03:00:00	4145.447	4150.610	4144.145	4147.464	9974	0	160
2025.11.27	04:00:00	4147.420	4154.600	4142.601	4150.899	9403	0	160
2025.11.27	05:00:00	4150.855	4154.715	4144.706	4147.223	9614	0	160
2025.11.27	06:00:00	4147.187	4159.197	4147.108	4157.472	13082	0	160
2025.11.27	07:00:00	4157.447	4162.288	4155.520	4160.009	12971	0	160
2025.11.27	08:00:00	4160.059	4167.143	4159.523	4165.802	11608	0	160
2025.11.27	09:00:00	4165.763	4165.866	4148.261	4158.696	14473	0	160
2025.11.27	10:00:00	4158.730	4160.545	4152.288	4156.479	10441	0	160
2025.11.27	11:00:00	4156.432	4162.518	4155.782	4157.328	8465	0	160
2025.11.27	12:00:00	4157.352	4159.242	4153.517	4154.127	7210	0	160
2025.11.27	13:00:00	4154.152	4158.023	4149.176	4154.976	15579	0	160
2025.11.27	14:00:00	4155.031	4160.722	4152.724	4153.401	12702	0	160
2025.11.27	15:00:00	4153.351	4161.860	4152.960	4158.056	8724	0	160
2025.11.27	16:00:00	4158.005	4158.418	4151.443	4156.378	7249	0	160
2025.11.27	17:00:00	4156.404	4159.221	4154.705	4157.705	4661	0	160
2025.11.27	18:00:00	4157.680	4159.767	4155.850	4159.146	3886	0	160
2025.11.27	19:00:00	4159.154	4160.413	4157.116	4157.116	1824	0	160
2025.11.27	23:00:00	4160.413	4164.010	4158.299	4163.431	4635	0	160
2025.11.28	00:00:00	4163.371	4183.447	4163.093	4180.576	13566	0	160
2025.11.28	01:00:00	4180.551	4193.052	4180.507	4191.080	14194	0	160
2025.11.28	02:00:00	4191.047	4192.051	4185.747	4189.337	9087	0	160
2025.11.28	03:00:00	4189.379	4191.831	4182.805	4184.227	5343	0	160
2025.11.28	04:00:00	4184.232	4188.680	4178.516	4188.383	6979	0	160
2025.11.28	05:00:00	4188.382	4188.862	4155.874	4182.498	9498	0	160
2025.11.28	06:00:00	4182.549	4188.684	4181.704	4187.604	4679	0	160
2025.11.28	07:00:00	4187.564	4187.802	4174.252	4174.631	3387	0	160
2025.11.28	08:00:00	4174.635	4179.939	4147.529	4168.079	303	0	160
2025.11.28	09:00:00	4168.557	4169.909	4157.634	4166.643	41902	0	320
2025.11.28	10:00:00	4166.652	4178.416	4160.879	4163.851	4837	0	160
2025.11.28	11:00:00	4163.790	4179.919	4162.979	4172.019	9413	0	160
2025.11.28	12:00:00	4171.980	4178.250	4168.712	4176.618	5006	0	160
2025.11.28	13:00:00	4176.622	4182.824	4168.890	4182.486	8172	0	160
2025.11.28	14:00:00	4182.526	4208.978	4182.526	4198.201	23765	0	160
2025.11.28	15:00:00	4198.175	4203.974	4185.674	4203.639	20478	0	160
2025.11.28	16:00:00	4203.609	4210.802	4197.605	4206.189	16469	0	160
2025.11.28	17:00:00	4206.213	4216.955	4204.361	4216.919	14006	0	160
2025.11.28	18:00:00	4216.894	4226.479	4211.043	4220.425	14231	0	160
2025.11.28	19:00:00	4220.416	4222.043	4216.121	4219.163	6746	0	160
2025.11.30	23:00:00	4219.988	4225.308	4205.841	4221.933	15689	0	160
2025.12.01	00:00:00	4221.906	4233.717	4218.245	4230.861	14414	0	160
2025.12.01	01:00:00	4230.837	4256.150	4219.735	4255.340	30298	0	160
2025.12.01	02:00:00	4255.314	4256.447	4234.280	4242.737	23215	0	160
2025.12.01	03:00:00	4242.688	4243.897	4232.526	4239.350	16453	0	160
2025.12.01	04:00:00	4239.307	4246.989	4236.342	4245.670	9437	0	160
2025.12.01	05:00:00	4245.694	4246.508	4215.434	4229.564	24026	0	160
2025.12.01	06:00:00	4229.592	4240.535	4226.220	4236.985	13939	0	160
2025.12.01	07:00:00	4237.022	4246.442	4231.860	4245.320	12746	0	160
2025.12.01	08:00:00	4245.286	4253.529	4238.440	4244.714	14229	0	160
2025.12.01	09:00:00	4244.746	4251.701	4243.677	4250.002	11206	0	160
2025.12.01	10:00:00	4250.006	4262.278	4249.122	4255.518	13852	0	160
2025.12.01	11:00:00	4255.585	4258.420	4248.325	4254.634	11004	0	160
2025.12.01	12:00:00	4254.639	4256.529	4244.276	4246.508	15026	0	160
2025.12.01	13:00:00	4246.482	4264.532	4245.498	4247.304	21388	0	160
2025.12.01	14:00:00	4247.330	4249.368	4219.675	4240.225	34104	0	160
2025.12.01	15:00:00	4240.185	4244.995	4219.589	4232.518	34144	0	160
2025.12.01	16:00:00	4232.589	4242.296	4224.958	4226.233	30717	0	160
2025.12.01	17:00:00	4226.259	4240.070	4223.127	4232.432	25384	0	160
2025.12.01	18:00:00	4232.474	4244.713	4232.474	4240.227	18498	0	160
2025.12.01	19:00:00	4240.259	4243.870	4229.171	4236.851	18562	0	160
2025.12.01	20:00:00	4236.875	4241.542	4234.443	4237.363	14829	0	160
2025.12.01	21:00:00	4237.325	4240.640	4230.304	4231.914	7496	0	160
2025.12.01	23:00:00	4231.662	4236.006	4224.423	4227.700	12668	0	160
2025.12.02	00:00:00	4227.704	4229.766	4221.405	4226.932	14074	0	160
2025.12.02	01:00:00	4226.844	4227.306	4191.183	4219.611	37739	0	160
2025.12.02	02:00:00	4219.585	4224.700	4214.291	4221.522	16945	0	160
2025.12.02	03:00:00	4221.557	4226.228	4215.725	4216.858	13146	0	160
2025.12.02	04:00:00	4216.813	4220.634	4213.586	4218.768	10367	0	160
2025.12.02	05:00:00	4218.709	4225.441	4215.182	4224.931	12951	0	160
2025.12.02	06:00:00	4224.970	4226.316	4203.258	4212.745	18895	0	160
2025.12.02	07:00:00	4212.719	4219.395	4209.598	4213.307	11786	0	160
2025.12.02	08:00:00	4213.386	4217.200	4207.135	4210.260	13192	0	160
2025.12.02	09:00:00	4210.295	4213.227	4180.945	4191.801	21803	0	160
2025.12.02	10:00:00	4191.792	4192.327	4182.241	4185.714	14322	0	160
2025.12.02	11:00:00	4185.682	4205.789	4184.795	4205.288	11078	0	160
2025.12.02	12:00:00	4205.254	4209.891	4201.055	4208.688	10468	0	160
2025.12.02	13:00:00	4208.680	4215.271	4202.044	4212.283	20844	0	160
2025.12.02	14:00:00	4212.305	4230.859	4212.213	4218.919	36672	0	160
2025.12.02	15:00:00	4218.833	4219.564	4163.566	4169.426	48150	0	160
2025.12.02	16:00:00	4169.474	4190.332	4166.874	4184.688	33287	0	160
2025.12.02	17:00:00	4184.750	4197.053	4184.574	4193.841	18663	0	160
2025.12.02	18:00:00	4193.809	4196.923	4183.205	4190.805	17273	0	160
2025.12.02	19:00:00	4190.761	4200.693	4190.761	4196.520	12306	0	160
2025.12.02	20:00:00	4196.557	4212.397	4194.862	4210.179	12983	0	160
2025.12.02	21:00:00	4210.110	4211.794	4205.439	4205.886	5566	0	160
2025.12.02	23:00:00	4207.690	4216.236	4202.762	4212.876	15032	0	160
2025.12.03	00:00:00	4212.913	4213.028	4204.339	4211.844	14430	0	160
2025.12.03	01:00:00	4211.873	4221.109	4211.556	4214.424	22043	0	160
2025.12.03	02:00:00	4214.376	4228.936	4214.103	4226.569	15463	0	160
2025.12.03	03:00:00	4226.615	4227.566	4220.092	4221.244	10189	0	160
2025.12.03	04:00:00	4221.200	4225.428	4217.285	4222.344	7496	0	160
2025.12.03	05:00:00	4222.287	4223.992	4203.227	4207.842	20247	0	160
2025.12.03	06:00:00	4207.782	4211.848	4204.707	4208.176	17170	0	160
2025.12.03	07:00:00	4208.216	4210.195	4199.985	4206.453	14837	0	160
2025.12.03	08:00:00	4206.500	4210.335	4203.746	4206.420	14251	0	160
2025.12.03	09:00:00	4206.449	4207.532	4196.979	4202.038	12703	0	160
2025.12.03	10:00:00	4201.996	4204.853	4194.480	4200.539	13238	0	160
2025.12.03	11:00:00	4200.497	4209.241	4196.981	4208.564	10422	0	160
2025.12.03	12:00:00	4208.537	4214.306	4205.121	4213.546	11253	0	160
2025.12.03	13:00:00	4213.578	4238.818	4211.353	4237.229	23318	0	160
2025.12.03	14:00:00	4237.256	4241.579	4205.111	4212.529	47766	0	160
2025.12.03	15:00:00	4212.560	4229.466	4206.145	4216.342	28004	0	160
2025.12.03	16:00:00	4216.307	4224.964	4195.758	4200.811	27554	0	160
2025.12.03	17:00:00	4200.714	4215.503	4200.240	4211.018	19076	0	160
2025.12.03	18:00:00	4211.079	4211.538	4195.225	4196.986	20672	0	160
2025.12.03	19:00:00	4197.017	4209.997	4196.965	4207.944	11589	0	160
2025.12.03	20:00:00	4207.830	4212.701	4203.601	4206.143	10725	0	160
2025.12.03	21:00:00	4206.111	4210.197	4202.716	4202.718	7191	0	160
2025.12.03	23:00:00	4205.117	4209.005	4202.395	4207.165	7924	0	160
2025.12.04	00:00:00	4207.102	4215.847	4204.274	4211.660	10040	0	160
2025.12.04	01:00:00	4211.605	4216.817	4205.834	4209.143	19445	0	160
2025.12.04	02:00:00	4209.177	4209.177	4198.882	4200.487	15459	0	160
2025.12.04	03:00:00	4200.508	4201.642	4187.241	4195.851	15878	0	160
2025.12.04	04:00:00	4195.765	4199.101	4192.764	4197.017	8350	0	160
2025.12.04	05:00:00	4196.959	4199.049	4174.868	4181.003	20649	0	160
2025.12.04	06:00:00	4181.103	4190.232	4178.526	4190.118	20514	0	160
2025.12.04	07:00:00	4190.099	4194.988	4186.434	4193.744	13201	0	160
2025.12.04	08:00:00	4193.713	4196.387	4184.733	4184.798	16324	0	160
2025.12.04	09:00:00	4184.751	4202.363	4183.686	4199.883	14598	0	160
2025.12.04	10:00:00	4199.840	4202.687	4196.630	4197.310	10705	0	160
2025.12.04	11:00:00	4197.285	4206.522	4197.211	4198.652	10193	0	160
2025.12.04	12:00:00	4198.625	4201.793	4188.716	4190.506	13849	0	160
2025.12.04	13:00:00	4190.466	4198.351	4185.475	4198.229	22599	0	160
2025.12.04	14:00:00	4198.271	4213.586	4193.633	4201.434	32639	0	160
2025.12.04	15:00:00	4201.381	4210.294	4191.287	4207.520	28139	0	160
2025.12.04	16:00:00	4207.493	4219.486	4206.674	4215.711	19399	0	160
2025.12.04	17:00:00	4215.813	4217.580	4208.995	4216.473	12740	0	160
2025.12.04	18:00:00	4216.448	4217.420	4207.369	4207.960	12863	0	160
2025.12.04	19:00:00	4207.935	4210.186	4199.599	4208.939	14467	0	160
2025.12.04	20:00:00	4208.921	4210.381	4205.441	4209.862	9169	0	160
2025.12.04	21:00:00	4209.828	4210.320	4207.963	4208.601	3897	0	160
2025.12.04	23:00:00	4208.515	4209.826	4203.865	4206.079	7968	0	160
2025.12.05	00:00:00	4206.077	4210.526	4201.195	4201.681	9066	0	160
2025.12.05	01:00:00	4201.672	4204.425	4194.824	4203.036	16234	0	160
2025.12.05	02:00:00	4203.012	4208.356	4196.713	4207.306	12408	0	160
2025.12.05	03:00:00	4207.330	4210.979	4201.826	4209.557	10498	0	160
2025.12.05	04:00:00	4209.544	4217.396	4207.863	4216.749	8774	0	160
2025.12.05	05:00:00	4216.707	4221.411	4214.312	4220.533	11047	0	160
2025.12.05	06:00:00	4220.436	4229.339	4218.605	4224.483	14881	0	160
2025.12.05	07:00:00	4224.509	4230.701	4222.516	4224.363	9644	0	160
2025.12.05	08:00:00	4224.409	4227.138	4220.530	4220.564	9919	0	160
2025.12.05	09:00:00	4220.598	4225.020	4215.909	4223.315	9749	0	160
2025.12.05	10:00:00	4223.307	4227.553	4222.510	4222.918	6612	0	160
2025.12.05	11:00:00	4222.880	4225.647	4220.002	4223.693	6963	0	160
2025.12.05	12:00:00	4223.744	4229.697	4222.831	4228.696	10072	0	160
2025.12.05	13:00:00	4228.675	4239.058	4221.524	4234.610	22073	0	160
2025.12.05	14:00:00	4234.518	4245.686	4228.277	4242.047	25018	0	160
2025.12.05	15:00:00	4242.203	4259.240	4234.149	4243.480	29947	0	160
2025.12.05	16:00:00	4243.536	4245.707	4198.651	4214.239	54744	0	160
2025.12.05	17:00:00	4214.196	4219.945	4206.266	4217.463	21372	0	160
2025.12.05	18:00:00	4217.434	4219.244	4206.714	4208.833	16737	0	160
2025.12.05	19:00:00	4208.869	4210.843	4202.314	4207.649	12777	0	160
2025.12.05	20:00:00	4207.690	4207.844	4199.289	4202.237	23967	0	160
2025.12.05	21:00:00	4202.279	4202.596	4191.863	4198.522	13364	0	160
2025.12.07	23:00:00	4202.426	4208.458	4189.804	4201.389	2189	0	160
2025.12.08	00:00:00	4201.433	4211.650	4199.461	4210.843	9085	0	160
2025.12.08	01:00:00	4210.955	4211.902	4197.576	4201.123	20007	0	160
2025.12.08	02:00:00	4201.082	4212.430	4198.448	4208.514	13143	0	160
2025.12.08	03:00:00	4208.411	4213.415	4206.730	4210.017	8613	0	160
2025.12.08	04:00:00	4210.051	4213.233	4206.954	4208.501	5516	0	160
2025.12.08	05:00:00	4208.580	4217.229	4204.603	4217.009	9131	0	160
2025.12.08	06:00:00	4217.045	4218.963	4212.246	4217.001	9759	0	160
2025.12.08	07:00:00	4217.044	4217.372	4206.297	4206.864	9961	0	160
2025.12.08	08:00:00	4206.863	4216.531	4203.166	4209.883	11347	0	160
2025.12.08	09:00:00	4209.772	4212.766	4204.090	4207.989	9564	0	160
2025.12.08	10:00:00	4207.958	4210.340	4200.935	4203.561	8579	0	160
2025.12.08	11:00:00	4203.515	4214.039	4199.622	4208.383	8568	0	160
2025.12.08	12:00:00	4208.438	4215.564	4208.378	4213.723	8146	0	160
2025.12.08	13:00:00	4213.810	4214.768	4197.623	4201.607	19644	0	160
2025.12.08	14:00:00	4201.639	4211.588	4195.474	4196.711	24222	0	160
2025.12.08	15:00:00	4196.740	4196.915	4176.137	4182.933	28872	0	160
2025.12.08	16:00:00	4182.891	4197.891	4177.118	4191.592	16914	0	160
2025.12.08	17:00:00	4191.629	4195.590	4185.565	4194.810	10751	0	160
2025.12.08	18:00:00	4194.849	4195.712	4184.508	4187.327	10331	0	160
2025.12.08	19:00:00	4187.287	4188.840	4184.122	4187.057	8486	0	160
2025.12.08	20:00:00	4187.017	4195.497	4184.898	4191.504	7968	0	160
2025.12.08	21:00:00	4191.537	4193.206	4188.263	4190.613	3630	0	160
2025.12.08	23:00:00	4190.080	4195.410	4190.080	4194.735	4513	0	160
2025.12.09	00:00:00	4194.740	4195.696	4189.875	4190.444	6041	0	160
2025.12.09	01:00:00	4190.482	4197.341	4188.772	4196.101	12406	0	160
2025.12.09	02:00:00	4196.063	4197.123	4186.012	4189.827	11144	0	160
2025.12.09	03:00:00	4189.869	4198.844	4189.869	4194.538	8878	0	160
2025.12.09	04:00:00	4194.523	4195.686	4184.386	4186.966	7526	0	160
2025.12.09	05:00:00	4186.966	4187.290	4178.114	4179.793	11700	0	160
2025.12.09	06:00:00	4179.764	4184.021	4170.097	4182.013	15153	0	160
2025.12.09	07:00:00	4182.069	4185.866	4175.797	4182.368	12591	0	160
2025.12.09	08:00:00	4182.332	4191.890	4182.332	4191.625	10973	0	160
2025.12.09	09:00:00	4191.667	4213.140	4190.812	4202.770	18846	0	160
2025.12.09	10:00:00	4202.808	4208.351	4201.251	4203.928	11617	0	160
2025.12.09	11:00:00	4203.965	4206.468	4201.200	4202.976	8277	0	160
2025.12.09	12:00:00	4203.024	4207.621	4198.515	4204.204	9113	0	160
2025.12.09	13:00:00	4204.180	4208.403	4195.763	4201.264	21212	0	160
2025.12.09	14:00:00	4201.238	4210.295	4189.416	4204.982	29933	0	160
2025.12.09	15:00:00	4204.938	4216.496	4190.099	4212.562	32094	0	160
2025.12.09	16:00:00	4212.522	4221.526	4210.174	4212.370	26185	0	160
2025.12.09	17:00:00	4212.384	4216.340	4201.544	4203.051	17783	0	160
2025.12.09	18:00:00	4202.976	4209.707	4201.215	4208.871	13744	0	160
2025.12.09	19:00:00	4208.914	4214.471	4207.131	4212.577	11280	0	160
2025.12.09	20:00:00	4212.540	4216.058	4208.920	4212.123	16614	0	160
2025.12.09	21:00:00	4212.081	4212.984	4207.159	4208.515	15151	0	160
2025.12.09	23:00:00	4208.202	4213.019	4207.804	4210.870	5969	0	160
2025.12.10	00:00:00	4210.815	4212.703	4207.063	4208.473	8132	0	160
2025.12.10	01:00:00	4208.395	4218.165	4206.902	4213.813	17894	0	160
2025.12.10	02:00:00	4213.786	4218.778	4211.536	4216.996	11244	0	160
2025.12.10	03:00:00	4216.962	4217.242	4203.765	4206.300	12047	0	160
2025.12.10	04:00:00	4206.378	4209.705	4205.446	4207.054	5809	0	160
2025.12.10	05:00:00	4206.948	4214.406	4201.770	4211.431	10195	0	160
2025.12.10	06:00:00	4211.354	4211.744	4203.119	4207.375	12428	0	160
2025.12.10	07:00:00	4207.435	4209.459	4203.229	4203.392	9775	0	160
2025.12.10	08:00:00	4203.357	4206.613	4197.023	4197.856	12566	0	160
2025.12.10	09:00:00	4197.821	4200.624	4192.542	4194.396	11681	0	160
2025.12.10	10:00:00	4194.353	4196.444	4187.729	4193.260	11586	0	160
2025.12.10	11:00:00	4193.225	4197.762	4192.551	4197.216	7360	0	160
2025.12.10	12:00:00	4197.311	4202.310	4195.244	4196.506	9009	0	160
2025.12.10	13:00:00	4196.534	4205.085	4192.922	4200.783	18012	0	160
2025.12.10	14:00:00	4200.819	4207.115	4191.351	4192.568	23609	0	160
2025.12.10	15:00:00	4192.603	4201.318	4188.957	4193.620	21769	0	160
2025.12.10	16:00:00	4193.715	4205.172	4192.733	4204.735	13295	0	160
2025.12.10	17:00:00	4204.772	4204.844	4196.893	4199.761	10072	0	160
2025.12.10	18:00:00	4199.767	4200.769	4191.955	4194.418	10564	0	160
2025.12.10	19:00:00	4194.381	4219.896	4181.686	4216.405	69838	0	160
2025.12.10	20:00:00	4216.372	4238.706	4211.013	4229.829	43333	0	160
2025.12.10	21:00:00	4229.729	4232.572	4221.196	4228.570	10197	0	160
2025.12.10	23:00:00	4230.162	4234.074	4224.020	4232.419	8207	0	160
2025.12.11	00:00:00	4232.502	4245.143	4231.298	4237.169	13681	0	160
2025.12.11	01:00:00	4237.144	4247.762	4232.997	4238.251	22226	0	160
2025.12.11	02:00:00	4238.284	4240.881	4220.392	4222.407	16597	0	160
2025.12.11	03:00:00	4222.331	4224.941	4209.344	4216.788	18322	0	160
2025.12.11	04:00:00	4216.738	4218.360	4208.590	4213.523	10430	0	160
2025.12.11	05:00:00	4213.467	4216.370	4206.155	4207.523	13076	0	160
2025.12.11	06:00:00	4207.486	4215.447	4204.316	4214.393	12850	0	160
2025.12.11	07:00:00	4214.358	4218.689	4210.520	4216.079	14600	0	160
2025.12.11	08:00:00	4216.053	4219.628	4212.800	4216.499	11840	0	160
2025.12.11	09:00:00	4216.476	4221.836	4210.327	4218.579	11240	0	160
2025.12.11	10:00:00	4218.510	4225.931	4211.732	4216.953	22971	0	160
2025.12.11	11:00:00	4216.923	4219.217	4209.648	4211.174	17718	0	160
2025.12.11	12:00:00	4211.197	4220.516	4208.776	4220.383	20837	0	160
2025.12.11	13:00:00	4220.473	4223.299	4205.192	4220.986	38566	0	160
2025.12.11	14:00:00	4221.060	4244.471	4217.824	4230.210	55585	0	160
2025.12.11	15:00:00	4230.140	4261.540	4226.155	4256.005	58062	0	160
2025.12.11	16:00:00	4255.933	4279.227	4250.067	4273.495	51566	0	160
2025.12.11	17:00:00	4273.527	4281.892	4272.104	4278.625	41647	0	160
2025.12.11	18:00:00	4278.603	4285.959	4266.730	4268.134	32192	0	160
2025.12.11	19:00:00	4268.110	4277.727	4262.962	4273.621	31499	0	160
2025.12.11	20:00:00	4273.598	4276.498	4264.227	4276.268	36751	0	160
2025.12.11	21:00:00	4276.227	4283.660	4272.525	4280.179	22296	0	160
2025.12.11	23:00:00	4282.929	4283.115	4272.422	4276.523	7356	0	160
2025.12.12	00:00:00	4276.471	4280.202	4268.830	4269.654	10980	0	160
2025.12.12	01:00:00	4269.694	4276.116	4264.738	4271.055	22252	0	160
2025.12.12	02:00:00	4271.031	4276.891	4269.416	4270.501	12335	0	160
2025.12.12	03:00:00	4270.455	4274.607	4268.665	4270.609	9393	0	160
2025.12.12	04:00:00	4270.591	4271.135	4266.271	4266.478	6721	0	160
2025.12.12	05:00:00	4266.497	4280.628	4266.085	4278.978	9848	0	160
2025.12.12	06:00:00	4279.127	4283.195	4276.641	4282.915	10261	0	160
2025.12.12	07:00:00	4282.798	4290.557	4281.357	4287.155	9953	0	160
2025.12.12	08:00:00	4287.110	4309.552	4286.981	4308.075	14641	0	160
2025.12.12	09:00:00	4308.023	4320.361	4306.831	4318.241	16333	0	160
2025.12.12	10:00:00	4318.279	4330.941	4314.703	4329.720	16044	0	160
2025.12.12	11:00:00	4329.768	4339.355	4327.004	4336.432	15980	0	160
2025.12.12	12:00:00	4336.503	4338.972	4324.683	4325.880	16690	0	160
2025.12.12	13:00:00	4325.844	4346.176	4321.322	4341.042	26736	0	160
2025.12.12	14:00:00	4340.998	4353.570	4330.681	4346.965	41147	0	160
2025.12.12	15:00:00	4346.936	4351.512	4283.082	4290.494	81339	0	160
2025.12.12	16:00:00	4290.446	4296.714	4256.958	4282.037	79271	0	160
2025.12.12	17:00:00	4282.062	4298.432	4271.144	4294.230	36242	0	160
2025.12.12	18:00:00	4294.272	4303.627	4290.488	4294.896	25678	0	160
2025.12.12	19:00:00	4294.931	4299.789	4289.794	4296.552	18306	0	160
2025.12.12	20:00:00	4296.527	4302.955	4288.403	4299.229	18801	0	160
2025.12.12	21:00:00	4299.285	4304.299	4298.200	4300.983	7017	0	160
2025.12.14	23:00:00	4300.525	4308.411	4299.862	4302.391	9925	0	160
2025.12.15	00:00:00	4302.431	4308.110	4300.055	4307.581	8821	0	160
2025.12.15	01:00:00	4307.546	4325.312	4305.777	4322.483	18249	0	160
2025.12.15	02:00:00	4322.400	4329.161	4320.890	4326.428	12527	0	160
2025.12.15	03:00:00	4326.397	4329.634	4319.407	4327.075	12124	0	160
2025.12.15	04:00:00	4327.147	4330.085	4323.149	4326.098	8576	0	160
2025.12.15	05:00:00	4326.129	4344.356	4324.752	4343.484	12505	0	160
2025.12.15	06:00:00	4343.453	4347.599	4339.729	4343.712	12383	0	160
2025.12.15	07:00:00	4343.632	4344.848	4333.620	4339.349	11588	0	160
2025.12.15	08:00:00	4339.305	4349.083	4338.921	4346.898	9582	0	160
2025.12.15	09:00:00	4346.851	4350.352	4342.359	4342.585	10087	0	160
2025.12.15	10:00:00	4342.552	4348.207	4337.725	4339.707	9802	0	160
2025.12.15	11:00:00	4339.639	4343.720	4335.333	4342.747	7887	0	160
2025.12.15	12:00:00	4342.845	4348.460	4342.674	4345.670	9033	0	160
2025.12.15	13:00:00	4345.636	4346.371	4330.824	4332.273	22091	0	160
2025.12.15	14:00:00	4332.300	4336.702	4317.346	4323.594	38405	0	160
2025.12.15	15:00:00	4323.555	4327.809	4311.467	4318.307	40891	0	160
2025.12.15	16:00:00	4318.339	4318.941	4285.180	4297.464	41451	0	160
2025.12.15	17:00:00	4297.394	4306.632	4290.690	4304.470	20116	0	160
2025.12.15	18:00:00	4304.436	4313.609	4299.979	4313.017	14371	0	160
2025.12.15	19:00:00	4313.060	4317.743	4307.865	4314.227	12739	0	160
2025.12.15	20:00:00	4314.176	4314.501	4299.462	4304.480	15076	0	160
2025.12.15	21:00:00	4304.450	4305.955	4300.703	4305.437	5294	0	160
2025.12.15	23:00:00	4307.392	4309.724	4303.263	4304.150	6110	0	160
2025.12.16	00:00:00	4304.132	4313.221	4302.680	4307.831	13195	0	160
2025.12.16	01:00:00	4307.862	4317.924	4299.075	4308.853	22676	0	160
2025.12.16	02:00:00	4308.829	4312.267	4286.460	4289.922	20875	0	160
2025.12.16	03:00:00	4289.948	4294.483	4280.571	4290.839	21482	0	160
2025.12.16	04:00:00	4290.867	4292.283	4286.569	4289.095	10192	0	160
2025.12.16	05:00:00	4289.158	4292.268	4271.599	4284.136	19070	0	160
2025.12.16	06:00:00	4284.185	4292.071	4282.530	4289.242	12633	0	160
2025.12.16	07:00:00	4289.207	4289.909	4279.496	4287.643	12270	0	160
2025.12.16	08:00:00	4287.577	4289.537	4275.426	4284.723	14704	0	160
2025.12.16	09:00:00	4284.767	4285.833	4276.393	4280.361	9113	0	160
2025.12.16	10:00:00	4280.390	4284.324	4274.734	4277.355	12008	0	160
2025.12.16	11:00:00	4277.317	4279.629	4273.752	4278.382	8624	0	160
2025.12.16	12:00:00	4278.422	4295.008	4276.705	4294.475	12598	0	160
2025.12.16	13:00:00	4294.503	4313.349	4290.807	4313.015	28470	0	160
2025.12.16	14:00:00	4312.974	4332.308	4311.417	4324.807	33449	0	160
2025.12.16	15:00:00	4324.772	4335.137	4312.222	4319.805	35889	0	160
2025.12.16	16:00:00	4319.758	4323.172	4291.064	4300.577	28688	0	160
2025.12.16	17:00:00	4300.554	4310.827	4300.095	4303.479	17086	0	160
2025.12.16	18:00:00	4303.446	4313.562	4298.015	4311.330	18477	0	160
2025.12.16	19:00:00	4311.337	4315.981	4297.382	4310.723	19343	0	160
2025.12.16	20:00:00	4310.676	4314.383	4302.817	4304.749	12598	0	160
2025.12.16	21:00:00	4304.709	4305.583	4300.693	4302.417	4787	0	160
2025.12.16	23:00:00	4302.935	4309.190	4301.745	4307.860	5848	0	160
2025.12.17	00:00:00	4307.905	4315.050	4307.375	4313.228	7021	0	160
2025.12.17	01:00:00	4313.200	4326.877	4311.409	4326.728	22198	0	160
2025.12.17	02:00:00	4326.766	4327.864	4311.204	4314.267	18097	0	160
2025.12.17	03:00:00	4314.303	4325.164	4312.595	4323.639	14115	0	160
2025.12.17	04:00:00	4323.670	4331.627	4320.474	4329.684	10032	0	160
2025.12.17	05:00:00	4329.645	4342.530	4328.066	4333.959	18134	0	160
2025.12.17	06:00:00	4333.988	4337.784	4324.854	4328.668	14870	0	160
2025.12.17	07:00:00	4328.694	4328.694	4315.555	4317.827	14730	0	160
2025.12.17	08:00:00	4317.798	4320.988	4308.276	4319.137	14977	0	160
2025.12.17	09:00:00	4319.072	4323.293	4316.001	4317.044	10000	0	160
2025.12.17	10:00:00	4316.935	4322.280	4306.453	4317.632	10045	0	160
2025.12.17	11:00:00	4317.666	4320.579	4315.180	4316.409	7741	0	160
2025.12.17	12:00:00	4316.457	4323.287	4314.921	4317.583	9172	0	160
2025.12.17	13:00:00	4317.471	4344.024	4315.115	4341.940	21823	0	160
2025.12.17	14:00:00	4342.005	4346.108	4322.856	4338.205	38288	0	160
2025.12.17	15:00:00	4338.154	4349.297	4324.128	4330.188	39766	0	160
2025.12.17	16:00:00	4330.239	4337.589	4320.312	4333.484	35043	0	160
2025.12.17	17:00:00	4333.613	4342.487	4328.597	4342.446	22557	0	160
2025.12.17	18:00:00	4342.474	4346.439	4328.907	4335.995	22069	0	160
2025.12.17	19:00:00	4335.953	4341.089	4330.294	4336.967	14493	0	160
2025.12.17	20:00:00	4336.935	4346.096	4335.192	4341.189	12171	0	160
2025.12.17	21:00:00	4341.311	4346.328	4338.306	4338.459	6797	0	160
2025.12.17	23:00:00	4340.111	4343.202	4335.638	4339.201	5209	0	160
2025.12.18	00:00:00	4339.150	4342.938	4333.085	4334.855	11276	0	160
2025.12.18	01:00:00	4334.803	4337.000	4324.200	4331.536	22726	0	160
2025.12.18	02:00:00	4331.534	4337.710	4329.852	4333.283	13917	0	160
2025.12.18	03:00:00	4333.236	4336.737	4330.838	4333.093	10460	0	160
2025.12.18	04:00:00	4333.196	4333.523	4328.576	4331.921	7290	0	160
2025.12.18	05:00:00	4331.833	4337.493	4331.095	4333.307	11955	0	160
2025.12.18	06:00:00	4333.254	4336.158	4330.728	4334.007	10590	0	160
2025.12.18	07:00:00	4333.970	4337.740	4330.022	4331.418	8928	0	160
2025.12.18	08:00:00	4331.379	4332.592	4321.799	4326.574	11508	0	160
2025.12.18	09:00:00	4326.508	4328.674	4320.584	4323.437	10299	0	160
2025.12.18	10:00:00	4323.328	4327.562	4321.962	4325.359	8041	0	160
2025.12.18	11:00:00	4325.312	4328.683	4324.362	4325.567	6766	0	160
2025.12.18	12:00:00	4325.572	4326.530	4317.137	4320.909	9848	0	160
2025.12.18	13:00:00	4320.828	4343.102	4314.495	4336.656	28751	0	160
2025.12.18	14:00:00	4336.591	4341.525	4308.654	4328.463	44876	0	160
2025.12.18	15:00:00	4328.563	4341.500	4324.781	4338.221	36394	0	160
2025.12.18	16:00:00	4338.265	4374.645	4337.739	4360.255	37006	0	160
2025.12.18	17:00:00	4360.362	4363.517	4321.657	4333.269	53621	0	160
2025.12.18	18:00:00	4333.236	4341.162	4325.706	4331.660	23573	0	160
2025.12.18	19:00:00	4331.689	4334.872	4322.719	4324.976	20015	0	160
2025.12.18	20:00:00	4324.992	4338.159	4324.480	4334.702	17168	0	160
2025.12.18	21:00:00	4334.729	4334.729	4328.443	4332.274	5851	0	160
2025.12.18	23:00:00	4335.742	4336.899	4333.458	4335.144	4247	0	160
2025.12.19	00:00:00	4335.170	4335.841	4325.608	4326.019	7622	0	160
2025.12.19	01:00:00	4326.058	4328.400	4309.221	4323.266	24694	0	160
2025.12.19	02:00:00	4323.311	4327.823	4314.273	4316.816	12984	0	160
2025.12.19	03:00:00	4316.858	4322.560	4312.848	4318.024	12809	0	160
2025.12.19	04:00:00	4318.031	4322.978	4316.900	4322.789	8115	0	160
2025.12.19	05:00:00	4322.775	4329.087	4317.595	4325.918	11725	0	160
2025.12.19	06:00:00	4325.959	4329.525	4321.816	4326.435	12992	0	160
2025.12.19	07:00:00	4326.458	4329.539	4321.625	4322.756	10939	0	160
2025.12.19	08:00:00	4322.716	4331.018	4321.090	4326.159	10871	0	160
2025.12.19	09:00:00	4326.117	4333.590	4324.375	4329.324	8993	0	160
2025.12.19	10:00:00	4329.303	4331.764	4322.288	4327.797	9645	0	160
2025.12.19	11:00:00	4327.850	4329.534	4325.081	4327.238	9244	0	160
2025.12.19	12:00:00	4327.290	4328.982	4320.582	4326.814	11463	0	160
2025.12.19	13:00:00	4326.851	4335.440	4326.100	4328.501	17773	0	160
2025.12.19	14:00:00	4328.526	4338.024	4319.730	4332.503	31890	0	160
2025.12.19	15:00:00	4332.544	4349.049	4331.988	4347.800	28007	0	160
2025.12.19	16:00:00	4347.773	4354.914	4341.968	4349.825	22717	0	160
2025.12.19	17:00:00	4349.792	4356.155	4347.146	4353.544	15779	0	160
2025.12.19	18:00:00	4353.498	4356.559	4343.205	4348.578	16092	0	160
2025.12.19	19:00:00	4348.530	4350.627	4345.146	4345.356	8330	0	160
2025.12.19	20:00:00	4345.299	4346.355	4336.832	4339.576	11174	0	160
2025.12.19	21:00:00	4339.602	4340.112	4336.637	4339.365	4946	0	160
2025.12.21	23:00:00	4340.979	4356.441	4339.944	4355.345	7979	0	160
2025.12.22	00:00:00	4355.278	4366.380	4355.278	4364.770	13054	0	160
2025.12.22	01:00:00	4364.849	4384.947	4361.297	4382.870	24498	0	160
2025.12.22	02:00:00	4382.903	4388.723	4378.600	4385.972	13986	0	160
2025.12.22	03:00:00	4386.003	4394.991	4384.225	4392.633	9802	0	160
2025.12.22	04:00:00	4392.672	4400.880	4391.329	4398.415	8070	0	160
2025.12.22	05:00:00	4398.388	4409.574	4396.683	4400.181	16629	0	160
2025.12.22	06:00:00	4400.181	4419.891	4398.827	4419.107	14756	0	160
2025.12.22	07:00:00	4419.145	4420.347	4410.549	4414.352	11494	0	160
2025.12.22	08:00:00	4414.280	4414.963	4406.138	4408.333	11692	0	160
2025.12.22	09:00:00	4408.377	4414.930	4407.950	4411.051	8038	0	160
2025.12.22	10:00:00	4411.137	4415.950	4406.278	4408.655	8222	0	160
2025.12.22	11:00:00	4408.694	4411.698	4406.180	4410.272	7300	0	160
2025.12.22	12:00:00	4410.206	4415.856	4406.157	4415.572	8932	0	160
2025.12.22	13:00:00	4415.561	4427.531	4412.798	4423.526	20065	0	160
2025.12.22	14:00:00	4423.642	4429.383	4414.789	4419.179	27349	0	160
2025.12.22	15:00:00	4419.220	4435.507	4411.872	4431.837	24565	0	160
2025.12.22	16:00:00	4431.808	4442.300	4428.043	4438.767	19584	0	160
2025.12.22	17:00:00	4438.730	4442.007	4432.127	4438.467	11848	0	160
2025.12.22	18:00:00	4438.526	4439.051	4429.464	4435.195	9205	0	160
2025.12.22	19:00:00	4435.223	4435.975	4428.766	4433.487	7890	0	160
2025.12.22	20:00:00	4433.449	4439.383	4431.723	4438.471	8202	0	160
2025.12.22	21:00:00	4438.523	4449.198	4438.523	4443.705	7294	0	160
2025.12.22	23:00:00	4447.549	4461.775	4446.949	4460.243	9120	0	160
2025.12.23	00:00:00	4460.236	4470.611	4458.033	4470.532	9098	0	160
2025.12.23	01:00:00	4470.546	4490.812	4469.756	4486.681	25648	0	160
2025.12.23	02:00:00	4486.749	4497.830	4481.127	4493.474	14882	0	160
2025.12.23	03:00:00	4493.437	4496.562	4483.117	4486.863	13547	0	160
2025.12.23	04:00:00	4486.824	4488.436	4478.738	4482.547	9219	0	160
2025.12.23	05:00:00	4482.493	4485.555	4474.872	4475.332	13379	0	160
2025.12.23	06:00:00	4475.289	4481.546	4469.518	4481.456	12648	0	160
2025.12.23	07:00:00	4481.318	4489.623	4478.294	4486.692	9193	0	160
2025.12.23	08:00:00	4486.656	4493.292	4484.713	4489.861	9871	0	160
2025.12.23	09:00:00	4489.823	4491.162	4478.220	4480.430	12096	0	160
2025.12.23	10:00:00	4480.391	4487.636	4479.548	4484.302	8639	0	160
2025.12.23	11:00:00	4484.355	4494.149	4483.054	4493.501	8494	0	160
2025.12.23	12:00:00	4493.464	4493.632	4483.393	4486.506	8907	0	160
2025.12.23	13:00:00	4486.468	4497.359	4473.184	4479.204	25930	0	160
2025.12.23	14:00:00	4479.238	4479.821	4441.506	4446.222	49565	0	160
2025.12.23	15:00:00	4446.308	4459.370	4430.559	4458.511	42783	0	160
2025.12.23	16:00:00	4458.471	4476.507	4455.894	4474.191	19311	0	160
2025.12.23	17:00:00	4474.229	4479.889	4469.669	4472.699	18387	0	160
2025.12.23	18:00:00	4472.706	4485.113	4472.706	4484.408	13798	0	160
2025.12.23	19:00:00	4484.443	4496.326	4484.053	4490.860	14173	0	160
2025.12.23	20:00:00	4490.896	4500.083	4489.421	4497.513	10833	0	160
2025.12.23	21:00:00	4497.537	4499.018	4483.568	4484.991	7812	0	160
2025.12.23	23:00:00	4487.444	4510.399	4486.745	4503.344	10908	0	160
2025.12.24	00:00:00	4503.359	4518.040	4500.774	4511.885	14898	0	160
2025.12.24	01:00:00	4511.925	4525.969	4506.823	4518.760	27884	0	160
2025.12.24	02:00:00	4518.794	4519.316	4475.055	4477.520	23432	0	160
2025.12.24	03:00:00	4477.545	4498.513	4468.947	4493.138	25643	0	160
2025.12.24	04:00:00	4493.164	4501.566	4491.237	4499.299	9246	0	160
2025.12.24	05:00:00	4499.254	4500.686	4485.268	4488.605	15522	0	160
2025.12.24	06:00:00	4488.639	4498.207	4485.393	4493.596	12986	0	160
2025.12.24	07:00:00	4493.626	4495.100	4483.440	4483.925	10192	0	160
2025.12.24	08:00:00	4483.975	4492.917	4478.091	4482.329	15986	0	160
2025.12.24	09:00:00	4482.373	4496.001	4481.974	4494.698	11808	0	160
2025.12.24	10:00:00	4494.575	4499.899	4482.350	4489.433	12328	0	160
2025.12.24	11:00:00	4489.455	4491.946	4483.082	4491.476	8976	0	160
2025.12.24	12:00:00	4491.512	4496.050	4489.776	4490.814	9807	0	160
2025.12.24	13:00:00	4490.845	4493.491	4474.508	4487.814	24840	0	160
2025.12.24	14:00:00	4487.850	4489.341	4460.347	4464.652	38256	0	160
2025.12.24	15:00:00	4464.694	4476.504	4448.294	4458.334	39909	0	160
2025.12.24	16:00:00	4458.382	4478.110	4455.887	4476.736	21624	0	160
2025.12.24	17:00:00	4476.762	4487.611	4475.336	4480.553	19835	0	160
2025.12.24	18:00:00	4480.598	4482.371	4477.299	4480.715	4068	0	160
2025.12.25	23:00:00	4486.193	4500.024	4484.435	4495.245	9555	0	160
2025.12.26	00:00:00	4495.172	4518.041	4492.378	4517.946	14537	0	160
2025.12.26	01:00:00	4517.905	4531.332	4497.648	4503.785	39390	0	160
2025.12.26	02:00:00	4503.745	4509.755	4492.303	4508.847	20911	0	160
2025.12.26	03:00:00	4508.838	4513.556	4497.592	4501.836	14109	0	160
2025.12.26	04:00:00	4501.730	4511.748	4500.527	4509.087	9601	0	160
2025.12.26	05:00:00	4509.040	4514.859	4505.999	4510.102	11353	0	160
2025.12.26	06:00:00	4510.053	4519.411	4508.147	4511.677	15503	0	160
2025.12.26	07:00:00	4511.643	4515.753	4507.385	4510.957	9718	0	160
2025.12.26	08:00:00	4510.994	4519.671	4509.550	4518.630	9151	0	160
2025.12.26	09:00:00	4518.696	4520.637	4511.850	4512.714	7986	0	160
2025.12.26	10:00:00	4512.797	4523.858	4511.262	4514.401	11541	0	160
2025.12.26	11:00:00	4514.396	4515.364	4502.773	4509.647	17835	0	160
2025.12.26	12:00:00	4509.611	4515.018	4506.588	4508.941	10396	0	160
2025.12.26	13:00:00	4508.861	4528.394	4503.845	4525.111	23769	0	160
2025.12.26	14:00:00	4525.029	4533.435	4512.754	4520.997	33790	0	160
2025.12.26	15:00:00	4521.042	4547.660	4519.608	4546.678	32624	0	160
2025.12.26	16:00:00	4546.631	4550.188	4531.398	4536.461	30368	0	160
2025.12.26	17:00:00	4536.494	4537.680	4509.845	4518.955	31865	0	160
2025.12.26	18:00:00	4518.996	4532.682	4514.689	4530.863	22650	0	160
2025.12.26	19:00:00	4530.972	4535.621	4520.031	4523.772	15109	0	160
2025.12.26	20:00:00	4523.800	4535.379	4521.822	4531.115	20647	0	160
2025.12.26	21:00:00	4531.083	4534.664	4527.374	4532.515	11691	0	160
2025.12.28	23:00:00	4546.214	4548.500	4523.347	4527.184	25289	0	160
2025.12.29	00:00:00	4527.210	4528.031	4472.242	4497.334	56713	0	160
2025.12.29	01:00:00	4497.460	4517.513	4492.175	4497.163	41467	0	160
2025.12.29	02:00:00	4497.131	4515.774	4496.391	4512.367	20036	0	160
2025.12.29	03:00:00	4512.321	4520.613	4509.488	4516.325	17317	0	160
2025.12.29	04:00:00	4516.340	4519.516	4507.570	4515.736	11651	0	160
2025.12.29	05:00:00	4515.684	4519.298	4505.103	4506.714	15708	0	160
2025.12.29	06:00:00	4506.755	4510.648	4471.283	4475.114	36826	0	160
2025.12.29	07:00:00	4475.152	4481.810	4444.978	4474.592	41873	0	160
2025.12.29	08:00:00	4474.713	4488.632	4452.543	4461.009	31234	0	160
2025.12.29	09:00:00	4460.977	4476.295	4459.129	4472.176	20052	0	160
2025.12.29	10:00:00	4472.156	4474.540	4456.990	4460.856	15664	0	160
2025.12.29	11:00:00	4460.865	4467.635	4434.210	4446.684	22833	0	160
2025.12.29	12:00:00	4446.710	4464.664	4445.621	4464.197	16771	0	160
2025.12.29	13:00:00	4464.140	4467.761	4406.938	4421.483	47949	0	160
2025.12.29	14:00:00	4421.433	4421.433	4356.544	4360.420	74340	0	160
2025.12.29	15:00:00	4360.300	4360.695	4302.137	4325.318	62725	0	160
2025.12.29	16:00:00	4325.282	4347.521	4323.439	4341.733	38679	0	160
2025.12.29	17:00:00	4341.841	4343.135	4314.714	4328.092	31063	0	160
2025.12.29	18:00:00	4328.060	4335.007	4322.894	4331.515	26351	0	160
2025.12.29	19:00:00	4331.543	4337.968	4327.709	4336.993	14173	0	160
2025.12.29	20:00:00	4337.018	4344.687	4325.845	4334.685	17826	0	160
2025.12.29	21:00:00	4334.596	4339.304	4327.304	4331.546	11285	0	160
2025.12.29	23:00:00	4339.166	4347.180	4323.334	4345.645	13281	0	160
2025.12.30	00:00:00	4345.585	4350.881	4334.551	4339.658	15362	0	160
2025.12.30	01:00:00	4339.619	4360.168	4324.410	4360.168	29824	0	160
2025.12.30	02:00:00	4360.195	4364.961	4348.944	4362.656	23266	0	160
2025.12.30	03:00:00	4362.692	4369.264	4356.298	4359.264	15276	0	160
2025.12.30	04:00:00	4359.357	4369.750	4357.584	4363.487	8138	0	160
2025.12.30	05:00:00	4363.426	4380.022	4358.833	4377.697	16759	0	160
2025.12.30	06:00:00	4377.731	4378.494	4359.882	4364.710	22923	0	160
2025.12.30	07:00:00	4364.672	4383.566	4359.177	4372.569	18299	0	160
2025.12.30	08:00:00	4372.625	4374.008	4350.137	4364.961	18889	0	160
2025.12.30	09:00:00	4365.015	4376.425	4364.137	4372.007	13281	0	160
2025.12.30	10:00:00	4371.980	4391.783	4367.598	4384.928	16111	0	160
2025.12.30	11:00:00	4384.858	4390.256	4381.208	4384.409	12070	0	160
2025.12.30	12:00:00	4384.366	4402.822	4383.415	4401.291	16640	0	160
2025.12.30	13:00:00	4401.329	4404.262	4376.127	4388.291	34588	0	160
2025.12.30	14:00:00	4388.340	4392.275	4355.780	4366.377	37619	0	160
2025.12.30	15:00:00	4366.305	4377.534	4359.321	4365.096	36454	0	160
2025.12.30	16:00:00	4365.132	4379.938	4354.864	4377.719	25444	0	160
2025.12.30	17:00:00	4377.778	4381.803	4364.273	4370.161	19684	0	160
2025.12.30	18:00:00	4370.270	4378.717	4362.438	4364.792	17809	0	160
2025.12.30	19:00:00	4364.870	4368.020	4337.569	4348.624	18666	0	160
2025.12.30	20:00:00	4348.649	4355.571	4337.901	4341.802	24013	0	160
2025.12.30	21:00:00	4341.764	4350.284	4334.823	4338.759	9920	0	160
2025.12.30	23:00:00	4343.520	4346.438	4328.508	4338.922	13750	0	160
2025.12.31	00:00:00	4338.977	4346.897	4332.467	4342.413	15968	0	160
2025.12.31	01:00:00	4342.377	4373.450	4336.861	4366.062	26933	0	160
2025.12.31	02:00:00	4366.123	4371.305	4346.689	4348.691	26461	0	160
2025.12.31	03:00:00	4348.764	4359.968	4340.835	4348.657	28141	0	160
2025.12.31	04:00:00	4348.617	4351.395	4330.733	4332.989	16094	0	160
2025.12.31	05:00:00	4333.039	4343.027	4275.838	4285.812	37010	0	160
2025.12.31	06:00:00	4285.838	4329.282	4274.341	4328.006	35451	0	160
2025.12.31	07:00:00	4328.054	4335.193	4323.816	4331.108	18873	0	160
2025.12.31	08:00:00	4331.079	4333.067	4303.336	4307.210	18320	0	160
2025.12.31	09:00:00	4307.292	4337.374	4306.944	4325.955	17963	0	160
2025.12.31	10:00:00	4325.922	4331.492	4303.736	4306.677	17970	0	160
2025.12.31	11:00:00	4306.625	4316.473	4304.104	4310.933	14104	0	160
2025.12.31	12:00:00	4310.907	4318.143	4303.096	4313.850	14756	0	160
2025.12.31	13:00:00	4313.854	4348.442	4308.075	4345.847	23059	0	160
2025.12.31	14:00:00	4345.787	4353.617	4332.911	4346.005	34073	0	160
2025.12.31	15:00:00	4346.059	4346.274	4326.981	4337.274	32967	0	160
2025.12.31	16:00:00	4337.321	4339.688	4317.127	4322.976	24014	0	160
2025.12.31	17:00:00	4323.006	4329.584	4318.012	4321.796	18397	0	160
2025.12.31	18:00:00	4321.851	4331.309	4315.418	4319.345	4876	0	160
2025.12.31	19:00:00	4319.471	4322.609	4307.289	4311.253	4787	0	768
2025.12.31	20:00:00	4311.052	4324.445	4304.157	4312.854	5154	0	773
2025.12.31	21:00:00	4313.034	4318.933	4307.189	4318.847	7218	0	160
2026.01.01	23:00:00	4328.340	4351.526	4327.673	4348.349	8141	0	160
2026.01.02	00:00:00	4348.358	4356.179	4341.279	4354.191	11395	0	160
2026.01.02	01:00:00	4354.197	4356.159	4344.606	4348.030	13905	0	160
2026.01.02	02:00:00	4348.002	4363.219	4344.852	4362.798	12290	0	160
2026.01.02	03:00:00	4362.824	4375.846	4362.077	4375.173	11811	0	160
2026.01.02	04:00:00	4375.130	4378.641	4371.368	4373.267	10504	0	160
2026.01.02	05:00:00	4373.325	4381.780	4370.946	4380.664	9561	0	160
2026.01.02	06:00:00	4380.710	4381.019	4373.382	4374.782	9754	0	160
2026.01.02	07:00:00	4374.758	4383.326	4371.949	4382.800	10964	0	160
2026.01.02	08:00:00	4382.763	4397.619	4380.488	4387.120	11082	0	160
2026.01.02	09:00:00	4387.083	4391.700	4383.385	4385.609	10353	0	160
2026.01.02	10:00:00	4385.635	4398.588	4384.555	4396.070	10207	0	160
2026.01.02	11:00:00	4396.188	4399.384	4390.794	4392.898	8545	0	160
2026.01.02	12:00:00	4392.891	4398.330	4385.177	4394.339	11645	0	160
2026.01.02	13:00:00	4394.389	4402.465	4361.783	4366.023	30240	0	160
2026.01.02	14:00:00	4366.066	4373.708	4348.143	4353.462	40090	0	160
2026.01.02	15:00:00	4353.476	4357.006	4330.240	4335.470	47192	0	160
2026.01.02	16:00:00	4335.417	4337.401	4314.837	4326.428	42128	0	160
2026.01.02	17:00:00	4326.382	4333.531	4322.760	4323.089	22205	0	160
2026.01.02	18:00:00	4323.015	4323.733	4309.680	4315.060	22264	0	160
2026.01.02	19:00:00	4315.106	4326.310	4315.106	4318.185	15775	0	160
2026.01.02	20:00:00	4318.228	4331.586	4317.152	4331.422	13940	0	160
2026.01.02	21:00:00	4331.457	4333.960	4327.070	4331.759	6478	0	160
2026.01.04	23:00:00	4353.486	4375.927	4349.834	4372.570	15661	0	160
2026.01.05	00:00:00	4372.597	4396.832	4370.227	4395.055	21190	0	160
2026.01.05	01:00:00	4395.081	4421.140	4391.224	4401.876	53050	0	160
2026.01.05	02:00:00	4401.913	4409.611	4388.651	4405.335	25530	0	160
2026.01.05	03:00:00	4405.379	4414.105	4399.690	4399.941	15774	0	160
2026.01.05	04:00:00	4399.909	4408.423	4397.428	4404.147	9511	0	160
2026.01.05	05:00:00	4404.194	4414.553	4401.270	4412.369	14137	0	160
2026.01.05	06:00:00	4412.307	4426.559	4411.208	4420.161	20097	0	160
2026.01.05	07:00:00	4420.279	4425.096	4416.786	4421.826	13634	0	160
2026.01.05	08:00:00	4421.868	4433.981	4419.336	4430.181	13958	0	160
2026.01.05	09:00:00	4430.172	4438.245	4425.973	4434.819	12527	0	160
2026.01.05	10:00:00	4434.840	4440.011	4430.809	4436.250	10989	0	160
2026.01.05	11:00:00	4436.286	4437.501	4411.073	4419.349	18626	0	160
2026.01.05	12:00:00	4419.316	4421.533	4405.439	4409.669	16746	0	160
2026.01.05	13:00:00	4409.728	4418.988	4395.895	4416.777	31829	0	160
2026.01.05	14:00:00	4416.756	4442.879	4416.756	4436.879	38722	0	160
2026.01.05	15:00:00	4436.956	4455.697	4435.453	4448.524	34762	0	160
2026.01.05	16:00:00	4448.487	4454.471	4438.476	4441.949	19400	0	160
2026.01.05	17:00:00	4441.992	4449.015	4432.261	4443.566	22046	0	160
2026.01.05	18:00:00	4443.511	4448.613	4439.808	4448.613	13599	0	160
2026.01.05	19:00:00	4448.640	4449.504	4434.700	4439.845	15207	0	160
2026.01.05	20:00:00	4439.805	4447.100	4437.896	4445.041	14027	0	160
2026.01.05	21:00:00	4445.092	4449.325	4443.406	4448.989	6596	0	160
2026.01.05	23:00:00	4454.841	4460.290	4436.869	4440.334	8899	0	160
2026.01.06	00:00:00	4440.426	4444.902	4430.348	4436.385	13716	0	160
2026.01.06	01:00:00	4436.336	4452.327	4427.675	4450.418	27334	0	160
2026.01.06	02:00:00	4450.515	4461.378	4448.680	4454.980	20467	0	160
2026.01.06	03:00:00	4455.006	4468.212	4454.095	4467.805	13275	0	160
2026.01.06	04:00:00	4467.682	4468.596	4461.708	4467.361	8597	0	160
2026.01.06	05:00:00	4467.251	4474.275	4449.432	4452.551	18027	0	160
2026.01.06	06:00:00	4452.575	4466.948	4451.601	4465.667	17753	0	160
2026.01.06	07:00:00	4465.603	4470.422	4457.239	4459.479	12766	0	160
2026.01.06	08:00:00	4459.501	4476.002	4457.442	4468.331	15659	0	160
2026.01.06	09:00:00	4468.274	4468.593	4444.803	4446.277	17337	0	160
2026.01.06	10:00:00	4446.398	4456.015	4442.565	4451.736	11811	0	160
2026.01.06	11:00:00	4451.818	4464.613	4448.688	4463.377	9950	0	160
2026.01.06	12:00:00	4463.319	4466.318	4458.738	4463.614	9806	0	160
2026.01.06	13:00:00	4463.652	4470.587	4453.975	4467.983	24287	0	160
2026.01.06	14:00:00	4468.012	4489.999	4464.456	4487.466	27533	0	160
2026.01.06	15:00:00	4487.493	4490.968	4462.854	4478.351	37224	0	160
2026.01.06	16:00:00	4478.320	4489.083	4471.616	4488.240	21715	0	160
2026.01.06	17:00:00	4488.340	4491.626	4481.675	4489.462	15994	0	160
2026.01.06	18:00:00	4489.420	4494.128	4482.185	4488.520	15428	0	160
2026.01.06	19:00:00	4488.540	4489.405	4477.399	4481.409	15263	0	160
2026.01.06	20:00:00	4481.378	4496.944	4480.296	4493.817	11727	0	160
2026.01.06	21:00:00	4493.778	4497.422	4491.740	4494.600	6582	0	160
2026.01.06	23:00:00	4498.082	4500.541	4492.122	4493.223	7151	0	160
2026.01.07	00:00:00	4493.308	4494.702	4482.523	4491.903	12731	0	160
2026.01.07	01:00:00	4491.878	4495.931	4460.993	4465.500	39190	0	160
2026.01.07	02:00:00	4465.482	4478.762	4459.455	4474.656	20706	0	160
2026.01.07	03:00:00	4474.670	4480.356	4471.815	4474.703	13952	0	160
2026.01.07	04:00:00	4474.645	4476.083	4463.395	4464.827	15690	0	160
2026.01.07	05:00:00	4464.825	4470.296	4443.170	4454.270	24606	0	160
2026.01.07	06:00:00	4454.232	4460.477	4441.419	4444.168	21278	0	160
2026.01.07	07:00:00	4444.112	4465.169	4441.509	4461.273	15288	0	160
2026.01.07	08:00:00	4461.183	4474.845	4459.289	4468.243	13237	0	160
2026.01.07	09:00:00	4468.205	4468.713	4459.634	4463.388	11976	0	160
2026.01.07	10:00:00	4463.360	4467.819	4458.660	4464.522	9717	0	160
2026.01.07	11:00:00	4464.481	4464.982	4446.584	4447.469	13015	0	160
2026.01.07	12:00:00	4447.441	4455.125	4439.158	4445.029	16776	0	160
2026.01.07	13:00:00	4445.066	4453.132	4427.817	4452.968	35506	0	160
2026.01.07	14:00:00	4452.923	4454.334	4435.782	4445.604	38096	0	160
2026.01.07	15:00:00	4445.549	4452.207	4423.563	4446.078	34294	0	160
2026.01.07	16:00:00	4446.044	4468.439	4443.910	4464.270	25300	0	160
2026.01.07	17:00:00	4464.309	4465.416	4449.791	4451.851	15225	0	160
2026.01.07	18:00:00	4451.908	4458.770	4447.231	4452.008	17130	0	160
2026.01.07	19:00:00	4452.071	4458.023	4445.362	4456.852	12874	0	160
2026.01.07	20:00:00	4456.896	4461.700	4450.556	4451.988	15693	0	160
2026.01.07	21:00:00	4452.036	4456.107	4449.794	4455.734	6300	0	160
2026.01.07	23:00:00	4459.787	4464.170	4458.515	4463.418	6173	0	160
2026.01.08	00:00:00	4463.439	4466.480	4446.637	4450.263	13116	0	160
2026.01.08	01:00:00	4450.259	4460.475	4441.598	4448.506	23815	0	160
2026.01.08	02:00:00	4448.519	4449.725	4433.334	4441.382	20420	0	160
2026.01.08	03:00:00	4441.397	4446.525	4437.111	4440.299	14614	0	160
2026.01.08	04:00:00	4440.323	4440.571	4430.167	4431.553	9507	0	160
2026.01.08	05:00:00	4431.524	4432.411	4415.511	4425.388	24457	0	160
2026.01.08	06:00:00	4425.449	4437.619	4415.853	4433.359	24033	0	160
2026.01.08	07:00:00	4433.395	4439.928	4428.495	4431.056	14959	0	160
2026.01.08	08:00:00	4430.976	4433.321	4419.832	4431.573	16289	0	160
2026.01.08	09:00:00	4431.548	4435.449	4425.979	4432.575	11983	0	160
2026.01.08	10:00:00	4432.589	4434.825	4422.964	4433.276	11225	0	160
2026.01.08	11:00:00	4433.315	4433.315	4422.016	4422.728	10026	0	160
2026.01.08	12:00:00	4422.769	4431.351	4407.557	4427.857	19114	0	160
2026.01.08	13:00:00	4427.725	4436.310	4417.267	4423.813	27357	0	160
2026.01.08	14:00:00	4423.771	4439.417	4418.924	4432.845	39427	0	160
2026.01.08	15:00:00	4432.818	4456.536	4427.799	4454.150	37093	0	160
2026.01.08	16:00:00	4454.191	4464.615	4446.895	4463.197	24987	0	160
2026.01.08	17:00:00	4463.116	4465.503	4457.535	4463.423	14934	0	160
2026.01.08	18:00:00	4463.442	4463.442	4447.882	4449.652	16463	0	160
2026.01.08	19:00:00	4449.642	4452.924	4444.332	4452.141	10884	0	160
2026.01.08	20:00:00	4452.020	4478.222	4451.421	4476.036	18421	0	160
2026.01.08	21:00:00	4475.999	4479.711	4472.633	4477.366	8176	0	160
2026.01.08	23:00:00	4482.004	4484.203	4472.630	4475.597	7505	0	160
2026.01.09	00:00:00	4475.632	4476.742	4459.959	4462.843	10724	0	160
2026.01.09	01:00:00	4462.869	4470.030	4452.819	4468.909	24838	0	160
2026.01.09	02:00:00	4468.941	4476.568	4465.623	4469.395	15539	0	160
2026.01.09	03:00:00	4469.365	4469.986	4460.389	4464.219	12529	0	160
2026.01.09	04:00:00	4464.226	4466.874	4460.747	4464.783	7571	0	160
2026.01.09	05:00:00	4464.788	4471.736	4458.040	4468.157	13218	0	160
2026.01.09	06:00:00	4468.226	4477.388	4466.039	4474.162	14865	0	160
2026.01.09	07:00:00	4474.204	4475.545	4468.430	4470.230	9381	0	160
2026.01.09	08:00:00	4470.267	4476.785	4463.971	4468.492	11903	0	160
2026.01.09	09:00:00	4468.445	4477.674	4468.296	4471.203	9279	0	160
2026.01.09	10:00:00	4471.220	4474.344	4467.193	4472.637	7403	0	160
2026.01.09	11:00:00	4472.670	4476.212	4468.615	4475.430	8038	0	160
2026.01.09	12:00:00	4475.406	4480.601	4460.898	4465.953	13305	0	160
2026.01.09	13:00:00	4466.057	4491.969	4458.906	4482.777	38106	0	160
2026.01.09	14:00:00	4482.745	4498.150	4479.269	4494.539	45921	0	160
2026.01.09	15:00:00	4494.513	4517.180	4490.039	4512.272	35171	0	160
2026.01.09	16:00:00	4512.371	4514.408	4499.838	4506.525	23418	0	160
2026.01.09	17:00:00	4506.513	4511.732	4482.001	4484.546	20918	0	160
2026.01.09	18:00:00	4484.503	4504.616	4482.907	4496.021	20187	0	160
2026.01.09	19:00:00	4496.085	4501.927	4492.700	4499.322	11156	0	160
2026.01.09	20:00:00	4499.294	4510.146	4497.799	4507.629	13726	0	160
2026.01.09	21:00:00	4507.600	4511.179	4505.053	4509.075	6250	0	160
2026.01.11	23:00:00	4517.918	4545.010	4517.918	4539.960	13229	0	160
2026.01.12	00:00:00	4540.027	4601.220	4536.272	4588.948	33428	0	160
2026.01.12	01:00:00	4588.987	4594.993	4570.140	4570.140	49209	0	160
2026.01.12	02:00:00	4570.108	4582.217	4561.787	4577.477	27403	0	160
2026.01.12	03:00:00	4577.432	4581.449	4567.651	4570.658	15857	0	160
2026.01.12	04:00:00	4570.695	4572.065	4563.516	4568.609	11194	0	160
2026.01.12	05:00:00	4568.565	4585.100	4565.986	4581.025	17549	0	160
2026.01.12	06:00:00	4580.979	4580.979	4569.639	4578.421	15361	0	160
2026.01.12	07:00:00	4578.455	4589.641	4574.626	4587.700	15755	0	160
2026.01.12	08:00:00	4587.743	4598.311	4579.506	4596.747	16701	0	160
2026.01.12	09:00:00	4596.863	4599.354	4587.759	4589.117	13433	0	160
2026.01.12	10:00:00	4589.166	4595.436	4585.878	4594.206	12437	0	160
2026.01.12	11:00:00	4594.270	4594.898	4581.808	4585.272	11791	0	160
2026.01.12	12:00:00	4585.261	4590.761	4578.449	4590.508	14085	0	160
2026.01.12	13:00:00	4590.435	4620.453	4588.695	4615.806	28489	0	160
2026.01.12	14:00:00	4615.850	4617.363	4584.885	4602.226	53552	0	160
2026.01.12	15:00:00	4602.193	4627.426	4601.810	4621.268	33511	0	160
2026.01.12	16:00:00	4621.242	4630.183	4607.824	4616.948	23236	0	160
2026.01.12	17:00:00	4616.941	4620.648	4610.771	4616.469	18282	0	160
2026.01.12	18:00:00	4616.477	4618.617	4600.443	4610.738	19604	0	160
2026.01.12	19:00:00	4610.794	4619.056	4608.644	4611.105	11416	0	160
2026.01.12	20:00:00	4611.138	4611.760	4591.514	4593.806	19301	0	160
2026.01.12	21:00:00	4593.840	4597.275	4589.224	4596.711	9378	0	160
2026.01.12	23:00:00	4600.673	4603.593	4577.934	4599.371	15283	0	160
2026.01.13	00:00:00	4599.408	4599.697	4584.472	4587.454	11829	0	160
2026.01.13	01:00:00	4587.452	4595.779	4575.450	4577.984	29487	0	160
2026.01.13	02:00:00	4577.916	4595.054	4576.696	4594.245	17021	0	160
2026.01.13	03:00:00	4594.211	4599.717	4592.527	4594.166	11667	0	160
2026.01.13	04:00:00	4594.125	4599.738	4593.884	4596.501	8230	0	160
2026.01.13	05:00:00	4596.502	4602.247	4585.601	4592.164	15655	0	160
2026.01.13	06:00:00	4592.102	4592.361	4573.281	4581.585	18118	0	160
2026.01.13	07:00:00	4581.674	4587.236	4577.482	4580.548	12034	0	160
2026.01.13	08:00:00	4580.515	4597.225	4579.536	4592.785	13433	0	160
2026.01.13	09:00:00	4592.752	4595.735	4585.659	4586.197	9943	0	160
2026.01.13	10:00:00	4586.164	4588.289	4580.403	4586.300	9117	0	160
2026.01.13	11:00:00	4586.297	4592.014	4582.032	4588.503	9829	0	160
2026.01.13	12:00:00	4588.599	4595.195	4577.847	4593.218	10036	0	160
2026.01.13	13:00:00	4593.188	4621.052	4590.710	4611.565	33265	0	160
2026.01.13	14:00:00	4611.528	4634.774	4609.050	4629.894	37348	0	160
2026.01.13	15:00:00	4629.850	4630.291	4600.864	4619.104	39974	0	160
2026.01.13	16:00:00	4619.001	4620.796	4592.827	4613.306	24968	0	160
2026.01.13	17:00:00	4613.269	4616.064	4586.704	4590.502	21339	0	160
2026.01.13	18:00:00	4590.452	4602.088	4581.045	4594.198	27201	0	160
2026.01.13	19:00:00	4594.239	4599.020	4584.153	4597.503	19009	0	160
2026.01.13	20:00:00	4597.539	4597.876	4569.234	4586.045	23633	0	160
2026.01.13	21:00:00	4586.098	4589.919	4582.708	4586.552	8472	0	160
2026.01.13	23:00:00	4590.721	4598.857	4590.682	4597.136	6958	0	160
2026.01.14	00:00:00	4597.181	4610.741	4597.110	4609.153	12126	0	160
2026.01.14	01:00:00	4609.191	4619.966	4606.187	4619.160	22314	0	160
2026.01.14	02:00:00	4619.143	4623.618	4614.334	4620.633	17018	0	160
2026.01.14	03:00:00	4620.571	4630.088	4613.520	4628.238	13328	0	160
2026.01.14	04:00:00	4628.316	4630.562	4625.259	4629.468	9523	0	160
2026.01.14	05:00:00	4629.495	4639.887	4617.789	4619.823	23742	0	160
2026.01.14	06:00:00	4619.766	4637.223	4618.538	4637.223	21998	0	160
2026.01.14	07:00:00	4637.253	4639.584	4631.374	4632.634	11964	0	160
2026.01.14	08:00:00	4632.562	4637.912	4621.938	4634.917	16850	0	160
2026.01.14	09:00:00	4634.864	4639.668	4627.052	4630.422	11563	0	160
2026.01.14	10:00:00	4630.391	4638.190	4627.787	4633.025	10753	0	160
2026.01.14	11:00:00	4632.980	4637.518	4625.930	4630.328	11475	0	160
2026.01.14	12:00:00	4630.340	4641.989	4630.177	4638.782	14209	0	160
2026.01.14	13:00:00	4638.815	4641.783	4624.312	4635.839	30070	0	160
2026.01.14	14:00:00	4635.872	4638.794	4606.671	4617.582	40415	0	160
2026.01.14	15:00:00	4617.552	4626.505	4599.335	4617.855	40395	0	160
2026.01.14	16:00:00	4617.892	4624.844	4608.501	4616.995	26784	0	160
2026.01.14	17:00:00	4617.041	4619.189	4601.076	4614.239	27551	0	160
2026.01.14	18:00:00	4614.214	4637.171	4612.745	4635.077	20004	0	160
2026.01.14	19:00:00	4635.107	4643.164	4633.272	4639.223	18543	0	160
2026.01.14	20:00:00	4639.221	4641.566	4625.598	4632.498	29365	0	160
2026.01.14	21:00:00	4632.551	4633.061	4617.901	4626.038	12422	0	160
2026.01.14	23:00:00	4626.610	4626.949	4602.840	4615.294	15303	0	160
2026.01.15	00:00:00	4615.256	4618.187	4610.121	4615.335	12438	0	160
2026.01.15	01:00:00	4615.282	4617.412	4583.613	4600.055	42943	0	160
2026.01.15	02:00:00	4599.944	4614.714	4595.584	4602.831	24827	0	160
2026.01.15	03:00:00	4602.870	4604.388	4581.069	4592.282	27758	0	160
2026.01.15	04:00:00	4592.258	4597.489	4587.018	4592.233	15159	0	160
2026.01.15	05:00:00	4592.274	4599.006	4580.995	4595.213	20795	0	160
2026.01.15	06:00:00	4595.257	4612.104	4593.665	4610.261	20245	0	160
2026.01.15	07:00:00	4610.216	4613.611	4599.191	4601.818	13058	0	160
2026.01.15	08:00:00	4601.775	4607.150	4597.807	4604.308	14639	0	160
2026.01.15	09:00:00	4604.245	4613.071	4600.656	4612.605	11327	0	160
2026.01.15	10:00:00	4612.576	4620.643	4609.297	4619.803	10641	0	160
2026.01.15	11:00:00	4619.840	4623.032	4615.404	4619.132	10898	0	160
2026.01.15	12:00:00	4619.184	4620.792	4611.726	4613.952	11446	0	160
2026.01.15	13:00:00	4613.888	4616.137	4582.000	4588.413	34780	0	160
2026.01.15	14:00:00	4588.437	4615.181	4583.250	4610.958	40615	0	160
2026.01.15	15:00:00	4611.005	4618.093	4603.867	4615.473	28708	0	160
2026.01.15	16:00:00	4615.438	4624.902	4601.162	4605.624	25451	0	160
2026.01.15	17:00:00	4605.699	4616.995	4605.643	4616.439	14074	0	160
2026.01.15	18:00:00	4616.497	4621.292	4613.569	4617.591	15868	0	160
2026.01.15	19:00:00	4617.621	4621.733	4612.627	4615.794	10625	0	160
2026.01.15	20:00:00	4615.908	4616.308	4600.756	4605.761	18855	0	160
2026.01.15	21:00:00	4605.733	4616.456	4604.438	4615.670	6749	0	160
2026.01.15	23:00:00	4618.110	4620.994	4606.451	4610.284	9848	0	160
2026.01.16	00:00:00	4610.243	4611.358	4598.533	4600.026	12308	0	160
2026.01.16	01:00:00	4599.942	4608.553	4593.942	4600.504	22376	0	160
2026.01.16	02:00:00	4600.477	4604.241	4591.237	4594.891	21686	0	160
2026.01.16	03:00:00	4594.918	4599.694	4592.794	4596.491	10813	0	160
2026.01.16	04:00:00	4596.353	4602.017	4596.116	4601.087	6200	0	160
2026.01.16	05:00:00	4601.205	4616.198	4595.252	4611.542	12204	0	160
2026.01.16	06:00:00	4611.614	4612.336	4593.851	4597.967	18127	0	160
2026.01.16	07:00:00	4598.052	4612.020	4596.850	4607.513	14688	0	160
2026.01.16	08:00:00	4607.466	4610.688	4601.344	4603.185	11356	0	160
2026.01.16	09:00:00	4603.149	4608.488	4598.843	4600.449	8263	0	160
2026.01.16	10:00:00	4600.493	4611.170	4599.801	4600.216	9205	0	160
2026.01.16	11:00:00	4600.250	4616.152	4598.593	4612.471	10445	0	160
2026.01.16	12:00:00	4612.510	4613.013	4597.418	4601.755	12483	0	160
2026.01.16	13:00:00	4601.792	4605.596	4582.677	4601.890	33599	0	160
2026.01.16	14:00:00	4601.909	4614.823	4596.140	4607.981	29314	0	160
2026.01.16	15:00:00	4607.952	4620.563	4536.729	4571.398	75182	0	160
2026.01.16	16:00:00	4571.351	4599.058	4567.960	4591.494	44034	0	160
2026.01.16	17:00:00	4591.506	4593.088	4576.850	4581.460	23433	0	160
2026.01.16	18:00:00	4581.416	4596.056	4580.011	4582.656	20368	0	160
2026.01.16	19:00:00	4582.630	4592.464	4580.803	4590.572	14872	0	160
2026.01.16	20:00:00	4590.587	4596.046	4580.874	4581.986	14304	0	160
2026.01.16	21:00:00	4581.955	4598.544	4581.955	4596.588	11902	0	160
2026.01.18	23:00:00	4655.358	4690.700	4653.824	4672.573	25469	0	160
2026.01.19	00:00:00	4672.630	4682.114	4660.973	4675.351	23759	0	160
2026.01.19	01:00:00	4675.381	4678.351	4656.212	4657.369	37622	0	160
2026.01.19	02:00:00	4657.324	4665.073	4653.138	4662.391	20359	0	160
2026.01.19	03:00:00	4662.416	4669.902	4658.216	4658.521	13902	0	160
2026.01.19	04:00:00	4658.556	4666.043	4658.134	4663.069	8909	0	160
2026.01.19	05:00:00	4663.058	4674.307	4662.959	4669.968	11674	0	160
2026.01.19	06:00:00	4669.955	4679.037	4666.767	4678.008	11088	0	160
2026.01.19	07:00:00	4677.902	4678.529	4661.873	4665.186	13144	0	160
2026.01.19	08:00:00	4665.140	4673.846	4661.683	4663.672	12780	0	160
2026.01.19	09:00:00	4663.636	4672.921	4661.902	4668.423	9755	0	160
2026.01.19	10:00:00	4668.355	4671.257	4661.280	4663.821	8858	0	160
2026.01.19	11:00:00	4663.803	4667.569	4659.587	4660.705	10132	0	160
2026.01.19	12:00:00	4660.676	4673.744	4660.078	4671.958	10248	0	160
2026.01.19	13:00:00	4671.993	4673.707	4664.495	4666.116	12349	0	160
2026.01.19	14:00:00	4666.168	4670.295	4661.511	4666.594	11368	0	160
2026.01.19	15:00:00	4666.567	4676.059	4664.257	4674.329	12261	0	160
2026.01.19	16:00:00	4674.283	4675.622	4670.406	4672.183	7702	0	160
2026.01.19	17:00:00	4672.259	4678.833	4669.195	4676.236	6670	0	160
2026.01.19	18:00:00	4676.237	4680.490	4673.834	4676.540	6136	0	160
2026.01.19	19:00:00	4676.647	4676.752	4667.059	4670.928	4332	0	160
2026.01.19	23:00:00	4673.440	4673.595	4664.575	4665.406	6543	0	160
2026.01.20	00:00:00	4665.371	4668.045	4659.455	4660.504	8527	0	160
2026.01.20	01:00:00	4660.470	4676.125	4659.833	4669.702	16499	0	160
2026.01.20	02:00:00	4669.667	4674.781	4665.558	4668.686	14007	0	160
2026.01.20	03:00:00	4668.676	4681.609	4666.132	4680.176	10525	0	160
2026.01.20	04:00:00	4680.125	4697.143	4679.684	4695.232	11349	0	160
2026.01.20	05:00:00	4695.273	4716.890	4694.235	4714.591	18815	0	160
2026.01.20	06:00:00	4714.551	4717.125	4705.470	4712.532	20355	0	160
2026.01.20	07:00:00	4712.461	4722.775	4711.405	4716.168	14607	0	160
2026.01.20	08:00:00	4716.195	4731.519	4714.966	4729.230	17524	0	160
2026.01.20	09:00:00	4729.280	4737.424	4721.184	4732.404	14700	0	160
2026.01.20	10:00:00	4732.418	4735.025	4723.094	4726.524	12921	0	160
2026.01.20	11:00:00	4726.562	4735.418	4721.583	4733.029	9593	0	160
2026.01.20	12:00:00	4732.985	4732.985	4724.127	4727.526	11655	0	160
2026.01.20	13:00:00	4727.554	4738.492	4715.232	4737.092	33063	0	160
2026.01.20	14:00:00	4737.157	4751.171	4728.629	4741.252	53804	0	160
2026.01.20	15:00:00	4741.175	4748.566	4722.354	4737.495	47587	0	160
2026.01.20	16:00:00	4737.464	4757.894	4729.064	4753.631	25809	0	160
2026.01.20	17:00:00	4753.663	4762.444	4746.094	4759.263	18994	0	160
2026.01.20	18:00:00	4759.298	4766.367	4752.902	4759.359	16557	0	160
2026.01.20	19:00:00	4759.370	4766.298	4756.434	4760.696	12644	0	160
2026.01.20	20:00:00	4760.699	4761.125	4747.418	4756.616	17029	0	160
2026.01.20	21:00:00	4756.641	4763.976	4756.211	4763.376	31060	0	160
2026.01.20	23:00:00	4762.604	4781.083	4757.789	4775.878	9693	0	160
2026.01.21	00:00:00	4775.829	4787.732	4770.751	4784.700	12040	0	160
2026.01.21	01:00:00	4784.650	4844.399	4783.524	4835.302	39154	0	160
2026.01.21	02:00:00	4835.341	4842.159	4817.232	4836.690	26804	0	160
2026.01.21	03:00:00	4836.618	4849.968	4827.060	4845.003	21734	0	160
2026.01.21	04:00:00	4845.003	4871.035	4837.906	4865.859	16369	0	160
2026.01.21	05:00:00	4865.937	4878.241	4858.853	4869.955	21696	0	160
2026.01.21	06:00:00	4870.011	4888.495	4845.479	4847.640	31974	0	160
2026.01.21	07:00:00	4847.583	4857.196	4832.476	4855.166	28575	0	160
2026.01.21	08:00:00	4855.142	4869.713	4851.529	4854.677	18434	0	160
2026.01.21	09:00:00	4854.713	4877.102	4852.333	4860.292	17030	0	160
2026.01.21	10:00:00	4860.243	4866.752	4859.458	4862.180	13152	0	160
2026.01.21	11:00:00	4862.220	4871.558	4855.195	4866.812	12215	0	160
2026.01.21	12:00:00	4866.845	4870.963	4855.777	4865.009	15026	0	160
2026.01.21	13:00:00	4865.061	4880.344	4858.418	4879.398	26959	0	160
2026.01.21	14:00:00	4879.338	4880.975	4839.203	4852.150	68604	0	160
2026.01.21	15:00:00	4851.990	4868.666	4812.704	4847.815	62331	0	160
2026.01.21	16:00:00	4847.861	4855.790	4819.511	4833.336	43741	0	160
2026.01.21	17:00:00	4833.390	4834.351	4802.543	4826.180	43978	0	160
2026.01.21	18:00:00	4826.147	4850.735	4819.804	4850.147	28568	0	160
2026.01.21	19:00:00	4850.041	4854.103	4755.850	4781.264	88936	0	160
2026.01.21	20:00:00	4781.229	4827.834	4772.325	4826.665	56069	0	160
2026.01.21	21:00:00	4826.613	4839.807	4813.273	4828.746	17192	0	160
2026.01.21	23:00:00	4831.025	4831.112	4777.636	4778.381	17749	0	160
2026.01.22	00:00:00	4778.317	4798.831	4778.121	4798.160	22540	0	160
2026.01.22	01:00:00	4798.089	4809.639	4772.208	4797.915	35507	0	160
2026.01.22	02:00:00	4797.796	4798.370	4774.904	4788.979	24098	0	160
2026.01.22	03:00:00	4788.965	4796.993	4784.157	4796.604	14264	0	160
2026.01.22	04:00:00	4796.582	4800.519	4793.855	4797.355	11522	0	160
2026.01.22	05:00:00	4797.386	4821.628	4793.688	4821.283	14921	0	160
2026.01.22	06:00:00	4821.311	4829.247	4816.425	4826.534	15819	0	160
2026.01.22	07:00:00	4826.574	4838.815	4825.664	4832.684	13889	0	160
2026.01.22	08:00:00	4832.659	4835.648	4822.389	4830.719	13927	0	160
2026.01.22	09:00:00	4830.615	4838.000	4813.895	4823.101	16108	0	160
2026.01.22	10:00:00	4823.059	4831.851	4819.211	4829.026	11370	0	160
2026.01.22	11:00:00	4829.046	4836.466	4824.504	4831.124	10501	0	160
2026.01.22	12:00:00	4831.108	4832.560	4818.870	4819.839	12622	0	160
2026.01.22	13:00:00	4819.903	4835.273	4810.693	4822.181	26740	0	160
2026.01.22	14:00:00	4822.115	4847.751	4820.386	4835.251	34055	0	160
2026.01.22	15:00:00	4835.156	4873.721	4826.868	4871.710	35419	0	160
2026.01.22	16:00:00	4871.756	4885.521	4868.085	4878.080	26088	0	160
2026.01.22	17:00:00	4877.958	4906.342	4869.724	4904.519	32530	0	160
2026.01.22	18:00:00	4904.480	4919.380	4901.254	4915.979	24587	0	160
2026.01.22	19:00:00	4915.933	4924.477	4905.936	4911.663	17274	0	160
2026.01.22	20:00:00	4911.700	4928.411	4911.393	4916.994	17270	0	160
2026.01.22	21:00:00	4916.946	4940.818	4914.521	4936.220	11518	0	160
2026.01.22	23:00:00	4944.346	4960.587	4930.713	4958.972	17562	0	160
2026.01.23	00:00:00	4959.011	4965.781	4947.585	4965.051	16483	0	160
2026.01.23	01:00:00	4965.085	4967.535	4936.266	4953.624	36778	0	160
2026.01.23	02:00:00	4953.581	4962.261	4946.884	4955.589	14877	0	160
2026.01.23	03:00:00	4955.632	4959.015	4938.225	4952.007	17345	0	160
2026.01.23	04:00:00	4951.971	4958.360	4950.184	4956.283	7682	0	160
2026.01.23	05:00:00	4956.259	4967.307	4954.507	4960.654	9473	0	160
2026.01.23	06:00:00	4960.628	4962.959	4945.514	4953.708	18630	0	160
2026.01.23	07:00:00	4953.733	4959.588	4943.340	4944.413	15610	0	160
2026.01.23	08:00:00	4944.349	4947.579	4901.296	4913.776	30612	0	160
2026.01.23	09:00:00	4913.884	4921.706	4899.542	4918.577	24114	0	160
2026.01.23	10:00:00	4918.538	4932.374	4915.662	4929.871	14703	0	160
2026.01.23	11:00:00	4929.821	4929.969	4911.967	4922.962	15111	0	160
2026.01.23	12:00:00	4922.999	4942.585	4918.292	4939.264	15891	0	160
2026.01.23	13:00:00	4939.239	4947.993	4923.818	4938.919	38441	0	160
2026.01.23	14:00:00	4938.979	4956.538	4932.804	4943.153	31753	0	160
2026.01.23	15:00:00	4943.231	4963.375	4938.434	4960.584	32005	0	160
2026.01.23	16:00:00	4960.611	4988.334	4959.077	4980.297	28704	0	160
2026.01.23	17:00:00	4980.335	4988.104	4962.064	4965.998	24711	0	160
2026.01.23	18:00:00	4966.032	4984.119	4958.231	4966.792	26791	0	160
2026.01.23	19:00:00	4966.818	4989.804	4966.818	4984.331	15981	0	160
2026.01.23	20:00:00	4984.297	4985.729	4970.597	4981.517	21827	0	160
2026.01.23	21:00:00	4981.478	4989.050	4978.031	4988.337	9030	0	160
2026.01.25	23:00:00	5019.847	5040.296	5003.575	5039.789	30605	0	160
2026.01.26	00:00:00	5039.821	5052.099	5030.552	5041.830	25017	0	160
2026.01.26	01:00:00	5041.689	5085.699	5029.075	5071.195	46936	0	160
2026.01.26	02:00:00	5071.221	5093.104	5067.022	5081.120	35245	0	160
2026.01.26	03:00:00	5081.060	5087.955	5070.008	5076.541	27431	0	160
2026.01.26	04:00:00	5076.643	5078.008	5058.121	5070.445	18144	0	160
2026.01.26	05:00:00	5070.362	5076.465	5052.310	5074.295	33516	0	160
2026.01.26	06:00:00	5074.343	5111.144	5065.319	5077.886	37987	0	160
2026.01.26	07:00:00	5077.807	5095.701	5074.034	5089.275	21291	0	160
2026.01.26	08:00:00	5089.234	5098.284	5080.015	5083.341	20438	0	160
2026.01.26	09:00:00	5083.285	5098.657	5075.446	5084.082	21494	0	160
2026.01.26	10:00:00	5084.113	5095.074	5078.707	5091.639	16813	0	160
2026.01.26	11:00:00	5091.612	5092.833	5078.591	5091.438	13894	0	160
2026.01.26	12:00:00	5091.406	5096.982	5077.224	5078.886	20661	0	160
2026.01.26	13:00:00	5078.846	5083.311	5054.528	5068.552	36255	0	160
2026.01.26	14:00:00	5068.522	5096.954	5058.257	5096.269	43817	0	160
2026.01.26	15:00:00	5096.318	5097.348	5073.834	5090.917	44425	0	160
2026.01.26	16:00:00	5090.819	5104.997	5065.288	5089.514	51170	0	160
2026.01.26	17:00:00	5089.562	5105.153	5080.781	5100.936	32925	0	160
2026.01.26	18:00:00	5100.974	5103.276	5057.875	5068.873	63472	0	160
2026.01.26	19:00:00	5069.015	5069.722	5008.218	5028.697	101860	0	160
2026.01.26	20:00:00	5028.662	5062.342	5026.170	5055.193	61356	0	160
2026.01.26	21:00:00	5055.251	5059.292	4989.632	5009.206	52986	0	160
2026.01.26	23:00:00	5029.858	5061.533	5018.873	5043.629	19983	0	160
2026.01.27	00:00:00	5043.588	5053.998	5013.485	5032.697	26602	0	160
2026.01.27	01:00:00	5032.725	5075.924	5018.832	5060.400	54816	0	160
2026.01.27	02:00:00	5060.365	5079.843	5049.591	5072.436	26900	0	160
2026.01.27	03:00:00	5072.477	5079.121	5060.201	5076.871	21932	0	160
2026.01.27	04:00:00	5076.808	5078.610	5061.513	5067.968	16973	0	160
2026.01.27	05:00:00	5067.919	5085.288	5057.336	5082.990	21978	0	160
2026.01.27	06:00:00	5082.906	5094.066	5076.573	5085.824	21987	0	160
2026.01.27	07:00:00	5085.868	5100.962	5081.597	5086.128	28270	0	160
2026.01.27	08:00:00	5086.063	5088.356	5073.299	5079.418	22657	0	160
2026.01.27	09:00:00	5079.353	5099.601	5077.940	5098.723	18943	0	160
2026.01.27	10:00:00	5098.693	5098.693	5081.890	5086.163	17579	0	160
2026.01.27	11:00:00	5086.201	5090.949	5066.820	5076.734	17184	0	160
2026.01.27	12:00:00	5076.702	5091.210	5073.588	5085.037	22364	0	160
2026.01.27	13:00:00	5085.017	5092.975	5069.493	5077.456	38719	0	160
2026.01.27	14:00:00	5077.494	5082.465	5046.496	5054.261	77522	0	160
2026.01.27	15:00:00	5054.226	5091.466	5047.509	5091.077	61699	0	160
2026.01.27	16:00:00	5091.040	5103.130	5083.378	5087.504	39432	0	160
2026.01.27	17:00:00	5087.454	5094.217	5076.677	5081.340	40614	0	160
2026.01.27	18:00:00	5081.310	5095.426	5076.186	5088.052	33045	0	160
2026.01.27	19:00:00	5088.006	5099.999	5081.171	5098.926	17086	0	160
2026.01.27	20:00:00	5098.952	5182.485	5097.854	5176.499	90594	0	160
2026.01.27	21:00:00	5176.597	5190.490	5169.466	5180.515	33958	0	160
2026.01.27	23:00:00	5177.132	5177.256	5159.074	5172.433	16220	0	160
2026.01.28	00:00:00	5172.389	5180.100	5157.059	5171.933	22187	0	160
2026.01.28	01:00:00	5171.877	5225.257	5168.738	5204.765	61939	0	160
2026.01.28	02:00:00	5204.737	5234.402	5201.611	5231.849	39956	0	160
2026.01.28	03:00:00	5231.804	5247.780	5224.554	5235.049	32221	0	160
2026.01.28	04:00:00	5234.986	5248.970	5232.359	5245.639	16832	0	160
2026.01.28	05:00:00	5245.583	5266.523	5241.647	5261.216	28006	0	160
2026.01.28	06:00:00	5261.187	5271.390	5252.097	5269.840	26096	0	160
2026.01.28	07:00:00	5269.915	5292.803	5263.000	5290.397	26428	0	160
2026.01.28	08:00:00	5290.353	5311.542	5280.758	5293.649	38310	0	160
2026.01.28	09:00:00	5293.589	5297.426	5262.838	5277.991	29899	0	160
2026.01.28	10:00:00	5278.033	5285.636	5269.319	5269.962	21681	0	160
2026.01.28	11:00:00	5269.973	5270.792	5238.576	5261.638	32793	0	160
2026.01.28	12:00:00	5261.700	5279.236	5251.651	5279.157	29854	0	160
2026.01.28	13:00:00	5279.124	5289.585	5257.022	5266.626	44822	0	160
2026.01.28	14:00:00	5266.654	5288.677	5248.485	5286.064	61358	0	160
2026.01.28	15:00:00	5286.172	5298.152	5235.248	5278.235	110187	0	160
2026.01.28	16:00:00	5278.276	5300.199	5274.470	5299.753	52235	0	160
2026.01.28	17:00:00	5299.790	5307.037	5283.043	5298.136	40330	0	160
2026.01.28	18:00:00	5298.233	5326.162	5268.483	5283.597	67780	0	160
2026.01.28	19:00:00	5283.487	5332.236	5269.346	5325.429	79199	0	160
2026.01.28	20:00:00	5325.374	5391.525	5320.898	5376.793	83871	0	160
2026.01.28	21:00:00	5376.828	5417.555	5376.828	5417.504	39541	0	160
2026.01.28	23:00:00	5448.139	5570.018	5432.519	5513.022	63904	0	160
2026.01.29	00:00:00	5512.989	5527.276	5450.422	5520.301	63928	0	160
2026.01.29	01:00:00	5520.413	5551.669	5445.471	5545.787	100197	0	160
2026.01.29	02:00:00	5545.740	5550.123	5504.551	5535.797	64838	0	160
2026.01.29	03:00:00	5535.774	5548.925	5508.482	5545.769	51499	0	160
2026.01.29	04:00:00	5545.731	5564.593	5533.596	5558.391	35391	0	160
2026.01.29	05:00:00	5558.328	5564.481	5516.108	5562.619	50162	0	160
2026.01.29	06:00:00	5562.647	5595.349	5554.806	5561.687	53457	0	160
2026.01.29	07:00:00	5561.609	5575.005	5536.964	5548.984	52478	0	160
2026.01.29	08:00:00	5548.949	5554.941	5473.966	5509.804	69774	0	160
2026.01.29	09:00:00	5509.714	5529.684	5498.018	5514.147	39690	0	160
2026.01.29	10:00:00	5514.115	5525.283	5482.215	5483.389	32196	0	160
2026.01.29	11:00:00	5483.437	5528.813	5470.739	5522.666	25864	0	160
2026.01.29	12:00:00	5522.639	5542.958	5518.484	5534.234	23507	0	160
2026.01.29	13:00:00	5534.270	5540.864	5500.205	5510.376	33701	0	160
2026.01.29	14:00:00	5510.403	5549.504	5491.126	5497.640	62166	0	160
2026.01.29	15:00:00	5497.341	5497.341	5094.978	5182.895	141073	0	160
2026.01.29	16:00:00	5182.780	5311.274	5172.031	5264.023	91933	0	160
2026.01.29	17:00:00	5264.077	5375.460	5264.077	5335.284	70842	0	160
2026.01.29	18:00:00	5335.335	5362.127	5307.978	5339.037	56535	0	160
2026.01.29	19:00:00	5339.098	5345.338	5290.220	5305.702	55280	0	160
2026.01.29	20:00:00	5305.771	5407.072	5282.791	5394.512	42425	0	160
2026.01.29	21:00:00	5394.432	5425.967	5374.608	5377.505	29968	0	160
2026.01.29	23:00:00	5400.815	5448.551	5388.252	5438.589	40200	0	160
2026.01.30	00:00:00	5438.551	5450.946	5389.899	5407.066	56105	0	160
2026.01.30	01:00:00	5407.098	5409.744	5291.364	5301.712	130731	0	160
2026.01.30	02:00:00	5301.612	5312.879	5112.046	5224.736	236819	0	160
2026.01.30	03:00:00	5224.816	5229.882	5150.709	5196.573	112084	0	160
2026.01.30	04:00:00	5196.535	5230.854	5193.790	5214.833	60827	0	160
2026.01.30	05:00:00	5214.771	5241.616	5180.053	5184.845	60947	0	160
2026.01.30	06:00:00	5184.981	5205.301	5145.544	5155.843	83815	0	160
2026.01.30	07:00:00	5155.919	5186.706	5117.625	5181.217	88876	0	160
2026.01.30	08:00:00	5181.171	5181.171	5055.990	5117.325	112051	0	160
2026.01.30	09:00:00	5117.330	5132.854	4940.267	5013.603	201187	0	160
2026.01.30	10:00:00	5013.490	5122.632	5001.005	5119.757	108273	0	160
2026.01.30	11:00:00	5119.702	5144.841	5089.698	5136.072	74729	0	160
2026.01.30	12:00:00	5136.100	5145.896	5055.443	5064.738	97324	0	160
2026.01.30	13:00:00	5064.541	5099.942	4991.925	5019.419	133933	0	160
2026.01.30	14:00:00	5019.451	5113.635	5014.309	5033.014	138792	0	160
2026.01.30	15:00:00	5033.129	5074.033	4980.398	5050.424	95297	0	160
2026.01.30	16:00:00	5050.472	5051.665	4942.060	4985.359	88315	0	160
2026.01.30	17:00:00	4985.286	4986.077	4801.145	4849.920	104723	0	160
2026.01.30	18:00:00	4849.813	4894.437	4682.526	4880.538	150026	0	160
2026.01.30	19:00:00	4880.573	4947.832	4840.093	4932.661	79400	0	160
2026.01.30	20:00:00	4932.701	4932.978	4809.015	4847.953	69644	0	160
2026.01.30	21:00:00	4847.569	4893.020	4831.706	4891.496	31740	0	160
2026.02.01	23:00:00	4793.519	4819.788	4697.912	4741.422	41133	0	160
2026.02.02	00:00:00	4741.564	4884.890	4740.112	4766.976	73167	0	160
2026.02.02	01:00:00	4766.909	4784.802	4585.331	4737.008	105103	0	160
2026.02.02	02:00:00	4736.896	4773.092	4698.051	4711.047	69582	0	160
2026.02.02	03:00:00	4711.105	4729.470	4630.285	4646.594	72551	0	160
2026.02.02	04:00:00	4646.496	4713.487	4603.508	4679.776	60521	0	160
2026.02.02	05:00:00	4679.655	4696.946	4498.094	4549.374	79473	0	160
2026.02.02	06:00:00	4549.337	4573.530	4401.961	4504.003	104842	0	160
2026.02.02	07:00:00	4504.445	4619.114	4484.777	4587.175	68088	0	160
2026.02.02	08:00:00	4587.237	4651.402	4561.542	4640.795	55364	0	160
2026.02.02	09:00:00	4640.851	4731.497	4603.466	4719.567	63725	0	160
2026.02.02	10:00:00	4719.534	4734.027	4657.228	4705.788	49470	0	160
2026.02.02	11:00:00	4705.763	4779.775	4703.605	4766.028	44565	0	160
2026.02.02	12:00:00	4765.857	4812.462	4743.117	4794.221	44237	0	160
2026.02.02	13:00:00	4794.157	4803.863	4669.435	4706.167	86680	0	160
2026.02.02	14:00:00	4706.269	4794.414	4679.993	4719.176	82737	0	160
2026.02.02	15:00:00	4719.569	4745.596	4617.049	4619.977	94439	0	160
2026.02.02	16:00:00	4620.053	4708.893	4596.499	4665.750	67055	0	160
2026.02.02	17:00:00	4665.838	4714.059	4656.421	4674.072	41627	0	160
2026.02.02	18:00:00	4674.129	4674.276	4618.285	4658.018	47566	0	160
2026.02.02	19:00:00	4657.915	4712.940	4631.413	4685.389	33422	0	160
2026.02.02	20:00:00	4685.485	4700.707	4647.337	4652.235	42322	0	160
2026.02.02	21:00:00	4652.351	4687.352	4643.759	4658.154	22391	0	160
2026.02.02	23:00:00	4685.104	4775.102	4681.962	4774.148	21390	0	240
2026.02.03	00:00:00	4774.235	4831.097	4766.164	4780.392	34837	0	160
2026.02.03	01:00:00	4780.290	4856.919	4766.580	4841.617	59666	0	160
2026.02.03	02:00:00	4841.475	4842.123	4745.469	4783.209	55601	0	160
2026.02.03	03:00:00	4783.154	4813.398	4751.924	4809.004	38040	0	160
2026.02.03	04:00:00	4809.176	4825.477	4800.841	4809.128	23033	0	160
2026.02.03	05:00:00	4809.238	4842.078	4809.131	4825.097	25634	0	160
2026.02.03	06:00:00	4825.180	4894.239	4816.573	4881.163	37808	0	160
2026.02.03	07:00:00	4881.243	4933.738	4871.770	4917.095	24009	0	160
2026.02.03	08:00:00	4917.165	4949.853	4898.547	4912.498	23918	0	160
2026.02.03	09:00:00	4912.459	4926.136	4884.691	4916.080	22580	0	160
2026.02.03	10:00:00	4916.065	4929.714	4901.696	4902.434	15335	0	160
2026.02.03	11:00:00	4902.506	4919.234	4883.513	4916.715	17760	0	160
2026.02.03	12:00:00	4916.917	4936.130	4892.211	4913.763	21374	0	160
2026.02.03	13:00:00	4913.685	4950.953	4902.328	4932.686	36802	0	160
2026.02.03	14:00:00	4932.831	4936.427	4893.569	4917.249	45618	0	160
2026.02.03	15:00:00	4916.886	4948.309	4904.555	4935.318	40809	0	160
2026.02.03	16:00:00	4935.437	4993.649	4929.848	4955.650	35123	0	160
2026.02.03	17:00:00	4955.536	4969.718	4907.260	4929.189	52681	0	160
2026.02.03	18:00:00	4929.116	4954.039	4884.773	4908.462	44942	0	160
2026.02.03	19:00:00	4908.540	4948.902	4880.340	4927.250	36456	0	160
2026.02.03	20:00:00	4927.168	4956.866	4902.293	4944.438	26719	0	160
2026.02.03	21:00:00	4944.526	4964.278	4933.386	4946.436	10981	0	160
2026.02.03	23:00:00	4958.639	4972.010	4909.685	4947.236	16357	0	160
2026.02.04	00:00:00	4947.389	5016.353	4945.697	5015.604	28399	0	240
2026.02.04	01:00:00	5015.609	5053.583	4985.035	5046.482	38746	0	240
2026.02.04	02:00:00	5046.555	5065.414	5035.511	5040.484	19405	0	240
2026.02.04	03:00:00	5040.213	5073.597	5036.106	5069.922	16252	0	240
2026.02.04	04:00:00	5070.008	5081.265	5056.293	5080.471	8941	0	240
2026.02.04	05:00:00	5080.613	5090.265	5069.210	5079.597	13206	0	240
2026.02.04	06:00:00	5079.675	5082.898	5050.961	5076.585	18850	0	240
2026.02.04	07:00:00	5076.510	5091.390	5062.198	5084.685	12390	0	240
2026.02.04	08:00:00	5084.601	5091.855	5068.608	5083.416	12767	0	240
2026.02.04	09:00:00	5083.490	5086.903	5042.818	5060.088	17015	0	240
2026.02.04	10:00:00	5060.183	5064.429	5041.448	5048.614	13241	0	240
2026.02.04	11:00:00	5048.705	5053.660	5013.489	5047.674	14788	0	240
2026.02.04	12:00:00	5047.564	5063.249	5036.190	5040.872	12141	0	240
2026.02.04	13:00:00	5041.024	5063.527	5023.009	5053.930	25170	0	240
2026.02.04	14:00:00	5054.014	5059.136	4966.751	4986.388	59006	0	240
2026.02.04	15:00:00	4986.189	5007.715	4887.336	4920.489	66869	0	240
2026.02.04	16:00:00	4920.112	4940.019	4852.203	4904.518	59542	0	160
2026.02.04	17:00:00	4904.436	4930.900	4888.117	4898.184	43442	0	160
2026.02.04	18:00:00	4898.140	4935.136	4872.884	4927.414	30127	0	160
2026.02.04	19:00:00	4927.516	4958.020	4914.599	4941.815	21147	0	160
2026.02.04	20:00:00	4941.764	4951.955	4914.187	4938.664	18093	0	160
2026.02.04	21:00:00	4938.570	4970.658	4937.662	4965.131	7266	0	160
2026.02.04	23:00:00	4969.623	5023.771	4968.977	5012.195	10382	0	240
2026.02.05	00:00:00	5012.269	5020.510	4996.859	5006.725	14958	0	240
2026.02.05	01:00:00	5006.820	5012.066	4936.060	4958.921	47882	0	160
2026.02.05	02:00:00	4959.011	4962.036	4804.651	4811.923	80173	0	160
2026.02.05	03:00:00	4811.997	4888.288	4788.571	4880.524	56606	0	160
2026.02.05	04:00:00	4880.448	4891.199	4863.229	4863.721	23506	0	160
2026.02.05	05:00:00	4863.559	4906.686	4826.343	4896.149	34043	0	160
2026.02.05	06:00:00	4896.232	4934.183	4877.697	4920.370	30842	0	160
2026.02.05	07:00:00	4920.229	4940.979	4895.746	4915.076	24500	0	160
2026.02.05	08:00:00	4915.205	4943.563	4901.150	4912.119	24651	0	160
2026.02.05	09:00:00	4912.043	4914.269	4849.283	4855.142	36221	0	160
2026.02.05	10:00:00	4854.969	4886.933	4847.247	4877.082	24864	0	160
2026.02.05	11:00:00	4877.070	4894.605	4864.502	4868.270	14978	0	160
2026.02.05	12:00:00	4868.285	4877.993	4810.728	4854.024	39981	0	160
2026.02.05	13:00:00	4853.946	4868.155	4802.018	4835.597	54773	0	160
2026.02.05	14:00:00	4835.332	4869.998	4805.773	4846.507	66626	0	160
2026.02.05	15:00:00	4845.979	4865.655	4800.553	4817.668	61348	0	160
2026.02.05	16:00:00	4817.565	4906.864	4812.275	4888.789	49972	0	160
2026.02.05	17:00:00	4888.647	4890.784	4859.023	4869.299	31905	0	160
2026.02.05	18:00:00	4869.249	4875.330	4851.152	4858.207	27624	0	160
2026.02.05	19:00:00	4858.123	4865.264	4823.399	4829.338	22036	0	160
2026.02.05	20:00:00	4829.446	4843.154	4792.747	4811.351	24725	0	160
2026.02.05	21:00:00	4811.211	4826.126	4759.378	4776.808	19017	0	160
2026.02.05	23:00:00	4761.196	4781.944	4703.368	4703.768	17303	0	160
2026.02.06	00:00:00	4703.682	4764.497	4655.213	4762.782	51142	0	160
2026.02.06	01:00:00	4762.707	4784.940	4693.758	4774.162	63824	0	160
2026.02.06	02:00:00	4774.222	4846.460	4760.338	4816.580	36778	0	160
2026.02.06	03:00:00	4816.509	4839.136	4800.684	4824.288	21237	0	160
2026.02.06	04:00:00	4824.155	4831.680	4807.031	4813.801	11630	0	160
2026.02.06	05:00:00	4813.750	4897.941	4807.641	4897.571	20628	0	160
2026.02.06	06:00:00	4897.494	4903.302	4825.386	4846.492	26246	0	192
2026.02.06	07:00:00	4846.411	4861.727	4838.272	4841.047	14241	0	192
2026.02.06	08:00:00	4840.992	4882.470	4829.588	4862.070	23086	0	192
2026.02.06	09:00:00	4862.042	4872.670	4838.064	4866.646	17701	0	176
2026.02.06	10:00:00	4866.793	4879.947	4851.532	4878.469	10584	0	176
2026.02.06	11:00:00	4878.364	4895.871	4863.907	4887.059	12120	0	176
2026.02.06	12:00:00	4887.151	4903.470	4871.117	4900.375	13712	0	192
2026.02.06	13:00:00	4900.451	4938.378	4897.155	4928.933	26375	0	192
2026.02.06	14:00:00	4928.902	4950.142	4894.473	4947.915	29241	0	192
2026.02.06	15:00:00	4948.242	4964.721	4928.513	4943.389	26222	0	192
2026.02.06	16:00:00	4943.562	4953.652	4921.855	4951.544	18674	0	160
2026.02.06	17:00:00	4951.622	4968.610	4948.209	4960.530	12757	0	160
2026.02.06	18:00:00	4960.314	4971.478	4943.668	4962.606	10971	0	160
2026.02.06	19:00:00	4962.527	4963.294	4948.560	4957.186	6868	0	160
2026.02.06	20:00:00	4957.029	4959.114	4936.541	4953.297	10228	0	160
2026.02.06	21:00:00	4953.389	4968.285	4946.451	4968.145	5958	0	160
2026.02.08	23:00:00	4967.633	5046.837	4964.697	5035.944	13778	0	240
2026.02.09	00:00:00	5036.019	5044.905	5011.747	5019.978	18390	0	240
2026.02.09	01:00:00	5019.925	5042.000	4975.966	4982.645	26833	0	240
2026.02.09	02:00:00	4982.722	5017.653	4968.921	5007.379	16704	0	240
2026.02.09	03:00:00	5007.387	5031.478	5005.692	5016.251	11085	0	240
2026.02.09	04:00:00	5016.188	5024.910	5007.221	5012.110	8363	0	240
2026.02.09	05:00:00	5012.092	5041.637	5011.140	5037.070	11678	0	240
2026.02.09	06:00:00	5036.903	5045.748	5013.865	5031.062	15127	0	240
2026.02.09	07:00:00	5031.191	5031.257	4997.244	5006.457	13706	0	240
2026.02.09	08:00:00	5006.543	5035.648	5002.908	5027.394	10084	0	160
2026.02.09	09:00:00	5027.467	5040.932	5002.833	5007.909	10671	0	240
2026.02.09	10:00:00	5007.984	5015.141	4982.047	4991.027	16264	0	240
2026.02.09	11:00:00	4991.047	5017.894	4988.412	5010.686	12326	0	240
2026.02.09	12:00:00	5010.957	5021.772	5007.277	5013.398	11278	0	240
2026.02.09	13:00:00	5013.209	5024.640	4994.983	5007.194	19818	0	160
2026.02.09	14:00:00	5007.081	5040.628	5002.253	5038.034	20925	0	160
2026.02.09	15:00:00	5037.911	5060.253	5023.724	5058.796	16470	0	240
2026.02.09	16:00:00	5058.847	5080.696	5056.415	5073.514	11699	0	240
2026.02.09	17:00:00	5073.596	5075.438	5040.941	5046.094	10371	0	240
2026.02.09	18:00:00	5046.320	5064.042	5043.892	5062.891	10387	0	240
2026.02.09	19:00:00	5062.838	5079.964	5062.405	5074.580	6442	0	240
2026.02.09	20:00:00	5074.643	5086.697	5072.218	5079.742	7822	0	240
2026.02.09	21:00:00	5079.816	5083.056	5047.924	5060.084	7503	0	240
2026.02.09	23:00:00	5072.034	5075.112	4987.309	5031.903	16376	0	240
2026.02.10	00:00:00	5031.829	5048.164	5008.975	5018.626	15740	0	240
2026.02.10	01:00:00	5018.545	5037.915	5012.235	5032.711	22425	0	240
2026.02.10	02:00:00	5032.613	5056.440	5031.690	5038.452	14586	0	240
2026.02.10	03:00:00	5038.091	5038.103	5016.323	5029.982	11952	0	240
2026.02.10	04:00:00	5030.086	5033.933	5017.810	5031.699	7743	0	240
2026.02.10	05:00:00	5031.477	5040.372	5011.132	5039.241	10200	0	240
2026.02.10	06:00:00	5039.164	5045.439	5018.986	5024.603	12524	0	240
2026.02.10	07:00:00	5024.732	5036.105	5018.388	5033.970	12433	0	240
2026.02.10	08:00:00	5033.817	5054.893	5028.857	5041.636	10758	0	240
2026.02.10	09:00:00	5041.565	5063.008	5040.521	5046.743	9949	0	240
2026.02.10	10:00:00	5046.943	5058.158	5036.990	5047.073	9058	0	240
2026.02.10	11:00:00	5046.997	5057.361	5044.339	5055.911	6651	0	240
2026.02.10	12:00:00	5055.876	5057.118	5019.361	5032.075	11679	0	240
2026.02.10	13:00:00	5032.278	5058.777	5026.287	5051.048	13177	0	240
2026.02.10	14:00:00	5051.033	5078.663	5020.474	5039.734	22487	0	240
2026.02.10	15:00:00	5039.651	5047.993	4998.720	5019.710	24097	0	240
2026.02.10	16:00:00	5019.675	5026.528	5005.519	5023.700	16932	0	160
2026.02.10	17:00:00	5023.597	5040.058	5020.686	5026.344	8549	0	160
2026.02.10	18:00:00	5026.268	5027.897	5004.513	5013.256	12102	0	160
2026.02.10	19:00:00	5013.174	5030.105	5008.814	5028.069	7375	0	160
2026.02.10	20:00:00	5028.027	5045.424	5020.116	5030.357	8256	0	240
2026.02.10	21:00:00	5030.283	5032.579	5020.347	5023.044	17849	0	240
2026.02.10	23:00:00	5027.377	5054.379	5027.377	5041.550	6571	0	240
2026.02.11	00:00:00	5041.616	5049.448	5028.156	5037.833	9361	0	240
2026.02.11	01:00:00	5037.933	5052.763	5030.300	5052.332	11454	0	240
2026.02.11	02:00:00	5052.429	5057.812	5032.495	5055.627	9447	0	240
2026.02.11	03:00:00	5055.484	5061.003	5045.026	5054.498	7029	0	240
2026.02.11	04:00:00	5054.497	5059.532	5045.699	5046.367	5083	0	240
2026.02.11	05:00:00	5046.398	5064.089	5043.371	5052.527	7762	0	240
2026.02.11	06:00:00	5052.832	5064.559	5049.454	5064.230	8841	0	240
2026.02.11	07:00:00	5064.068	5069.129	5048.675	5055.473	11419	0	240
2026.02.11	08:00:00	5055.310	5060.301	5045.655	5053.550	7413	0	240
2026.02.11	09:00:00	5053.740	5072.095	5047.061	5062.716	7798	0	240
2026.02.11	10:00:00	5062.811	5101.814	5062.443	5093.373	13520	0	240
2026.02.11	11:00:00	5093.045	5116.804	5082.395	5111.590	9961	0	240
2026.02.11	12:00:00	5111.667	5119.259	5050.177	5083.503	17072	0	240
2026.02.11	13:00:00	5083.430	5090.126	5019.052	5065.710	32025	0	160
2026.02.11	14:00:00	5065.691	5082.808	5035.681	5059.453	26480	0	240
2026.02.11	15:00:00	5059.527	5081.880	5039.122	5060.323	28148	0	240
2026.02.11	16:00:00	5060.176	5078.240	5042.701	5075.109	16303	0	240
2026.02.11	17:00:00	5075.032	5098.948	5068.107	5091.523	11156	0	240
2026.02.11	18:00:00	5091.539	5092.919	5066.571	5082.166	12052	0	240
2026.02.11	19:00:00	5082.292	5094.214	5076.404	5082.107	8744	0	240
2026.02.11	20:00:00	5082.023	5090.334	5078.142	5086.822	7188	0	240
2026.02.11	21:00:00	5086.894	5092.816	5069.715	5082.394	6158	0	240
2026.02.11	23:00:00	5099.339	5100.162	5053.004	5061.397	8672	0	240
2026.02.12	00:00:00	5061.305	5067.472	5049.930	5063.183	13010	0	240
2026.02.12	01:00:00	5062.994	5063.972	5045.111	5063.348	13861	0	240
2026.02.12	02:00:00	5063.605	5072.828	5054.784	5065.816	9780	0	240
2026.02.12	03:00:00	5065.894	5074.640	5054.680	5056.963	7700	0	240
2026.02.12	04:00:00	5056.990	5070.041	5050.922	5069.318	5492	0	240
2026.02.12	05:00:00	5069.235	5078.212	5064.400	5075.468	8110	0	240
2026.02.12	06:00:00	5075.526	5076.292	5046.966	5059.670	10085	0	240
2026.02.12	07:00:00	5059.752	5066.396	5051.732	5063.736	6770	0	240
2026.02.12	08:00:00	5063.929	5073.515	5052.173	5068.328	7525	0	240
2026.02.12	09:00:00	5068.416	5080.985	5066.108	5073.313	6606	0	240
2026.02.12	10:00:00	5073.305	5076.900	5056.145	5062.131	7163	0	240
2026.02.12	11:00:00	5062.032	5068.259	5059.415	5063.966	5317	0	240
2026.02.12	12:00:00	5064.017	5068.574	5048.733	5052.582	7443	0	240
2026.02.12	13:00:00	5052.684	5083.763	5051.353	5075.319	10002	0	240
2026.02.12	14:00:00	5075.230	5077.795	5039.030	5044.471	19918	0	240
2026.02.12	15:00:00	5044.290	5074.830	5039.587	5060.623	12616	0	240
2026.02.12	16:00:00	5060.528	5068.304	4878.366	4954.448	106522	0	240
2026.02.12	17:00:00	4954.644	4983.054	4939.469	4941.078	39589	0	160
2026.02.12	18:00:00	4941.015	4952.254	4906.388	4935.828	35150	0	160
2026.02.12	19:00:00	4935.768	4958.293	4927.991	4945.686	19230	0	160
2026.02.12	20:00:00	4945.604	4948.378	4910.940	4915.215	18185	0	160
2026.02.12	21:00:00	4915.089	4926.845	4911.588	4922.280	7562	0	160
2026.02.12	23:00:00	4893.140	4928.383	4887.646	4920.302	10709	0	176
2026.02.13	00:00:00	4920.054	4948.543	4913.787	4928.091	15564	0	160
2026.02.13	01:00:00	4928.165	4988.905	4926.962	4980.569	20055	0	240
2026.02.13	02:00:00	4980.601	4991.736	4972.198	4988.555	11642	0	240
2026.02.13	03:00:00	4988.415	4989.257	4973.874	4981.499	7784	0	160
2026.02.13	04:00:00	4981.466	4997.235	4972.791	4976.598	6682	0	240
2026.02.13	05:00:00	4976.803	4986.432	4944.863	4946.451	11435	0	160
2026.02.13	06:00:00	4946.550	4968.776	4946.273	4967.124	11828	0	160
2026.02.13	07:00:00	4966.920	4982.501	4950.903	4974.961	11691	0	240
2026.02.13	08:00:00	4975.092	4989.519	4970.681	4982.428	10940	0	160
2026.02.13	09:00:00	4982.510	4982.728	4961.527	4970.387	8873	0	160
2026.02.13	10:00:00	4970.367	4980.734	4946.925	4950.297	8591	0	160
2026.02.13	11:00:00	4950.174	4955.561	4933.494	4953.992	12170	0	160
2026.02.13	12:00:00	4954.010	4974.127	4951.886	4969.400	9496	0	160
2026.02.13	13:00:00	4969.493	5001.884	4957.509	4987.073	16909	0	160
2026.02.13	14:00:00	4986.998	5011.146	4963.928	4995.804	31911	0	240
2026.02.13	15:00:00	4995.898	5020.812	4973.736	4976.926	30529	0	176
2026.02.13	16:00:00	4977.129	5034.213	4975.165	5007.942	19071	0	160
2026.02.13	17:00:00	5008.013	5029.187	5005.771	5020.882	10860	0	160
2026.02.13	18:00:00	5020.794	5035.590	5015.181	5031.229	10212	0	160
2026.02.13	19:00:00	5031.302	5046.075	5023.493	5023.534	9933	0	160
2026.02.13	20:00:00	5023.653	5034.701	5021.243	5032.486	10404	0	240
2026.02.13	21:00:00	5032.415	5046.101	5029.539	5042.605	9032	0	240
2026.02.15	23:00:00	5026.640	5032.237	5010.128	5019.914	9934	0	240
2026.02.16	00:00:00	5019.874	5022.853	4999.755	5015.450	10212	0	240
2026.02.16	01:00:00	5015.352	5031.192	5006.790	5028.990	7834	0	240
2026.02.16	02:00:00	5029.052	5031.480	4992.138	4994.619	9046	0	240
2026.02.16	03:00:00	4994.535	5000.013	4975.014	4987.733	9109	0	160
2026.02.16	04:00:00	4987.687	4992.030	4972.584	4977.865	7860	0	160
2026.02.16	05:00:00	4977.697	4990.693	4964.573	4990.616	7192	0	240
2026.02.16	06:00:00	4990.538	5003.100	4984.725	4994.980	6218	0	160
2026.02.16	07:00:00	4994.926	5009.954	4988.881	5007.321	6851	0	160
2026.02.16	08:00:00	5007.519	5013.322	4995.736	5008.022	7294	0	160
2026.02.16	09:00:00	5007.991	5017.232	5007.746	5013.582	5504	0	160
2026.02.16	10:00:00	5013.530	5017.146	5000.131	5006.049	6148	0	160
2026.02.16	11:00:00	5006.071	5007.966	4998.734	5004.267	5032	0	160
2026.02.16	12:00:00	5004.240	5008.096	4992.753	5001.972	6175	0	160
2026.02.16	13:00:00	5001.916	5003.535	4989.553	4997.361	6388	0	160
2026.02.16	14:00:00	4997.230	4999.426	4981.659	4988.171	7598	0	160
2026.02.16	15:00:00	4988.002	4988.337	4968.895	4979.735	8885	0	160
2026.02.16	16:00:00	4979.707	4990.306	4972.936	4988.076	6385	0	160
2026.02.16	17:00:00	4987.964	4995.890	4987.879	4991.455	4449	0	160
2026.02.16	18:00:00	4991.543	4997.933	4988.327	4994.708	5702	0	240
2026.02.16	19:00:00	4994.632	4996.116	4990.583	4993.895	3554	0	160
2026.02.16	23:00:00	4998.238	5000.719	4985.349	4989.986	5027	0	160
2026.02.17	00:00:00	4989.899	4991.592	4931.419	4935.712	12171	0	160
2026.02.17	01:00:00	4935.804	4964.074	4922.830	4957.944	12914	0	160
2026.02.17	02:00:00	4957.864	4971.436	4954.349	4967.040	6553	0	160
2026.02.17	03:00:00	4966.960	4970.075	4949.839	4956.886	7151	0	160
2026.02.17	04:00:00	4956.827	4960.363	4946.776	4952.816	5400	0	160
2026.02.17	05:00:00	4952.982	4954.276	4858.728	4888.634	24777	0	160
2026.02.17	06:00:00	4888.674	4914.219	4886.528	4910.377	10522	0	160
2026.02.17	07:00:00	4910.456	4922.014	4903.850	4917.021	8602	0	160
2026.02.17	08:00:00	4917.000	4930.270	4916.035	4920.721	9502	0	160
2026.02.17	09:00:00	4920.863	4932.552	4912.838	4926.024	8790	0	160
2026.02.17	10:00:00	4925.970	4939.206	4907.590	4913.177	8673	0	160
2026.02.17	11:00:00	4913.322	4930.961	4913.195	4929.179	7291	0	160
2026.02.17	12:00:00	4929.060	4944.351	4928.191	4932.270	9413	0	160
2026.02.17	13:00:00	4932.173	4933.279	4869.625	4870.724	18014	0	160
2026.02.17	14:00:00	4870.541	4907.182	4841.149	4864.129	42349	0	160
2026.02.17	15:00:00	4864.061	4882.548	4848.873	4878.263	33588	0	160
2026.02.17	16:00:00	4878.366	4893.683	4868.386	4869.369	20829	0	160
2026.02.17	17:00:00	4869.462	4871.303	4849.915	4865.243	17127	0	160
2026.02.17	18:00:00	4865.324	4910.733	4862.484	4898.961	16933	0	160
2026.02.17	19:00:00	4899.097	4901.171	4876.609	4880.422	12448	0	160
2026.02.17	20:00:00	4880.378	4884.257	4873.239	4878.095	11858	0	160
2026.02.17	21:00:00	4878.025	4887.009	4874.866	4878.018	4957	0	160
2026.02.17	23:00:00	4863.153	4884.656	4853.954	4859.523	7981	0	160
2026.02.18	00:00:00	4859.221	4882.942	4858.455	4874.950	10128	0	160
2026.02.18	01:00:00	4874.905	4892.866	4874.564	4889.833	7917	0	160
2026.02.18	02:00:00	4889.732	4907.260	4886.583	4905.298	6161	0	160
2026.02.18	03:00:00	4905.106	4922.215	4904.346	4920.873	5536	0	160
2026.02.18	04:00:00	4920.888	4940.110	4918.318	4933.918	5982	0	160
2026.02.18	05:00:00	4933.993	4939.864	4929.820	4933.376	4885	0	160
2026.02.18	06:00:00	4933.518	4936.041	4924.870	4930.576	5791	0	160
2026.02.18	07:00:00	4930.545	4942.324	4929.135	4930.324	5366	0	160
2026.02.18	08:00:00	4930.402	4932.364	4916.542	4917.155	6454	0	160
2026.02.18	09:00:00	4917.219	4923.151	4913.027	4917.388	6433	0	160
2026.02.18	10:00:00	4917.436	4924.439	4909.252	4914.522	7682	0	160
2026.02.18	11:00:00	4914.515	4917.595	4906.242	4912.974	5427	0	160
2026.02.18	12:00:00	4912.886	4947.213	4911.999	4943.100	8459	0	160
2026.02.18	13:00:00	4943.170	4969.069	4942.962	4954.535	11633	0	160
2026.02.18	14:00:00	4954.570	4994.479	4952.132	4991.714	17489	0	160
2026.02.18	15:00:00	4991.770	5008.998	4991.629	4997.843	13891	0	160
2026.02.18	16:00:00	4998.086	5010.974	4991.305	5000.589	9954	0	160
2026.02.18	17:00:00	5000.678	5001.722	4993.317	4998.982	7408	0	160
2026.02.18	18:00:00	4999.090	5003.223	4980.555	4987.237	10015	0	160
2026.02.18	19:00:00	4987.143	4995.495	4972.896	4980.659	12537	0	160
2026.02.18	20:00:00	4980.473	4987.513	4975.507	4984.789	8929	0	160
2026.02.18	21:00:00	4984.690	4986.525	4975.765	4976.284	3385	0	160
2026.02.18	23:00:00	4974.388	4988.664	4961.397	4976.255	6884	0	160
2026.02.19	00:00:00	4976.015	4976.321	4960.446	4961.381	7950	0	160
2026.02.19	01:00:00	4961.073	4975.455	4960.571	4973.151	6433	0	160
2026.02.19	02:00:00	4972.925	4977.298	4965.694	4968.320	5586	0	160
2026.02.19	03:00:00	4968.224	4983.534	4966.422	4981.809	5427	0	160
2026.02.19	04:00:00	4981.607	4985.522	4976.948	4984.193	4463	0	160
2026.02.19	05:00:00	4984.189	4998.403	4984.189	4997.064	4651	0	240
2026.02.19	06:00:00	4996.827	5020.107	4996.712	5018.292	5584	0	160
2026.02.19	07:00:00	5018.370	5021.927	5008.720	5010.363	5828	0	240
2026.02.19	08:00:00	5010.290	5022.047	5006.094	5017.046	6384	0	240
2026.02.19	09:00:00	5016.994	5020.340	4992.903	4995.757	7597	0	240
2026.02.19	10:00:00	4995.740	4996.196	4981.612	4993.326	7959	0	160
2026.02.19	11:00:00	4993.105	4996.417	4977.990	4984.696	7465	0	160
2026.02.19	12:00:00	4984.608	4992.792	4980.541	4984.697	6817	0	176
2026.02.19	13:00:00	4984.780	4998.415	4971.953	4997.127	9761	0	160
2026.02.19	14:00:00	4997.095	5010.304	4963.338	5005.589	18652	0	160
2026.02.19	15:00:00	5005.664	5022.336	4995.972	5013.708	19091	0	160
2026.02.19	16:00:00	5013.792	5014.389	4990.196	4995.316	12629	0	160
2026.02.19	17:00:00	4995.119	5001.578	4982.701	4984.926	9566	0	160
2026.02.19	18:00:00	4985.004	4989.232	4975.075	4981.815	8922	0	160
2026.02.19	19:00:00	4981.890	4990.427	4978.213	4987.832	6585	0	160
2026.02.19	20:00:00	4987.855	5003.395	4987.855	5001.584	5865	0	160
2026.02.19	21:00:00	5001.671	5004.191	4992.165	4996.334	4206	0	240
2026.02.19	23:00:00	4997.165	5007.890	4985.731	4987.700	5580	0	240
2026.02.20	00:00:00	4987.764	5006.896	4985.451	5006.316	6151	0	160
2026.02.20	01:00:00	5006.397	5014.702	4995.114	4997.041	7979	0	240
2026.02.20	02:00:00	4997.065	5007.338	4992.583	4996.318	6523	0	160
2026.02.20	03:00:00	4996.290	4999.053	4981.699	4988.088	6152	0	160
2026.02.20	04:00:00	4988.184	5003.414	4986.715	4999.763	4291	0	160
2026.02.20	05:00:00	4999.936	5011.873	4997.876	5011.873	5328	0	240
2026.02.20	06:00:00	5011.948	5030.141	5011.805	5020.758	6987	0	240
2026.02.20	07:00:00	5020.642	5028.198	5006.017	5006.527	7139	0	240
2026.02.20	08:00:00	5006.606	5030.923	5005.104	5028.853	7039	0	176
2026.02.20	09:00:00	5028.767	5042.628	5027.461	5027.461	7227	0	240
2026.02.20	10:00:00	5027.727	5038.340	5019.446	5034.550	6840	0	240
2026.02.20	11:00:00	5034.766	5034.885	5015.411	5017.392	7123	0	240
2026.02.20	12:00:00	5017.465	5026.620	5007.088	5025.035	8104	0	240
2026.02.20	13:00:00	5025.048	5048.825	5018.215	5043.691	9378	0	176
2026.02.20	14:00:00	5043.619	5060.510	5037.000	5054.183	17475	0	240
2026.02.20	15:00:00	5054.078	5064.009	4988.890	5042.506	60738	0	240
2026.02.20	16:00:00	5042.431	5069.045	5038.405	5066.475	20461	0	240
2026.02.20	17:00:00	5066.556	5076.408	5054.557	5072.994	16738	0	240
2026.02.20	18:00:00	5072.916	5075.154	5053.792	5071.081	18228	0	240
2026.02.20	19:00:00	5071.154	5079.887	5068.397	5079.392	6904	0	240
2026.02.20	20:00:00	5079.430	5098.185	5076.865	5096.892	8833	0	240
2026.02.20	21:00:00	5096.968	5108.031	5091.769	5105.809	6612	0	240
2026.02.22	23:00:00	5111.637	5171.868	5108.785	5165.373	10741	0	240
2026.02.23	00:00:00	5165.366	5166.728	5129.474	5144.589	18282	0	240
2026.02.23	01:00:00	5144.291	5167.792	5139.976	5157.618	12093	0	240
2026.02.23	02:00:00	5157.519	5176.670	5156.647	5173.697	9093	0	240
2026.02.23	03:00:00	5173.708	5175.775	5151.397	5166.851	8044	0	240
2026.02.23	04:00:00	5166.838	5168.703	5155.427	5160.691	6463	0	240
2026.02.23	05:00:00	5160.734	5161.829	5152.159	5158.279	5753	0	240
2026.02.23	06:00:00	5158.147	5161.688	5144.838	5145.739	7257	0	240
2026.02.23	07:00:00	5145.739	5154.134	5124.932	5136.727	11565	0	240
2026.02.23	08:00:00	5136.487	5141.953	5122.192	5140.034	9148	0	240
2026.02.23	09:00:00	5140.104	5150.057	5139.380	5149.524	6365	0	240
2026.02.23	10:00:00	5149.479	5163.386	5145.008	5162.601	7859	0	240
2026.02.23	11:00:00	5162.682	5163.447	5146.430	5149.884	6716	0	240
2026.02.23	12:00:00	5149.793	5165.463	5145.661	5163.954	7400	0	240
2026.02.23	13:00:00	5163.854	5165.312	5143.500	5146.375	9002	0	240
2026.02.23	14:00:00	5146.290	5200.414	5141.232	5192.252	14872	0	240
2026.02.23	15:00:00	5192.469	5205.098	5180.724	5196.252	18947	0	240
2026.02.23	16:00:00	5196.135	5219.089	5175.543	5209.999	18720	0	240
2026.02.23	17:00:00	5210.164	5213.315	5190.918	5207.791	14505	0	240
2026.02.23	18:00:00	5208.063	5215.914	5201.186	5209.733	10439	0	240
2026.02.23	19:00:00	5209.653	5218.217	5206.338	5215.605	8237	0	240
2026.02.23	20:00:00	5215.628	5237.907	5214.887	5236.054	8288	0	240
2026.02.23	21:00:00	5235.973	5237.293	5226.561	5227.899	5124	0	360
2026.02.23	23:00:00	5226.214	5249.439	5226.214	5235.933	7387	0	360
2026.02.24	00:00:00	5235.839	5238.095	5217.399	5223.979	12593	0	360
2026.02.24	01:00:00	5223.904	5224.216	5144.765	5177.122	38258	0	240
2026.02.24	02:00:00	5177.202	5190.413	5165.521	5189.691	10682	0	240
2026.02.24	03:00:00	5189.579	5191.747	5170.956	5171.972	7152	0	240
2026.02.24	04:00:00	5171.898	5174.810	5160.916	5168.322	6710	0	240
2026.02.24	05:00:00	5168.260	5185.704	5163.948	5182.363	8065	0	240
2026.02.24	06:00:00	5182.507	5184.843	5156.125	5173.388	8945	0	240
2026.02.24	07:00:00	5173.305	5183.992	5164.044	5179.060	9511	0	240
2026.02.24	08:00:00	5179.020	5181.856	5164.834	5173.446	8913	0	240
2026.02.24	09:00:00	5173.346	5180.344	5166.321	5171.422	6636	0	240
2026.02.24	10:00:00	5171.428	5181.307	5163.212	5172.535	7024	0	240
2026.02.24	11:00:00	5172.530	5178.533	5170.897	5172.835	5291	0	240
2026.02.24	12:00:00	5172.793	5173.595	5144.682	5150.316	11613	0	240
2026.02.24	13:00:00	5150.483	5161.097	5110.630	5115.082	19152	0	240
2026.02.24	14:00:00	5115.001	5139.115	5093.319	5128.311	30074	0	240
2026.02.24	15:00:00	5128.521	5155.306	5117.962	5150.191	16169	0	240
2026.02.24	16:00:00	5150.171	5152.295	5130.537	5141.603	12940	0	240
2026.02.24	17:00:00	5141.797	5163.772	5141.494	5163.772	8192	0	240
2026.02.24	18:00:00	5163.582	5170.116	5153.195	5160.170	8958	0	240
2026.02.24	19:00:00	5160.122	5160.626	5146.172	5154.063	8057	0	240
2026.02.24	20:00:00	5154.169	5173.146	5146.594	5163.892	8066	0	240
2026.02.24	21:00:00	5163.970	5165.718	5140.216	5143.820	5245	0	240
2026.02.24	23:00:00	5135.424	5152.161	5127.569	5146.578	5928	0	240
2026.02.25	00:00:00	5146.576	5156.336	5136.459	5152.214	8184	0	240
2026.02.25	01:00:00	5152.130	5189.947	5144.070	5176.554	13943	0	240
2026.02.25	02:00:00	5176.860	5193.907	5166.434	5180.430	9847	0	240
2026.02.25	03:00:00	5180.470	5190.082	5178.449	5182.161	7716	0	240
2026.02.25	04:00:00	5182.014	5184.998	5171.775	5182.610	5145	0	240
2026.02.25	05:00:00	5182.685	5210.592	5182.504	5201.720	7920	0	240
2026.02.25	06:00:00	5201.697	5201.697	5182.076	5194.493	8221	0	240
2026.02.25	07:00:00	5194.418	5194.967	5180.372	5184.635	6086	0	240
2026.02.25	08:00:00	5184.740	5197.169	5183.826	5185.487	6457	0	240
2026.02.25	09:00:00	5185.398	5194.390	5176.281	5192.912	7192	0	240
2026.02.25	10:00:00	5193.001	5194.907	5169.744	5175.163	7414	0	264
2026.02.25	11:00:00	5174.799	5182.472	5154.810	5181.284	8251	0	240
2026.02.25	12:00:00	5181.193	5187.369	5177.333	5182.873	6483	0	240
2026.02.25	13:00:00	5182.773	5191.290	5180.929	5184.980	9015	0	240
2026.02.25	14:00:00	5184.741	5193.204	5158.590	5190.958	15501	0	240
2026.02.25	15:00:00	5191.174	5202.514	5172.354	5194.940	13630	0	240
2026.02.25	16:00:00	5194.853	5213.870	5189.512	5211.928	9394	0	240
2026.02.25	17:00:00	5211.832	5217.614	5203.416	5206.888	8095	0	240
2026.02.25	18:00:00	5207.073	5207.645	5200.220	5201.845	3390	0	240
2026.02.25	19:00:00	5202.145	5208.262	5191.339	5205.091	11927	0	360
2026.02.25	20:00:00	5204.868	5206.206	5145.780	5151.966	15983	0	240
2026.02.25	21:00:00	5152.050	5173.582	5150.062	5169.177	9762	0	240
2026.02.25	23:00:00	5165.082	5181.804	5161.539	5163.125	8226	0	360
2026.02.26	00:00:00	5163.219	5192.048	5155.321	5188.368	11820	0	240
2026.02.26	01:00:00	5187.982	5198.089	5178.677	5191.599	15376	0	240
2026.02.26	02:00:00	5191.332	5195.618	5173.994	5184.348	9962	0	240
2026.02.26	03:00:00	5184.123	5193.496	5182.957	5192.676	6750	0	240
2026.02.26	04:00:00	5192.386	5199.325	5190.562	5192.716	4925	0	240
2026.02.26	05:00:00	5192.492	5205.410	5189.694	5197.994	6933	0	240
2026.02.26	06:00:00	5198.069	5199.564	5190.208	5192.941	6746	0	240
2026.02.26	07:00:00	5193.016	5194.459	5179.502	5185.826	7213	0	240
2026.02.26	08:00:00	5186.069	5190.786	5167.651	5179.043	10263	0	240
2026.02.26	09:00:00	5179.208	5189.412	5173.778	5186.118	6941	0	240
2026.02.26	10:00:00	5186.379	5189.901	5165.732	5171.379	7213	0	240
2026.02.26	11:00:00	5171.187	5178.105	5161.101	5164.456	6870	0	240
2026.02.26	12:00:00	5164.689	5188.053	5157.754	5183.826	8107	0	240
2026.02.26	13:00:00	5183.821	5185.612	5164.140	5166.390	11775	0	240
2026.02.26	14:00:00	5166.310	5176.099	5139.658	5164.688	23402	0	240
2026.02.26	15:00:00	5164.575	5192.714	5130.470	5185.320	28051	0	240
2026.02.26	16:00:00	5185.685	5187.113	5172.629	5179.668	14289	0	240
2026.02.26	17:00:00	5179.737	5190.185	5161.760	5167.151	11836	0	240
2026.02.26	18:00:00	5167.142	5185.765	5160.520	5180.461	11955	0	240
2026.02.26	19:00:00	5180.539	5193.965	5179.557	5187.105	7599	0	240
2026.02.26	20:00:00	5187.023	5200.860	5186.819	5196.183	7487	0	240
2026.02.26	21:00:00	5196.494	5200.483	5182.884	5184.920	4961	0	240
2026.02.26	23:00:00	5187.994	5189.094	5175.472	5184.462	5292	0	240
2026.02.27	00:00:00	5184.431	5194.904	5169.971	5174.668	8704	0	240
2026.02.27	01:00:00	5174.763	5194.455	5166.688	5193.830	11325	0	240
2026.02.27	02:00:00	5193.906	5199.716	5173.377	5183.392	10092	0	240
2026.02.27	03:00:00	5183.440	5190.350	5180.966	5184.068	6483	0	240
2026.02.27	04:00:00	5183.971	5188.800	5180.643	5181.703	4354	0	240
2026.02.27	05:00:00	5181.675	5200.615	5181.217	5197.744	6387	0	240
2026.02.27	06:00:00	5197.674	5199.061	5185.023	5185.706	7662	0	240
2026.02.27	07:00:00	5185.628	5189.732	5175.545	5176.053	8105	0	240
2026.02.27	08:00:00	5176.114	5182.088	5174.272	5178.807	6490	0	240
2026.02.27	09:00:00	5178.870	5182.571	5172.222	5175.758	6279	0	240
2026.02.27	10:00:00	5175.833	5180.721	5168.530	5177.663	6588	0	240
2026.02.27	11:00:00	5177.338	5185.375	5172.656	5185.375	4938	0	240
2026.02.27	12:00:00	5185.450	5190.553	5182.884	5187.499	6736	0	240
2026.02.27	13:00:00	5187.711	5240.516	5186.819	5223.198	20755	0	240
2026.02.27	14:00:00	5223.124	5236.092	5213.709	5223.762	20415	0	240
2026.02.27	15:00:00	5223.838	5246.401	5214.693	5239.359	17984	0	240
2026.02.27	16:00:00	5239.439	5257.624	5221.887	5229.106	18145	0	360
2026.02.27	17:00:00	5229.185	5236.913	5220.583	5234.421	13028	0	240
2026.02.27	18:00:00	5234.512	5246.932	5222.637	5245.069	10602	0	240
2026.02.27	19:00:00	5245.054	5252.228	5240.189	5250.080	7973	0	240
2026.02.27	20:00:00	5250.155	5265.515	5248.624	5263.353	8468	0	240
2026.02.27	21:00:00	5263.172	5281.253	5257.130	5279.022	6788	0	360
2026.03.01	23:00:00	5319.272	5393.371	5314.681	5386.916	16153	0	360
2026.03.02	00:00:00	5386.641	5388.044	5340.658	5347.200	23124	0	360
2026.03.02	01:00:00	5347.392	5347.392	5303.109	5324.969	37675	0	360
2026.03.02	02:00:00	5324.890	5351.905	5316.853	5346.134	16252	0	360
2026.03.02	03:00:00	5346.502	5366.738	5344.537	5366.285	10103	0	360
2026.03.02	04:00:00	5366.311	5367.036	5345.222	5356.029	8711	0	360
2026.03.02	05:00:00	5356.082	5366.325	5340.487	5365.943	9850	0	360
2026.03.02	06:00:00	5365.865	5389.734	5363.576	5387.582	11500	0	360
2026.03.02	07:00:00	5387.693	5419.030	5384.796	5407.874	14765	0	360
2026.03.02	08:00:00	5407.709	5416.418	5391.071	5393.835	13538	0	360
2026.03.02	09:00:00	5394.048	5402.721	5385.708	5391.806	10995	0	360
2026.03.02	10:00:00	5392.209	5400.845	5378.983	5389.038	11318	0	360
2026.03.02	11:00:00	5389.116	5399.732	5375.016	5385.113	10143	0	360
2026.03.02	12:00:00	5385.263	5398.674	5378.880	5396.809	10284	0	360
2026.03.02	13:00:00	5396.873	5416.358	5381.887	5394.026	21870	0	360
2026.03.02	14:00:00	5393.942	5395.221	5306.320	5333.620	51196	0	360
2026.03.02	15:00:00	5333.062	5348.799	5308.129	5316.053	34371	0	360
2026.03.02	16:00:00	5315.968	5315.968	5260.224	5290.232	42827	0	360
2026.03.02	17:00:00	5290.325	5320.759	5286.686	5306.476	20354	0	360
2026.03.02	18:00:00	5306.627	5316.575	5289.375	5315.279	13358	0	360
2026.03.02	19:00:00	5315.294	5333.981	5313.739	5330.516	9840	0	360
2026.03.02	20:00:00	5330.605	5346.119	5328.302	5332.491	17677	0	360
2026.03.02	21:00:00	5332.486	5340.356	5321.620	5322.103	7212	0	360
2026.03.02	23:00:00	5332.799	5346.940	5329.212	5345.688	5491	0	360
2026.03.03	00:00:00	5345.693	5361.997	5337.019	5350.306	8908	0	360
2026.03.03	01:00:00	5350.363	5379.802	5337.752	5339.027	18634	0	360
2026.03.03	02:00:00	5339.218	5368.145	5332.635	5367.011	16140	0	360
2026.03.03	03:00:00	5367.115	5373.470	5358.809	5367.133	8156	0	360
2026.03.03	04:00:00	5367.244	5375.551	5359.274	5361.165	7744	0	360
2026.03.03	05:00:00	5361.082	5366.926	5304.905	5318.883	17955	0	360
2026.03.03	06:00:00	5318.982	5322.993	5279.076	5310.378	23506	0	360
2026.03.03	07:00:00	5310.430	5331.011	5305.873	5327.461	12134	0	360
2026.03.03	08:00:00	5327.358	5335.669	5290.025	5295.592	14545	0	360
2026.03.03	09:00:00	5295.479	5303.581	5225.943	5274.747	29754	0	360
2026.03.03	10:00:00	5274.665	5288.083	5237.926	5248.377	22365	0	360
2026.03.03	11:00:00	5248.186	5263.873	5072.900	5144.538	75030	0	360
2026.03.03	12:00:00	5144.628	5226.551	5138.053	5224.340	34879	0	360
2026.03.03	13:00:00	5224.452	5224.452	5127.152	5156.412	50825	0	240
2026.03.03	14:00:00	5156.315	5175.512	5015.763	5038.140	75913	0	240
2026.03.03	15:00:00	5038.231	5096.869	4995.960	5095.336	71252	0	240
2026.03.03	16:00:00	5095.250	5134.761	5090.315	5106.513	43733	0	240
2026.03.03	17:00:00	5106.899	5109.594	5065.087	5078.903	33985	0	240
2026.03.03	18:00:00	5078.827	5138.314	5078.717	5136.081	26067	0	240
2026.03.03	19:00:00	5135.993	5149.115	5099.039	5113.095	25252	0	240
2026.03.03	20:00:00	5113.248	5130.413	5085.987	5097.119	23292	0	240
2026.03.03	21:00:00	5097.200	5110.172	5083.111	5090.294	14543	0	240
2026.03.03	23:00:00	5110.940	5129.684	5084.751	5125.056	9582	0	360
2026.03.04	00:00:00	5125.116	5140.293	5105.702	5138.290	13737	0	240
2026.03.04	01:00:00	5138.368	5178.567	5138.277	5174.636	26829	0	240
2026.03.04	02:00:00	5174.556	5190.920	5153.747	5155.939	17630	0	240
2026.03.04	03:00:00	5156.317	5177.279	5140.828	5174.518	15440	0	240
2026.03.04	04:00:00	5174.410	5180.726	5152.011	5156.750	10993	0	240
2026.03.04	05:00:00	5156.837	5168.034	5152.179	5159.679	13613	0	240
2026.03.04	06:00:00	5159.903	5160.794	5121.344	5160.541	18112	0	240
2026.03.04	07:00:00	5160.363	5176.051	5158.324	5168.182	11392	0	240
2026.03.04	08:00:00	5168.275	5182.155	5147.193	5167.386	13924	0	240
2026.03.04	09:00:00	5167.447	5185.063	5159.317	5182.280	11624	0	240
2026.03.04	10:00:00	5182.349	5202.313	5179.323	5189.894	13445	0	240
2026.03.04	11:00:00	5189.817	5200.739	5187.356	5192.107	8160	0	240
2026.03.04	12:00:00	5191.969	5205.974	5156.206	5171.056	17632	0	240
2026.03.04	13:00:00	5171.093	5196.111	5167.574	5167.888	17749	0	240
2026.03.04	14:00:00	5167.997	5184.967	5138.560	5146.896	36656	0	240
2026.03.04	15:00:00	5147.114	5167.065	5130.921	5151.399	35298	0	360
2026.03.04	16:00:00	5151.515	5162.464	5138.132	5149.745	20142	0	240
2026.03.04	17:00:00	5149.568	5152.967	5120.061	5140.891	16261	0	240
2026.03.04	18:00:00	5140.917	5143.362	5108.620	5133.829	16170	0	240
2026.03.04	19:00:00	5134.056	5139.433	5123.360	5137.805	10310	0	240
2026.03.04	20:00:00	5137.730	5146.858	5123.696	5134.838	35495	0	240
2026.03.04	21:00:00	5134.689	5143.888	5129.428	5139.198	5446	0	240
2026.03.04	23:00:00	5149.234	5165.859	5144.933	5164.962	4919	0	240
2026.03.05	00:00:00	5164.887	5179.698	5159.516	5172.334	6856	0	240
2026.03.05	01:00:00	5172.317	5186.591	5167.128	5172.705	14769	0	240
2026.03.05	02:00:00	5172.325	5192.414	5171.643	5192.121	10525	0	240
2026.03.05	03:00:00	5191.923	5194.986	5178.329	5180.292	6814	0	240
2026.03.05	04:00:00	5180.168	5186.736	5166.066	5171.593	5753	0	240
2026.03.05	05:00:00	5171.649	5176.738	5148.227	5148.650	8138	0	240
2026.03.05	06:00:00	5148.729	5168.583	5120.597	5167.416	16179	0	240
2026.03.05	07:00:00	5167.324	5172.734	5158.710	5162.056	10314	0	240
2026.03.05	08:00:00	5162.122	5170.187	5137.536	5165.589	11657	0	240
2026.03.05	09:00:00	5165.393	5180.373	5153.235	5160.844	13164	0	240
2026.03.05	10:00:00	5161.037	5167.402	5146.131	5164.459	8232	0	240
2026.03.05	11:00:00	5164.573	5167.876	5156.790	5163.469	6461	0	240
2026.03.05	12:00:00	5163.480	5171.576	5160.736	5162.641	6956	0	240
2026.03.05	13:00:00	5162.723	5163.957	5081.391	5117.944	29599	0	240
2026.03.05	14:00:00	5117.865	5129.728	5090.611	5102.165	33279	0	240
2026.03.05	15:00:00	5102.121	5119.872	5059.812	5102.457	39121	0	240
2026.03.05	16:00:00	5102.438	5104.367	5053.922	5077.536	24914	0	240
2026.03.05	17:00:00	5077.628	5089.357	5054.827	5062.961	22525	0	240
2026.03.05	18:00:00	5062.754	5085.445	5050.681	5069.460	19158	0	240
2026.03.05	19:00:00	5069.237	5081.293	5055.605	5065.818	16329	0	240
2026.03.05	20:00:00	5065.647	5094.508	5061.614	5076.664	19219	0	240
2026.03.05	21:00:00	5076.553	5085.131	5072.010	5083.291	5621	0	240
2026.03.05	23:00:00	5090.507	5101.747	5081.935	5086.266	5335	0	360
2026.03.06	00:00:00	5086.068	5092.363	5074.077	5084.504	8715	0	360
2026.03.06	01:00:00	5084.249	5143.888	5066.057	5134.811	17622	0	264
2026.03.06	02:00:00	5134.734	5138.353	5121.993	5126.290	9727	0	360
2026.03.06	03:00:00	5126.148	5141.348	5124.450	5130.904	6493	0	360
2026.03.06	04:00:00	5131.144	5136.121	5126.232	5127.668	4488	0	360
2026.03.06	05:00:00	5127.578	5129.877	5114.219	5117.334	7665	0	360
2026.03.06	06:00:00	5117.109	5122.870	5109.208	5115.588	7130	0	360
2026.03.06	07:00:00	5115.544	5120.629	5105.647	5119.458	7409	0	360
2026.03.06	08:00:00	5119.525	5123.189	5096.098	5108.428	8066	0	360
2026.03.06	09:00:00	5108.450	5109.402	5083.354	5085.507	9509	0	240
2026.03.06	10:00:00	5085.754	5092.911	5075.521	5090.917	9350	0	360
2026.03.06	11:00:00	5091.013	5099.529	5062.475	5076.717	10508	0	264
2026.03.06	12:00:00	5076.824	5096.643	5075.911	5083.242	10060	0	240
2026.03.06	13:00:00	5083.161	5130.578	5065.319	5084.852	32748	0	240
2026.03.06	14:00:00	5084.761	5131.836	5080.831	5129.953	36229	0	360
2026.03.06	15:00:00	5130.029	5171.645	5127.761	5141.881	35434	0	360
2026.03.06	16:00:00	5141.817	5153.041	5125.862	5139.932	19243	0	360
2026.03.06	17:00:00	5139.938	5152.391	5128.780	5140.487	14802	0	360
2026.03.06	18:00:00	5140.545	5167.776	5138.672	5160.976	11155	0	360
2026.03.06	19:00:00	5161.160	5174.626	5156.498	5159.805	9466	0	360
2026.03.06	20:00:00	5159.882	5162.447	5149.496	5153.513	10559	0	360
2026.03.06	21:00:00	5153.435	5176.565	5150.982	5174.067	5840	0	360
2026.03.08	22:00:00	5178.794	5180.193	5103.559	5130.154	21485	0	360
2026.03.08	23:00:00	5130.045	5135.528	5044.202	5075.442	19236	0	264
2026.03.09	00:00:00	5075.974	5080.480	5028.284	5049.895	27447	0	360
2026.03.09	01:00:00	5049.760	5087.683	5014.438	5070.175	36780	0	360
2026.03.09	02:00:00	5070.287	5099.253	5055.539	5094.858	19947	0	360
2026.03.09	03:00:00	5094.706	5102.437	5081.643	5091.221	11774	0	360
2026.03.09	04:00:00	5091.088	5097.305	5085.185	5089.959	7158	0	360
2026.03.09	05:00:00	5090.196	5140.456	5080.803	5124.366	17486	0	360
2026.03.09	06:00:00	5124.291	5133.806	5096.972	5097.688	15933	0	360
2026.03.09	07:00:00	5097.822	5107.507	5088.424	5098.944	12494	0	360
2026.03.09	08:00:00	5098.872	5110.683	5086.938	5096.606	13529	0	360
2026.03.09	09:00:00	5096.585	5132.503	5094.821	5104.995	13712	0	360
2026.03.09	10:00:00	5105.070	5111.017	5083.664	5087.263	11544	0	360
2026.03.09	11:00:00	5087.361	5097.199	5079.336	5088.049	10697	0	360
2026.03.09	12:00:00	5087.997	5111.891	5087.997	5094.974	9559	0	264
2026.03.09	13:00:00	5095.058	5111.237	5067.223	5074.123	25017	0	360
2026.03.09	14:00:00	5074.041	5116.136	5060.618	5093.893	28610	0	240
2026.03.09	15:00:00	5093.857	5103.314	5079.569	5099.469	15516	0	360
2026.03.09	16:00:00	5099.619	5110.471	5094.474	5104.617	9894	0	240
2026.03.09	17:00:00	5104.384	5106.757	5088.924	5096.069	9402	0	240
2026.03.09	18:00:00	5096.142	5126.389	5092.494	5122.996	7992	0	240
2026.03.09	19:00:00	5123.145	5143.981	5118.435	5141.033	16204	0	360
2026.03.09	20:00:00	5141.112	5147.962	5134.035	5137.448	6791	0	360
2026.03.09	22:00:00	5148.262	5152.853	5117.827	5152.845	8102	0	360
2026.03.09	23:00:00	5152.902	5155.948	5135.795	5139.445	6844	0	360
2026.03.10	00:00:00	5139.609	5141.402	5124.549	5130.766	9739	0	360
2026.03.10	01:00:00	5130.799	5186.065	5124.661	5184.015	17913	0	360
2026.03.10	02:00:00	5184.093	5187.112	5163.920	5166.016	10318	0	360
2026.03.10	03:00:00	5166.053	5173.304	5155.518	5157.679	7759	0	360
2026.03.10	04:00:00	5157.473	5166.273	5154.498	5163.713	5329	0	360
2026.03.10	05:00:00	5163.535	5179.042	5163.535	5177.775	6255	0	360
2026.03.10	06:00:00	5178.106	5180.827	5171.925	5174.941	6594	0	360
2026.03.10	07:00:00	5175.030	5181.302	5158.545	5180.770	8266	0	360
2026.03.10	08:00:00	5180.861	5195.112	5174.755	5183.465	9180	0	360
2026.03.10	09:00:00	5183.545	5189.207	5180.426	5182.315	6412	0	360
2026.03.10	10:00:00	5182.539	5184.056	5156.640	5177.002	9291	0	360
2026.03.10	11:00:00	5177.077	5191.793	5171.649	5174.907	9850	0	360
2026.03.10	12:00:00	5175.084	5189.291	5162.550	5186.734	9911	0	360
2026.03.10	13:00:00	5186.785	5228.721	5185.939	5205.581	20645	0	360
2026.03.10	14:00:00	5205.621	5214.188	5185.186	5206.657	15480	0	360
2026.03.10	15:00:00	5206.715	5238.432	5203.050	5228.678	11190	0	360
2026.03.10	16:00:00	5228.763	5235.576	5222.721	5227.490	7865	0	360
2026.03.10	17:00:00	5227.412	5235.166	5223.562	5227.755	9727	0	360
2026.03.10	18:00:00	5227.817	5228.163	5160.212	5191.783	26109	0	360
2026.03.10	19:00:00	5191.861	5207.660	5179.563	5198.804	14493	0	360
2026.03.10	20:00:00	5198.657	5199.162	5191.658	5192.720	4800	0	360
2026.03.10	22:00:00	5191.403	5198.074	5182.833	5189.287	7531	0	360
2026.03.10	23:00:00	5189.254	5197.285	5187.567	5196.851	4404	0	360
2026.03.11	00:00:00	5196.925	5219.351	5186.676	5215.236	8074	0	360
2026.03.11	01:00:00	5215.459	5223.041	5208.328	5208.605	9967	0	360
2026.03.11	02:00:00	5208.690	5220.553	5193.948	5217.112	8662	0	360
2026.03.11	03:00:00	5217.028	5220.366	5199.300	5203.349	5794	0	360
2026.03.11	04:00:00	5203.055	5208.643	5199.349	5204.494	4344	0	360
2026.03.11	05:00:00	5204.379	5208.014	5190.293	5199.756	6953	0	360
2026.03.11	06:00:00	5199.345	5210.765	5191.490	5197.793	7000	0	360
2026.03.11	07:00:00	5197.628	5202.105	5184.365	5195.507	8268	0	360
2026.03.11	08:00:00	5195.324	5198.412	5175.082	5187.672	8602	0	360
2026.03.11	09:00:00	5187.595	5196.989	5179.575	5187.731	7300	0	360
2026.03.11	10:00:00	5187.808	5195.213	5177.235	5185.823	7186	0	360
2026.03.11	11:00:00	5185.902	5193.450	5175.135	5180.983	8367	0	360
2026.03.11	12:00:00	5181.124	5196.467	5166.576	5167.592	14254	0	360
2026.03.11	13:00:00	5167.215	5182.837	5149.167	5176.652	18718	0	360
2026.03.11	14:00:00	5176.575	5196.414	5174.206	5183.249	17332	0	360
2026.03.11	15:00:00	5183.331	5185.574	5163.772	5166.023	13275	0	360
2026.03.11	16:00:00	5166.247	5177.955	5163.401	5175.668	9124	0	360
2026.03.11	17:00:00	5175.408	5180.848	5154.092	5169.596	9321	0	360
2026.03.11	18:00:00	5169.521	5178.250	5169.026	5172.457	7634	0	360
2026.03.11	19:00:00	5172.423	5183.188	5168.933	5182.970	5220	0	360
2026.03.11	20:00:00	5182.885	5183.461	5175.029	5177.136	3182	0	360
2026.03.11	22:00:00	5181.098	5182.284	5129.795	5139.030	6460	0	360
2026.03.11	23:00:00	5139.037	5157.767	5132.889	5134.222	7161	0	360
2026.03.12	00:00:00	5134.080	5161.430	5125.375	5152.900	9901	0	360
2026.03.12	01:00:00	5152.861	5172.842	5151.502	5168.425	11528	0	360
2026.03.12	02:00:00	5168.572	5175.152	5145.762	5150.633	9230	0	360
2026.03.12	03:00:00	5150.706	5155.325	5147.376	5152.927	6488	0	360
2026.03.12	04:00:00	5153.009	5153.821	5140.408	5142.404	4731	0	360
2026.03.12	05:00:00	5142.670	5157.471	5137.024	5154.547	6763	0	360
2026.03.12	06:00:00	5154.550	5170.199	5147.272	5165.945	6562	0	360
2026.03.12	07:00:00	5166.263	5185.373	5164.496	5181.793	6123	0	360
2026.03.12	08:00:00	5181.901	5189.676	5175.643	5177.833	6712	0	360
2026.03.12	09:00:00	5178.070	5190.195	5174.375	5187.991	6510	0	360
2026.03.12	10:00:00	5188.115	5191.657	5176.027	5182.213	6308	0	360
2026.03.12	11:00:00	5182.146	5183.822	5172.547	5178.779	5828	0	360
2026.03.12	12:00:00	5178.864	5185.730	5163.419	5181.487	9566	0	360
2026.03.12	13:00:00	5181.183	5186.047	5145.877	5151.270	20336	0	360
2026.03.12	14:00:00	5151.193	5163.315	5138.282	5142.931	16679	0	360
2026.03.12	15:00:00	5142.759	5144.917	5109.486	5132.431	19054	0	360
2026.03.12	16:00:00	5132.109	5137.954	5121.155	5123.428	11899	0	360
2026.03.12	17:00:00	5123.306	5129.424	5102.383	5105.334	11753	0	360
2026.03.12	18:00:00	5105.228	5112.492	5090.733	5094.408	10159	0	240
2026.03.12	19:00:00	5094.325	5096.775	5079.182	5084.796	10785	0	240
2026.03.12	20:00:00	5084.720	5090.530	5054.751	5079.869	10256	0	264
2026.03.12	22:00:00	5078.073	5096.164	5072.883	5096.015	5773	0	360
2026.03.12	23:00:00	5095.737	5101.191	5089.121	5098.163	5529	0	240
2026.03.13	00:00:00	5098.067	5115.109	5097.287	5113.424	5632	0	360
2026.03.13	01:00:00	5113.549	5124.204	5108.802	5124.178	9027	0	240
2026.03.13	02:00:00	5124.247	5128.363	5110.470	5111.797	6845	0	360
2026.03.13	03:00:00	5112.005	5116.562	5106.097	5115.304	5497	0	240
2026.03.13	04:00:00	5115.599	5117.870	5102.649	5104.215	4580	0	240
2026.03.13	05:00:00	5104.309	5110.862	5098.217	5103.088	6826	0	240
2026.03.13	06:00:00	5103.023	5107.790	5085.691	5088.257	9741	0	240
2026.03.13	07:00:00	5088.052	5093.893	5071.729	5084.890	8984	0	240
2026.03.13	08:00:00	5085.117	5087.979	5061.251	5087.117	10284	0	240
2026.03.13	09:00:00	5087.291	5096.930	5083.270	5089.639	7472	0	240
2026.03.13	10:00:00	5089.425	5098.407	5079.767	5094.631	7394	0	240
2026.03.13	11:00:00	5095.031	5107.729	5086.158	5107.366	7620	0	240
2026.03.13	12:00:00	5107.275	5121.882	5104.297	5118.312	11510	0	360
2026.03.13	13:00:00	5118.131	5121.233	5096.269	5101.500	14332	0	360
2026.03.13	14:00:00	5101.718	5107.861	5035.303	5041.730	22487	0	240
2026.03.13	15:00:00	5041.535	5071.310	5031.640	5034.814	24814	0	240
2026.03.13	16:00:00	5034.718	5053.075	5018.840	5046.014	19947	0	240
2026.03.13	17:00:00	5045.924	5063.926	5043.326	5046.451	12002	0	240
2026.03.13	18:00:00	5046.432	5051.453	5036.255	5046.323	9716	0	240
2026.03.13	19:00:00	5046.536	5049.943	5009.525	5016.410	12406	0	240
2026.03.13	20:00:00	5016.494	5025.413	5012.205	5020.977	7945	0	240
2026.03.15	22:00:00	5017.112	5030.407	5000.793	5024.786	8746	0	240
2026.03.15	23:00:00	5024.710	5026.154	4966.796	4997.507	14851	0	160
2026.03.16	00:00:00	4997.434	5031.104	4996.521	5025.742	13609	0	240
2026.03.16	01:00:00	5025.914	5026.642	4982.525	5015.901	22972	0	240
2026.03.16	02:00:00	5015.873	5018.779	4997.882	5003.696	10846	0	160
2026.03.16	03:00:00	5003.673	5020.841	4998.233	5019.074	7431	0	240
2026.03.16	04:00:00	5019.134	5026.054	5012.209	5012.908	5184	0	240
2026.03.16	05:00:00	5012.811	5019.993	5003.274	5017.368	6950	0	240
2026.03.16	06:00:00	5017.487	5036.013	5005.544	5012.005	10210	0	240
2026.03.16	07:00:00	5012.294	5016.204	4991.674	4995.230	10547	0	240
2026.03.16	08:00:00	4995.312	5003.250	4984.763	4991.209	11980	0	176
2026.03.16	09:00:00	4990.881	4991.423	4972.214	4975.387	10825	0	160
2026.03.16	10:00:00	4975.464	4999.602	4970.011	4998.604	9755	0	160
2026.03.16	11:00:00	4998.680	5022.694	4992.213	4997.068	8937	0	160
2026.03.16	12:00:00	4997.144	5025.612	4994.242	5019.910	10459	0	176
2026.03.16	13:00:00	5019.927	5034.727	5013.784	5029.744	15334	0	240
2026.03.16	14:00:00	5029.517	5038.067	4987.990	4995.804	17370	0	240
2026.03.16	15:00:00	4995.599	5005.598	4983.907	4986.963	12694	0	160
2026.03.16	16:00:00	4986.936	4998.521	4973.936	4990.568	11438	0	160
2026.03.16	17:00:00	4990.653	5003.675	4983.858	4991.227	9630	0	160
2026.03.16	18:00:00	4991.297	5017.735	4989.918	5012.766	7711	0	160
2026.03.16	19:00:00	5012.624	5020.121	5008.145	5012.690	7808	0	200
2026.03.16	20:00:00	5012.618	5021.612	5004.613	5006.311	4781	0	280
2026.03.16	22:00:00	5007.678	5015.645	4998.555	5002.386	5056	0	200
2026.03.16	23:00:00	5002.093	5015.495	5002.073	5012.795	3899	0	200
2026.03.17	00:00:00	5012.899	5014.007	4998.002	5003.170	7571	0	280
2026.03.17	01:00:00	5002.965	5027.902	4994.530	5027.562	10090	0	280
2026.03.17	02:00:00	5027.582	5029.699	5019.836	5022.863	6103	0	200
2026.03.17	03:00:00	5022.763	5033.501	5020.704	5027.650	5225	0	280
2026.03.17	04:00:00	5027.365	5041.932	5026.229	5037.944	5209	0	280
2026.03.17	05:00:00	5038.004	5044.474	5020.208	5020.831	7868	0	280
2026.03.17	06:00:00	5020.903	5022.696	5005.153	5010.133	10493	0	280
2026.03.17	07:00:00	5010.057	5027.971	5008.805	5021.081	6720	0	280
2026.03.17	08:00:00	5021.039	5029.507	5018.103	5024.548	7324	0	280
2026.03.17	09:00:00	5024.377	5025.695	5009.784	5010.613	7110	0	280
2026.03.17	10:00:00	5010.533	5016.314	4991.665	5000.249	9041	0	280
2026.03.17	11:00:00	5000.192	5011.531	4996.593	5003.115	5951	0	200
2026.03.17	12:00:00	5003.178	5023.681	4999.287	5011.505	7714	0	200
2026.03.17	13:00:00	5011.856	5031.492	5005.253	5016.372	14085	0	280
2026.03.17	14:00:00	5016.393	5020.469	5002.710	5007.655	12653	0	280
2026.03.17	15:00:00	5007.590	5017.350	4973.345	4997.823	15809	0	200
2026.03.17	16:00:00	4998.045	5005.763	4991.524	5001.784	9422	0	200
2026.03.17	17:00:00	5001.721	5008.556	4996.409	5002.353	6970	0	200
2026.03.17	18:00:00	5002.425	5009.035	4999.825	5003.883	5918	0	200
2026.03.17	19:00:00	5003.801	5005.558	4996.276	5000.231	6031	0	200
2026.03.17	20:00:00	5000.363	5006.424	4999.783	5003.050	14130	0	200
2026.03.17	22:00:00	5004.038	5004.918	4993.262	4999.907	3201	0	280
2026.03.17	23:00:00	4999.708	5003.508	4998.709	5002.750	2759	0	280
2026.03.18	00:00:00	5002.803	5012.358	5000.221	5004.345	6013	0	280
2026.03.18	01:00:00	5004.418	5016.048	4991.069	4998.672	9044	0	200
2026.03.18	02:00:00	4998.787	5006.837	4990.480	4991.690	6674	0	280
2026.03.18	03:00:00	4991.899	4997.439	4986.231	4991.384	5685	0	200
2026.03.18	04:00:00	4991.366	4993.459	4981.594	4986.884	4884	0	220
2026.03.18	05:00:00	4987.042	5002.456	4984.545	4997.465	6676	0	280
2026.03.18	06:00:00	4997.355	5016.311	4996.325	5009.469	6505	0	280
2026.03.18	07:00:00	5009.551	5014.958	4990.244	4995.045	6143	0	220
2026.03.18	08:00:00	4994.685	4996.663	4977.089	4987.692	7613	0	200
2026.03.18	09:00:00	4987.330	4995.341	4984.780	4991.963	5334	0	200
2026.03.18	10:00:00	4992.028	4992.028	4958.782	4967.846	9327	0	280
2026.03.18	11:00:00	4967.869	4973.757	4924.849	4930.041	18538	0	200
2026.03.18	12:00:00	4930.332	4932.313	4870.643	4881.409	30306	0	200
2026.03.18	13:00:00	4881.527	4885.460	4833.975	4878.111	39205	0	200
2026.03.18	14:00:00	4877.959	4894.571	4856.517	4869.650	22595	0	200
2026.03.18	15:00:00	4869.558	4880.063	4861.209	4862.535	14008	0	200
2026.03.18	16:00:00	4862.609	4890.297	4860.787	4886.777	11631	0	200
2026.03.18	17:00:00	4886.690	4899.001	4883.938	4890.664	10596	0	200
2026.03.18	18:00:00	4890.753	4899.290	4852.188	4853.077	21459	0	200
2026.03.18	19:00:00	4852.871	4865.120	4838.097	4843.007	19598	0	200
2026.03.18	20:00:00	4842.961	4848.327	4806.677	4818.463	12919	0	200
2026.03.18	22:00:00	4828.060	4838.765	4804.247	4834.291	10553	0	200
2026.03.18	23:00:00	4834.337	4842.516	4828.126	4836.860	6776	0	200
2026.03.19	00:00:00	4836.657	4848.877	4835.410	4841.052	9653	0	200
2026.03.19	01:00:00	4841.207	4866.892	4832.656	4850.011	15129	0	200
2026.03.19	02:00:00	4850.082	4862.215	4841.762	4858.551	9495	0	200
2026.03.19	03:00:00	4858.559	4865.762	4850.812	4850.956	6661	0	200
2026.03.19	04:00:00	4850.895	4853.715	4845.697	4849.822	4949	0	200
2026.03.19	05:00:00	4849.915	4853.697	4826.987	4827.609	9303	0	200
2026.03.19	06:00:00	4827.538	4842.028	4747.300	4763.817	25909	0	200
2026.03.19	07:00:00	4763.710	4784.218	4727.077	4727.808	20019	0	200
2026.03.19	08:00:00	4728.013	4740.325	4686.746	4709.221	33789	0	200
2026.03.19	09:00:00	4709.086	4725.964	4687.875	4698.895	32352	0	200
2026.03.19	10:00:00	4698.768	4719.875	4666.429	4678.879	25779	0	200
2026.03.19	11:00:00	4678.856	4699.616	4650.613	4652.225	23123	0	280
2026.03.19	12:00:00	4651.867	4653.936	4531.073	4574.603	50582	0	280
2026.03.19	13:00:00	4574.513	4621.053	4502.610	4620.575	86511	0	280
2026.03.19	14:00:00	4620.859	4649.163	4580.877	4601.691	57890	0	280
2026.03.19	15:00:00	4601.851	4638.722	4566.091	4596.521	46659	0	280
2026.03.19	16:00:00	4596.365	4626.749	4576.707	4584.726	37722	0	280
2026.03.19	17:00:00	4584.700	4629.863	4573.683	4616.105	28472	0	280
2026.03.19	18:00:00	4616.019	4623.120	4595.956	4622.847	18461	0	280
2026.03.19	19:00:00	4622.855	4663.389	4622.855	4644.022	39714	0	280
2026.03.19	20:00:00	4643.664	4661.947	4642.671	4657.541	9889	0	280
2026.03.19	22:00:00	4657.711	4677.032	4636.235	4636.235	7322	0	280
2026.03.19	23:00:00	4636.457	4647.928	4634.231	4643.703	6105	0	280
2026.03.20	00:00:00	4643.631	4665.014	4642.053	4648.766	10904	0	280
2026.03.20	01:00:00	4648.408	4699.415	4639.284	4677.259	24547	0	280
2026.03.20	02:00:00	4677.187	4703.693	4670.239	4698.100	13941	0	280
2026.03.20	03:00:00	4698.202	4735.802	4693.060	4725.570	13511	0	280
2026.03.20	04:00:00	4725.669	4727.605	4715.512	4721.417	7120	0	280
2026.03.20	05:00:00	4721.507	4723.655	4685.750	4688.597	13893	0	280
2026.03.20	06:00:00	4688.515	4700.918	4661.258	4669.065	18208	0	280
2026.03.20	07:00:00	4668.902	4707.967	4667.983	4706.147	10669	0	280
2026.03.20	08:00:00	4706.228	4734.746	4684.755	4693.651	14839	0	280
2026.03.20	09:00:00	4693.804	4700.462	4659.802	4667.510	13625	0	280
2026.03.20	10:00:00	4667.394	4670.160	4638.135	4645.212	18694	0	280
2026.03.20	11:00:00	4645.388	4674.270	4636.927	4671.624	14887	0	280
2026.03.20	12:00:00	4671.741	4695.521	4661.926	4678.318	19469	0	280
2026.03.20	13:00:00	4678.117	4679.654	4612.673	4616.291	76668	0	280
2026.03.20	14:00:00	4616.235	4622.497	4547.772	4564.242	107620	0	280
2026.03.20	15:00:00	4564.192	4580.144	4540.416	4553.170	77824	0	280
2026.03.20	16:00:00	4553.323	4613.753	4551.683	4583.424	57314	0	280
2026.03.20	17:00:00	4583.368	4600.819	4554.029	4573.448	58690	0	280
2026.03.20	18:00:00	4573.524	4578.497	4477.057	4499.574	60797	0	260
2026.03.20	19:00:00	4499.630	4516.731	4485.232	4501.417	75018	0	260
2026.03.20	20:00:00	4501.593	4514.556	4493.411	4497.479	24617	0	260
2026.03.22	22:00:00	4477.751	4536.100	4449.511	4497.942	22793	0	280
2026.03.22	23:00:00	4497.972	4510.752	4452.439	4464.724	26134	0	280
2026.03.23	00:00:00	4464.563	4473.179	4319.487	4354.359	105785	0	260
2026.03.23	01:00:00	4354.286	4454.137	4329.725	4387.596	123349	0	260
2026.03.23	02:00:00	4387.468	4422.062	4354.783	4360.474	78999	0	260
2026.03.23	03:00:00	4360.562	4377.985	4334.807	4352.986	50502	0	260
2026.03.23	04:00:00	4352.913	4381.604	4349.953	4367.235	31410	0	260
2026.03.23	05:00:00	4367.209	4379.949	4302.194	4310.138	56991	0	260
2026.03.23	06:00:00	4310.269	4310.420	4162.906	4220.146	129661	0	260
2026.03.23	07:00:00	4220.202	4232.854	4098.357	4204.099	167224	0	260
2026.03.23	08:00:00	4204.149	4270.613	4202.958	4250.896	113700	0	260
2026.03.23	09:00:00	4250.945	4308.344	4223.403	4253.244	80597	0	260
2026.03.23	10:00:00	4253.343	4281.930	4240.861	4269.084	63319	0	260
2026.03.23	11:00:00	4269.038	4463.418	4268.994	4379.120	181376	0	280
2026.03.23	12:00:00	4378.812	4492.646	4336.637	4478.287	143057	0	350
2026.03.23	13:00:00	4478.340	4485.444	4401.409	4454.286	164487	0	372
2026.03.23	14:00:00	4454.132	4512.782	4453.268	4461.895	121945	0	364
2026.03.23	15:00:00	4461.667	4486.875	4350.961	4363.649	116825	0	364
2026.03.23	16:00:00	4363.582	4391.642	4352.407	4375.333	115117	0	364
2026.03.23	17:00:00	4375.240	4438.973	4370.696	4426.147	65802	0	364
2026.03.23	18:00:00	4426.196	4467.074	4402.145	4449.004	57035	0	364
2026.03.23	19:00:00	4449.029	4450.637	4392.714	4397.762	53150	0	364
2026.03.23	20:00:00	4397.675	4413.134	4382.757	4406.513	15555	0	364
2026.03.23	22:00:00	4419.787	4431.373	4361.373	4426.607	19707	0	364
2026.03.23	23:00:00	4426.650	4448.021	4421.810	4441.191	15241	0	364
2026.03.24	00:00:00	4441.133	4446.587	4330.988	4364.542	58004	0	364
2026.03.24	01:00:00	4364.485	4374.009	4307.759	4322.202	86779	0	364
2026.03.24	02:00:00	4322.256	4379.299	4305.617	4366.107	63332	0	364
2026.03.24	03:00:00	4366.253	4368.332	4334.882	4347.179	37659	0	364
2026.03.24	04:00:00	4346.924	4357.229	4326.554	4333.396	24175	0	364
2026.03.24	05:00:00	4333.281	4374.008	4319.453	4346.966	54030	0	336
2026.03.24	06:00:00	4347.020	4405.048	4342.620	4401.980	59988	0	336
2026.03.24	07:00:00	4402.202	4432.388	4399.404	4417.077	45716	0	364
2026.03.24	08:00:00	4416.949	4420.932	4391.164	4411.743	42384	0	364
2026.03.24	09:00:00	4411.761	4430.805	4395.749	4426.496	27585	0	364
2026.03.24	10:00:00	4426.587	4441.790	4414.464	4438.431	25564	0	364
2026.03.24	11:00:00	4438.495	4442.108	4375.204	4407.617	56233	0	364
2026.03.24	12:00:00	4407.714	4427.484	4362.016	4378.856	57315	0	364
2026.03.24	13:00:00	4378.805	4389.975	4351.461	4381.512	94576	0	364
2026.03.24	14:00:00	4381.580	4433.862	4380.549	4415.780	85964	0	364
2026.03.24	15:00:00	4415.802	4430.831	4396.120	4411.557	63739	0	364
2026.03.24	16:00:00	4411.696	4427.622	4402.330	4421.237	37708	0	364
2026.03.24	17:00:00	4421.299	4426.290	4372.129	4388.593	64873	0	364
2026.03.24	18:00:00	4388.416	4423.595	4383.673	4389.523	43114	0	364
2026.03.24	19:00:00	4389.367	4411.301	4388.419	4400.157	23800	0	364
2026.03.24	20:00:00	4400.392	4484.005	4397.239	4476.664	45008	0	364
2026.03.24	22:00:00	4479.586	4485.664	4455.974	4484.311	15556	0	364
2026.03.24	23:00:00	4484.660	4551.356	4472.622	4546.757	21504	0	364
2026.03.25	00:00:00	4546.670	4571.919	4537.330	4563.259	32693	0	364
2026.03.25	01:00:00	4563.199	4601.095	4552.212	4594.974	38053	0	364
2026.03.25	02:00:00	4594.920	4602.458	4579.642	4583.677	25291	0	364
2026.03.25	03:00:00	4583.482	4586.192	4567.503	4570.152	17205	0	364
2026.03.25	04:00:00	4570.157	4574.686	4565.569	4572.299	9625	0	364
2026.03.25	05:00:00	4572.644	4573.383	4549.282	4555.425	19447	0	364
2026.03.25	06:00:00	4555.699	4556.936	4533.157	4545.347	21332	0	364
2026.03.25	07:00:00	4545.286	4563.308	4536.861	4539.389	20851	0	280
2026.03.25	08:00:00	4539.476	4567.781	4535.624	4556.234	33034	0	280
2026.03.25	09:00:00	4556.181	4567.616	4527.474	4551.962	26925	0	280
2026.03.25	10:00:00	4551.881	4562.438	4550.933	4558.893	20604	0	280
2026.03.25	11:00:00	4558.942	4585.701	4555.987	4578.795	22773	0	280
2026.03.25	12:00:00	4578.744	4583.830	4522.030	4544.058	49775	0	280
2026.03.25	13:00:00	4543.950	4576.485	4540.743	4544.789	69336	0	280
2026.03.25	14:00:00	4544.692	4579.377	4532.875	4567.249	56505	0	280
2026.03.25	15:00:00	4567.295	4569.105	4525.001	4559.113	49661	0	280
2026.03.25	16:00:00	4559.056	4564.986	4545.138	4555.434	37889	0	280
2026.03.25	17:00:00	4555.387	4564.021	4542.581	4550.714	29773	0	280
2026.03.25	18:00:00	4550.647	4569.031	4530.626	4538.317	33934	0	280
2026.03.25	19:00:00	4538.362	4539.634	4486.821	4530.658	45023	0	280
2026.03.25	20:00:00	4530.594	4542.058	4494.554	4505.785	19694	0	280
2026.03.25	22:00:00	4518.062	4534.671	4505.589	4517.528	15670	0	280
2026.03.25	23:00:00	4517.643	4518.277	4488.884	4498.103	15491	0	280
2026.03.26	00:00:00	4498.351	4539.337	4498.122	4535.789	28126	0	280
2026.03.26	01:00:00	4535.742	4544.567	4522.368	4535.615	34410	0	280
2026.03.26	02:00:00	4535.696	4535.853	4505.624	4508.953	23519	0	280
2026.03.26	03:00:00	4508.730	4518.898	4499.955	4516.446	18392	0	280
2026.03.26	04:00:00	4516.500	4524.097	4511.522	4520.444	10361	0	280
2026.03.26	05:00:00	4520.512	4522.340	4438.822	4438.972	37459	0	280
2026.03.26	06:00:00	4439.136	4459.384	4415.730	4456.193	53624	0	280
2026.03.26	07:00:00	4456.336	4463.877	4438.833	4452.742	35567	0	280
2026.03.26	08:00:00	4452.531	4459.249	4412.354	4427.746	50859	0	280
2026.03.26	09:00:00	4427.766	4437.069	4414.335	4423.589	38750	0	280
2026.03.26	10:00:00	4423.579	4448.074	4416.975	4443.278	32829	0	280
2026.03.26	11:00:00	4443.333	4456.805	4418.935	4423.150	31714	0	280
2026.03.26	12:00:00	4423.194	4445.796	4416.248	4429.249	38563	0	280
2026.03.26	13:00:00	4429.137	4460.325	4420.176	4452.581	73108	0	280
2026.03.26	14:00:00	4452.633	4479.502	4437.213	4464.987	81385	0	280
2026.03.26	15:00:00	4464.859	4469.190	4433.705	4438.118	55987	0	280
2026.03.26	16:00:00	4438.071	4442.828	4366.713	4389.390	70966	0	280
2026.03.26	17:00:00	4389.349	4402.645	4377.372	4381.273	48595	0	280
2026.03.26	18:00:00	4381.223	4397.857	4367.599	4394.365	34735	0	280
2026.03.26	19:00:00	4394.322	4399.273	4359.008	4364.039	40291	0	280
2026.03.26	20:00:00	4363.973	4420.705	4350.950	4380.944	70518	0	280
2026.03.26	22:00:00	4382.189	4415.115	4380.987	4411.334	12360	0	280
2026.03.26	23:00:00	4411.208	4414.321	4389.986	4404.911	10941	0	280
2026.03.27	00:00:00	4404.958	4411.088	4375.187	4378.411	23711	0	280
2026.03.27	01:00:00	4378.434	4420.808	4377.052	4417.200	29041	0	280
2026.03.27	02:00:00	4417.246	4440.666	4417.014	4431.939	24022	0	280
2026.03.27	03:00:00	4431.943	4446.168	4421.088	4437.392	18694	0	280
2026.03.27	04:00:00	4437.553	4449.482	4431.378	4446.151	10387	0	280
2026.03.27	05:00:00	4446.120	4475.324	4440.324	4454.611	24800	0	280
2026.03.27	06:00:00	4454.560	4473.016	4451.765	4459.554	24917	0	280
2026.03.27	07:00:00	4459.705	4462.962	4442.647	4447.634	18617	0	280
2026.03.27	08:00:00	4447.529	4450.947	4423.694	4424.257	23034	0	280
2026.03.27	09:00:00	4424.211	4438.360	4420.786	4428.903	19637	0	280
2026.03.27	10:00:00	4428.925	4432.988	4410.478	4414.879	18788	0	280
2026.03.27	11:00:00	4414.760	4426.366	4404.209	4419.818	20839	0	280
2026.03.27	12:00:00	4419.871	4445.334	4412.674	4437.744	24437	0	280
2026.03.27	13:00:00	4437.801	4443.745	4413.404	4431.560	31426	0	280
2026.03.27	14:00:00	4431.614	4514.860	4430.649	4509.638	41575	0	280
2026.03.27	15:00:00	4509.765	4555.421	4501.763	4523.995	49452	0	280
2026.03.27	16:00:00	4524.058	4533.849	4505.590	4515.931	25210	0	280
2026.03.27	17:00:00	4515.996	4521.974	4486.289	4486.524	23495	0	280
2026.03.27	18:00:00	4486.662	4528.660	4486.662	4516.907	21972	0	280
2026.03.27	19:00:00	4516.847	4526.119	4500.687	4514.485	20006	0	280
2026.03.27	20:00:00	4514.543	4520.336	4490.790	4495.377	11515	0	280
2026.03.29	22:00:00	4511.704	4513.900	4480.369	4484.679	17305	0	280
2026.03.29	23:00:00	4484.625	4492.614	4443.776	4448.566	16227	0	280
2026.03.30	00:00:00	4448.666	4466.886	4418.467	4432.287	36043	0	280
2026.03.30	01:00:00	4432.095	4475.619	4431.570	4469.458	35159	0	280
2026.03.30	02:00:00	4469.423	4499.208	4458.802	4481.098	20495	0	280
2026.03.30	03:00:00	4481.183	4517.590	4478.739	4496.149	16958	0	280
2026.03.30	04:00:00	4495.938	4498.749	4486.177	4496.887	9963	0	280
2026.03.30	05:00:00	4496.944	4528.363	4496.705	4522.320	15421	0	280
2026.03.30	06:00:00	4522.414	4550.588	4516.850	4532.561	20009	0	280
2026.03.30	07:00:00	4532.500	4534.929	4515.673	4527.204	16537	0	280
2026.03.30	08:00:00	4527.084	4540.581	4525.027	4538.058	12182	0	280
2026.03.30	09:00:00	4538.311	4540.565	4523.704	4532.405	13046	0	280
2026.03.30	10:00:00	4532.195	4540.042	4527.510	4532.448	10238	0	280
2026.03.30	11:00:00	4532.504	4580.694	4525.408	4559.383	25257	0	280
2026.03.30	12:00:00	4559.444	4578.064	4545.330	4569.328	18110	0	280
2026.03.30	13:00:00	4569.491	4578.606	4516.608	4523.350	38243	0	280
2026.03.30	14:00:00	4523.290	4541.207	4512.119	4538.655	37932	0	280
2026.03.30	15:00:00	4538.706	4556.708	4524.705	4548.401	23626	0	280
2026.03.30	16:00:00	4548.345	4549.647	4531.534	4539.764	16074	0	280
2026.03.30	17:00:00	4539.946	4542.132	4511.245	4514.881	19967	0	280
2026.03.30	18:00:00	4514.817	4523.074	4498.270	4498.763	14970	0	280
2026.03.30	19:00:00	4498.959	4518.272	4492.993	4513.621	22492	0	280
2026.03.30	20:00:00	4513.548	4516.435	4500.748	4511.240	7229	0	280
2026.03.30	22:00:00	4513.963	4523.756	4502.090	4510.868	6503	0	280
2026.03.30	23:00:00	4510.776	4521.347	4492.358	4513.571	9598	0	280
2026.03.31	00:00:00	4513.540	4548.206	4482.562	4547.821	30967	0	280
2026.03.31	01:00:00	4547.882	4619.464	4531.960	4604.845	38954	0	280
2026.03.31	02:00:00	4604.893	4607.119	4565.406	4568.311	23304	0	280
2026.03.31	03:00:00	4568.242	4577.017	4550.304	4556.941	15541	0	280
2026.03.31	04:00:00	4556.946	4569.565	4556.946	4564.909	10008	0	280
2026.03.31	05:00:00	4564.721	4581.748	4547.704	4568.734	15719	0	280
2026.03.31	06:00:00	4568.921	4569.105	4553.239	4557.319	15055	0	280
2026.03.31	07:00:00	4557.381	4565.811	4543.200	4564.411	13586	0	280
2026.03.31	08:00:00	4564.492	4575.031	4560.602	4568.580	12968	0	280
2026.03.31	09:00:00	4568.693	4572.223	4550.101	4555.413	12503	0	280
2026.03.31	10:00:00	4555.352	4561.772	4529.263	4546.968	13162	0	280
2026.03.31	11:00:00	4546.890	4593.107	4540.957	4582.116	27268	0	280
2026.03.31	12:00:00	4582.320	4597.590	4569.069	4574.886	22184	0	280
2026.03.31	13:00:00	4574.941	4609.592	4567.818	4607.412	23818	0	280
2026.03.31	14:00:00	4607.305	4630.188	4594.738	4598.899	37033	0	280
2026.03.31	15:00:00	4599.083	4625.327	4599.083	4609.586	22059	0	280
2026.03.31	16:00:00	4609.528	4651.616	4606.870	4638.250	40433	0	280
2026.03.31	17:00:00	4638.314	4667.367	4636.421	4654.703	34519	0	280
2026.03.31	18:00:00	4654.663	4671.104	4653.590	4667.394	17791	0	280
2026.03.31	19:00:00	4667.510	4685.670	4661.598	4682.776	19289	0	280
2026.03.31	20:00:00	4682.714	4687.332	4664.637	4668.181	9405	0	280
2026.03.31	22:00:00	4681.652	4696.332	4661.870	4680.896	13048	0	280
2026.03.31	23:00:00	4680.988	4699.990	4671.824	4696.420	8256	0	280
2026.04.01	00:00:00	4696.362	4722.402	4693.436	4710.987	17626	0	280
2026.04.01	01:00:00	4711.044	4724.207	4681.262	4692.558	24717	0	280
2026.04.01	02:00:00	4692.627	4700.535	4678.219	4684.684	14052	0	280
2026.04.01	03:00:00	4684.618	4694.236	4679.710	4681.965	9436	0	280
2026.04.01	04:00:00	4682.039	4682.145	4667.099	4676.485	7635	0	280
2026.04.01	05:00:00	4676.262	4703.421	4674.721	4684.345	11384	0	280
2026.04.01	06:00:00	4684.410	4733.045	4682.363	4730.476	16750	0	280
2026.04.01	07:00:00	4730.533	4747.670	4709.633	4712.892	18328	0	280
2026.04.01	08:00:00	4712.969	4740.383	4710.449	4728.583	15881	0	280
2026.04.01	09:00:00	4728.641	4730.086	4713.120	4723.136	12223	0	280
2026.04.01	10:00:00	4723.075	4738.774	4715.353	4731.247	10494	0	280
2026.04.01	11:00:00	4731.186	4762.899	4728.210	4752.159	13276	0	280
2026.04.01	12:00:00	4752.104	4753.660	4724.121	4724.551	28832	0	280
2026.04.01	13:00:00	4724.787	4749.390	4715.923	4738.101	32936	0	280
2026.04.01	14:00:00	4738.220	4768.907	4724.148	4760.852	33124	0	280
2026.04.01	15:00:00	4760.909	4788.333	4758.161	4786.549	20162	0	280
2026.04.01	16:00:00	4786.655	4790.756	4774.111	4787.104	12948	0	280
2026.04.01	17:00:00	4787.252	4792.885	4773.501	4774.416	11863	0	280
2026.04.01	18:00:00	4774.390	4775.203	4741.975	4753.191	23274	0	280
2026.04.01	19:00:00	4753.300	4778.093	4750.947	4766.131	17805	0	280
2026.04.01	20:00:00	4765.832	4771.230	4754.038	4756.817	7067	0	280
2026.04.01	22:00:00	4758.857	4782.779	4756.430	4776.579	4863	0	280
2026.04.01	23:00:00	4776.575	4800.288	4773.723	4784.149	7979	0	280
2026.04.02	00:00:00	4784.220	4798.722	4774.863	4784.598	14877	0	280
2026.04.02	01:00:00	4784.449	4786.464	4650.353	4696.477	82421	0	280
2026.04.02	02:00:00	4696.444	4703.816	4655.035	4686.887	37443	0	280
2026.04.02	03:00:00	4686.911	4699.316	4675.606	4676.232	15266	0	280
2026.04.02	04:00:00	4676.194	4681.464	4657.042	4672.434	13842	0	280
2026.04.02	05:00:00	4672.494	4680.478	4585.935	4594.056	34035	0	280
2026.04.02	06:00:00	4594.349	4608.348	4553.758	4599.050	44240	0	280
2026.04.02	07:00:00	4598.990	4651.185	4597.095	4642.794	20115	0	280
2026.04.02	08:00:00	4642.739	4648.858	4617.042	4620.846	18230	0	280
2026.04.02	09:00:00	4620.636	4632.014	4612.950	4621.834	14579	0	280
2026.04.02	10:00:00	4621.927	4635.236	4603.862	4620.579	15474	0	280
2026.04.02	11:00:00	4620.434	4630.582	4592.684	4599.953	18138	0	280
2026.04.02	12:00:00	4599.950	4630.187	4594.429	4602.013	23527	0	280
2026.04.02	13:00:00	4602.077	4651.334	4580.323	4645.954	59678	0	280
2026.04.02	14:00:00	4646.012	4699.823	4631.623	4681.456	72385	0	280
2026.04.02	15:00:00	4681.556	4684.124	4652.564	4660.855	39191	0	280
2026.04.02	16:00:00	4660.917	4670.721	4642.724	4658.962	25251	0	280
2026.04.02	17:00:00	4658.863	4668.359	4645.679	4648.759	19675	0	280
2026.04.02	18:00:00	4648.779	4672.161	4647.393	4668.583	13889	0	280
2026.04.02	19:00:00	4668.517	4681.772	4661.433	4672.084	15655	0	280
2026.04.02	20:00:00	4672.145	4676.952	4664.388	4675.248	7580	0	280
2026.04.05	22:00:00	4662.786	4662.786	4608.436	4645.446	19017	0	280
2026.04.05	23:00:00	4645.542	4651.229	4605.062	4610.601	11853	0	280
2026.04.06	00:00:00	4610.685	4629.470	4600.547	4622.285	19433	0	280
2026.04.06	01:00:00	4622.149	4643.079	4620.561	4625.766	13663	0	280
2026.04.06	02:00:00	4626.034	4671.739	4623.598	4648.141	17606	0	280
2026.04.06	03:00:00	4648.077	4648.133	4625.196	4640.471	12626	0	280
2026.04.06	04:00:00	4640.483	4660.089	4639.913	4658.897	7406	0	280
2026.04.06	05:00:00	4658.903	4678.881	4651.382	4652.763	10464	0	280
2026.04.06	06:00:00	4652.770	4667.837	4643.392	4665.842	11945	0	280
2026.04.06	07:00:00	4665.784	4688.617	4644.963	4684.819	13212	0	280
2026.04.06	08:00:00	4684.750	4698.211	4680.458	4695.555	13452	0	280
2026.04.06	09:00:00	4695.623	4706.668	4690.797	4693.624	11486	0	280
2026.04.06	10:00:00	4693.470	4697.508	4684.766	4689.899	11326	0	280
2026.04.06	11:00:00	4689.967	4696.869	4677.027	4677.876	10085	0	280
2026.04.06	12:00:00	4677.935	4686.816	4659.499	4675.895	12256	0	280
2026.04.06	13:00:00	4675.715	4681.691	4659.661	4679.753	26895	0	280
2026.04.06	14:00:00	4680.125	4697.655	4660.120	4682.902	31166	0	280
2026.04.06	15:00:00	4682.976	4684.002	4652.008	4668.123	20453	0	280
2026.04.06	16:00:00	4668.204	4672.572	4657.656	4660.478	12771	0	280
2026.04.06	17:00:00	4660.545	4661.074	4645.687	4653.718	15023	0	280
2026.04.06	18:00:00	4653.775	4666.588	4648.628	4658.174	11589	0	280
2026.04.06	19:00:00	4658.237	4659.317	4645.399	4655.301	8408	0	280
2026.04.06	20:00:00	4655.267	4658.351	4649.109	4649.887	4411	0	280
2026.04.06	22:00:00	4661.108	4667.769	4656.770	4658.358	5400	0	280
2026.04.06	23:00:00	4658.470	4661.144	4651.601	4658.850	4240	0	280
2026.04.07	00:00:00	4658.955	4661.428	4649.028	4654.995	9761	0	280
2026.04.07	01:00:00	4654.692	4664.174	4616.266	4626.778	38652	0	280
2026.04.07	02:00:00	4626.750	4654.068	4619.676	4650.351	16023	0	280
2026.04.07	03:00:00	4650.295	4654.034	4639.480	4649.663	9407	0	280
2026.04.07	04:00:00	4649.489	4664.251	4645.543	4659.667	8165	0	280
2026.04.07	05:00:00	4659.733	4661.450	4622.779	4642.825	16116	0	280
2026.04.07	06:00:00	4643.142	4656.377	4637.658	4653.304	15485	0	280
2026.04.07	07:00:00	4653.169	4657.123	4636.630	4645.856	12220	0	280
2026.04.07	08:00:00	4646.159	4690.709	4644.148	4682.931	25250	0	280
2026.04.07	09:00:00	4682.909	4694.584	4658.726	4670.721	16783	0	280
2026.04.07	10:00:00	4670.779	4680.437	4649.101	4652.178	23703	0	280
2026.04.07	11:00:00	4652.065	4664.152	4628.627	4659.776	17614	0	280
2026.04.07	12:00:00	4659.862	4670.777	4646.713	4651.413	19462	0	280
2026.04.07	13:00:00	4651.751	4663.167	4635.449	4644.342	27671	0	280
2026.04.07	14:00:00	4644.080	4661.281	4607.254	4633.392	38226	0	280
2026.04.07	15:00:00	4633.326	4659.371	4624.816	4655.601	25970	0	280
2026.04.07	16:00:00	4655.482	4668.329	4652.411	4657.120	20209	0	280
2026.04.07	17:00:00	4657.100	4686.458	4653.812	4676.051	17582	0	280
2026.04.07	18:00:00	4675.917	4686.355	4657.350	4662.318	13342	0	280
2026.04.07	19:00:00	4662.379	4718.702	4660.690	4700.621	64887	0	280
2026.04.07	20:00:00	4700.684	4717.051	4697.178	4706.244	15754	0	280
2026.04.07	22:00:00	4740.816	4819.872	4713.602	4818.159	27211	0	360
2026.04.07	23:00:00	4818.321	4836.350	4801.823	4833.203	26762	0	280
2026.04.08	00:00:00	4833.471	4857.340	4808.753	4817.738	33056	0	280
2026.04.08	01:00:00	4817.682	4825.249	4788.013	4810.231	31153	0	280
2026.04.08	02:00:00	4810.151	4825.162	4798.466	4803.729	12872	0	280
2026.04.08	03:00:00	4803.788	4805.984	4795.008	4797.596	10100	0	280
2026.04.08	04:00:00	4797.615	4806.661	4790.052	4803.451	9069	0	280
2026.04.08	05:00:00	4803.750	4843.822	4800.286	4827.893	12698	0	280
2026.04.08	06:00:00	4827.350	4839.718	4820.012	4820.012	16337	0	280
2026.04.08	07:00:00	4819.922	4821.113	4805.183	4813.413	13986	0	280
2026.04.08	08:00:00	4813.481	4819.841	4790.167	4793.841	13526	0	280
2026.04.08	09:00:00	4793.945	4806.723	4776.158	4783.301	12279	0	280
2026.04.08	10:00:00	4783.257	4796.177	4770.987	4782.710	10242	0	280
2026.04.08	11:00:00	4782.625	4802.827	4777.847	4798.457	15205	0	280
2026.04.08	12:00:00	4798.509	4807.082	4768.442	4799.671	23094	0	280
2026.04.08	13:00:00	4799.571	4806.699	4767.580	4777.771	29338	0	280
2026.04.08	14:00:00	4777.822	4791.974	4732.165	4736.428	37104	0	280
2026.04.08	15:00:00	4736.198	4763.231	4734.248	4756.462	21663	0	280
2026.04.08	16:00:00	4756.609	4765.618	4745.181	4760.641	13472	0	280
2026.04.08	17:00:00	4760.528	4764.395	4731.564	4734.134	15815	0	280
2026.04.08	18:00:00	4734.058	4744.455	4703.423	4705.432	25625	0	280
2026.04.08	19:00:00	4705.251	4731.856	4699.492	4730.439	20172	0	280
2026.04.08	20:00:00	4730.529	4732.209	4716.984	4719.615	6261	0	280
2026.04.08	22:00:00	4729.169	4732.601	4704.566	4717.771	8281	0	280
2026.04.08	23:00:00	4717.637	4720.026	4705.396	4715.520	6848	0	280
2026.04.09	00:00:00	4715.678	4719.081	4698.134	4706.629	13912	0	280
2026.04.09	01:00:00	4706.571	4728.007	4699.615	4727.112	21184	0	280
2026.04.09	02:00:00	4727.176	4732.955	4717.502	4719.169	10148	0	280
2026.04.09	03:00:00	4719.108	4720.280	4705.164	4711.444	9871	0	280
2026.04.09	04:00:00	4711.554	4725.510	4709.679	4720.926	6479	0	280
2026.04.09	05:00:00	4720.986	4726.650	4705.710	4713.347	11615	0	280
2026.04.09	06:00:00	4713.325	4725.367	4703.348	4712.632	13517	0	280
2026.04.09	07:00:00	4712.569	4731.242	4705.647	4724.228	15975	0	280
2026.04.09	08:00:00	4724.325	4733.186	4719.871	4726.249	10044	0	280
2026.04.09	09:00:00	4726.212	4733.382	4723.063	4729.112	8516	0	280
2026.04.09	10:00:00	4729.048	4746.644	4723.473	4741.271	9692	0	280
2026.04.09	11:00:00	4740.971	4757.459	4738.358	4756.362	8837	0	280
2026.04.09	12:00:00	4756.426	4759.840	4734.854	4745.755	14033	0	280
2026.04.09	13:00:00	4745.958	4777.234	4738.555	4764.454	22793	0	280
2026.04.09	14:00:00	4764.512	4776.199	4747.006	4768.249	20185	0	280
2026.04.09	15:00:00	4768.308	4797.980	4761.112	4792.875	21452	0	280
2026.04.09	16:00:00	4792.938	4801.052	4784.300	4788.667	13884	0	280
2026.04.09	17:00:00	4788.751	4801.202	4786.722	4797.639	10389	0	280
2026.04.09	18:00:00	4797.571	4798.155	4767.551	4772.235	15854	0	280
2026.04.09	19:00:00	4772.169	4782.662	4766.847	4768.865	23887	0	280
2026.04.09	20:00:00	4768.923	4773.320	4760.740	4764.982	5885	0	280
2026.04.09	22:00:00	4779.108	4779.317	4758.617	4764.061	6163	0	280
2026.04.09	23:00:00	4764.061	4764.256	4757.005	4763.591	4747	0	280
2026.04.10	00:00:00	4763.654	4763.654	4750.691	4762.878	10585	0	280
2026.04.10	01:00:00	4762.787	4777.119	4757.911	4764.602	14054	0	280
2026.04.10	02:00:00	4764.690	4765.345	4754.614	4757.231	1517	0	280
