,OPEN,HIGH,LOW,CLOSE,TICKVOL,THRESHOLD,CANDLE_COUNT,RSI,STOCH_D,MACD_HIST,ATR
0,2324.991,2328.821,2322.185,2325.943,8737,6064.604239841438,3,OVERBOUGHT,OVERBOUGHT,BULLISH,8.054
1,2325.95,2329.926,2322.426,2322.766,11141,5951.935582078761,2,NEUTRAL,OVERBOUGHT,BULLISH,8.027
2,2322.792,2325.09,2319.603,2324.857,9355,5951.935582078761,2,NEUTRAL,NEUTRAL,BEARISH,8.145
3,2324.879,2325.077,2320.262,2321.5,8829,5951.935582078761,2,NEUTRAL,NEUTRAL,BEARISH,8.052
4,2321.499,2322.0,2317.682,2319.252,10222,5951.935582078761,2,OVERSOLD,NEUTRAL,BEARISH,7.52
5,2319.228,2319.841,2311.641,2313.741,10399,5951.935582078761,2,OVERSOLD,OVERSOLD,BEARISH,7.57
6,2313.702,2316.524,2312.079,2312.348,9069,5951.935582078761,2,OVERSOLD,OVERSOLD,BEARISH,7.425
7,2312.333,2317.352,2309.895,2315.99,7605,5951.935582078761,1,OVERSOLD,OVERSOLD,BEARISH,6.833
8,2315.956,2323.705,2315.288,2318.536,11082,5951.935582078761,1,NEUTRAL,OVERSOLD,BEARISH,6.685
9,2318.538,2322.382,2312.28,2314.177,8015,5951.935582078761,1,NEUTRAL,NEUTRAL,BEARISH,6.577
10,2314.215,2319.104,2312.742,2314.704,7700,5951.935582078761,1,NEUTRAL,OVERSOLD,BEARISH,6.601
11,2314.755,2317.463,2311.034,2314.147,9852,5951.935582078761,2,NEUTRAL,OVERSOLD,BEARISH,6.356
12,2314.116,2315.551,2311.793,2314.618,7884,5951.935582078761,2,NEUTRAL,OVERSOLD,BEARISH,6.255
13,2314.634,2316.512,2312.723,2315.211,6005,5951.935582078761,3,OVERSOLD,OVERSOLD,BEARISH,6.265
14,2315.254,2316.275,2306.785,2307.868,10107,5879.4972726744345,2,OVERSOLD,OVERSOLD,BEARISH,6.469
15,2307.83,2317.465,2307.326,2317.082,6025,5879.4972726744345,1,NEUTRAL,OVERSOLD,BEARISH,6.658
16,2317.087,2319.298,2315.352,2319.234,7752,5879.4972726744345,2,NEUTRAL,NEUTRAL,BEARISH,6.548
17,2319.222,2321.336,2313.561,2314.693,9299,5879.4972726744345,2,NEUTRAL,NEUTRAL,BEARISH,6.759
18,2314.644,2314.909,2305.294,2305.657,6042,5879.4972726744345,1,NEUTRAL,NEUTRAL,BEARISH,7.137
19,2305.624,2309.257,2303.584,2307.302,6769,5879.4972726744345,1,NEUTRAL,OVERSOLD,BEARISH,6.957
20,2307.294,2317.098,2306.918,2315.519,9954,5879.4972726744345,2,NEUTRAL,OVERSOLD,BEARISH,7.367
21,2315.519,2319.091,2312.89,2314.488,14214,5879.4972726744345,2,NEUTRAL,NEUTRAL,BEARISH,7.277
22,2314.459,2316.23,2306.71,2310.005,14887,5879.4972726744345,1,NEUTRAL,NEUTRAL,BEARISH,7.356
23,2310.068,2317.701,2309.007,2315.468,8513,5879.4972726744345,1,OVERBOUGHT,NEUTRAL,BEARISH,7.255
24,2315.465,2320.391,2312.67,2320.391,7365,5879.4972726744345,1,OVERBOUGHT,NEUTRAL,BULLISH,7.352
25,2320.422,2321.095,2313.66,2313.861,9691,5879.4972726744345,2,NEUTRAL,OVERBOUGHT,BULLISH,7.424
26,2313.831,2313.9,2307.86,2308.174,7391,5879.4972726744345,2,NEUTRAL,NEUTRAL,BEARISH,7.587
27,2308.231,2310.687,2307.806,2308.734,6583,5879.4972726744345,3,NEUTRAL,NEUTRAL,BEARISH,7.522
28,2308.774,2312.216,2307.763,2309.944,7801,5844.930072102266,2,NEUTRAL,NEUTRAL,BEARISH,7.162
29,2309.898,2312.996,2307.849,2312.274,7804,5844.930072102266,2,OVERSOLD,NEUTRAL,BEARISH,6.806
30,2312.273,2319.735,2311.838,2316.509,9047,5844.930072102266,2,NEUTRAL,NEUTRAL,BEARISH,7.088
31,2316.468,2317.05,2307.406,2309.314,10200,5844.930072102266,2,NEUTRAL,NEUTRAL,BEARISH,7.222
32,2309.262,2313.334,2306.479,2307.633,9277,5844.930072102266,2,NEUTRAL,NEUTRAL,BEARISH,7.024
33,2307.606,2316.643,2307.281,2315.918,9508,5844.930072102266,2,NEUTRAL,NEUTRAL,BEARISH,7.288
34,2315.915,2329.421,2314.588,2326.698,10011,5844.930072102266,1,OVERBOUGHT,NEUTRAL,BULLISH,7.62
35,2326.646,2326.699,2312.064,2324.367,16740,5844.930072102266,1,NEUTRAL,OVERBOUGHT,BULLISH,8.223
36,2324.317,2338.93,2323.233,2333.319,15572,5844.930072102266,1,OVERBOUGHT,OVERBOUGHT,BULLISH,8.664
37,2333.356,2337.636,2328.118,2330.4,7871,5844.930072102266,1,OVERBOUGHT,OVERBOUGHT,BULLISH,8.723
38,2330.43,2334.997,2329.126,2334.76,10332,5844.930072102266,2,OVERBOUGHT,OVERBOUGHT,BULLISH,8.591
39,2334.761,2343.998,2333.82,2343.75,9361,5844.930072102266,2,OVERBOUGHT,OVERBOUGHT,BULLISH,8.786
40,2343.697,2347.32,2343.121,2346.032,6345,5844.930072102266,2,OVERBOUGHT,OVERBOUGHT,BULLISH,8.655
41,2346.034,2349.047,2345.851,2347.564,6367,5870.833557298876,2,OVERBOUGHT,OVERBOUGHT,BULLISH,8.677
42,2347.612,2355.814,2347.352,2350.351,9655,5870.833557298876,1,OVERBOUGHT,OVERBOUGHT,BULLISH,8.964
43,2350.298,2354.065,2347.114,2353.325,10057,5870.833557298876,2,OVERBOUGHT,OVERBOUGHT,BULLISH,9.093
44,2353.375,2358.771,2351.171,2357.131,8810,5870.833557298876,2,OVERBOUGHT,OVERBOUGHT,BULLISH,9.071
45,2357.061,2369.044,2356.004,2368.397,8372,5870.833557298876,1,OVERBOUGHT,OVERBOUGHT,BULLISH,9.314
46,2368.356,2370.382,2364.697,2366.7,7239,5870.833557298876,1,OVERBOUGHT,OVERBOUGHT,BULLISH,9.23
47,2366.733,2372.199,2365.834,2369.525,5979,5870.833557298876,1,OVERBOUGHT,OVERBOUGHT,BULLISH,9.016
48,2369.571,2375.446,2369.571,2372.469,6397,5870.833557298876,1,OVERBOUGHT,OVERBOUGHT,BULLISH,8.38
49,2372.481,2378.476,2371.053,2372.126,11720,5870.833557298876,2,OVERBOUGHT,OVERBOUGHT,BULLISH,7.865
50,2372.132,2375.766,2361.635,2364.832,11520,5870.833557298876,1,NEUTRAL,OVERBOUGHT,BULLISH,7.753
51,2364.846,2372.069,2360.114,2367.766,15220,5870.833557298876,1,NEUTRAL,OVERBOUGHT,BULLISH,7.927
52,2367.715,2373.003,2357.768,2360.607,15133,5870.833557298876,1,OVERSOLD,OVERBOUGHT,BULLISH,8.596
53,2360.575,2366.355,2356.566,2364.804,9274,5870.833557298876,1,NEUTRAL,NEUTRAL,BEARISH,8.568
54,2364.779,2369.961,2361.647,2368.235,6416,5870.833557298876,1,NEUTRAL,NEUTRAL,BEARISH,8.862
55,2368.283,2370.961,2366.581,2367.318,9699,5870.833557298876,2,NEUTRAL,NEUTRAL,BEARISH,8.947
56,2367.276,2367.482,2359.697,2360.449,7476,5870.833557298876,2,NEUTRAL,NEUTRAL,BEARISH,8.898
57,2361.401,2364.488,2359.715,2364.007,9036,5337.01095431193,3,NEUTRAL,NEUTRAL,BEARISH,8.743
58,2363.983,2364.124,2354.778,2359.135,7395,5337.01095431193,1,NEUTRAL,NEUTRAL,BEARISH,8.867
59,2359.146,2359.854,2356.228,2357.071,8638,5337.01095431193,2,OVERSOLD,OVERSOLD,BEARISH,8.195
60,2357.012,2357.043,2351.154,2352.537,7779,5337.01095431193,2,OVERSOLD,OVERSOLD,BEARISH,8.211
61,2352.597,2354.409,2347.376,2349.579,5972,5337.01095431193,1,OVERSOLD,OVERSOLD,BEARISH,8.259
62,2349.57,2351.298,2341.642,2343.232,10968,5337.01095431193,2,OVERSOLD,OVERSOLD,BEARISH,8.526
63,2343.302,2344.347,2339.029,2340.112,5370,5337.01095431193,1,OVERSOLD,OVERSOLD,BEARISH,8.376
64,2340.065,2346.659,2338.364,2344.548,12107,5337.01095431193,2,OVERSOLD,OVERSOLD,BEARISH,7.959
65,2344.469,2349.777,2343.6,2347.072,9550,5337.01095431193,1,NEUTRAL,OVERSOLD,BEARISH,7.546
66,2347.008,2349.354,2340.324,2344.074,11264,5337.01095431193,1,NEUTRAL,OVERSOLD,BEARISH,7.103
67,2344.028,2345.968,2340.735,2343.623,11405,5337.01095431193,1,NEUTRAL,OVERSOLD,BEARISH,6.777
68,2343.68,2343.68,2332.065,2335.866,11106,5337.01095431193,1,NEUTRAL,OVERSOLD,BEARISH,7.013
69,2335.884,2337.784,2334.638,2336.634,5976,5337.01095431193,1,OVERSOLD,OVERSOLD,BEARISH,6.925
70,2336.679,2338.163,2334.424,2337.29,8729,5337.01095431193,2,OVERSOLD,OVERSOLD,BEARISH,6.636
71,2337.273,2338.49,2335.222,2335.949,5526,5337.01095431193,2,OVERSOLD,OVERSOLD,BEARISH,6.528
72,2336.444,2339.618,2334.734,2336.401,6872,5351.537688821904,3,OVERSOLD,OVERSOLD,BEARISH,6.21
73,2336.35,2342.08,2336.35,2341.94,5652,5351.537688821904,1,OVERBOUGHT,OVERSOLD,BEARISH,6.36
74,2341.974,2344.422,2339.971,2343.059,8440,5351.537688821904,2,OVERBOUGHT,NEUTRAL,BEARISH,6.255
75,2343.077,2345.924,2342.513,2344.736,7706,5351.537688821904,2,OVERBOUGHT,NEUTRAL,BEARISH,5.997
76,2344.679,2345.207,2336.854,2338.165,5978,5351.537688821904,1,NEUTRAL,NEUTRAL,BEARISH,5.904
77,2338.113,2343.919,2336.081,2343.743,9868,5351.537688821904,2,NEUTRAL,NEUTRAL,BEARISH,6.084
78,2343.742,2348.205,2342.619,2345.632,10114,5351.537688821904,2,NEUTRAL,NEUTRAL,BULLISH,5.89
79,2345.613,2350.241,2336.518,2348.244,17782,5351.537688821904,2,NEUTRAL,OVERBOUGHT,BULLISH,6.429
80,2348.285,2355.172,2344.857,2353.863,13869,5351.537688821904,1,OVERBOUGHT,OVERBOUGHT,BULLISH,6.521
81,2353.81,2357.088,2348.035,2353.057,14085,5351.537688821904,1,OVERBOUGHT,OVERBOUGHT,BULLISH,6.794
82,2353.019,2353.888,2347.199,2347.925,8326,5351.537688821904,1,NEUTRAL,OVERBOUGHT,BULLISH,6.442
83,2347.881,2355.55,2346.291,2354.188,7219,5351.537688821904,1,OVERBOUGHT,OVERBOUGHT,BULLISH,6.878
84,2354.144,2359.593,2351.969,2357.626,9188,5351.537688821904,2,OVERBOUGHT,OVERBOUGHT,BULLISH,7.156
85,2357.628,2358.383,2354.978,2358.247,6296,5351.537688821904,2,NEUTRAL,OVERBOUGHT,BULLISH,7.166
86,2357.052,2357.746,2354.84,2355.808,7203,5473.129337505533,3,NEUTRAL,OVERBOUGHT,BULLISH,7.06
87,2355.823,2359.102,2354.873,2358.592,9373,5473.129337505533,2,OVERBOUGHT,OVERBOUGHT,BULLISH,6.953
88,2358.58,2360.989,2356.128,2356.955,7673,5473.129337505533,2,NEUTRAL,OVERBOUGHT,BULLISH,6.982
89,2356.944,2359.679,2355.686,2358.721,9376,5473.129337505533,2,NEUTRAL,OVERBOUGHT,BULLISH,7.024
90,2358.717,2365.2,2358.416,2362.411,5637,5473.129337505533,1,NEUTRAL,OVERBOUGHT,BULLISH,6.912
91,2362.434,2374.313,2362.385,2373.073,6597,5473.129337505533,1,OVERBOUGHT,OVERBOUGHT,BULLISH,7.204
92,2373.129,2374.258,2365.226,2365.879,9734,5473.129337505533,2,NEUTRAL,OVERBOUGHT,BULLISH,7.45
93,2365.836,2378.947,2358.334,2372.62,25101,5473.129337505533,2,OVERBOUGHT,OVERBOUGHT,BULLISH,7.942
94,2372.582,2375.45,2351.746,2358.105,20946,5473.129337505533,1,NEUTRAL,NEUTRAL,BULLISH,8.899
95,2358.051,2373.765,2353.776,2373.765,14439,5473.129337505533,1,NEUTRAL,NEUTRAL,BULLISH,9.68
96,2373.768,2385.715,2372.974,2377.551,12663,5473.129337505533,1,NEUTRAL,NEUTRAL,BULLISH,10.112
97,2377.591,2386.769,2377.066,2383.685,8573,5473.129337505533,1,NEUTRAL,OVERBOUGHT,BULLISH,10.144
98,2383.72,2390.295,2383.457,2389.207,6548,5473.129337505533,1,NEUTRAL,OVERBOUGHT,BULLISH,10.088
99,2389.204,2389.378,2383.561,2386.313,9764,5473.129337505533,2,OVERBOUGHT,OVERBOUGHT,BULLISH,10.26
100,2386.283,2389.426,2385.385,2388.763,5549,5473.129337505533,2,OVERBOUGHT,OVERBOUGHT,BULLISH,10.305
101,2388.706,2395.069,2388.573,2394.91,8812,5506.16860694945,2,OVERBOUGHT,OVERBOUGHT,BULLISH,10.467
102,2394.907,2397.343,2389.549,2391.55,8783,5506.16860694945,1,NEUTRAL,OVERBOUGHT,BULLISH,10.677
103,2391.52,2391.825,2386.542,2387.545,7294,5506.16860694945,1,NEUTRAL,OVERBOUGHT,BULLISH,10.769
104,2387.495,2392.148,2386.579,2391.261,8879,5506.16860694945,2,NEUTRAL,OVERBOUGHT,BULLISH,10.682
105,2391.277,2394.502,2386.418,2387.093,10932,5506.16860694945,2,NEUTRAL,OVERBOUGHT,BULLISH,10.407
106,2387.131,2391.19,2384.597,2389.337,6255,5506.16860694945,1,NEUTRAL,OVERBOUGHT,BULLISH,10.233
107,2389.313,2391.345,2383.587,2385.362,10487,5506.16860694945,2,NEUTRAL,OVERBOUGHT,BEARISH,9.315
108,2385.364,2386.56,2380.835,2384.624,9832,5506.16860694945,2,NEUTRAL,OVERBOUGHT,BEARISH,8.031
109,2384.666,2386.328,2377.809,2379.175,12220,5506.16860694945,1,OVERSOLD,NEUTRAL,BEARISH,7.211
110,2379.123,2382.172,2371.62,2375.157,17554,5506.16860694945,1,OVERSOLD,NEUTRAL,BEARISH,7.055
111,2375.101,2379.065,2370.885,2373.32,10213,5506.16860694945,1,OVERSOLD,OVERSOLD,BEARISH,6.946
112,2373.332,2382.336,2373.097,2381.511,7061,5506.16860694945,1,NEUTRAL,OVERSOLD,BEARISH,7.118
113,2381.564,2383.742,2379.137,2381.903,6082,5506.16860694945,1,NEUTRAL,NEUTRAL,BEARISH,7.031
114,2381.94,2382.449,2378.348,2379.659,8737,5506.16860694945,2,NEUTRAL,NEUTRAL,BEARISH,7.036
115,2379.643,2381.759,2375.84,2376.607,6462,5506.16860694945,2,NEUTRAL,NEUTRAL,BEARISH,6.994
116,2377.55,2379.676,2377.281,2377.984,7523,5528.489850732042,3,NEUTRAL,OVERSOLD,BEARISH,6.657
117,2377.997,2381.223,2373.934,2375.205,9995,5528.489850732042,2,OVERSOLD,OVERSOLD,BEARISH,6.8
118,2375.238,2379.102,2374.664,2378.799,6497,5528.489850732042,2,NEUTRAL,OVERSOLD,BEARISH,6.719
119,2378.81,2386.69,2378.508,2385.95,10346,5528.489850732042,2,NEUTRAL,NEUTRAL,BEARISH,6.726
120,2386.009,2387.766,2381.296,2384.185,10597,5528.489850732042,2,OVERBOUGHT,NEUTRAL,BEARISH,6.718
121,2384.173,2387.547,2381.601,2387.328,8870,5528.489850732042,2,OVERBOUGHT,OVERBOUGHT,BEARISH,6.588
122,2387.376,2393.99,2385.74,2393.217,12398,5528.489850732042,2,OVERBOUGHT,OVERBOUGHT,BULLISH,6.768
123,2393.263,2405.142,2393.263,2401.648,16925,5528.489850732042,1,OVERBOUGHT,OVERBOUGHT,BULLISH,7.012
124,2401.603,2415.501,2398.766,2413.376,14398,5528.489850732042,1,OVERBOUGHT,OVERBOUGHT,BULLISH,7.453
125,2413.337,2419.174,2403.539,2407.708,13042,5528.489850732042,1,OVERBOUGHT,OVERBOUGHT,BULLISH,7.986
126,2407.739,2414.145,2407.647,2407.812,7426,5528.489850732042,1,OVERBOUGHT,OVERBOUGHT,BULLISH,7.79
127,2407.779,2414.39,2405.734,2414.224,6687,5528.489850732042,1,OVERBOUGHT,OVERBOUGHT,BULLISH,8.079
128,2414.256,2419.18,2411.48,2416.402,11548,5528.489850732042,2,OVERBOUGHT,OVERBOUGHT,BULLISH,8.337
129,2416.451,2425.202,2413.42,2417.733,10967,5042.593991932165,2,NEUTRAL,OVERBOUGHT,BULLISH,8.755
130,2417.755,2426.554,2416.47,2425.322,11142,5388.934246668784,2,OVERBOUGHT,OVERBOUGHT,BULLISH,9.256
131,2425.32,2440.665,2425.32,2434.518,19406,5388.934246668784,1,OVERBOUGHT,OVERBOUGHT,BULLISH,9.832
132,2434.574,2437.084,2428.772,2434.01,8438,5388.934246668784,1,OVERBOUGHT,OVERBOUGHT,BULLISH,10.109
133,2433.964,2438.928,2430.9,2437.543,6846,5388.934246668784,1,OVERBOUGHT,OVERBOUGHT,BULLISH,10.098
134,2437.543,2450.026,2435.147,2449.525,14058,5388.934246668784,2,OVERBOUGHT,OVERBOUGHT,BULLISH,10.698
135,2449.561,2449.695,2431.764,2438.676,13511,5388.934246668784,1,NEUTRAL,OVERBOUGHT,BULLISH,11.554
136,2438.674,2443.732,2435.491,2442.196,9168,5388.934246668784,1,NEUTRAL,OVERBOUGHT,BULLISH,11.554
137,2442.238,2443.63,2436.817,2440.09,6659,5388.934246668784,1,NEUTRAL,OVERBOUGHT,BULLISH,11.188
138,2440.049,2447.193,2438.681,2441.605,7272,5388.934246668784,1,NEUTRAL,OVERBOUGHT,BULLISH,10.601
139,2441.661,2442.992,2434.558,2436.247,6434,5388.934246668784,1,OVERSOLD,OVERBOUGHT,BULLISH,10.087
140,2436.279,2437.167,2427.592,2430.606,9356,5388.934246668784,1,OVERSOLD,NEUTRAL,BEARISH,10.307
141,2430.57,2430.898,2407.278,2413.868,20887,5388.934246668784,1,OVERSOLD,NEUTRAL,BEARISH,11.375
142,2413.792,2422.659,2410.358,2420.147,21736,5388.934246668784,1,OVERSOLD,NEUTRAL,BEARISH,11.704
143,2420.193,2423.7,2414.744,2422.959,12293,5388.934246668784,1,OVERSOLD,OVERSOLD,BEARISH,11.502
144,2423.031,2426.956,2419.375,2424.838,9925,5388.934246668784,1,NEUTRAL,NEUTRAL,BEARISH,11.323
145,2424.808,2428.066,2422.471,2426.513,6449,5388.934246668784,1,NEUTRAL,NEUTRAL,BEARISH,10.627
146,2426.533,2436.745,2425.639,2435.226,6733,5388.934246668784,1,OVERBOUGHT,NEUTRAL,BEARISH,10.827
147,2435.31,2437.381,2431.851,2435.167,6259,5388.934246668784,1,OVERBOUGHT,NEUTRAL,BEARISH,10.648
148,2435.218,2435.296,2426.054,2426.734,6471,5388.934246668784,1,NEUTRAL,NEUTRAL,BEARISH,10.245
149,2426.783,2430.347,2423.28,2427.105,6935,5388.934246668784,2,NEUTRAL,NEUTRAL,BEARISH,9.469
150,2427.196,2429.917,2424.297,2428.91,7583,5557.420667620964,2,NEUTRAL,NEUTRAL,BEARISH,9.282
151,2428.914,2433.081,2419.528,2420.464,14368,5557.420667620964,1,OVERSOLD,NEUTRAL,BEARISH,9.764
152,2420.407,2422.674,2411.416,2413.915,13593,5557.420667620964,1,OVERSOLD,NEUTRAL,BEARISH,9.96
153,2413.893,2417.199,2406.058,2413.695,8146,5557.420667620964,1,OVERSOLD,OVERSOLD,BEARISH,10.153
154,2413.675,2418.016,2410.597,2416.516,10828,5557.420667620964,2,OVERSOLD,OVERSOLD,BEARISH,9.999
155,2416.561,2417.379,2409.583,2410.632,8075,5557.420667620964,1,OVERSOLD,OVERSOLD,BEARISH,8.869
156,2410.596,2422.172,2408.497,2419.208,8432,5557.420667620964,1,NEUTRAL,OVERSOLD,BEARISH,8.967
157,2419.266,2419.957,2414.322,2418.693,6648,5557.420667620964,1,NEUTRAL,NEUTRAL,BEARISH,8.73
158,2418.644,2420.193,2412.111,2416.326,6439,5557.420667620964,1,NEUTRAL,NEUTRAL,BEARISH,8.766
159,2416.304,2423.734,2414.79,2423.388,10996,5557.420667620964,2,NEUTRAL,NEUTRAL,BEARISH,9.005
160,2423.406,2429.99,2422.343,2426.204,8717,5557.420667620964,1,OVERBOUGHT,NEUTRAL,BEARISH,8.758
161,2426.254,2431.503,2420.423,2427.742,18342,5557.420667620964,1,OVERBOUGHT,NEUTRAL,BEARISH,9.154
162,2427.75,2431.714,2425.312,2429.446,11203,5557.420667620964,1,OVERBOUGHT,OVERBOUGHT,BULLISH,8.951
163,2429.497,2433.944,2420.009,2423.354,11913,5557.420667620964,1,NEUTRAL,OVERBOUGHT,BULLISH,9.442
164,2423.311,2423.68,2417.958,2422.839,8688,5557.420667620964,1,NEUTRAL,NEUTRAL,BEARISH,9.449
165,2422.891,2423.771,2418.499,2419.971,5932,5557.420667620964,1,OVERSOLD,NEUTRAL,BEARISH,8.858
166,2419.921,2425.001,2417.294,2423.317,8661,5557.420667620964,2,NEUTRAL,NEUTRAL,BEARISH,8.604
167,2423.306,2423.461,2420.325,2421.654,6219,5557.420667620964,3,OVERSOLD,NEUTRAL,BEARISH,8.032
168,2421.659,2423.356,2419.289,2421.903,9879,5702.479810387221,2,NEUTRAL,NEUTRAL,BEARISH,7.793
169,2421.95,2426.533,2415.853,2417.774,6448,5702.479810387221,1,OVERSOLD,NEUTRAL,BEARISH,7.999
170,2417.724,2419.502,2412.532,2414.163,5949,5702.479810387221,1,OVERSOLD,NEUTRAL,BEARISH,7.52
171,2414.164,2417.364,2411.368,2417.051,10313,5702.479810387221,2,OVERSOLD,OVERSOLD,BEARISH,7.546
172,2417.182,2418.021,2413.72,2417.041,6143,5702.479810387221,1,OVERSOLD,OVERSOLD,BEARISH,7.276
173,2416.99,2418.53,2412.269,2417.232,6209,5702.479810387221,1,OVERSOLD,OVERSOLD,BEARISH,7.084
174,2417.199,2417.505,2410.583,2416.827,6140,5702.479810387221,1,NEUTRAL,OVERSOLD,BEARISH,7.032
175,2416.852,2419.395,2414.222,2414.711,9890,5702.479810387221,2,NEUTRAL,OVERSOLD,BEARISH,6.61
176,2414.673,2415.27,2404.686,2408.671,7990,5702.479810387221,1,OVERSOLD,OVERSOLD,BEARISH,6.909
177,2408.71,2415.039,2408.71,2412.421,9667,5702.479810387221,1,NEUTRAL,OVERSOLD,BEARISH,6.369
178,2412.374,2413.311,2405.811,2411.529,13162,5702.479810387221,1,OVERSOLD,OVERSOLD,BEARISH,6.496
179,2411.499,2411.499,2382.132,2388.565,24147,5702.479810387221,1,OVERSOLD,OVERSOLD,BEARISH,8.219
180,2388.501,2395.325,2386.537,2391.966,11741,5702.479810387221,1,OVERSOLD,OVERSOLD,BEARISH,8.296
181,2391.922,2394.988,2389.417,2391.985,7442,5702.479810387221,1,OVERSOLD,OVERSOLD,BEARISH,8.47
182,2391.992,2394.312,2386.737,2388.65,7104,5702.479810387221,1,OVERSOLD,OVERSOLD,BEARISH,8.72
183,2388.482,2390.736,2374.942,2377.761,11869,5702.479810387221,1,OVERSOLD,OVERSOLD,BEARISH,9.086
184,2377.726,2380.069,2376.822,2379.306,6476,5702.479810387221,1,OVERSOLD,OVERSOLD,BEARISH,8.82
185,2379.266,2381.045,2377.308,2380.519,6362,5702.479810387221,2,OVERSOLD,OVERSOLD,BEARISH,8.658
186,2380.561,2383.692,2378.83,2380.315,7524,5921.406336382089,2,OVERSOLD,OVERSOLD,BEARISH,8.698
187,2380.317,2381.849,2366.73,2372.943,13977,5921.406336382089,1,OVERSOLD,OVERSOLD,BEARISH,9.331
188,2372.914,2375.689,2368.155,2369.527,7138,5921.406336382089,1,OVERSOLD,OVERSOLD,BEARISH,9.375
189,2369.48,2373.985,2367.838,2372.739,8836,5921.406336382089,2,OVERSOLD,OVERSOLD,BEARISH,9.444
190,2372.792,2373.103,2358.258,2360.013,8379,5921.406336382089,1,OVERSOLD,OVERSOLD,BEARISH,9.749
191,2360.045,2367.232,2354.913,2364.276,9204,5921.406336382089,1,OVERSOLD,OVERSOLD,BEARISH,10.174
192,2364.218,2364.727,2355.119,2356.114,9099,5921.406336382089,1,OVERSOLD,OVERSOLD,BEARISH,10.324
193,2356.058,2361.825,2355.086,2360.517,7075,5921.406336382089,1,NEUTRAL,OVERSOLD,BEARISH,8.706
194,2360.466,2364.277,2358.795,2364.022,6170,5921.406336382089,1,NEUTRAL,OVERSOLD,BEARISH,8.47
195,2364.069,2369.42,2363.515,2368.04,11375,5921.406336382089,2,NEUTRAL,OVERSOLD,BEARISH,8.494
196,2368.002,2369.298,2360.689,2362.636,9709,5921.406336382089,1,NEUTRAL,OVERSOLD,BEARISH,8.568
197,2362.685,2369.862,2350.618,2358.611,20193,5921.406336382089,1,NEUTRAL,OVERSOLD,BULLISH,8.814
198,2358.563,2363.87,2341.46,2345.888,25415,5921.406336382089,1,OVERSOLD,OVERSOLD,BEARISH,10.183
199,2345.896,2349.864,2340.313,2346.081,12487,5921.406336382089,1,OVERSOLD,OVERSOLD,BEARISH,10.598
200,2346.044,2350.143,2339.963,2340.898,8181,5921.406336382089,1,OVERSOLD,OVERSOLD,BEARISH,10.978
201,2340.92,2343.049,2331.825,2332.236,9628,5921.406336382089,1,OVERSOLD,OVERSOLD,BEARISH,10.7
202,2332.184,2336.334,2331.729,2334.757,7116,5921.406336382089,1,OVERSOLD,OVERSOLD,BEARISH,10.491
203,2334.723,2334.845,2326.865,2328.366,8691,5921.406336382089,2,OVERSOLD,OVERSOLD,BEARISH,10.622
204,2328.61,2333.613,2327.418,2329.074,8989,5843.264463075858,3,OVERSOLD,OVERSOLD,BEARISH,10.004
205,2329.023,2335.157,2326.569,2333.781,7913,5843.264463075858,1,NEUTRAL,OVERSOLD,BEARISH,9.737
206,2333.819,2334.473,2325.351,2330.732,8017,5843.264463075858,1,NEUTRAL,OVERSOLD,BEARISH,9.702
207,2330.719,2335.142,2328.452,2335.025,8494,5843.264463075858,2,NEUTRAL,OVERSOLD,BULLISH,9.699
208,2334.976,2339.529,2333.18,2338.746,11626,5843.264463075858,2,OVERBOUGHT,OVERSOLD,BULLISH,9.761
209,2338.702,2341.021,2336.032,2340.148,10832,5843.264463075858,2,OVERBOUGHT,OVERSOLD,BULLISH,9.695
210,2340.137,2343.922,2336.945,2340.249,10538,5843.264463075858,2,OVERBOUGHT,NEUTRAL,BULLISH,9.579
211,2340.295,2342.035,2335.738,2339.251,12815,5843.264463075858,2,OVERBOUGHT,NEUTRAL,BULLISH,8.654
212,2339.198,2347.385,2336.789,2337.32,10046,5843.264463075858,1,NEUTRAL,NEUTRAL,BULLISH,7.81
213,2337.229,2343.192,2335.407,2338.332,9806,5843.264463075858,1,NEUTRAL,NEUTRAL,BULLISH,7.684
214,2338.39,2340.213,2332.345,2334.49,7798,5843.264463075858,1,OVERSOLD,NEUTRAL,BULLISH,7.519
215,2334.523,2336.968,2331.89,2332.695,10182,5843.264463075858,2,OVERSOLD,NEUTRAL,BULLISH,7.08
216,2332.671,2336.728,2331.792,2333.766,7835,5843.264463075858,2,OVERSOLD,NEUTRAL,BULLISH,7.104
217,2333.803,2340.598,2332.184,2340.186,6106,5313.663879290855,2,NEUTRAL,NEUTRAL,BULLISH,7.135
218,2340.165,2340.683,2334.36,2336.195,6777,5185.767319358393,2,NEUTRAL,NEUTRAL,BULLISH,7.144
219,2336.151,2340.299,2334.546,2339.678,5831,5185.767319358393,1,NEUTRAL,NEUTRAL,BULLISH,6.941
220,2339.673,2347.609,2338.72,2345.976,9518,5185.767319358393,2,OVERBOUGHT,NEUTRAL,BULLISH,6.925
221,2345.973,2346.018,2340.31,2343.664,8291,5185.767319358393,2,OVERBOUGHT,OVERBOUGHT,BULLISH,6.854
222,2343.618,2344.582,2341.237,2341.411,5366,5185.767319358393,1,NEUTRAL,OVERBOUGHT,BULLISH,6.64
223,2341.425,2346.156,2338.11,2344.207,9877,5185.767319358393,2,OVERBOUGHT,OVERBOUGHT,BULLISH,6.858
224,2344.233,2345.794,2342.398,2344.896,7950,5185.767319358393,2,NEUTRAL,OVERBOUGHT,BULLISH,6.602
225,2344.897,2349.816,2343.155,2347.111,11863,5185.767319358393,2,NEUTRAL,OVERBOUGHT,BULLISH,6.628
226,2347.133,2357.002,2344.619,2354.892,10850,5185.767319358393,1,OVERBOUGHT,OVERBOUGHT,BULLISH,6.756
227,2354.937,2358.449,2354.079,2354.294,7180,5185.767319358393,1,OVERBOUGHT,OVERBOUGHT,BULLISH,6.512
228,2354.273,2356.813,2352.18,2352.446,5761,5185.767319358393,1,OVERBOUGHT,OVERBOUGHT,BULLISH,6.281
229,2352.398,2355.595,2351.319,2351.916,6576,5185.767319358393,3,OVERBOUGHT,OVERBOUGHT,BULLISH,6.224
230,2352.0,2353.541,2351.05,2351.763,6327,5271.472019102038,2,OVERBOUGHT,OVERBOUGHT,BULLISH,6.049
231,2351.751,2356.32,2349.143,2354.744,7778,5271.472019102038,1,NEUTRAL,OVERBOUGHT,BULLISH,5.961
232,2354.719,2355.836,2350.087,2350.858,9667,5271.472019102038,2,NEUTRAL,OVERBOUGHT,BULLISH,5.92
233,2350.825,2353.668,2349.584,2350.401,8230,5271.472019102038,2,NEUTRAL,OVERBOUGHT,BULLISH,5.801
234,2350.368,2350.368,2341.293,2341.794,9462,5271.472019102038,1,OVERSOLD,NEUTRAL,BULLISH,5.816
235,2341.739,2344.932,2341.684,2344.008,6137,5271.472019102038,1,OVERSOLD,NEUTRAL,BULLISH,5.64
236,2343.974,2345.018,2340.234,2344.818,5965,5271.472019102038,1,OVERSOLD,OVERSOLD,BEARISH,5.743
237,2344.761,2346.273,2342.271,2345.622,8908,5271.472019102038,2,OVERSOLD,NEUTRAL,BEARISH,5.454
238,2345.668,2357.078,2343.549,2353.182,14337,5271.472019102038,2,NEUTRAL,NEUTRAL,BULLISH,6.178
239,2353.128,2364.082,2352.2,2354.961,16698,5271.472019102038,1,OVERBOUGHT,NEUTRAL,BULLISH,6.551
240,2354.887,2356.832,2347.935,2355.308,13616,5271.472019102038,1,OVERBOUGHT,NEUTRAL,BULLISH,6.302
241,2355.35,2362.123,2352.996,2360.203,9398,5271.472019102038,1,OVERBOUGHT,NEUTRAL,BULLISH,6.642
242,2360.272,2362.191,2355.236,2356.697,6883,5271.472019102038,1,OVERBOUGHT,OVERBOUGHT,BULLISH,6.808
243,2356.696,2360.022,2353.048,2356.867,7370,5271.472019102038,1,NEUTRAL,OVERBOUGHT,BULLISH,7.0
244,2356.83,2360.192,2352.735,2358.154,9631,5271.472019102038,2,NEUTRAL,OVERBOUGHT,BULLISH,7.355
245,2358.137,2362.287,2357.805,2359.685,8145,5271.472019102038,3,NEUTRAL,OVERBOUGHT,BULLISH,7.163
246,2359.648,2361.036,2355.613,2356.463,10092,5288.954842679622,2,NEUTRAL,OVERBOUGHT,BULLISH,7.139
247,2356.417,2360.852,2354.382,2355.663,5376,5288.954842679622,1,NEUTRAL,OVERBOUGHT,BULLISH,7.31
248,2355.643,2359.085,2355.203,2358.269,8311,5288.954842679622,2,NEUTRAL,NEUTRAL,BULLISH,6.937
249,2358.313,2361.325,2356.45,2356.801,6281,5288.954842679622,1,NEUTRAL,NEUTRAL,BULLISH,7.053
250,2356.761,2356.761,2351.064,2355.765,6790,5288.954842679622,1,OVERSOLD,NEUTRAL,BULLISH,7.121
251,2355.714,2356.151,2349.999,2350.471,5672,5288.954842679622,1,OVERSOLD,NEUTRAL,BEARISH,7.274
252,2350.537,2351.728,2344.878,2345.538,6932,5288.954842679622,1,OVERSOLD,NEUTRAL,BEARISH,6.797
253,2345.533,2346.149,2340.774,2345.681,6349,5288.954842679622,1,OVERSOLD,OVERSOLD,BEARISH,6.333
254,2345.666,2347.196,2338.432,2341.666,10616,5288.954842679622,2,OVERSOLD,OVERSOLD,BEARISH,6.323
255,2341.658,2343.766,2334.508,2337.77,8512,5288.954842679622,1,OVERSOLD,OVERSOLD,BEARISH,6.332
256,2337.713,2347.214,2335.837,2345.612,13141,5288.954842679622,1,NEUTRAL,OVERSOLD,BEARISH,6.648
257,2345.645,2346.467,2341.433,2343.432,9210,5288.954842679622,1,NEUTRAL,OVERSOLD,BEARISH,6.51
258,2343.474,2343.715,2336.731,2339.149,7086,5288.954842679622,1,NEUTRAL,OVERSOLD,BEARISH,6.476
259,2339.141,2341.923,2336.008,2341.923,5360,5288.954842679622,1,NEUTRAL,OVERSOLD,BEARISH,6.578
260,2341.861,2344.289,2337.918,2338.201,9112,5288.954842679622,2,NEUTRAL,OVERSOLD,BEARISH,6.646
261,2338.246,2339.285,2335.842,2338.409,7221,5288.954842679622,2,OVERSOLD,OVERSOLD,BEARISH,6.43
262,2337.919,2338.996,2333.946,2336.861,9557,5402.852000519658,3,OVERSOLD,OVERSOLD,BEARISH,6.513
263,2336.917,2339.852,2332.812,2334.079,7885,5402.852000519658,1,OVERSOLD,OVERSOLD,BEARISH,6.668
264,2334.029,2336.547,2328.012,2330.866,7965,5402.852000519658,1,OVERSOLD,OVERSOLD,BEARISH,6.868
265,2330.82,2335.071,2329.149,2334.311,6132,5402.852000519658,1,NEUTRAL,OVERSOLD,BEARISH,6.851
266,2334.264,2337.093,2322.549,2324.927,12593,5402.852000519658,2,OVERSOLD,OVERSOLD,BEARISH,7.401
267,2324.91,2333.031,2323.926,2332.811,7632,5402.852000519658,1,NEUTRAL,OVERSOLD,BEARISH,7.667
268,2332.77,2337.698,2332.232,2334.342,6767,5402.852000519658,1,NEUTRAL,NEUTRAL,BEARISH,7.432
269,2334.371,2335.758,2331.805,2334.993,6378,5402.852000519658,1,NEUTRAL,NEUTRAL,BEARISH,7.053
270,2335.049,2337.979,2331.61,2333.107,6227,5402.852000519658,1,NEUTRAL,NEUTRAL,BEARISH,6.695
271,2333.162,2340.935,2330.557,2340.603,5465,5402.852000519658,1,OVERBOUGHT,NEUTRAL,BULLISH,7.077
272,2340.53,2340.603,2335.243,2335.826,6370,5402.852000519658,1,NEUTRAL,NEUTRAL,BULLISH,6.961
273,2335.801,2345.232,2331.929,2341.354,13199,5402.852000519658,1,NEUTRAL,OVERBOUGHT,BULLISH,7.488
274,2341.303,2348.628,2339.762,2348.628,14764,5402.852000519658,1,OVERBOUGHT,OVERBOUGHT,BULLISH,7.667
275,2348.677,2351.847,2342.715,2344.067,12849,5402.852000519658,1,NEUTRAL,OVERBOUGHT,BULLISH,8.073
276,2344.075,2345.744,2341.735,2343.804,8146,5402.852000519658,1,NEUTRAL,OVERBOUGHT,BULLISH,7.999
277,2343.837,2348.001,2340.859,2347.835,5980,5402.852000519658,1,OVERBOUGHT,OVERBOUGHT,BULLISH,8.006
278,2347.83,2348.806,2341.192,2342.603,9672,5402.852000519658,2,NEUTRAL,OVERBOUGHT,BULLISH,7.94
279,2342.553,2343.54,2339.831,2343.147,7173,5402.852000519658,2,NEUTRAL,OVERBOUGHT,BULLISH,7.782
280,2343.994,2346.375,2341.893,2343.907,5743,5402.852000519658,2,NEUTRAL,OVERBOUGHT,BULLISH,7.063
281,2343.921,2347.628,2342.523,2346.55,11296,5500.489111581278,2,NEUTRAL,OVERBOUGHT,BULLISH,6.778
282,2346.547,2347.687,2336.937,2343.697,11311,5500.489111581278,2,NEUTRAL,NEUTRAL,BULLISH,7.155
283,2343.668,2345.545,2340.963,2342.36,9479,5500.489111581278,2,NEUTRAL,NEUTRAL,BULLISH,7.2
284,2342.302,2347.059,2339.896,2340.364,10823,5500.489111581278,2,NEUTRAL,NEUTRAL,BULLISH,7.257
285,2340.34,2344.435,2339.684,2342.075,9893,5500.489111581278,2,NEUTRAL,NEUTRAL,BULLISH,6.855
286,2342.033,2344.922,2341.524,2343.784,8821,5500.489111581278,2,NEUTRAL,NEUTRAL,BULLISH,6.715
287,2343.739,2356.779,2342.415,2354.752,11433,5500.489111581278,1,OVERBOUGHT,NEUTRAL,BULLISH,6.791
288,2354.721,2359.695,2343.218,2348.134,14535,5500.489111581278,1,NEUTRAL,NEUTRAL,BULLISH,7.334
289,2348.189,2349.029,2334.127,2335.228,17488,5500.489111581278,1,NEUTRAL,NEUTRAL,BULLISH,7.746
290,2335.177,2336.131,2327.665,2330.025,15604,5500.489111581278,1,NEUTRAL,OVERSOLD,BEARISH,8.065
291,2329.97,2336.693,2329.659,2332.912,8745,5500.489111581278,1,NEUTRAL,OVERSOLD,BEARISH,8.057
292,2332.839,2333.744,2323.852,2325.937,9164,5500.489111581278,1,OVERSOLD,OVERSOLD,BEARISH,8.22
293,2325.984,2327.187,2322.269,2322.924,5550,5500.489111581278,1,OVERSOLD,OVERSOLD,BEARISH,8.306
294,2322.925,2328.242,2320.525,2327.686,6023,5500.489111581278,1,NEUTRAL,OVERSOLD,BEARISH,8.537
295,2327.633,2330.551,2323.334,2326.369,7672,5002.9742755576635,2,NEUTRAL,OVERSOLD,BEARISH,8.688
296,2326.363,2327.465,2323.956,2327.037,7127,5098.623550901379,2,NEUTRAL,OVERSOLD,BEARISH,8.171
297,2327.097,2331.11,2326.12,2330.709,6612,5098.623550901379,1,NEUTRAL,OVERSOLD,BEARISH,8.2
298,2330.694,2330.944,2320.804,2321.394,10453,5098.623550901379,2,NEUTRAL,OVERSOLD,BEARISH,8.413
299,2321.441,2323.689,2315.315,2320.147,10906,5098.623550901379,2,OVERSOLD,OVERSOLD,BEARISH,8.671
300,2320.125,2322.794,2314.692,2322.344,7936,5098.623550901379,1,NEUTRAL,OVERSOLD,BEARISH,9.007
301,2322.307,2328.845,2322.16,2325.951,6363,5098.623550901379,1,NEUTRAL,OVERSOLD,BEARISH,8.459
302,2325.92,2328.498,2324.71,2325.493,5791,5098.623550901379,1,NEUTRAL,OVERSOLD,BEARISH,7.552
303,2325.513,2333.311,2324.293,2330.713,10932,5098.623550901379,2,OVERBOUGHT,NEUTRAL,BULLISH,7.132
304,2330.688,2332.385,2328.927,2329.977,5272,5098.623550901379,1,OVERBOUGHT,NEUTRAL,BULLISH,6.774
305,2329.994,2334.346,2325.656,2333.977,7325,5098.623550901379,1,OVERBOUGHT,OVERBOUGHT,BULLISH,6.893
306,2333.939,2336.669,2329.815,2333.456,11693,5098.623550901379,1,OVERBOUGHT,OVERBOUGHT,BULLISH,6.676
307,2333.846,2345.664,2333.846,2341.722,16199,5098.623550901379,1,OVERBOUGHT,OVERBOUGHT,BULLISH,7.196
308,2341.657,2344.215,2335.416,2342.781,9841,5098.623550901379,1,OVERBOUGHT,OVERBOUGHT,BULLISH,7.274
309,2342.73,2350.258,2341.348,2349.131,7020,5098.623550901379,1,OVERBOUGHT,OVERBOUGHT,BULLISH,7.395
310,2349.079,2354.73,2346.031,2348.41,7516,5098.623550901379,1,OVERBOUGHT,OVERBOUGHT,BULLISH,7.765
311,2348.377,2349.44,2346.474,2348.169,5107,5098.623550901379,1,OVERBOUGHT,OVERBOUGHT,BULLISH,7.621
312,2348.216,2351.098,2344.683,2350.814,7053,5098.623550901379,2,OVERBOUGHT,OVERBOUGHT,BULLISH,7.355
313,2351.66,2352.798,2349.715,2350.667,7578,5198.790355577438,3,OVERBOUGHT,OVERBOUGHT,BULLISH,6.977
314,2350.647,2352.312,2343.124,2347.104,6238,5198.790355577438,1,NEUTRAL,OVERBOUGHT,BULLISH,7.054
315,2347.075,2349.583,2344.111,2345.751,8834,5198.790355577438,2,NEUTRAL,OVERBOUGHT,BULLISH,6.968
316,2345.692,2349.859,2345.122,2347.725,7834,5198.790355577438,2,NEUTRAL,OVERBOUGHT,BULLISH,7.035
317,2347.678,2351.777,2344.281,2344.519,6023,5198.790355577438,1,OVERSOLD,OVERBOUGHT,BULLISH,6.927
318,2344.499,2345.127,2339.038,2339.732,6098,5198.790355577438,1,OVERSOLD,NEUTRAL,BULLISH,7.115
319,2339.678,2339.785,2332.233,2333.369,8484,5198.790355577438,1,OVERSOLD,NEUTRAL,BEARISH,7.033
320,2333.329,2334.186,2326.691,2329.86,8640,5198.790355577438,1,OVERSOLD,OVERSOLD,BEARISH,7.079
321,2329.906,2334.812,2328.849,2329.163,6220,5198.790355577438,1,OVERSOLD,OVERSOLD,BEARISH,6.633
322,2329.213,2329.794,2325.248,2327.916,6510,5198.790355577438,1,OVERSOLD,OVERSOLD,BEARISH,6.329
323,2327.877,2335.958,2326.634,2335.082,8557,5198.790355577438,1,NEUTRAL,OVERSOLD,BEARISH,6.359
324,2335.109,2337.922,2322.023,2324.33,14167,5198.790355577438,1,NEUTRAL,OVERSOLD,BEARISH,6.873
325,2324.644,2332.486,2315.515,2317.62,19194,5198.790355577438,1,OVERSOLD,OVERSOLD,BEARISH,7.874
326,2317.651,2328.776,2317.395,2326.065,9744,5198.790355577438,1,NEUTRAL,OVERSOLD,BEARISH,8.228
327,2326.071,2329.663,2322.51,2323.861,7019,5198.790355577438,1,NEUTRAL,OVERSOLD,BEARISH,8.519
328,2323.91,2330.32,2323.696,2328.753,6164,5198.790355577438,1,NEUTRAL,OVERSOLD,BEARISH,8.336
329,2328.7,2329.74,2325.989,2327.312,8628,5198.790355577438,2,NEUTRAL,NEUTRAL,BEARISH,8.213
330,2327.355,2328.897,2325.98,2328.785,5780,5198.790355577438,3,OVERBOUGHT,NEUTRAL,BEARISH,8.083
331,2328.791,2330.908,2325.857,2330.448,8398,5245.635718538317,2,NEUTRAL,NEUTRAL,BEARISH,7.908
332,2330.482,2337.923,2329.875,2337.121,8948,5245.635718538317,2,OVERBOUGHT,NEUTRAL,BULLISH,8.048
333,2337.172,2341.666,2335.822,2337.311,8388,5245.635718538317,2,OVERBOUGHT,OVERBOUGHT,BULLISH,7.926
334,2337.312,2338.379,2328.058,2332.702,6533,5245.635718538317,1,NEUTRAL,OVERBOUGHT,BULLISH,8.128
335,2332.716,2333.694,2329.094,2331.588,5665,5245.635718538317,1,NEUTRAL,OVERBOUGHT,BULLISH,8.031
336,2331.581,2335.083,2330.974,2332.304,10370,5245.635718538317,2,NEUTRAL,NEUTRAL,BULLISH,7.999
337,2332.245,2335.527,2329.465,2333.75,5600,5245.635718538317,1,OVERSOLD,NEUTRAL,BULLISH,7.766
338,2333.698,2344.047,2331.044,2342.112,15022,5245.635718538317,2,NEUTRAL,OVERBOUGHT,BULLISH,7.56
339,2342.06,2345.927,2338.157,2345.755,12495,5245.635718538317,1,OVERBOUGHT,OVERBOUGHT,BULLISH,6.902
340,2345.708,2350.269,2334.029,2348.88,18869,5245.635718538317,1,OVERBOUGHT,OVERBOUGHT,BULLISH,7.249
341,2348.936,2357.389,2348.936,2353.649,10165,5245.635718538317,1,OVERBOUGHT,OVERBOUGHT,BULLISH,7.346
342,2353.643,2354.971,2351.37,2352.542,6183,5245.635718538317,1,OVERBOUGHT,OVERBOUGHT,BULLISH,7.13
343,2352.593,2356.738,2351.668,2355.767,9162,5245.635718538317,2,OVERBOUGHT,OVERBOUGHT,BULLISH,7.225
344,2355.739,2356.071,2352.628,2355.147,6696,5245.635718538317,2,OVERBOUGHT,OVERBOUGHT,BULLISH,7.262
345,2356.891,2357.23,2354.49,2355.737,6985,5294.118824709271,3,OVERBOUGHT,OVERBOUGHT,BULLISH,7.097
346,2355.686,2373.322,2355.546,2367.466,10970,5294.118824709271,1,OVERBOUGHT,OVERBOUGHT,BULLISH,7.792
347,2367.409,2374.652,2365.092,2374.322,6727,5294.118824709271,1,OVERBOUGHT,OVERBOUGHT,BULLISH,8.057
348,2374.348,2374.965,2366.816,2369.38,8608,5294.118824709271,2,OVERBOUGHT,OVERBOUGHT,BULLISH,7.902
349,2369.377,2371.395,2363.113,2367.05,9784,5294.118824709271,2,OVERBOUGHT,OVERBOUGHT,BULLISH,8.165
350,2367.005,2368.391,2359.774,2362.862,9688,5294.118824709271,2,NEUTRAL,OVERBOUGHT,BULLISH,8.487
351,2362.903,2363.888,2358.513,2361.014,8392,5294.118824709271,2,NEUTRAL,OVERBOUGHT,BULLISH,8.438
352,2361.066,2365.181,2355.183,2357.532,14992,5294.118824709271,2,OVERSOLD,NEUTRAL,BULLISH,8.224
353,2357.584,2366.991,2353.361,2360.62,16892,5294.118824709271,1,OVERSOLD,NEUTRAL,BEARISH,8.642
354,2360.62,2366.317,2358.393,2364.193,10323,5294.118824709271,1,NEUTRAL,NEUTRAL,BEARISH,8.048
355,2364.16,2378.511,2364.064,2374.226,9880,5294.118824709271,1,OVERBOUGHT,NEUTRAL,BULLISH,8.472
356,2374.209,2376.908,2370.301,2372.854,7932,5294.118824709271,1,OVERBOUGHT,OVERBOUGHT,BULLISH,8.687
357,2372.882,2373.996,2370.637,2373.075,5373,5294.118824709271,1,OVERBOUGHT,OVERBOUGHT,BULLISH,8.565
358,2373.085,2375.452,2368.979,2372.497,9090,5294.118824709271,2,OVERBOUGHT,OVERBOUGHT,BULLISH,8.781
359,2372.472,2378.125,2372.285,2376.73,6559,5294.118824709271,3,OVERBOUGHT,OVERBOUGHT,BULLISH,9.003
360,2376.735,2379.967,2370.145,2370.927,11000,5571.571793784579,2,NEUTRAL,OVERBOUGHT,BULLISH,8.435
361,2370.958,2378.226,2369.377,2376.536,6040,5571.571793784579,1,NEUTRAL,OVERBOUGHT,BULLISH,8.384
362,2376.572,2387.495,2375.132,2386.549,8907,5571.571793784579,2,OVERBOUGHT,OVERBOUGHT,BULLISH,8.685
363,2386.571,2387.702,2375.014,2375.938,7154,5571.571793784579,1,NEUTRAL,OVERBOUGHT,BULLISH,8.999
364,2375.904,2377.754,2372.842,2375.404,6511,5571.571793784579,1,NEUTRAL,OVERBOUGHT,BEARISH,8.735
365,2375.369,2379.284,2342.536,2347.262,23728,5571.571793784579,2,OVERSOLD,NEUTRAL,BEARISH,10.976
366,2347.308,2347.946,2337.372,2339.276,9339,5571.571793784579,1,OVERSOLD,OVERSOLD,BEARISH,11.017
367,2339.262,2339.262,2331.939,2333.613,7240,5571.571793784579,1,OVERSOLD,OVERSOLD,BEARISH,10.567
368,2333.572,2339.308,2330.868,2336.498,8180,5571.571793784579,1,OVERSOLD,OVERSOLD,BEARISH,10.604
369,2336.489,2339.313,2313.173,2319.268,23234,5571.571793784579,1,OVERSOLD,OVERSOLD,BEARISH,11.439
370,2319.215,2328.04,2304.995,2309.403,21883,5571.571793784579,1,OVERSOLD,OVERSOLD,BEARISH,12.614
371,2309.454,2321.109,2307.52,2313.248,16395,5571.571793784579,1,OVERSOLD,OVERSOLD,BEARISH,13.344
372,2313.217,2315.497,2304.449,2304.957,11538,5571.571793784579,1,OVERSOLD,OVERSOLD,BEARISH,13.671
373,2305.019,2314.486,2302.937,2311.573,9281,5571.571793784579,1,OVERSOLD,OVERSOLD,BEARISH,14.079
374,2311.624,2312.331,2303.685,2305.475,7146,5571.571793784579,1,NEUTRAL,OVERSOLD,BEARISH,13.995
375,2305.513,2307.119,2299.898,2301.41,6036,5571.571793784579,1,NEUTRAL,OVERSOLD,BEARISH,13.879
376,2301.436,2301.443,2287.536,2288.334,7930,5571.571793784579,1,OVERSOLD,OVERSOLD,BEARISH,13.989
377,2288.29,2298.434,2286.723,2297.428,9120,5069.342734059063,2,NEUTRAL,OVERSOLD,BEARISH,13.919
378,2297.38,2300.041,2294.137,2296.991,7691,5062.988664148676,2,OVERSOLD,OVERSOLD,BEARISH,13.99
379,2296.947,2301.403,2293.904,2296.219,9223,5062.988664148676,2,NEUTRAL,OVERSOLD,BEARISH,11.901
380,2296.255,2297.727,2292.701,2294.788,7984,5062.988664148676,2,NEUTRAL,OVERSOLD,BEARISH,11.504
381,2294.797,2297.247,2287.7,2291.199,11618,5062.988664148676,2,NEUTRAL,OVERSOLD,BEARISH,11.662
382,2291.245,2297.246,2290.426,2296.475,6816,5062.988664148676,1,NEUTRAL,OVERSOLD,BEARISH,11.547
383,2296.523,2297.566,2292.457,2292.627,5683,5062.988664148676,1,NEUTRAL,OVERSOLD,BEARISH,10.044
384,2292.602,2297.444,2291.827,2295.304,5198,5062.988664148676,1,NEUTRAL,OVERSOLD,BEARISH,8.799
385,2295.329,2305.283,2295.276,2305.044,10920,5062.988664148676,2,OVERBOUGHT,NEUTRAL,BULLISH,8.544
386,2304.993,2308.662,2303.141,2306.1,8104,5062.988664148676,1,OVERBOUGHT,NEUTRAL,BULLISH,8.149
387,2306.143,2307.79,2300.353,2305.567,9048,5062.988664148676,1,OVERBOUGHT,NEUTRAL,BULLISH,7.855
388,2305.611,2307.198,2301.7,2302.695,8513,5062.988664148676,1,OVERBOUGHT,OVERBOUGHT,BULLISH,7.63
389,2302.742,2308.635,2301.254,2307.3,6576,5062.988664148676,1,OVERBOUGHT,OVERBOUGHT,BULLISH,7.642
390,2307.348,2313.766,2306.936,2312.918,6503,5062.988664148676,1,OVERBOUGHT,OVERBOUGHT,BULLISH,7.136
391,2312.954,2313.375,2309.069,2310.879,8916,5062.988664148676,2,NEUTRAL,OVERBOUGHT,BULLISH,6.607
392,2310.907,2312.274,2308.475,2310.782,6236,5062.988664148676,2,NEUTRAL,OVERBOUGHT,BULLISH,6.457
393,2311.889,2312.147,2308.751,2310.866,7777,5103.398473912294,3,OVERBOUGHT,OVERBOUGHT,BULLISH,6.164
394,2310.812,2310.812,2301.639,2302.838,10219,5103.398473912294,1,NEUTRAL,OVERBOUGHT,BULLISH,6.464
395,2302.805,2303.667,2298.778,2301.869,7418,5103.398473912294,1,OVERSOLD,NEUTRAL,BULLISH,6.131
396,2301.835,2304.388,2300.755,2303.571,7806,5103.398473912294,2,OVERSOLD,NEUTRAL,BULLISH,5.904
397,2303.521,2304.625,2297.647,2302.071,9950,5103.398473912294,2,OVERSOLD,NEUTRAL,BULLISH,6.037
398,2302.024,2305.421,2301.656,2304.485,5292,5103.398473912294,1,OVERSOLD,NEUTRAL,BULLISH,5.905
399,2304.517,2307.76,2303.227,2306.019,5464,5103.398473912294,1,NEUTRAL,NEUTRAL,BULLISH,5.514
400,2306.004,2307.35,2301.494,2306.42,5340,5103.398473912294,1,OVERBOUGHT,NEUTRAL,BULLISH,5.538
401,2306.45,2308.868,2305.214,2307.644,9764,5103.398473912294,2,OVERBOUGHT,NEUTRAL,BULLISH,5.267
402,2307.607,2319.95,2307.538,2317.959,8444,5103.398473912294,1,OVERBOUGHT,NEUTRAL,BULLISH,5.761
403,2317.973,2319.573,2309.225,2314.715,16253,5103.398473912294,1,OVERBOUGHT,OVERBOUGHT,BULLISH,5.973
404,2314.66,2317.78,2312.405,2314.709,8937,5103.398473912294,1,OVERBOUGHT,OVERBOUGHT,BULLISH,5.869
405,2314.758,2315.912,2309.933,2310.121,6965,5103.398473912294,1,NEUTRAL,NEUTRAL,BULLISH,5.989
406,2310.171,2312.362,2305.788,2308.472,5890,5103.398473912294,1,NEUTRAL,NEUTRAL,BULLISH,6.187
407,2308.518,2313.432,2307.823,2312.702,5738,5103.398473912294,1,NEUTRAL,NEUTRAL,BULLISH,6.345
408,2312.732,2315.756,2312.084,2315.31,7564,5103.398473912294,2,NEUTRAL,NEUTRAL,BULLISH,5.948
409,2315.35,2317.605,2313.865,2315.071,7379,5103.398473912294,3,NEUTRAL,OVERBOUGHT,BULLISH,5.866
410,2315.056,2315.631,2310.79,2314.418,8715,5303.181952587313,2,OVERBOUGHT,OVERBOUGHT,BULLISH,5.953
411,2314.435,2316.748,2310.705,2314.024,8863,5303.181952587313,2,OVERBOUGHT,OVERBOUGHT,BULLISH,5.886
412,2314.031,2315.342,2312.375,2314.949,6615,5303.181952587313,2,OVERBOUGHT,OVERBOUGHT,BULLISH,5.829
413,2314.968,2317.78,2311.164,2314.479,9373,5303.181952587313,2,NEUTRAL,OVERBOUGHT,BULLISH,5.978
414,2314.518,2315.697,2310.763,2314.005,8918,5303.181952587313,2,NEUTRAL,NEUTRAL,BULLISH,5.912
415,2313.957,2314.769,2312.164,2312.847,9252,5303.181952587313,2,OVERSOLD,NEUTRAL,BULLISH,5.837
416,2312.866,2337.684,2311.564,2335.912,16243,5303.181952587313,1,OVERBOUGHT,NEUTRAL,BULLISH,6.816
417,2335.877,2341.629,2324.956,2329.789,22770,5303.181952587313,1,OVERBOUGHT,OVERBOUGHT,BULLISH,7.268
418,2329.774,2329.942,2320.053,2325.229,11927,5303.181952587313,1,NEUTRAL,OVERBOUGHT,BULLISH,7.59
419,2325.287,2337.158,2324.648,2335.552,10836,5303.181952587313,1,OVERBOUGHT,NEUTRAL,BULLISH,8.057
420,2335.596,2338.166,2333.128,2337.635,7877,5303.181952587313,1,OVERBOUGHT,OVERBOUGHT,BULLISH,7.947
421,2337.686,2339.558,2332.802,2335.292,6158,5303.181952587313,1,NEUTRAL,OVERBOUGHT,BULLISH,8.029
422,2335.224,2335.224,2319.312,2322.697,26826,5303.181952587313,1,NEUTRAL,NEUTRAL,BULLISH,8.908
423,2322.729,2324.638,2315.822,2321.263,9850,5303.181952587313,1,NEUTRAL,NEUTRAL,BULLISH,9.271
424,2321.304,2325.354,2320.258,2321.925,5968,5303.181952587313,2,OVERSOLD,NEUTRAL,BEARISH,9.289
425,2321.923,2322.964,2317.564,2320.728,6492,5378.343195198046,2,OVERSOLD,NEUTRAL,BEARISH,9.243
426,2320.777,2321.545,2308.05,2312.612,10137,5378.343195198046,1,OVERSOLD,OVERSOLD,BEARISH,9.995
427,2312.659,2316.313,2310.636,2314.248,9728,5378.343195198046,2,OVERSOLD,OVERSOLD,BEARISH,9.928
428,2314.239,2314.844,2308.966,2311.612,8062,5378.343195198046,2,OVERSOLD,OVERSOLD,BEARISH,9.995
429,2311.564,2318.566,2311.148,2317.012,10559,5378.343195198046,2,NEUTRAL,OVERSOLD,BEARISH,10.339
430,2317.06,2318.424,2313.368,2315.446,9301,5378.343195198046,2,NEUTRAL,OVERSOLD,BEARISH,8.834
431,2315.397,2319.954,2303.935,2307.026,11614,5378.343195198046,2,NEUTRAL,OVERSOLD,BEARISH,8.788
432,2307.073,2326.755,2305.507,2323.261,14741,5378.343195198046,1,NEUTRAL,OVERSOLD,BEARISH,9.599
433,2323.221,2324.74,2308.349,2310.736,13445,5378.343195198046,1,NEUTRAL,OVERSOLD,BEARISH,9.876
434,2310.693,2314.446,2305.647,2313.508,12349,5378.343195198046,1,NEUTRAL,NEUTRAL,BEARISH,10.145
435,2313.565,2317.038,2297.746,2298.992,13422,5378.343195198046,1,NEUTRAL,OVERSOLD,BEARISH,11.04
436,2298.938,2300.326,2295.463,2299.236,8595,5378.343195198046,1,NEUTRAL,OVERSOLD,BEARISH,10.246
437,2299.279,2304.409,2299.049,2301.444,6370,5378.343195198046,1,OVERSOLD,OVERSOLD,BEARISH,9.999
438,2301.431,2304.894,2300.017,2303.413,8174,5378.343195198046,2,NEUTRAL,OVERSOLD,BEARISH,9.984
439,2303.463,2304.322,2301.689,2302.335,5864,5378.343195198046,3,OVERSOLD,OVERSOLD,BEARISH,9.786
440,2302.379,2307.128,2301.503,2305.967,8530,5372.05654168712,2,OVERBOUGHT,OVERSOLD,BEARISH,9.224
441,2305.918,2308.605,2304.212,2305.461,9096,5372.05654168712,2,OVERBOUGHT,OVERSOLD,BEARISH,9.132
442,2305.417,2311.589,2303.449,2309.88,8187,5372.05654168712,2,OVERBOUGHT,NEUTRAL,BEARISH,9.294
443,2309.825,2312.771,2307.436,2312.613,5659,5372.05654168712,1,OVERBOUGHT,NEUTRAL,BULLISH,9.145
444,2312.564,2316.707,2309.344,2315.226,6369,5372.05654168712,1,OVERBOUGHT,NEUTRAL,BULLISH,9.31
445,2315.184,2321.637,2314.725,2317.349,6288,5372.05654168712,1,OVERBOUGHT,NEUTRAL,BULLISH,8.659
446,2317.387,2322.736,2315.225,2322.651,5743,5372.05654168712,1,OVERBOUGHT,OVERBOUGHT,BULLISH,7.678
447,2322.607,2332.649,2320.916,2330.492,7806,5372.05654168712,1,OVERBOUGHT,OVERBOUGHT,BULLISH,7.345
448,2330.447,2336.559,2326.032,2332.012,8080,5372.05654168712,1,OVERBOUGHT,OVERBOUGHT,BULLISH,7.469
449,2332.043,2333.387,2327.178,2330.287,9556,5372.05654168712,1,OVERBOUGHT,OVERBOUGHT,BULLISH,6.534
450,2330.253,2332.867,2324.15,2330.386,11709,5372.05654168712,1,OVERBOUGHT,OVERBOUGHT,BULLISH,6.81
451,2330.393,2335.474,2327.932,2330.052,10824,5372.05654168712,1,OVERBOUGHT,OVERBOUGHT,BULLISH,6.966
452,2329.985,2332.168,2324.007,2326.087,7139,5372.05654168712,1,OVERSOLD,OVERBOUGHT,BULLISH,7.2
453,2326.129,2331.916,2325.353,2328.788,6429,5372.05654168712,1,NEUTRAL,OVERBOUGHT,BULLISH,7.481
454,2328.84,2335.557,2328.471,2334.573,9402,5372.05654168712,2,NEUTRAL,OVERBOUGHT,BULLISH,7.585
455,2334.531,2335.378,2330.917,2332.825,6679,5372.05654168712,2,NEUTRAL,OVERBOUGHT,BULLISH,7.59
456,2331.087,2331.486,2325.219,2326.418,8294,4851.261137299433,3,NEUTRAL,OVERBOUGHT,BULLISH,7.552
457,2326.399,2328.948,2322.74,2326.257,6463,4851.261137299433,1,NEUTRAL,OVERBOUGHT,BULLISH,7.614
458,2326.213,2326.213,2321.475,2322.655,5036,4851.261137299433,1,NEUTRAL,NEUTRAL,BEARISH,7.43
459,2322.606,2326.233,2321.659,2323.692,7390,4851.261137299433,2,OVERSOLD,NEUTRAL,BEARISH,7.263
460,2323.675,2323.675,2317.737,2318.552,4908,4851.261137299433,1,OVERSOLD,OVERSOLD,BEARISH,7.152
461,2318.506,2319.237,2315.437,2317.335,5236,4851.261137299433,1,OVERSOLD,OVERSOLD,BEARISH,6.585
462,2317.287,2322.281,2315.521,2321.279,9631,4851.261137299433,2,NEUTRAL,OVERSOLD,BEARISH,6.316
463,2321.295,2322.586,2319.203,2320.46,8541,4851.261137299433,2,NEUTRAL,OVERSOLD,BEARISH,6.114
464,2320.471,2321.943,2316.767,2319.568,10882,4851.261137299433,2,NEUTRAL,OVERSOLD,BEARISH,5.861
465,2319.52,2326.312,2318.736,2320.978,8566,4851.261137299433,1,NEUTRAL,OVERSOLD,BEARISH,5.864
466,2320.933,2327.643,2318.307,2324.476,7281,4851.261137299433,1,OVERBOUGHT,NEUTRAL,BEARISH,5.948
467,2324.523,2325.481,2309.971,2312.489,8817,4851.261137299433,1,OVERSOLD,OVERSOLD,BEARISH,6.587
468,2312.538,2317.025,2312.538,2316.843,5361,4851.261137299433,1,NEUTRAL,OVERSOLD,BEARISH,6.405
469,2316.837,2319.227,2313.218,2317.846,8690,4851.261137299433,2,NEUTRAL,OVERSOLD,BEARISH,6.515
470,2317.857,2320.725,2317.794,2319.015,6091,4851.261137299433,2,NEUTRAL,NEUTRAL,BEARISH,6.181
471,2320.081,2325.538,2319.148,2324.085,7489,4866.14499723917,3,NEUTRAL,NEUTRAL,BEARISH,6.204
472,2324.086,2325.44,2319.234,2322.544,5275,4866.14499723917,1,OVERBOUGHT,NEUTRAL,BEARISH,6.305
473,2322.562,2325.633,2321.531,2324.411,7809,4866.14499723917,2,OVERBOUGHT,OVERBOUGHT,BULLISH,6.272
474,2324.408,2324.812,2319.404,2322.125,7799,4866.14499723917,2,NEUTRAL,OVERBOUGHT,BULLISH,6.233
475,2322.123,2322.706,2314.957,2315.505,8691,4866.14499723917,2,NEUTRAL,NEUTRAL,BEARISH,6.515
476,2315.473,2315.473,2310.666,2311.259,5159,4866.14499723917,1,OVERSOLD,NEUTRAL,BEARISH,6.377
477,2311.228,2314.247,2306.533,2308.304,9401,4866.14499723917,2,OVERSOLD,OVERSOLD,BEARISH,6.687
478,2308.35,2324.185,2306.624,2313.896,16077,4866.14499723917,2,OVERSOLD,OVERSOLD,BEARISH,7.571
479,2313.949,2327.703,2313.682,2326.715,14899,4866.14499723917,1,NEUTRAL,NEUTRAL,BEARISH,8.032
480,2326.652,2327.152,2322.114,2323.637,8634,4866.14499723917,1,NEUTRAL,OVERBOUGHT,BULLISH,7.725
481,2323.651,2329.758,2318.708,2326.864,8037,4866.14499723917,1,OVERBOUGHT,OVERBOUGHT,BULLISH,7.406
482,2326.916,2330.729,2326.448,2330.181,5355,4866.14499723917,1,OVERBOUGHT,OVERBOUGHT,BULLISH,7.388
483,2330.23,2333.087,2328.21,2329.688,5269,4866.14499723917,1,OVERBOUGHT,OVERBOUGHT,BULLISH,7.307
484,2329.642,2331.488,2327.445,2329.358,8117,4866.14499723917,2,NEUTRAL,OVERBOUGHT,BULLISH,7.387
485,2329.351,2330.549,2327.498,2328.254,5740,4866.14499723917,3,OVERBOUGHT,OVERBOUGHT,BULLISH,7.139
486,2328.274,2330.922,2326.493,2330.07,7541,4693.916902264012,2,OVERBOUGHT,OVERBOUGHT,BULLISH,7.012
487,2330.069,2331.753,2327.928,2328.27,6746,4693.916902264012,2,NEUTRAL,OVERBOUGHT,BULLISH,6.992
488,2328.222,2330.026,2326.796,2329.3,5988,4693.916902264012,2,NEUTRAL,OVERBOUGHT,BULLISH,6.836
489,2329.343,2332.693,2328.357,2331.768,8484,4693.916902264012,2,NEUTRAL,OVERBOUGHT,BULLISH,6.593
490,2331.812,2334.964,2327.67,2328.112,8358,4693.916902264012,2,NEUTRAL,OVERBOUGHT,BULLISH,6.768
491,2328.107,2331.059,2325.761,2330.405,8147,4693.916902264012,2,NEUTRAL,OVERBOUGHT,BULLISH,6.595
492,2330.391,2332.905,2325.163,2328.307,5155,4693.916902264012,1,NEUTRAL,OVERBOUGHT,BULLISH,5.894
493,2328.298,2331.394,2326.73,2328.228,5306,4693.916902264012,1,NEUTRAL,OVERBOUGHT,BULLISH,5.226
494,2328.17,2328.422,2323.68,2326.091,5598,4693.916902264012,1,OVERSOLD,NEUTRAL,BEARISH,5.204
495,2326.062,2331.336,2325.194,2329.464,7511,4693.916902264012,2,NEUTRAL,NEUTRAL,BEARISH,4.854
496,2329.411,2330.864,2327.74,2329.681,7353,4753.472435381725,4,NEUTRAL,NEUTRAL,BEARISH,4.771
497,2329.667,2338.98,2329.667,2336.301,7020,4753.472435381725,1,OVERBOUGHT,NEUTRAL,BULLISH,5.088
498,2336.291,2337.309,2332.346,2333.901,8595,4753.472435381725,2,NEUTRAL,NEUTRAL,BULLISH,5.154
499,2333.897,2344.925,2333.692,2340.216,9767,4753.472435381725,2,OVERBOUGHT,OVERBOUGHT,BULLISH,5.738
500,2340.271,2345.674,2340.177,2344.069,5171,4753.472435381725,1,OVERBOUGHT,OVERBOUGHT,BULLISH,5.815
501,2344.124,2344.984,2338.448,2338.581,5536,4753.472435381725,1,NEUTRAL,OVERBOUGHT,BULLISH,6.008
502,2338.532,2338.647,2332.639,2333.319,5917,4753.472435381725,1,NEUTRAL,NEUTRAL,BULLISH,6.207
503,2333.321,2340.583,2331.561,2339.486,8577,4753.472435381725,2,NEUTRAL,NEUTRAL,BULLISH,6.541
504,2339.445,2344.056,2335.266,2338.54,14249,4753.472435381725,2,NEUTRAL,NEUTRAL,BULLISH,6.648
505,2338.579,2349.415,2336.608,2349.223,11186,4753.472435381725,1,NEUTRAL,OVERBOUGHT,BULLISH,7.185
506,2349.268,2364.969,2348.86,2364.058,13184,4753.472435381725,1,OVERBOUGHT,OVERBOUGHT,BULLISH,7.782
507,2364.05,2365.486,2351.333,2353.738,9201,4753.472435381725,1,OVERBOUGHT,OVERBOUGHT,BULLISH,8.46
508,2353.725,2357.139,2352.796,2356.313,5547,4753.472435381725,1,OVERBOUGHT,OVERBOUGHT,BULLISH,8.431
509,2356.324,2357.55,2354.575,2357.293,4978,4753.472435381725,1,OVERBOUGHT,OVERBOUGHT,BULLISH,8.205
510,2357.341,2361.002,2357.247,2358.812,8220,4753.472435381725,2,NEUTRAL,OVERBOUGHT,BULLISH,8.25
511,2358.856,2360.374,2358.155,2359.409,5182,4753.472435381725,2,NEUTRAL,OVERBOUGHT,BULLISH,7.744
512,2359.399,2364.837,2358.833,2364.067,6121,4839.312362170766,2,OVERBOUGHT,OVERBOUGHT,BULLISH,7.818
513,2364.119,2364.171,2357.068,2359.61,6317,4839.312362170766,1,NEUTRAL,OVERBOUGHT,BULLISH,7.523
514,2359.651,2362.186,2358.115,2362.135,7763,4839.312362170766,2,NEUTRAL,OVERBOUGHT,BULLISH,7.421
515,2362.16,2365.602,2361.003,2364.488,6437,4839.312362170766,2,NEUTRAL,OVERBOUGHT,BULLISH,7.283
516,2364.447,2364.447,2357.906,2358.463,5355,4839.312362170766,1,NEUTRAL,OVERBOUGHT,BULLISH,7.324
517,2358.422,2364.38,2355.088,2362.883,6671,4839.312362170766,1,NEUTRAL,OVERBOUGHT,BULLISH,7.343
518,2362.929,2368.099,2362.631,2365.257,5558,4839.312362170766,1,NEUTRAL,OVERBOUGHT,BULLISH,7.106
519,2365.212,2367.301,2361.277,2363.573,9307,4839.312362170766,2,NEUTRAL,OVERBOUGHT,BEARISH,6.621
520,2363.573,2368.743,2360.381,2360.65,11411,4839.312362170766,2,NEUTRAL,OVERBOUGHT,BEARISH,6.068
521,2360.617,2363.761,2334.682,2340.442,18064,4839.312362170766,1,OVERSOLD,NEUTRAL,BEARISH,7.134
522,2340.406,2340.537,2328.497,2329.88,16016,4839.312362170766,1,OVERSOLD,OVERSOLD,BEARISH,7.684
523,2329.922,2334.741,2323.276,2327.893,11758,4839.312362170766,1,OVERSOLD,OVERSOLD,BEARISH,8.29
524,2327.946,2329.353,2323.668,2324.747,6722,4839.312362170766,1,OVERSOLD,OVERSOLD,BEARISH,8.428
525,2324.7,2325.142,2316.696,2319.27,8248,4839.312362170766,1,OVERSOLD,OVERSOLD,BEARISH,8.873
526,2319.285,2322.785,2316.7,2322.124,5051,4839.312362170766,1,OVERSOLD,OVERSOLD,BEARISH,8.879
527,2322.167,2323.354,2320.364,2321.501,7447,4839.312362170766,2,OVERSOLD,OVERSOLD,BEARISH,8.585
528,2321.11,2322.193,2317.688,2319.185,5113,4398.715153075137,2,OVERSOLD,OVERSOLD,BEARISH,8.616
529,2319.175,2326.251,2317.852,2323.639,10612,4416.948630560045,2,NEUTRAL,OVERSOLD,BEARISH,8.887
530,2323.584,2325.144,2319.546,2324.73,5212,4416.948630560045,1,OVERBOUGHT,OVERSOLD,BEARISH,8.817
531,2324.68,2326.642,2324.089,2324.506,7111,4416.948630560045,2,NEUTRAL,OVERSOLD,BEARISH,8.336
532,2324.494,2327.254,2321.35,2323.507,8866,4416.948630560045,2,NEUTRAL,OVERSOLD,BEARISH,8.367
533,2323.441,2331.786,2321.706,2330.705,5231,4416.948630560045,1,OVERBOUGHT,OVERSOLD,BEARISH,8.657
534,2330.722,2332.775,2329.139,2330.57,4988,4416.948630560045,1,OVERBOUGHT,OVERSOLD,BEARISH,8.319
535,2330.538,2330.979,2320.809,2325.041,6181,4416.948630560045,1,NEUTRAL,NEUTRAL,BEARISH,6.968
536,2325.023,2327.127,2324.445,2325.169,5128,4416.948630560045,1,NEUTRAL,NEUTRAL,BEARISH,6.3
537,2325.162,2328.054,2324.053,2326.19,4634,4416.948630560045,1,NEUTRAL,NEUTRAL,BULLISH,5.767
538,2326.236,2327.824,2323.284,2327.604,6175,4416.948630560045,1,NEUTRAL,NEUTRAL,BULLISH,5.685
539,2327.603,2333.831,2325.836,2328.052,9285,4416.948630560045,1,NEUTRAL,NEUTRAL,BULLISH,5.653
540,2328.008,2333.663,2326.91,2330.709,8006,4416.948630560045,1,OVERBOUGHT,OVERBOUGHT,BULLISH,5.7
541,2330.653,2333.113,2327.422,2327.626,5762,4416.948630560045,1,NEUTRAL,NEUTRAL,BULLISH,5.893
542,2327.581,2332.215,2326.813,2331.641,4477,4416.948630560045,1,OVERBOUGHT,OVERBOUGHT,BULLISH,5.957
543,2331.602,2334.63,2330.506,2333.783,8544,4416.948630560045,2,OVERBOUGHT,OVERBOUGHT,BULLISH,5.652
544,2333.804,2333.855,2330.922,2333.671,6237,4416.948630560045,2,OVERBOUGHT,OVERBOUGHT,BULLISH,5.462
545,2333.991,2334.39,2328.218,2330.016,6913,4461.513046697183,3,NEUTRAL,OVERBOUGHT,BULLISH,5.72
546,2330.017,2330.902,2323.164,2325.792,5761,4461.513046697183,1,NEUTRAL,NEUTRAL,BULLISH,5.851
547,2325.802,2327.027,2324.506,2326.448,4668,4461.513046697183,1,OVERSOLD,NEUTRAL,BULLISH,5.311
548,2326.403,2328.531,2322.679,2327.394,7691,4461.513046697183,2,OVERSOLD,NEUTRAL,BULLISH,5.47
549,2327.399,2330.079,2323.41,2327.19,9066,4461.513046697183,2,OVERSOLD,NEUTRAL,BULLISH,5.22
550,2327.148,2327.64,2324.027,2324.788,5083,4461.513046697183,1,OVERSOLD,NEUTRAL,BULLISH,5.286
551,2324.745,2330.587,2322.814,2329.587,6133,4461.513046697183,1,OVERBOUGHT,NEUTRAL,BULLISH,5.555
552,2329.592,2334.072,2329.253,2333.03,4696,4461.513046697183,1,OVERBOUGHT,NEUTRAL,BULLISH,5.575
553,2333.005,2337.091,2332.583,2335.251,4912,4461.513046697183,1,OVERBOUGHT,OVERBOUGHT,BULLISH,5.326
554,2335.306,2335.813,2327.305,2330.126,5254,4461.513046697183,1,NEUTRAL,OVERBOUGHT,BULLISH,5.452
555,2330.162,2330.458,2323.991,2324.214,6434,4461.513046697183,1,NEUTRAL,NEUTRAL,BULLISH,5.507
556,2324.263,2327.396,2320.174,2325.724,10704,4461.513046697183,1,NEUTRAL,NEUTRAL,BULLISH,5.637
557,2325.725,2328.227,2319.5,2327.193,9416,4461.513046697183,1,NEUTRAL,OVERSOLD,BULLISH,5.966
558,2327.221,2327.724,2315.562,2324.68,8636,4461.513046697183,1,OVERSOLD,NEUTRAL,BEARISH,6.625
559,2324.751,2324.987,2315.436,2317.784,5553,4461.513046697183,1,OVERSOLD,NEUTRAL,BEARISH,6.866
560,2317.73,2320.076,2316.774,2319.076,4964,4461.513046697183,1,NEUTRAL,OVERSOLD,BEARISH,6.55
561,2319.133,2320.643,2316.995,2319.776,7441,4461.513046697183,2,OVERSOLD,OVERSOLD,BEARISH,6.63
562,2319.725,2321.29,2317.858,2320.597,5076,4461.513046697183,2,OVERSOLD,OVERSOLD,BEARISH,6.457
563,2320.668,2323.897,2317.745,2318.437,6892,4551.626883519674,2,OVERSOLD,OVERSOLD,BEARISH,6.42
564,2318.385,2320.713,2310.563,2312.913,8936,4551.626883519674,1,OVERSOLD,OVERSOLD,BEARISH,6.887
565,2312.905,2321.695,2312.396,2319.474,6306,4551.626883519674,1,NEUTRAL,OVERSOLD,BEARISH,6.996
566,2319.442,2321.076,2315.059,2316.775,7179,4551.626883519674,2,NEUTRAL,OVERSOLD,BEARISH,7.082
567,2316.791,2318.13,2311.835,2312.12,4614,4551.626883519674,1,NEUTRAL,OVERSOLD,BEARISH,7.209
568,2312.067,2317.369,2309.671,2317.089,6033,4551.626883519674,1,NEUTRAL,OVERSOLD,BEARISH,7.152
569,2317.155,2317.345,2312.913,2316.088,5180,4551.626883519674,1,NEUTRAL,OVERSOLD,BEARISH,7.006
570,2316.044,2318.01,2312.911,2315.666,5324,4551.626883519674,1,NEUTRAL,NEUTRAL,BEARISH,6.855
571,2315.713,2318.422,2315.66,2316.339,4742,4551.626883519674,1,NEUTRAL,NEUTRAL,BEARISH,6.429
572,2316.326,2316.469,2307.689,2308.352,5831,4551.626883519674,1,NEUTRAL,OVERSOLD,BEARISH,6.187
573,2308.311,2313.95,2304.374,2312.993,6592,4551.626883519674,1,NEUTRAL,OVERSOLD,BEARISH,6.189
574,2313.049,2317.804,2310.081,2310.081,7471,4551.626883519674,1,NEUTRAL,OVERSOLD,BEARISH,6.505
575,2310.046,2311.594,2293.559,2296.347,13469,4551.626883519674,1,OVERSOLD,OVERSOLD,BEARISH,7.532
576,2296.304,2301.275,2295.324,2297.572,9909,4551.626883519674,1,OVERSOLD,OVERSOLD,BEARISH,7.712
577,2297.488,2304.151,2295.822,2299.919,8743,4551.626883519674,1,NEUTRAL,OVERSOLD,BEARISH,7.868
578,2299.959,2302.199,2298.402,2299.711,5375,4551.626883519674,1,OVERSOLD,OVERSOLD,BEARISH,7.414
579,2299.726,2302.981,2299.286,2301.839,4997,4551.626883519674,1,OVERSOLD,OVERSOLD,BEARISH,7.014
580,2301.887,2302.059,2296.872,2298.625,8036,4551.626883519674,2,NEUTRAL,OVERSOLD,BEARISH,6.954
581,2298.681,2299.222,2296.764,2298.402,6707,4551.626883519674,3,NEUTRAL,OVERSOLD,BEARISH,6.68
582,2298.412,2300.1,2296.806,2297.776,8294,4580.09892635907,2,NEUTRAL,OVERSOLD,BEARISH,6.366
583,2297.771,2300.045,2297.758,2298.932,6951,4580.09892635907,2,NEUTRAL,OVERSOLD,BEARISH,6.212
584,2298.935,2301.133,2296.751,2297.526,6790,4580.09892635907,2,OVERSOLD,OVERSOLD,BEARISH,6.161
585,2297.538,2303.386,2296.429,2301.213,4935,4580.09892635907,1,NEUTRAL,OVERSOLD,BULLISH,6.461
586,2301.163,2302.522,2299.949,2302.26,4706,4580.09892635907,1,OVERBOUGHT,OVERSOLD,BULLISH,6.017
587,2302.213,2308.367,2301.964,2307.532,4858,4580.09892635907,1,OVERBOUGHT,NEUTRAL,BULLISH,5.791
588,2307.525,2313.781,2307.255,2312.587,5602,4580.09892635907,1,OVERBOUGHT,NEUTRAL,BULLISH,5.705
589,2312.554,2315.512,2312.231,2315.082,5024,4580.09892635907,1,OVERBOUGHT,OVERBOUGHT,BULLISH,4.651
590,2315.131,2317.891,2313.294,2317.02,5052,4580.09892635907,1,OVERBOUGHT,OVERBOUGHT,BULLISH,4.555
591,2316.975,2325.817,2316.028,2322.833,10367,4580.09892635907,1,OVERBOUGHT,OVERBOUGHT,BULLISH,4.659
592,2322.802,2324.967,2319.474,2323.302,11421,4580.09892635907,1,OVERBOUGHT,OVERBOUGHT,BULLISH,4.78
593,2323.219,2330.936,2322.613,2328.973,10515,4580.09892635907,1,OVERBOUGHT,OVERBOUGHT,BULLISH,5.111
594,2328.999,2330.873,2325.055,2327.436,7264,4580.09892635907,1,OVERBOUGHT,OVERBOUGHT,BULLISH,5.156
595,2327.401,2328.283,2323.915,2325.397,5466,4580.09892635907,1,OVERBOUGHT,OVERBOUGHT,BULLISH,5.292
596,2325.442,2328.039,2324.192,2325.778,5191,4580.09892635907,1,NEUTRAL,OVERBOUGHT,BULLISH,5.332
597,2325.832,2327.669,2322.391,2325.951,7976,4580.09892635907,2,NEUTRAL,OVERBOUGHT,BULLISH,5.545
598,2325.917,2328.523,2325.38,2327.72,6002,4580.09892635907,3,NEUTRAL,OVERBOUGHT,BULLISH,5.457
599,2327.665,2328.265,2319.01,2320.29,10456,4603.549822261381,2,OVERSOLD,OVERBOUGHT,BULLISH,5.621
600,2320.236,2324.176,2319.789,2323.666,4855,4603.549822261381,1,NEUTRAL,OVERBOUGHT,BULLISH,5.751
601,2323.692,2325.02,2319.712,2321.191,7092,4603.549822261381,2,NEUTRAL,NEUTRAL,BULLISH,5.672
602,2321.182,2328.137,2320.9,2327.409,8490,4603.549822261381,2,NEUTRAL,OVERBOUGHT,BULLISH,5.723
603,2327.458,2331.947,2324.791,2328.695,9509,4603.549822261381,2,NEUTRAL,OVERBOUGHT,BULLISH,6.0
604,2328.685,2330.33,2327.221,2330.316,4726,4603.549822261381,1,OVERBOUGHT,OVERBOUGHT,BULLISH,5.894
605,2330.228,2336.765,2329.33,2335.772,4958,4603.549822261381,1,OVERBOUGHT,OVERBOUGHT,BULLISH,5.725
606,2335.817,2339.359,2331.159,2335.496,13726,4603.549822261381,2,OVERBOUGHT,OVERBOUGHT,BULLISH,5.919
607,2335.441,2339.809,2326.598,2330.29,12115,4603.549822261381,1,NEUTRAL,OVERBOUGHT,BULLISH,6.268
608,2330.337,2333.645,2322.837,2326.435,10751,4603.549822261381,1,NEUTRAL,NEUTRAL,BULLISH,6.624
609,2326.481,2330.38,2324.156,2328.592,7102,4603.549822261381,1,NEUTRAL,NEUTRAL,BEARISH,6.757
610,2328.642,2332.516,2327.673,2329.921,5270,4603.549822261381,1,OVERSOLD,NEUTRAL,BEARISH,6.828
611,2330.032,2332.713,2326.384,2326.815,4873,4603.549822261381,1,OVERSOLD,NEUTRAL,BEARISH,6.903
612,2326.869,2328.403,2322.926,2324.973,8513,4603.549822261381,2,OVERSOLD,NEUTRAL,BEARISH,7.07
613,2325.021,2326.827,2322.839,2324.521,5653,4183.922061411091,2,NEUTRAL,NEUTRAL,BEARISH,6.694
614,2324.529,2326.157,2322.102,2324.831,6526,4240.66757937194,2,OVERSOLD,OVERSOLD,BEARISH,6.67
615,2324.761,2328.502,2323.467,2327.837,5122,4240.66757937194,1,NEUTRAL,OVERSOLD,BEARISH,6.651
616,2327.785,2327.785,2324.434,2324.746,7353,4240.66757937194,2,NEUTRAL,OVERSOLD,BEARISH,6.377
617,2324.729,2326.051,2318.438,2321.795,8545,4240.66757937194,2,NEUTRAL,OVERSOLD,BEARISH,6.409
618,2321.746,2328.974,2321.287,2326.447,5468,4240.66757937194,1,NEUTRAL,OVERSOLD,BEARISH,6.736
619,2326.4,2326.932,2323.641,2323.685,4613,4240.66757937194,1,NEUTRAL,OVERSOLD,BEARISH,6.44
620,2323.651,2326.212,2321.838,2325.749,5230,4240.66757937194,1,NEUTRAL,NEUTRAL,BEARISH,6.167
621,2325.75,2329.444,2325.403,2327.392,4682,4240.66757937194,1,NEUTRAL,NEUTRAL,BEARISH,5.512
622,2327.448,2332.641,2327.412,2332.641,4742,4240.66757937194,1,OVERBOUGHT,NEUTRAL,BEARISH,5.115
623,2332.732,2338.25,2332.026,2338.133,5402,4240.66757937194,1,OVERBOUGHT,OVERBOUGHT,BULLISH,5.115
624,2338.163,2338.483,2327.102,2327.427,6939,4240.66757937194,1,NEUTRAL,OVERBOUGHT,BULLISH,5.582
625,2327.462,2334.116,2322.549,2327.029,9817,4240.66757937194,1,NEUTRAL,NEUTRAL,BEARISH,5.956
626,2327.321,2334.272,2319.205,2324.015,12695,4240.66757937194,1,NEUTRAL,NEUTRAL,BEARISH,6.641
627,2324.059,2328.971,2323.006,2327.713,6896,4240.66757937194,1,NEUTRAL,NEUTRAL,BEARISH,6.782
628,2327.707,2331.876,2326.612,2328.097,5580,4240.66757937194,1,OVERSOLD,NEUTRAL,BEARISH,6.869
629,2328.116,2329.868,2326.736,2329.266,4498,4240.66757937194,1,NEUTRAL,NEUTRAL,BEARISH,6.733
630,2329.23,2331.446,2326.977,2330.9,7441,4240.66757937194,2,NEUTRAL,NEUTRAL,BEARISH,6.809
631,2330.973,2332.549,2330.856,2332.222,5647,4240.66757937194,3,OVERBOUGHT,NEUTRAL,BULLISH,6.386
632,2332.216,2334.189,2331.092,2334.009,7435,4281.4611432412785,2,OVERBOUGHT,NEUTRAL,BULLISH,6.058
633,2334.043,2334.299,2325.708,2326.033,7316,4281.4611432412785,2,NEUTRAL,NEUTRAL,BEARISH,6.437
634,2326.036,2330.801,2324.872,2329.855,7154,4281.4611432412785,2,NEUTRAL,NEUTRAL,BEARISH,6.548
635,2329.92,2331.786,2323.261,2330.679,9778,4281.4611432412785,2,NEUTRAL,NEUTRAL,BEARISH,6.868
636,2330.735,2332.452,2328.374,2331.156,4966,4281.4611432412785,1,NEUTRAL,NEUTRAL,BEARISH,6.784
637,2331.183,2331.898,2324.105,2324.923,4760,4281.4611432412785,1,OVERSOLD,NEUTRAL,BEARISH,6.897
638,2324.965,2326.463,2322.834,2324.53,4556,4281.4611432412785,1,NEUTRAL,NEUTRAL,BEARISH,6.343
639,2324.533,2325.642,2319.902,2320.699,4907,4281.4611432412785,1,OVERSOLD,OVERSOLD,BEARISH,5.927
640,2320.727,2328.698,2319.004,2327.389,7769,4281.4611432412785,1,NEUTRAL,NEUTRAL,BEARISH,5.543
641,2327.343,2336.763,2326.089,2334.415,10626,4281.4611432412785,1,NEUTRAL,NEUTRAL,BEARISH,5.879
642,2334.421,2335.739,2322.874,2326.581,13403,4281.4611432412785,1,NEUTRAL,NEUTRAL,BEARISH,6.422
643,2326.565,2330.399,2324.12,2324.711,7050,4281.4611432412785,1,NEUTRAL,NEUTRAL,BEARISH,6.647
644,2324.678,2325.011,2320.921,2322.831,5077,4281.4611432412785,1,NEUTRAL,NEUTRAL,BEARISH,6.62
645,2322.877,2325.213,2322.062,2324.591,4384,4281.4611432412785,1,NEUTRAL,OVERSOLD,BEARISH,6.724
646,2324.545,2331.313,2324.429,2330.76,7123,4281.4611432412785,2,NEUTRAL,NEUTRAL,BEARISH,6.994
647,2330.725,2331.446,2328.616,2330.18,5752,4281.4611432412785,3,NEUTRAL,NEUTRAL,BULLISH,6.583
648,2330.177,2332.132,2328.414,2329.101,7269,4344.659288329411,2,NEUTRAL,NEUTRAL,BULLISH,6.425
649,2329.145,2332.505,2326.782,2331.648,7252,4344.659288329411,2,OVERBOUGHT,NEUTRAL,BULLISH,6.225
650,2331.699,2335.811,2331.699,2333.343,7241,4344.659288329411,2,OVERBOUGHT,NEUTRAL,BULLISH,6.231
651,2333.369,2341.244,2332.867,2340.114,5554,4344.659288329411,1,OVERBOUGHT,OVERBOUGHT,BULLISH,6.273
652,2340.145,2347.201,2338.867,2345.307,6374,4344.659288329411,1,OVERBOUGHT,OVERBOUGHT,BULLISH,6.609
653,2345.317,2347.553,2343.044,2344.583,5527,4344.659288329411,1,OVERBOUGHT,OVERBOUGHT,BULLISH,6.521
654,2344.641,2346.461,2342.115,2346.18,4751,4344.659288329411,1,OVERBOUGHT,OVERBOUGHT,BULLISH,6.139
655,2346.21,2349.485,2344.52,2346.983,5121,4344.659288329411,1,OVERBOUGHT,OVERBOUGHT,BULLISH,5.731
656,2346.949,2346.952,2342.412,2345.398,5183,4344.659288329411,1,OVERBOUGHT,OVERBOUGHT,BULLISH,5.139
657,2345.442,2356.132,2344.871,2350.482,9539,4344.659288329411,1,OVERBOUGHT,OVERBOUGHT,BULLISH,5.494
658,2350.427,2358.734,2347.47,2355.545,11400,4344.659288329411,1,OVERBOUGHT,OVERBOUGHT,BULLISH,6.007
659,2355.578,2364.926,2355.578,2362.367,13432,4344.659288329411,1,OVERBOUGHT,OVERBOUGHT,BULLISH,6.452
660,2362.425,2363.982,2359.96,2363.04,7637,4344.659288329411,1,OVERBOUGHT,OVERBOUGHT,BULLISH,6.247
661,2363.001,2363.151,2355.132,2356.514,5948,4344.659288329411,1,OVERBOUGHT,OVERBOUGHT,BULLISH,6.618
662,2356.455,2360.901,2353.832,2356.814,5206,4344.659288329411,1,NEUTRAL,OVERBOUGHT,BULLISH,6.857
663,2356.775,2357.967,2353.615,2354.28,6066,4344.659288329411,2,NEUTRAL,OVERBOUGHT,BULLISH,6.76
664,2354.302,2359.581,2354.223,2358.699,5181,4344.659288329411,3,NEUTRAL,OVERBOUGHT,BULLISH,6.845
665,2358.721,2362.537,2356.443,2361.937,7554,4216.981419599625,2,NEUTRAL,OVERBOUGHT,BULLISH,6.682
666,2361.915,2362.198,2357.136,2358.103,7500,4216.981419599625,2,NEUTRAL,OVERBOUGHT,BULLISH,6.448
667,2358.102,2359.602,2355.478,2356.862,6449,4216.981419599625,2,NEUTRAL,OVERBOUGHT,BULLISH,6.421
668,2356.876,2357.198,2350.342,2356.261,4978,4216.981419599625,1,NEUTRAL,NEUTRAL,BEARISH,6.6
669,2356.214,2359.592,2353.591,2358.743,8299,4216.981419599625,2,NEUTRAL,NEUTRAL,BEARISH,6.674
670,2358.753,2359.256,2355.665,2358.023,7175,4216.981419599625,2,OVERSOLD,NEUTRAL,BEARISH,6.604
671,2358.022,2360.45,2356.875,2357.756,7382,4216.981419599625,2,NEUTRAL,NEUTRAL,BEARISH,6.055
672,2357.758,2360.043,2357.262,2359.648,4331,4216.981419599625,1,OVERBOUGHT,NEUTRAL,BEARISH,5.449
673,2359.636,2361.872,2358.016,2358.89,4360,4216.981419599625,1,OVERBOUGHT,NEUTRAL,BEARISH,5.054
674,2358.838,2360.711,2355.459,2357.395,5473,4216.981419599625,1,NEUTRAL,NEUTRAL,BEARISH,5.142
675,2357.411,2359.098,2354.211,2357.387,6544,4216.981419599625,3,NEUTRAL,NEUTRAL,BEARISH,4.918
676,2357.406,2358.977,2356.024,2358.805,5171,4321.780808209185,2,NEUTRAL,NEUTRAL,BEARISH,4.624
677,2358.817,2360.227,2356.893,2358.432,4569,4321.780808209185,1,NEUTRAL,NEUTRAL,BEARISH,4.552
678,2358.477,2363.107,2358.092,2360.487,4433,4321.780808209185,1,NEUTRAL,OVERBOUGHT,BEARISH,4.527
679,2360.477,2364.66,2359.538,2363.901,7178,4321.780808209185,2,OVERBOUGHT,OVERBOUGHT,BEARISH,4.458
680,2363.904,2366.295,2362.628,2363.979,8165,4321.780808209185,2,OVERBOUGHT,OVERBOUGHT,BEARISH,4.358
681,2363.953,2367.446,2362.242,2365.224,4820,4321.780808209185,1,OVERBOUGHT,OVERBOUGHT,BEARISH,4.435
682,2365.261,2368.002,2364.561,2366.342,4614,4321.780808209185,1,OVERBOUGHT,OVERBOUGHT,BEARISH,4.191
683,2366.333,2366.819,2361.77,2364.907,8241,4321.780808209185,2,OVERBOUGHT,OVERBOUGHT,BEARISH,4.123
684,2364.938,2366.012,2362.239,2365.755,4587,4321.780808209185,1,NEUTRAL,OVERBOUGHT,BEARISH,4.136
685,2365.736,2376.105,2344.509,2372.064,15871,4321.780808209185,1,OVERBOUGHT,OVERBOUGHT,BULLISH,6.138
686,2372.104,2385.161,2370.622,2383.165,17375,4321.780808209185,1,OVERBOUGHT,OVERBOUGHT,BULLISH,6.978
687,2383.116,2384.377,2374.444,2380.717,12236,4321.780808209185,1,OVERBOUGHT,OVERBOUGHT,BULLISH,7.412
688,2380.748,2388.347,2378.479,2384.639,8372,4321.780808209185,1,OVERBOUGHT,OVERBOUGHT,BULLISH,7.741
689,2384.685,2387.57,2383.902,2386.481,6126,4321.780808209185,1,OVERBOUGHT,OVERBOUGHT,BULLISH,7.654
690,2386.526,2389.895,2384.591,2385.764,5946,4321.780808209185,1,OVERBOUGHT,OVERBOUGHT,BULLISH,7.822
691,2385.737,2392.584,2385.101,2391.031,4943,4321.780808209185,1,OVERBOUGHT,OVERBOUGHT,BULLISH,8.119
692,2391.068,2392.941,2388.069,2388.783,4369,4321.780808209185,1,OVERBOUGHT,OVERBOUGHT,BULLISH,8.108
693,2388.73,2391.626,2384.875,2385.335,5150,3931.504064570215,2,NEUTRAL,OVERBOUGHT,BULLISH,8.225
694,2385.36,2387.798,2384.508,2386.665,6656,4041.567169531782,2,NEUTRAL,OVERBOUGHT,BULLISH,8.198
695,2386.623,2391.09,2384.213,2386.421,6500,4041.567169531782,1,NEUTRAL,OVERBOUGHT,BULLISH,8.317
696,2386.373,2387.154,2381.392,2382.832,4861,4041.567169531782,1,OVERSOLD,OVERBOUGHT,BEARISH,8.483
697,2382.893,2384.127,2380.696,2382.875,4174,4041.567169531782,1,OVERSOLD,OVERBOUGHT,BEARISH,8.368
698,2382.933,2386.769,2381.532,2382.775,7637,4041.567169531782,2,OVERSOLD,OVERBOUGHT,BEARISH,8.472
699,2382.834,2384.167,2376.647,2376.924,5693,4041.567169531782,1,OVERSOLD,NEUTRAL,BEARISH,6.753
700,2376.894,2381.099,2376.599,2377.83,5201,4041.567169531782,1,OVERSOLD,NEUTRAL,BEARISH,6.035
701,2377.824,2378.825,2371.934,2372.753,5418,4041.567169531782,1,OVERSOLD,OVERSOLD,BEARISH,5.818
702,2372.721,2373.765,2368.26,2370.174,5230,4041.567169531782,1,OVERSOLD,OVERSOLD,BEARISH,5.506
703,2370.116,2374.269,2369.655,2374.016,4468,4041.567169531782,1,OVERSOLD,OVERSOLD,BEARISH,5.574
704,2374.074,2375.636,2372.374,2375.284,4346,4041.567169531782,1,NEUTRAL,OVERSOLD,BEARISH,5.428
705,2375.236,2377.481,2370.256,2372.749,6779,4041.567169531782,1,NEUTRAL,OVERSOLD,BEARISH,5.41
706,2372.703,2377.07,2370.252,2375.436,10052,4041.567169531782,1,NEUTRAL,OVERSOLD,BEARISH,5.549
707,2375.406,2379.503,2373.149,2373.255,8482,4041.567169531782,1,NEUTRAL,OVERSOLD,BEARISH,5.52
708,2373.212,2374.989,2350.975,2355.459,12882,4041.567169531782,1,OVERSOLD,OVERSOLD,BEARISH,7.001
709,2355.409,2358.771,2350.997,2358.613,7804,4041.567169531782,1,OVERSOLD,OVERSOLD,BEARISH,7.065
710,2358.643,2359.717,2355.554,2357.159,5464,4041.567169531782,1,OVERSOLD,OVERSOLD,BEARISH,6.951
711,2357.112,2359.839,2354.836,2359.173,7670,4041.567169531782,2,OVERSOLD,OVERSOLD,BEARISH,7.063
712,2359.211,2362.0,2357.986,2361.711,5651,4041.567169531782,3,OVERSOLD,OVERSOLD,BEARISH,6.976
713,2361.74,2365.281,2360.772,2363.416,8645,4140.072677195422,2,OVERBOUGHT,NEUTRAL,BEARISH,6.76
714,2363.38,2366.714,2360.454,2364.025,4987,4140.072677195422,1,OVERBOUGHT,NEUTRAL,BEARISH,6.886
715,2364.03,2368.777,2363.341,2367.371,7773,4140.072677195422,2,OVERBOUGHT,NEUTRAL,BEARISH,6.782
716,2367.312,2368.29,2364.086,2364.6,4267,4140.072677195422,1,OVERBOUGHT,NEUTRAL,BEARISH,6.689
717,2364.648,2365.477,2362.68,2364.067,4534,4140.072677195422,1,NEUTRAL,NEUTRAL,BEARISH,6.56
718,2364.046,2364.522,2358.255,2358.933,4651,4140.072677195422,1,NEUTRAL,NEUTRAL,BEARISH,6.774
719,2358.98,2361.93,2358.211,2361.602,4310,4140.072677195422,1,NEUTRAL,NEUTRAL,BEARISH,6.524
720,2361.631,2365.352,2361.514,2364.245,4475,4140.072677195422,1,NEUTRAL,NEUTRAL,BEARISH,6.311
721,2364.284,2365.636,2357.485,2360.583,8893,4140.072677195422,2,NEUTRAL,NEUTRAL,BEARISH,6.439
722,2360.632,2361.326,2356.061,2360.125,5956,4140.072677195422,1,NEUTRAL,NEUTRAL,BEARISH,5.1
723,2360.087,2368.455,2359.487,2367.713,11519,4140.072677195422,1,OVERBOUGHT,NEUTRAL,BULLISH,5.185
724,2367.668,2371.583,2354.048,2354.885,15546,4140.072677195422,1,NEUTRAL,NEUTRAL,BEARISH,6.14
725,2354.936,2362.218,2349.345,2361.993,10896,4140.072677195422,1,NEUTRAL,NEUTRAL,BEARISH,6.703
726,2361.976,2363.114,2356.511,2357.492,6787,4140.072677195422,1,NEUTRAL,NEUTRAL,BEARISH,6.887
727,2357.495,2362.471,2357.464,2361.915,5654,4140.072677195422,1,NEUTRAL,NEUTRAL,BULLISH,6.923
728,2361.863,2365.585,2361.079,2363.497,7621,4140.072677195422,2,NEUTRAL,NEUTRAL,BULLISH,6.798
729,2363.538,2366.044,2363.28,2364.965,5307,4140.072677195422,3,OVERBOUGHT,NEUTRAL,BULLISH,6.607
730,2364.944,2369.898,2363.302,2368.23,8634,4150.772104764113,2,OVERBOUGHT,OVERBOUGHT,BULLISH,6.778
731,2368.274,2370.292,2366.884,2369.282,4183,4150.772104764113,1,OVERBOUGHT,OVERBOUGHT,BULLISH,6.821
732,2369.271,2369.767,2366.452,2367.734,6643,4150.772104764113,2,OVERBOUGHT,OVERBOUGHT,BULLISH,6.611
733,2367.74,2372.783,2367.12,2371.883,8195,4150.772104764113,2,OVERBOUGHT,OVERBOUGHT,BULLISH,6.749
734,2371.936,2374.928,2371.406,2372.604,4292,4150.772104764113,1,OVERBOUGHT,OVERBOUGHT,BULLISH,6.727
735,2372.569,2374.225,2371.435,2371.897,7889,4150.772104764113,2,OVERBOUGHT,OVERBOUGHT,BULLISH,6.344
736,2371.897,2378.36,2371.724,2378.356,7855,4150.772104764113,2,OVERBOUGHT,OVERBOUGHT,BULLISH,6.442
737,2378.386,2381.782,2377.194,2377.768,5843,4150.772104764113,1,OVERBOUGHT,OVERBOUGHT,BULLISH,6.129
738,2377.714,2386.67,2376.233,2383.18,9213,4150.772104764113,1,OVERBOUGHT,OVERBOUGHT,BULLISH,5.622
739,2383.246,2385.094,2373.88,2374.9,9196,4150.772104764113,1,NEUTRAL,OVERBOUGHT,BULLISH,5.503
740,2374.87,2380.713,2374.005,2378.76,6624,4150.772104764113,1,NEUTRAL,OVERBOUGHT,BULLISH,5.511
741,2378.792,2381.331,2376.612,2377.889,4840,4150.772104764113,1,NEUTRAL,NEUTRAL,BULLISH,5.49
742,2377.874,2378.523,2370.466,2372.944,5838,4150.772104764113,1,NEUTRAL,NEUTRAL,BULLISH,5.744
743,2372.891,2373.565,2369.836,2371.766,7527,4150.772104764113,2,OVERSOLD,NEUTRAL,BULLISH,5.813
744,2371.756,2372.911,2370.863,2372.852,5286,4150.772104764113,3,NEUTRAL,NEUTRAL,BEARISH,5.488
745,2372.834,2376.294,2371.403,2375.848,7564,4379.5993646278475,2,NEUTRAL,NEUTRAL,BEARISH,5.594
746,2375.849,2380.222,2374.351,2378.744,7949,4379.5993646278475,2,NEUTRAL,NEUTRAL,BULLISH,5.777
747,2378.775,2383.013,2378.638,2382.523,7069,4379.5993646278475,2,OVERBOUGHT,NEUTRAL,BULLISH,5.685
748,2382.477,2383.197,2378.464,2381.725,4768,4379.5993646278475,1,OVERBOUGHT,NEUTRAL,BULLISH,5.771
749,2381.674,2381.969,2378.8,2379.887,4537,4379.5993646278475,1,OVERBOUGHT,NEUTRAL,BULLISH,5.798
750,2379.924,2384.1,2379.541,2381.328,4978,4379.5993646278475,1,OVERBOUGHT,NEUTRAL,BULLISH,5.65
751,2381.287,2384.526,2380.375,2382.142,7955,4379.5993646278475,2,NEUTRAL,NEUTRAL,BULLISH,5.619
752,2382.107,2383.369,2379.001,2380.795,4408,4379.5993646278475,1,NEUTRAL,OVERBOUGHT,BULLISH,5.185
753,2380.751,2409.781,2378.109,2406.309,19933,4379.5993646278475,1,OVERBOUGHT,OVERBOUGHT,BULLISH,6.646
754,2406.261,2413.032,2395.803,2406.613,26826,4379.5993646278475,1,OVERBOUGHT,OVERBOUGHT,BULLISH,7.398
755,2406.675,2417.863,2404.321,2417.62,15436,4379.5993646278475,1,OVERBOUGHT,OVERBOUGHT,BULLISH,8.028
756,2417.673,2424.538,2412.45,2417.353,12313,4379.5993646278475,1,OVERBOUGHT,OVERBOUGHT,BULLISH,8.316
757,2417.303,2419.246,2411.568,2411.649,7745,4379.5993646278475,1,OVERBOUGHT,OVERBOUGHT,BULLISH,8.598
758,2411.623,2416.634,2410.004,2413.621,7050,4379.5993646278475,1,NEUTRAL,OVERBOUGHT,BULLISH,8.925
759,2413.602,2416.594,2412.919,2416.378,4615,4379.5993646278475,1,OVERBOUGHT,OVERBOUGHT,BULLISH,8.839
760,2416.335,2418.666,2414.046,2414.078,4463,4379.5993646278475,1,NEUTRAL,OVERBOUGHT,BULLISH,8.749
761,2414.137,2415.092,2411.098,2413.968,5335,4379.5993646278475,2,NEUTRAL,OVERBOUGHT,BULLISH,8.722
762,2413.914,2416.252,2410.997,2411.959,9249,4446.363710853767,2,NEUTRAL,OVERBOUGHT,BULLISH,8.759
763,2411.948,2414.229,2407.043,2407.937,5891,4446.363710853767,1,OVERSOLD,OVERBOUGHT,BULLISH,9.046
764,2407.977,2410.916,2406.649,2409.576,4769,4446.363710853767,1,OVERSOLD,NEUTRAL,BEARISH,9.025
765,2409.526,2410.188,2408.127,2408.62,6400,4446.363710853767,2,OVERSOLD,NEUTRAL,BEARISH,8.876
766,2408.658,2410.07,2405.385,2408.016,4651,4446.363710853767,1,OVERSOLD,NEUTRAL,BEARISH,8.899
767,2407.969,2408.248,2402.154,2404.105,5770,4446.363710853767,1,OVERSOLD,NEUTRAL,BEARISH,7.072
768,2404.064,2405.51,2400.286,2404.174,5576,4446.363710853767,1,OVERSOLD,NEUTRAL,BEARISH,6.214
769,2404.1,2408.127,2403.694,2407.315,5235,4446.363710853767,1,NEUTRAL,OVERSOLD,BEARISH,5.564
770,2407.369,2408.311,2403.07,2404.907,4475,4446.363710853767,1,NEUTRAL,OVERSOLD,BEARISH,5.075
771,2404.858,2405.482,2399.764,2400.18,4620,4446.363710853767,1,OVERSOLD,OVERSOLD,BEARISH,4.935
772,2400.23,2402.667,2398.285,2401.711,4713,4446.363710853767,1,NEUTRAL,OVERSOLD,BEARISH,4.774
773,2401.766,2404.262,2391.364,2397.86,13958,4446.363710853767,1,OVERSOLD,OVERSOLD,BEARISH,5.433
774,2397.915,2405.672,2396.773,2403.677,14195,4446.363710853767,1,NEUTRAL,NEUTRAL,BEARISH,5.738
775,2403.71,2410.903,2403.71,2408.863,10885,4446.363710853767,1,NEUTRAL,NEUTRAL,BEARISH,5.969
776,2408.865,2413.684,2408.007,2411.715,6785,4446.363710853767,1,OVERBOUGHT,NEUTRAL,BEARISH,5.999
777,2411.752,2416.912,2411.695,2415.903,5126,4446.363710853767,1,OVERBOUGHT,OVERBOUGHT,BEARISH,5.859
778,2415.894,2418.233,2413.864,2414.137,7902,4446.363710853767,2,OVERBOUGHT,OVERBOUGHT,BEARISH,5.866
779,2414.149,2414.746,2411.262,2411.399,6074,4446.363710853767,2,OVERBOUGHT,OVERBOUGHT,BEARISH,5.968
780,2411.336,2412.245,2405.666,2408.653,6528,4048.8052622010277,2,NEUTRAL,OVERBOUGHT,BEARISH,6.103
781,2408.657,2410.332,2404.889,2410.007,9255,4186.5579356421995,2,NEUTRAL,NEUTRAL,BEARISH,6.056
782,2410.051,2410.889,2408.155,2409.155,4527,4186.5579356421995,1,OVERSOLD,NEUTRAL,BEARISH,5.879
783,2409.152,2413.354,2408.636,2411.48,5990,4186.5579356421995,2,NEUTRAL,OVERBOUGHT,BEARISH,5.899
784,2411.464,2413.973,2407.922,2408.113,4280,4186.5579356421995,1,NEUTRAL,NEUTRAL,BEARISH,5.957
785,2408.14,2408.281,2401.969,2403.198,5769,4186.5579356421995,1,OVERSOLD,NEUTRAL,BEARISH,5.999
786,2403.127,2407.925,2401.306,2407.881,5994,4186.5579356421995,1,NEUTRAL,NEUTRAL,BEARISH,6.159
787,2407.897,2412.056,2406.876,2411.992,4847,4186.5579356421995,1,NEUTRAL,NEUTRAL,BEARISH,5.608
788,2411.978,2412.562,2407.692,2410.7,4898,4186.5579356421995,1,NEUTRAL,NEUTRAL,BEARISH,5.32
789,2410.692,2415.793,2410.692,2414.761,4870,4186.5579356421995,1,NEUTRAL,NEUTRAL,BEARISH,5.168
790,2414.751,2420.325,2414.494,2418.231,6198,4186.5579356421995,1,OVERBOUGHT,OVERBOUGHT,BULLISH,5.179
791,2418.237,2420.848,2413.428,2414.773,7855,4186.5579356421995,1,OVERBOUGHT,OVERBOUGHT,BULLISH,5.336
792,2414.762,2419.273,2411.497,2419.1,9723,4186.5579356421995,1,OVERBOUGHT,OVERBOUGHT,BULLISH,5.58
793,2419.033,2431.989,2418.091,2431.555,10159,4186.5579356421995,1,OVERBOUGHT,OVERBOUGHT,BULLISH,6.324
794,2431.504,2437.45,2431.407,2433.281,10524,4186.5579356421995,1,OVERBOUGHT,OVERBOUGHT,BULLISH,6.285
795,2433.259,2439.771,2429.528,2430.135,10656,4186.5579356421995,1,OVERBOUGHT,OVERBOUGHT,BULLISH,6.628
796,2430.164,2430.216,2420.423,2421.585,9498,4186.5579356421995,1,NEUTRAL,OVERBOUGHT,BULLISH,7.133
797,2421.613,2424.797,2419.723,2422.421,5570,4186.5579356421995,1,NEUTRAL,NEUTRAL,BULLISH,7.158
798,2422.391,2423.251,2420.209,2421.089,5131,4186.5579356421995,1,OVERSOLD,NEUTRAL,BULLISH,6.943
799,2421.146,2422.729,2420.587,2422.494,6141,4186.5579356421995,3,OVERSOLD,NEUTRAL,BULLISH,6.645
800,2422.483,2427.692,2419.914,2427.219,9882,4374.41749732707,2,NEUTRAL,NEUTRAL,BULLISH,6.728
801,2427.226,2430.255,2426.048,2430.133,5277,4374.41749732707,1,OVERBOUGHT,NEUTRAL,BULLISH,6.658
802,2430.087,2431.435,2425.023,2429.352,8055,4374.41749732707,2,OVERBOUGHT,NEUTRAL,BULLISH,6.769
803,2429.283,2432.798,2428.123,2431.87,5292,4374.41749732707,1,OVERBOUGHT,NEUTRAL,BULLISH,6.738
804,2431.89,2433.837,2428.066,2433.837,5884,4374.41749732707,1,OVERBOUGHT,OVERBOUGHT,BULLISH,6.734
805,2433.936,2439.339,2432.524,2436.968,6321,4374.41749732707,1,OVERBOUGHT,OVERBOUGHT,BULLISH,6.691
806,2436.951,2438.584,2433.604,2436.517,6132,4374.41749732707,1,OVERBOUGHT,OVERBOUGHT,BULLISH,6.491
807,2436.545,2443.409,2435.048,2442.381,6118,4374.41749732707,1,OVERBOUGHT,OVERBOUGHT,BULLISH,6.095
808,2442.426,2443.418,2439.637,2440.09,5162,4374.41749732707,1,OVERBOUGHT,OVERBOUGHT,BULLISH,5.934
809,2440.139,2442.474,2438.092,2439.521,5654,4374.41749732707,1,OVERBOUGHT,OVERBOUGHT,BULLISH,5.515
810,2439.494,2443.988,2429.334,2432.564,13826,4374.41749732707,1,NEUTRAL,OVERBOUGHT,BULLISH,5.862
811,2432.533,2448.002,2430.95,2442.766,14133,4374.41749732707,1,NEUTRAL,OVERBOUGHT,BULLISH,6.718
812,2442.77,2454.031,2440.535,2452.025,11155,4374.41749732707,1,NEUTRAL,OVERBOUGHT,BULLISH,7.465
813,2451.987,2465.283,2451.857,2463.131,11575,4374.41749732707,1,OVERBOUGHT,OVERBOUGHT,BULLISH,8.271
814,2463.221,2463.704,2457.833,2459.165,8224,4374.41749732707,1,OVERBOUGHT,OVERBOUGHT,BULLISH,8.135
815,2459.157,2466.406,2458.657,2464.631,6094,4374.41749732707,1,OVERBOUGHT,OVERBOUGHT,BULLISH,8.388
816,2464.593,2466.599,2462.423,2465.339,5196,4374.41749732707,1,OVERBOUGHT,OVERBOUGHT,BULLISH,8.228
817,2465.376,2468.7,2463.2,2468.483,4598,4374.41749732707,1,OVERBOUGHT,OVERBOUGHT,BULLISH,8.287
818,2468.537,2469.967,2466.245,2468.969,6334,4374.41749732707,2,OVERBOUGHT,OVERBOUGHT,BULLISH,8.14
819,2468.973,2473.33,2466.104,2468.773,8496,4672.885672184809,2,OVERBOUGHT,OVERBOUGHT,BULLISH,8.17
820,2468.747,2481.241,2468.542,2479.403,11286,4672.885672184809,1,OVERBOUGHT,OVERBOUGHT,BULLISH,8.721
821,2479.453,2482.365,2469.586,2474.502,7760,4672.885672184809,1,OVERBOUGHT,OVERBOUGHT,BULLISH,9.037
822,2474.474,2474.519,2463.91,2471.702,7166,4672.885672184809,1,NEUTRAL,OVERBOUGHT,BULLISH,9.524
823,2471.677,2472.744,2465.385,2465.415,10676,4672.885672184809,2,NEUTRAL,OVERBOUGHT,BULLISH,9.737
824,2465.398,2467.513,2461.787,2466.453,7951,4672.885672184809,1,NEUTRAL,OVERBOUGHT,BEARISH,9.099
825,2466.484,2474.324,2464.139,2474.104,7996,4672.885672184809,1,NEUTRAL,OVERBOUGHT,BEARISH,8.609
826,2474.066,2478.844,2471.519,2474.972,8550,4672.885672184809,1,NEUTRAL,OVERBOUGHT,BEARISH,8.168
827,2474.945,2475.486,2469.726,2475.023,6744,4672.885672184809,1,NEUTRAL,OVERBOUGHT,BEARISH,7.62
828,2475.051,2476.357,2466.656,2467.829,6353,4672.885672184809,1,NEUTRAL,NEUTRAL,BEARISH,7.894
829,2467.793,2473.209,2467.203,2470.029,6868,4672.885672184809,1,NEUTRAL,NEUTRAL,BEARISH,7.77
830,2470.059,2475.361,2468.715,2473.379,8285,4672.885672184809,1,NEUTRAL,NEUTRAL,BEARISH,7.946
831,2473.341,2483.443,2471.151,2482.962,15475,4672.885672184809,1,NEUTRAL,NEUTRAL,BEARISH,8.431
832,2482.911,2483.739,2461.055,2463.738,19700,4672.885672184809,1,NEUTRAL,NEUTRAL,BEARISH,9.786
833,2463.71,2465.965,2458.014,2463.374,14281,4672.885672184809,1,NEUTRAL,NEUTRAL,BEARISH,9.837
834,2463.422,2465.106,2452.839,2455.646,9275,4672.885672184809,1,NEUTRAL,OVERSOLD,BEARISH,9.806
835,2455.667,2459.27,2451.856,2452.566,7337,4672.885672184809,1,OVERSOLD,OVERSOLD,BEARISH,9.423
836,2452.592,2458.113,2451.407,2457.905,5257,4672.885672184809,1,OVERSOLD,OVERSOLD,BEARISH,9.144
837,2457.936,2460.422,2457.015,2457.986,4970,4672.885672184809,1,NEUTRAL,OVERSOLD,BEARISH,8.862
838,2458.023,2459.541,2457.212,2459.256,5019,4672.885672184809,2,NEUTRAL,OVERSOLD,BEARISH,8.62
839,2459.192,2461.849,2457.29,2458.851,7953,4803.995766897367,2,NEUTRAL,OVERSOLD,BEARISH,8.218
840,2458.803,2464.176,2457.576,2462.401,6709,4803.995766897367,1,OVERBOUGHT,OVERSOLD,BEARISH,8.166
841,2462.428,2465.971,2460.304,2465.532,5149,4803.995766897367,1,OVERBOUGHT,NEUTRAL,BEARISH,8.159
842,2465.494,2468.874,2465.224,2468.011,5371,4803.995766897367,1,OVERBOUGHT,NEUTRAL,BEARISH,7.727
843,2468.0,2469.927,2464.887,2466.949,10493,4803.995766897367,2,OVERBOUGHT,NEUTRAL,BEARISH,7.658
844,2466.988,2472.172,2464.551,2471.411,6810,4803.995766897367,1,OVERBOUGHT,NEUTRAL,BEARISH,7.728
845,2471.446,2474.966,2470.754,2471.93,6088,4803.995766897367,1,OVERBOUGHT,NEUTRAL,BULLISH,7.15
846,2471.959,2473.694,2465.567,2465.986,6067,4803.995766897367,1,NEUTRAL,NEUTRAL,BEARISH,6.111
847,2465.991,2467.688,2464.544,2465.651,5696,4803.995766897367,1,NEUTRAL,NEUTRAL,BEARISH,5.767
848,2465.608,2466.38,2461.488,2464.18,6038,4803.995766897367,1,NEUTRAL,NEUTRAL,BEARISH,5.241
849,2464.149,2466.291,2462.057,2464.461,5212,4803.995766897367,1,OVERSOLD,NEUTRAL,BEARISH,5.013
850,2464.503,2468.765,2462.605,2464.043,9788,4803.995766897367,1,OVERSOLD,NEUTRAL,BEARISH,4.974
851,2464.071,2466.177,2457.522,2464.971,12939,4803.995766897367,1,NEUTRAL,NEUTRAL,BEARISH,5.349
852,2464.866,2469.919,2460.061,2468.397,10229,4803.995766897367,1,OVERBOUGHT,NEUTRAL,BEARISH,5.887
853,2468.508,2469.098,2461.137,2461.291,8837,4803.995766897367,1,NEUTRAL,NEUTRAL,BEARISH,6.13
854,2461.323,2462.032,2455.74,2456.227,7281,4803.995766897367,1,OVERSOLD,OVERSOLD,BEARISH,6.108
855,2456.209,2457.574,2451.74,2456.278,7179,4803.995766897367,1,OVERSOLD,OVERSOLD,BEARISH,6.12
856,2456.3,2456.453,2450.798,2451.484,5064,4803.995766897367,1,OVERSOLD,OVERSOLD,BEARISH,6.263
857,2451.496,2451.813,2440.226,2442.916,8095,4803.995766897367,1,OVERSOLD,OVERSOLD,BEARISH,6.731
858,2442.965,2445.563,2441.223,2444.423,5634,4803.995766897367,2,OVERSOLD,OVERSOLD,BEARISH,6.497
859,2444.42,2445.194,2426.085,2434.301,12850,5031.0834716373,2,OVERSOLD,OVERSOLD,BEARISH,7.561
860,2434.415,2434.632,2420.417,2426.191,13784,5031.0834716373,1,OVERSOLD,OVERSOLD,BEARISH,7.995
861,2426.158,2428.695,2422.592,2428.256,7456,5031.0834716373,1,OVERSOLD,OVERSOLD,BEARISH,8.207
862,2428.258,2429.468,2425.0,2428.7,5297,5031.0834716373,1,OVERSOLD,OVERSOLD,BEARISH,8.177
863,2428.697,2429.321,2421.091,2423.371,10472,5031.0834716373,2,OVERSOLD,OVERSOLD,BEARISH,8.462
864,2423.352,2424.051,2414.3,2419.943,11289,5031.0834716373,1,OVERSOLD,OVERSOLD,BEARISH,8.718
865,2419.98,2422.171,2412.803,2418.127,7882,5031.0834716373,1,OVERSOLD,OVERSOLD,BEARISH,8.769
866,2418.139,2421.641,2416.307,2420.384,7324,5031.0834716373,1,OVERSOLD,OVERSOLD,BEARISH,8.446
867,2420.434,2421.183,2414.771,2416.122,6114,5031.0834716373,1,OVERSOLD,OVERSOLD,BEARISH,8.336
868,2416.183,2416.372,2410.559,2412.46,6492,5031.0834716373,1,OVERSOLD,OVERSOLD,BEARISH,8.301
869,2412.504,2414.329,2408.411,2410.053,7008,5031.0834716373,1,OVERSOLD,OVERSOLD,BEARISH,8.307
870,2410.059,2410.228,2401.47,2403.745,10983,5031.0834716373,1,OVERSOLD,OVERSOLD,BEARISH,8.529
871,2403.7,2406.724,2393.756,2403.792,20116,5031.0834716373,1,OVERSOLD,OVERSOLD,BEARISH,8.628
872,2403.82,2404.717,2395.971,2397.983,13167,5031.0834716373,1,OVERSOLD,OVERSOLD,BEARISH,8.942
873,2397.935,2408.45,2397.704,2405.378,9421,5031.0834716373,1,NEUTRAL,OVERSOLD,BEARISH,8.345
874,2405.445,2405.968,2399.312,2399.667,5897,5031.0834716373,1,OVERSOLD,OVERSOLD,BEARISH,7.805
875,2399.666,2400.761,2395.64,2399.218,6865,5031.0834716373,1,NEUTRAL,OVERSOLD,BEARISH,7.735
876,2399.214,2400.249,2397.036,2398.742,9205,5031.0834716373,2,NEUTRAL,OVERSOLD,BEARISH,7.645
877,2398.773,2411.696,2397.783,2411.319,6504,4580.829490211526,2,OVERBOUGHT,OVERSOLD,BULLISH,8.051
878,2411.272,2411.931,2406.839,2407.882,8714,4705.718745112016,2,NEUTRAL,NEUTRAL,BULLISH,7.718
879,2407.832,2412.157,2405.746,2406.398,7765,4705.718745112016,1,NEUTRAL,NEUTRAL,BULLISH,7.507
880,2406.371,2408.167,2403.233,2406.513,6082,4705.718745112016,1,OVERBOUGHT,NEUTRAL,BULLISH,7.479
881,2406.522,2409.534,2403.153,2405.508,8570,4705.718745112016,2,NEUTRAL,NEUTRAL,BULLISH,7.476
882,2405.527,2407.353,2402.867,2402.943,5611,4705.718745112016,1,OVERSOLD,NEUTRAL,BULLISH,7.382
883,2402.91,2405.217,2398.881,2402.526,8867,4705.718745112016,1,OVERSOLD,NEUTRAL,BULLISH,7.412
884,2402.553,2404.525,2399.702,2402.507,6607,4705.718745112016,1,OVERSOLD,NEUTRAL,BULLISH,7.13
885,2402.501,2404.676,2399.796,2400.757,5387,4705.718745112016,1,OVERSOLD,NEUTRAL,BULLISH,6.553
886,2400.746,2405.735,2399.802,2404.399,5774,4705.718745112016,1,NEUTRAL,NEUTRAL,BULLISH,6.352
887,2404.448,2408.421,2403.606,2406.871,5100,4705.718745112016,1,OVERBOUGHT,NEUTRAL,BULLISH,5.928
888,2406.913,2407.583,2397.953,2398.056,5923,4705.718745112016,1,NEUTRAL,NEUTRAL,BULLISH,6.141
889,2398.043,2399.603,2388.755,2394.218,11805,4705.718745112016,1,OVERSOLD,NEUTRAL,BULLISH,6.55
890,2394.248,2400.171,2391.436,2392.687,13109,4705.718745112016,1,NEUTRAL,OVERSOLD,BULLISH,6.944
891,2392.659,2394.804,2383.797,2387.279,12473,4705.718745112016,1,OVERSOLD,OVERSOLD,BULLISH,6.736
892,2387.237,2390.528,2384.177,2386.312,8037,4705.718745112016,1,OVERSOLD,OVERSOLD,BEARISH,6.826
893,2386.304,2393.303,2386.085,2392.98,5984,4705.718745112016,1,NEUTRAL,OVERSOLD,BULLISH,6.884
894,2393.017,2396.393,2391.758,2393.95,5337,4705.718745112016,1,NEUTRAL,OVERSOLD,BULLISH,6.863
895,2393.991,2400.06,2392.462,2399.0,7978,4705.718745112016,2,NEUTRAL,NEUTRAL,BULLISH,6.95
896,2398.954,2399.486,2394.705,2395.783,6185,4705.718745112016,3,OVERBOUGHT,NEUTRAL,BULLISH,6.971
897,2395.75,2403.981,2395.465,2401.094,11222,4772.447912244204,2,OVERBOUGHT,NEUTRAL,BULLISH,7.126
898,2401.046,2402.427,2397.478,2399.643,5271,4772.447912244204,1,OVERBOUGHT,NEUTRAL,BULLISH,7.135
899,2399.593,2400.775,2396.2,2398.36,5101,4772.447912244204,1,NEUTRAL,NEUTRAL,BULLISH,7.114
900,2398.305,2399.643,2390.736,2392.621,9436,4772.447912244204,2,NEUTRAL,NEUTRAL,BULLISH,7.326
901,2392.562,2393.732,2388.225,2390.33,7404,4772.447912244204,1,NEUTRAL,NEUTRAL,BULLISH,7.376
902,2390.383,2399.192,2389.971,2397.787,7411,4772.447912244204,1,NEUTRAL,NEUTRAL,BULLISH,7.346
903,2397.823,2407.109,2396.276,2404.075,6793,4772.447912244204,1,NEUTRAL,NEUTRAL,BULLISH,7.345
904,2404.042,2408.096,2403.163,2406.825,6240,4772.447912244204,1,NEUTRAL,OVERBOUGHT,BULLISH,7.074
905,2406.795,2408.291,2405.577,2407.644,5235,4772.447912244204,1,OVERBOUGHT,OVERBOUGHT,BULLISH,6.481
906,2407.604,2412.001,2405.943,2407.614,6064,4772.447912244204,1,OVERBOUGHT,OVERBOUGHT,BULLISH,6.46
907,2407.574,2409.281,2403.654,2405.453,7664,4772.447912244204,1,OVERBOUGHT,OVERBOUGHT,BULLISH,6.347
908,2405.415,2407.686,2399.515,2401.945,10535,4772.447912244204,1,NEUTRAL,OVERBOUGHT,BULLISH,6.599
909,2402.053,2407.394,2399.57,2402.884,9368,4772.447912244204,1,OVERSOLD,NEUTRAL,BULLISH,6.615
910,2402.833,2407.193,2402.05,2405.437,6268,4772.447912244204,1,NEUTRAL,NEUTRAL,BULLISH,6.641
911,2405.489,2406.757,2402.935,2405.302,5045,4772.447912244204,1,NEUTRAL,NEUTRAL,BULLISH,6.306
912,2405.265,2408.198,2402.626,2404.921,5498,4772.447912244204,1,NEUTRAL,OVERBOUGHT,BULLISH,6.351
913,2404.87,2408.977,2403.792,2407.545,8139,4772.447912244204,2,OVERBOUGHT,OVERBOUGHT,BULLISH,6.394
914,2407.504,2410.013,2405.305,2409.313,4835,4772.447912244204,2,OVERBOUGHT,OVERBOUGHT,BULLISH,6.094
915,2409.301,2410.248,2407.817,2408.31,5596,4919.290174570154,2,OVERBOUGHT,OVERBOUGHT,BULLISH,5.874
916,2408.323,2412.203,2404.866,2408.16,7406,4919.290174570154,1,OVERBOUGHT,OVERBOUGHT,BULLISH,5.74
917,2408.121,2415.884,2407.128,2414.119,7359,4919.290174570154,1,OVERBOUGHT,OVERBOUGHT,BULLISH,5.591
918,2414.147,2418.363,2413.602,2416.406,5550,4919.290174570154,1,OVERBOUGHT,OVERBOUGHT,BULLISH,5.579
919,2416.421,2417.963,2414.748,2417.795,4924,4919.290174570154,1,OVERBOUGHT,OVERBOUGHT,BULLISH,5.615
920,2417.797,2417.926,2412.978,2416.099,5408,4919.290174570154,1,OVERBOUGHT,OVERBOUGHT,BULLISH,5.536
921,2416.045,2419.206,2414.183,2417.498,6607,4919.290174570154,1,OVERBOUGHT,OVERBOUGHT,BULLISH,5.493
922,2417.45,2417.83,2411.621,2414.574,5932,4919.290174570154,1,NEUTRAL,OVERBOUGHT,BULLISH,5.352
923,2414.532,2415.116,2409.753,2413.447,10262,4919.290174570154,2,NEUTRAL,OVERBOUGHT,BULLISH,5.177
924,2413.491,2416.433,2412.122,2413.622,5037,4919.290174570154,1,OVERSOLD,NEUTRAL,BULLISH,5.117
925,2413.557,2417.782,2410.532,2417.432,5324,4919.290174570154,1,NEUTRAL,OVERBOUGHT,BULLISH,5.362
926,2417.469,2422.007,2416.187,2421.426,7657,4919.290174570154,1,NEUTRAL,OVERBOUGHT,BULLISH,5.38
927,2421.388,2426.729,2413.605,2421.733,13498,4919.290174570154,1,OVERBOUGHT,OVERBOUGHT,BULLISH,5.947
928,2421.728,2431.954,2419.161,2430.419,14363,4919.290174570154,1,OVERBOUGHT,OVERBOUGHT,BULLISH,6.524
929,2430.453,2431.355,2422.272,2424.757,8719,4919.290174570154,1,OVERBOUGHT,OVERBOUGHT,BULLISH,6.999
930,2424.793,2424.918,2418.508,2419.09,6396,4919.290174570154,1,NEUTRAL,OVERBOUGHT,BULLISH,6.933
931,2419.066,2419.618,2408.042,2409.181,7102,4919.290174570154,1,OVERSOLD,NEUTRAL,BEARISH,7.135
932,2409.126,2409.47,2405.567,2408.182,7151,4919.290174570154,1,OVERSOLD,OVERSOLD,BEARISH,7.073
933,2408.149,2408.7,2398.28,2398.358,6453,4919.290174570154,1,OVERSOLD,OVERSOLD,BEARISH,7.588
934,2398.468,2400.491,2393.033,2397.859,9202,4919.290174570154,2,OVERSOLD,OVERSOLD,BEARISH,7.767
935,2397.903,2401.193,2395.989,2397.104,9843,5323.2228563571225,2,OVERSOLD,OVERSOLD,BEARISH,7.78
936,2397.062,2399.985,2370.423,2376.35,22597,5323.2228563571225,1,OVERSOLD,OVERSOLD,BEARISH,9.448
937,2376.339,2380.673,2369.86,2372.58,14294,5323.2228563571225,1,OVERSOLD,OVERSOLD,BEARISH,9.838
938,2372.508,2375.567,2366.774,2374.755,9321,5323.2228563571225,1,OVERSOLD,OVERSOLD,BEARISH,10.158
939,2374.704,2378.038,2373.111,2377.547,5693,5323.2228563571225,1,OVERSOLD,OVERSOLD,BEARISH,9.992
940,2377.564,2377.838,2369.022,2376.255,7435,5323.2228563571225,1,OVERSOLD,OVERSOLD,BEARISH,10.206
941,2376.298,2378.733,2369.868,2371.995,8518,5323.2228563571225,1,NEUTRAL,OVERSOLD,BEARISH,9.902
942,2372.036,2377.454,2365.752,2374.02,8672,5323.2228563571225,1,NEUTRAL,OVERSOLD,BEARISH,9.824
943,2374.073,2377.563,2372.031,2374.71,7763,5323.2228563571225,1,NEUTRAL,OVERSOLD,BEARISH,9.57
944,2374.663,2376.183,2370.483,2373.698,6794,5323.2228563571225,1,OVERSOLD,OVERSOLD,BEARISH,9.519
945,2373.737,2382.529,2371.919,2381.154,6567,5323.2228563571225,1,NEUTRAL,OVERSOLD,BEARISH,9.45
946,2381.193,2381.765,2367.984,2368.56,8314,5323.2228563571225,1,NEUTRAL,OVERSOLD,BEARISH,10.156
947,2368.562,2377.31,2362.72,2371.138,18218,5323.2228563571225,1,NEUTRAL,OVERSOLD,BEARISH,10.454
948,2371.091,2376.338,2362.037,2364.895,20880,5323.2228563571225,1,NEUTRAL,OVERSOLD,BEARISH,10.943
949,2364.828,2368.453,2357.919,2366.775,17579,5323.2228563571225,1,NEUTRAL,OVERSOLD,BEARISH,11.323
950,2366.684,2368.399,2362.102,2363.151,10103,5323.2228563571225,1,OVERSOLD,OVERSOLD,BEARISH,9.662
951,2363.123,2364.538,2357.472,2362.614,8944,5323.2228563571225,1,OVERSOLD,OVERSOLD,BEARISH,9.394
952,2362.662,2365.522,2353.086,2356.06,10183,5323.2228563571225,1,OVERSOLD,OVERSOLD,BEARISH,9.654
953,2356.089,2360.275,2354.259,2357.113,6223,5323.2228563571225,1,OVERSOLD,OVERSOLD,BEARISH,9.732
954,2357.093,2363.901,2356.062,2362.579,5503,5323.2228563571225,1,NEUTRAL,OVERSOLD,BEARISH,9.662
955,2362.608,2365.455,2359.346,2363.351,7138,5323.2228563571225,2,NEUTRAL,OVERSOLD,BULLISH,9.465
956,2363.36,2365.405,2362.024,2362.727,7328,5377.665917656444,2,NEUTRAL,NEUTRAL,BULLISH,8.871
957,2362.726,2373.95,2355.842,2373.473,10142,5377.665917656444,1,OVERBOUGHT,NEUTRAL,BULLISH,9.769
958,2373.512,2379.403,2370.489,2374.247,7540,5377.665917656444,1,OVERBOUGHT,NEUTRAL,BULLISH,9.999
959,2374.25,2378.278,2371.474,2371.779,6448,5377.665917656444,1,OVERBOUGHT,NEUTRAL,BULLISH,9.727
960,2371.821,2375.252,2368.149,2374.291,10491,5377.665917656444,2,OVERBOUGHT,OVERBOUGHT,BULLISH,9.25
961,2374.321,2374.426,2365.214,2369.529,7178,5377.665917656444,1,NEUTRAL,NEUTRAL,BULLISH,8.866
962,2369.593,2371.934,2367.576,2371.462,5935,5377.665917656444,1,NEUTRAL,OVERBOUGHT,BULLISH,8.155
963,2371.503,2374.148,2369.344,2372.912,5915,5377.665917656444,1,NEUTRAL,NEUTRAL,BULLISH,7.746
964,2372.87,2375.331,2371.609,2372.687,9637,5377.665917656444,2,NEUTRAL,OVERBOUGHT,BULLISH,7.562
965,2372.649,2379.028,2370.223,2377.456,16547,5377.665917656444,2,NEUTRAL,OVERBOUGHT,BULLISH,7.686
966,2377.455,2383.215,2373.945,2381.677,12308,5377.665917656444,1,OVERBOUGHT,OVERBOUGHT,BULLISH,7.46
967,2381.584,2390.799,2380.096,2381.914,13439,5377.665917656444,1,OVERBOUGHT,OVERBOUGHT,BULLISH,7.795
968,2381.871,2386.88,2379.909,2385.137,7842,5377.665917656444,1,OVERBOUGHT,OVERBOUGHT,BULLISH,7.733
969,2385.184,2390.391,2384.598,2389.117,6141,5377.665917656444,1,OVERBOUGHT,OVERBOUGHT,BULLISH,7.711
970,2389.081,2389.21,2381.125,2383.374,5708,5377.665917656444,1,NEUTRAL,OVERBOUGHT,BULLISH,8.047
971,2383.37,2387.038,2382.633,2386.312,8706,5377.665917656444,2,NEUTRAL,OVERBOUGHT,BULLISH,7.068
972,2386.351,2403.155,2385.432,2395.767,10315,4909.860433435196,2,OVERBOUGHT,OVERBOUGHT,BULLISH,7.697
973,2395.807,2401.614,2394.59,2400.056,9705,5024.798328663589,2,OVERBOUGHT,OVERBOUGHT,BULLISH,7.713
974,2400.086,2402.485,2388.614,2392.725,10980,5024.798328663589,1,NEUTRAL,OVERBOUGHT,BULLISH,8.196
975,2392.682,2394.702,2390.894,2393.241,6145,5024.798328663589,1,OVERBOUGHT,OVERBOUGHT,BULLISH,7.81
976,2393.211,2396.005,2391.865,2394.845,8818,5024.798328663589,2,NEUTRAL,OVERBOUGHT,BULLISH,7.795
977,2394.817,2396.263,2390.218,2392.792,5481,5024.798328663589,1,NEUTRAL,OVERBOUGHT,BULLISH,7.883
978,2392.75,2395.44,2390.67,2391.765,5986,5024.798328663589,1,OVERSOLD,NEUTRAL,BULLISH,7.958
979,2391.743,2394.394,2389.426,2391.569,7455,5024.798328663589,1,NEUTRAL,NEUTRAL,BULLISH,7.684
980,2391.558,2392.73,2386.926,2390.307,6564,5024.798328663589,1,OVERSOLD,NEUTRAL,BULLISH,7.436
981,2390.374,2393.49,2389.801,2392.702,5504,5024.798328663589,1,NEUTRAL,NEUTRAL,BULLISH,6.935
982,2392.783,2395.368,2392.013,2392.608,5182,5024.798328663589,1,NEUTRAL,NEUTRAL,BULLISH,6.677
983,2392.567,2393.012,2386.809,2387.729,5700,5024.798328663589,1,OVERSOLD,NEUTRAL,BEARISH,6.706
984,2387.732,2394.19,2385.385,2393.785,8696,5024.798328663589,1,NEUTRAL,NEUTRAL,BEARISH,6.758
985,2393.777,2396.786,2389.799,2392.086,11199,5024.798328663589,1,NEUTRAL,NEUTRAL,BEARISH,6.942
986,2392.113,2394.031,2380.045,2381.258,11263,5024.798328663589,1,OVERSOLD,NEUTRAL,BEARISH,6.675
987,2381.219,2382.973,2369.523,2376.803,12697,5024.798328663589,1,OVERSOLD,OVERSOLD,BEARISH,7.134
988,2376.832,2379.029,2374.5,2378.082,6144,5024.798328663589,1,NEUTRAL,OVERSOLD,BEARISH,6.467
989,2378.115,2383.45,2377.441,2378.27,6815,5024.798328663589,1,OVERSOLD,OVERSOLD,BEARISH,6.624
990,2378.296,2385.418,2376.936,2383.092,9720,5024.798328663589,2,OVERSOLD,NEUTRAL,BEARISH,6.934
991,2383.048,2384.948,2380.889,2381.143,6874,5024.798328663589,3,NEUTRAL,NEUTRAL,BEARISH,6.793
992,2381.186,2383.801,2376.471,2379.739,12775,5140.16674180674,2,NEUTRAL,NEUTRAL,BEARISH,6.975
993,2379.678,2383.236,2378.52,2381.743,5775,5140.16674180674,1,NEUTRAL,NEUTRAL,BEARISH,6.957
994,2381.789,2388.334,2381.454,2386.327,8930,5140.16674180674,2,OVERBOUGHT,NEUTRAL,BEARISH,7.034
995,2386.4,2389.854,2386.006,2388.703,5505,5140.16674180674,1,OVERBOUGHT,NEUTRAL,BEARISH,7.046
996,2388.734,2391.037,2387.762,2390.322,6511,5140.16674180674,1,OVERBOUGHT,NEUTRAL,BULLISH,7.04
997,2390.364,2391.971,2388.849,2390.225,6114,5140.16674180674,1,OVERBOUGHT,OVERBOUGHT,BULLISH,6.82
998,2390.264,2391.495,2387.795,2389.089,9656,5140.16674180674,2,OVERBOUGHT,OVERBOUGHT,BULLISH,6.455
999,2389.044,2392.44,2386.872,2387.115,9903,5140.16674180674,2,NEUTRAL,OVERBOUGHT,BULLISH,6.354
1000,2387.109,2388.356,2385.669,2386.505,6606,5140.16674180674,1,OVERSOLD,OVERBOUGHT,BULLISH,5.547
1001,2386.552,2397.727,2385.784,2394.128,13243,5140.16674180674,1,NEUTRAL,OVERBOUGHT,BULLISH,5.439
1002,2394.048,2395.975,2387.516,2391.73,13434,5140.16674180674,1,NEUTRAL,OVERBOUGHT,BULLISH,5.72
1003,2391.682,2392.45,2383.32,2385.26,9754,5140.16674180674,1,NEUTRAL,NEUTRAL,BULLISH,5.943
1004,2385.303,2400.277,2384.953,2399.745,8193,5140.16674180674,1,NEUTRAL,OVERBOUGHT,BULLISH,6.431
1005,2399.773,2411.07,2399.773,2405.707,12763,5140.16674180674,1,OVERBOUGHT,OVERBOUGHT,BULLISH,6.95
1006,2405.735,2407.363,2403.606,2404.83,5196,5140.16674180674,1,NEUTRAL,OVERBOUGHT,BULLISH,6.695
1007,2404.847,2412.799,2403.779,2411.011,9330,5140.16674180674,2,OVERBOUGHT,OVERBOUGHT,BULLISH,7.003
1008,2409.447,2410.926,2408.001,2409.807,5980,5140.16674180674,2,OVERBOUGHT,OVERBOUGHT,BULLISH,6.726
1009,2409.81,2412.2,2403.876,2409.132,13354,5343.3056235394315,2,OVERBOUGHT,OVERBOUGHT,BULLISH,7.046
1010,2409.071,2409.395,2404.085,2407.383,7100,5343.3056235394315,1,NEUTRAL,OVERBOUGHT,BULLISH,7.191
1011,2407.377,2419.165,2407.162,2416.442,9277,5343.3056235394315,1,OVERBOUGHT,OVERBOUGHT,BULLISH,7.826
1012,2416.473,2421.367,2414.385,2421.136,6068,5343.3056235394315,1,OVERBOUGHT,OVERBOUGHT,BULLISH,8.06
1013,2421.136,2422.212,2417.296,2417.793,6072,5343.3056235394315,1,OVERBOUGHT,OVERBOUGHT,BULLISH,8.014
1014,2417.752,2425.51,2416.469,2421.322,7545,5343.3056235394315,1,OVERBOUGHT,OVERBOUGHT,BULLISH,8.467
1015,2421.364,2421.909,2415.85,2417.175,7187,5343.3056235394315,1,NEUTRAL,OVERBOUGHT,BULLISH,8.047
1016,2417.137,2421.732,2415.436,2421.41,6913,5343.3056235394315,1,NEUTRAL,OVERBOUGHT,BULLISH,7.893
1017,2421.434,2422.893,2417.587,2418.514,9954,5343.3056235394315,2,NEUTRAL,OVERBOUGHT,BULLISH,7.619
1018,2418.406,2423.262,2418.093,2419.576,5691,5343.3056235394315,1,NEUTRAL,OVERBOUGHT,BULLISH,6.894
1019,2419.629,2422.95,2417.27,2420.467,10153,5343.3056235394315,1,NEUTRAL,OVERBOUGHT,BULLISH,6.491
1020,2420.479,2427.556,2417.811,2426.11,10970,5343.3056235394315,1,OVERBOUGHT,OVERBOUGHT,BULLISH,6.919
1021,2426.141,2428.991,2419.183,2422.335,12682,5343.3056235394315,1,NEUTRAL,OVERBOUGHT,BULLISH,6.975
1022,2422.385,2424.246,2419.982,2423.098,7981,5343.3056235394315,1,NEUTRAL,OVERBOUGHT,BULLISH,7.065
1023,2423.139,2427.724,2422.405,2426.888,5775,5343.3056235394315,1,OVERBOUGHT,OVERBOUGHT,BULLISH,6.85
1024,2426.93,2428.987,2425.716,2426.011,6132,5343.3056235394315,1,NEUTRAL,OVERBOUGHT,BEARISH,6.704
1025,2426.131,2435.373,2421.537,2433.612,14944,5343.3056235394315,1,OVERBOUGHT,OVERBOUGHT,BULLISH,6.835
1026,2433.571,2450.853,2431.119,2449.804,14995,5343.3056235394315,1,OVERBOUGHT,OVERBOUGHT,BULLISH,7.746
1027,2449.758,2450.968,2446.193,2447.786,5677,5343.3056235394315,1,OVERBOUGHT,OVERBOUGHT,BULLISH,7.736
1028,2449.173,2449.505,2444.095,2445.743,6085,5343.3056235394315,2,OVERBOUGHT,OVERBOUGHT,BULLISH,7.477
1029,2445.725,2449.45,2445.233,2447.575,6355,5644.883659392818,1,OVERBOUGHT,OVERBOUGHT,BULLISH,7.345
1030,2447.539,2458.378,2446.053,2451.357,13858,5644.883659392818,1,OVERBOUGHT,OVERBOUGHT,BULLISH,7.776
1031,2451.407,2451.459,2437.256,2441.167,10292,5644.883659392818,1,OVERSOLD,OVERBOUGHT,BULLISH,8.411
1032,2441.205,2444.63,2439.321,2442.777,6924,5644.883659392818,1,NEUTRAL,NEUTRAL,BULLISH,8.421
1033,2442.769,2448.003,2442.418,2446.906,11421,5644.883659392818,2,NEUTRAL,NEUTRAL,BULLISH,8.414
1034,2446.86,2448.807,2444.087,2444.795,8505,5644.883659392818,1,NEUTRAL,NEUTRAL,BEARISH,8.055
1035,2444.835,2444.861,2439.871,2440.325,7314,5644.883659392818,1,OVERSOLD,NEUTRAL,BEARISH,7.711
1036,2440.282,2442.323,2433.144,2433.855,8443,5644.883659392818,1,NEUTRAL,NEUTRAL,BEARISH,8.062
1037,2433.849,2435.044,2430.192,2432.953,7288,5644.883659392818,1,OVERSOLD,NEUTRAL,BEARISH,8.029
1038,2433.001,2436.765,2431.97,2435.187,6184,5644.883659392818,1,OVERSOLD,NEUTRAL,BEARISH,8.138
1039,2435.108,2442.888,2434.332,2440.741,6651,5644.883659392818,1,NEUTRAL,NEUTRAL,BEARISH,7.761
1040,2440.722,2454.872,2440.282,2450.6,12100,5644.883659392818,1,OVERBOUGHT,NEUTRAL,BEARISH,7.393
1041,2450.718,2457.381,2448.421,2453.69,15470,5644.883659392818,1,OVERBOUGHT,NEUTRAL,BEARISH,7.692
1042,2453.699,2462.291,2443.175,2448.504,22992,5644.883659392818,1,OVERBOUGHT,OVERBOUGHT,BEARISH,8.671
1043,2448.467,2451.743,2442.064,2445.213,14243,5644.883659392818,1,NEUTRAL,NEUTRAL,BEARISH,9.061
1044,2445.265,2448.761,2443.382,2444.468,9552,5644.883659392818,1,NEUTRAL,NEUTRAL,BEARISH,8.565
1045,2444.457,2444.699,2435.733,2439.283,10942,5644.883659392818,1,OVERSOLD,NEUTRAL,BEARISH,8.191
1046,2439.24,2441.002,2434.881,2439.563,7403,5644.883659392818,1,OVERSOLD,NEUTRAL,BEARISH,8.249
1047,2439.531,2444.102,2438.306,2443.053,6077,5644.883659392818,1,OVERSOLD,NEUTRAL,BEARISH,8.264
1048,2443.021,2447.553,2441.722,2445.155,8327,5644.883659392818,2,NEUTRAL,NEUTRAL,BEARISH,8.344
1049,2445.148,2452.36,2443.902,2449.05,10448,6160.295533101439,2,NEUTRAL,NEUTRAL,BEARISH,8.591
1050,2449.045,2450.977,2434.872,2447.179,13603,6160.295533101439,1,OVERBOUGHT,NEUTRAL,BEARISH,9.086
1051,2447.209,2455.698,2446.673,2455.616,10744,6160.295533101439,1,OVERBOUGHT,NEUTRAL,BEARISH,9.384
1052,2455.535,2459.412,2451.575,2454.432,8089,6160.295533101439,1,OVERBOUGHT,NEUTRAL,BULLISH,9.601
1053,2454.422,2466.889,2454.191,2466.72,12519,6160.295533101439,2,OVERBOUGHT,OVERBOUGHT,BULLISH,9.897
1054,2466.758,2468.48,2462.407,2465.599,9056,6160.295533101439,1,OVERBOUGHT,OVERBOUGHT,BULLISH,9.289
1055,2465.506,2466.736,2460.216,2461.538,8656,6160.295533101439,1,OVERBOUGHT,OVERBOUGHT,BULLISH,9.115
1056,2461.586,2465.304,2460.946,2462.063,6744,6160.295533101439,1,NEUTRAL,OVERBOUGHT,BULLISH,8.06
1057,2462.101,2465.371,2460.829,2463.593,11577,6160.295533101439,2,OVERBOUGHT,OVERBOUGHT,BULLISH,7.693
1058,2463.632,2464.651,2457.531,2459.259,7448,6160.295533101439,1,OVERSOLD,OVERBOUGHT,BULLISH,7.818
1059,2459.216,2477.722,2455.781,2472.856,22829,6160.295533101439,1,NEUTRAL,OVERBOUGHT,BULLISH,8.745
1060,2472.828,2474.233,2455.689,2469.775,28761,6160.295533101439,1,NEUTRAL,OVERBOUGHT,BULLISH,9.632
1061,2469.824,2474.369,2428.187,2431.556,38745,6160.295533101439,1,OVERSOLD,NEUTRAL,BEARISH,12.517
1062,2431.502,2435.742,2410.794,2433.162,32543,6160.295533101439,1,OVERSOLD,NEUTRAL,BEARISH,13.882
1063,2433.068,2439.293,2426.261,2430.518,18020,6160.295533101439,1,OVERSOLD,OVERSOLD,BEARISH,14.209
1064,2430.47,2431.601,2422.932,2427.846,10208,6160.295533101439,1,OVERSOLD,OVERSOLD,BEARISH,13.678
1065,2427.787,2433.632,2426.486,2428.986,7031,6160.295533101439,1,OVERSOLD,OVERSOLD,BEARISH,13.544
1066,2429.011,2438.237,2425.587,2437.618,7373,6160.295533101439,1,NEUTRAL,NEUTRAL,BEARISH,13.887
1067,2437.645,2446.342,2435.539,2441.39,11581,5626.398339472732,2,OVERBOUGHT,NEUTRAL,BEARISH,13.752
1068,2441.378,2445.778,2439.071,2440.952,6587,5626.398339472732,1,OVERBOUGHT,NEUTRAL,BEARISH,13.797
1069,2440.984,2440.984,2413.767,2422.122,24109,6526.046910316599,1,NEUTRAL,NEUTRAL,BEARISH,15.276
1070,2422.091,2441.938,2420.129,2439.432,23649,6526.046910316599,1,NEUTRAL,NEUTRAL,BEARISH,16.522
1071,2439.483,2446.165,2433.078,2442.786,11900,6526.046910316599,1,NEUTRAL,NEUTRAL,BEARISH,17.133
1072,2442.691,2452.51,2442.686,2450.957,10002,6526.046910316599,1,NEUTRAL,NEUTRAL,BEARISH,17.326
1073,2451.022,2458.836,2450.913,2452.722,10451,6526.046910316599,1,NEUTRAL,NEUTRAL,BULLISH,16.324
1074,2452.656,2452.656,2432.395,2437.913,17528,6526.046910316599,1,NEUTRAL,NEUTRAL,BULLISH,16.452
1075,2437.961,2438.711,2422.064,2428.563,21504,6526.046910316599,1,NEUTRAL,NEUTRAL,BEARISH,14.342
1076,2428.538,2445.624,2424.557,2431.98,15285,6526.046910316599,1,NEUTRAL,NEUTRAL,BEARISH,14.065
1077,2432.021,2434.431,2423.262,2424.991,12112,6526.046910316599,1,OVERSOLD,NEUTRAL,BEARISH,13.932
1078,2425.03,2428.752,2419.124,2424.069,13761,6526.046910316599,1,OVERSOLD,OVERSOLD,BEARISH,14.0
1079,2424.185,2425.655,2408.076,2408.625,12550,6526.046910316599,1,OVERSOLD,OVERSOLD,BEARISH,14.746
1080,2408.577,2408.577,2383.268,2386.736,22157,6526.046910316599,1,OVERSOLD,OVERSOLD,BEARISH,15.653
1081,2386.772,2392.23,2364.267,2374.48,32794,6526.046910316599,1,OVERSOLD,OVERSOLD,BEARISH,16.879
1082,2374.518,2396.993,2374.518,2393.32,35883,6526.046910316599,1,OVERSOLD,OVERSOLD,BEARISH,18.008
1083,2393.309,2397.515,2386.894,2396.548,25212,6526.046910316599,1,NEUTRAL,OVERSOLD,BEARISH,16.822
1084,2396.52,2412.236,2396.468,2402.838,20663,6526.046910316599,1,NEUTRAL,NEUTRAL,BEARISH,16.391
1085,2402.768,2408.726,2398.986,2403.063,12859,6526.046910316599,1,NEUTRAL,NEUTRAL,BEARISH,16.152
1086,2403.034,2406.63,2400.196,2405.023,10514,6526.046910316599,1,OVERBOUGHT,NEUTRAL,BEARISH,15.91
1087,2405.013,2408.923,2403.7,2404.941,7174,6526.046910316599,1,OVERBOUGHT,NEUTRAL,BEARISH,15.717
1088,2404.974,2413.06,2404.619,2407.68,7736,6526.046910316599,1,OVERBOUGHT,NEUTRAL,BULLISH,14.868
1089,2407.645,2412.562,2405.412,2408.865,8939,6526.046910316599,2,OVERBOUGHT,NEUTRAL,BULLISH,14.19
1090,2408.933,2418.307,2404.34,2415.9,14987,6831.054347429304,2,OVERBOUGHT,NEUTRAL,BULLISH,13.682
1091,2415.829,2417.685,2410.713,2412.389,12962,6831.054347429304,1,OVERBOUGHT,NEUTRAL,BULLISH,13.383
1092,2412.36,2413.247,2405.825,2407.428,9159,6831.054347429304,1,NEUTRAL,OVERBOUGHT,BULLISH,13.225
1093,2407.468,2411.08,2406.491,2408.982,6907,6831.054347429304,1,NEUTRAL,OVERBOUGHT,BULLISH,12.297
1094,2409.013,2412.618,2398.1,2398.771,18414,6831.054347429304,2,NEUTRAL,OVERBOUGHT,BULLISH,11.523
1095,2398.867,2408.29,2394.792,2401.541,15735,6831.054347429304,1,OVERSOLD,NEUTRAL,BULLISH,10.49
1096,2401.522,2410.655,2401.431,2409.835,11207,6831.054347429304,1,NEUTRAL,NEUTRAL,BULLISH,9.54
1097,2409.935,2415.409,2408.073,2411.06,8685,6831.054347429304,1,NEUTRAL,NEUTRAL,BULLISH,9.306
1098,2411.139,2415.544,2410.311,2413.298,7795,6831.054347429304,1,NEUTRAL,OVERBOUGHT,BULLISH,8.553
1099,2413.285,2416.344,2411.54,2412.361,7160,6831.054347429304,1,OVERBOUGHT,OVERBOUGHT,BULLISH,8.201
1100,2412.339,2415.292,2410.104,2410.955,7907,6831.054347429304,1,OVERBOUGHT,OVERBOUGHT,BULLISH,8.112
1101,2410.996,2412.21,2391.723,2393.11,15190,6831.054347429304,1,OVERSOLD,NEUTRAL,BULLISH,9.202
1102,2393.143,2399.469,2388.812,2395.69,21971,6831.054347429304,1,OVERSOLD,NEUTRAL,BULLISH,9.36
1103,2395.604,2403.207,2386.216,2388.355,20875,6831.054347429304,1,OVERSOLD,OVERSOLD,BEARISH,10.063
1104,2388.318,2391.177,2381.404,2387.536,17883,6831.054347429304,1,OVERSOLD,OVERSOLD,BEARISH,9.764
1105,2387.571,2391.395,2385.548,2389.908,8956,6831.054347429304,1,OVERSOLD,OVERSOLD,BEARISH,9.683
1106,2389.862,2393.502,2387.575,2391.899,8545,6831.054347429304,1,NEUTRAL,OVERSOLD,BEARISH,9.577
1107,2391.877,2396.014,2386.377,2387.732,12597,6831.054347429304,2,OVERSOLD,OVERSOLD,BEARISH,9.937
1108,2387.759,2390.487,2386.805,2388.688,7213,6831.054347429304,2,NEUTRAL,OVERSOLD,BEARISH,9.163
1109,2388.69,2389.653,2381.083,2386.538,11198,6903.723774658259,2,NEUTRAL,OVERSOLD,BEARISH,8.811
1110,2386.566,2387.569,2378.941,2384.017,15602,6903.723774658259,1,OVERSOLD,OVERSOLD,BEARISH,8.769
1111,2383.97,2388.44,2380.882,2384.219,12557,6903.723774658259,1,OVERSOLD,OVERSOLD,BEARISH,8.784
1112,2384.184,2387.541,2383.191,2385.948,7029,6903.723774658259,1,NEUTRAL,OVERSOLD,BEARISH,8.721
1113,2385.985,2396.24,2385.687,2391.382,14634,6903.723774658259,2,NEUTRAL,OVERSOLD,BULLISH,9.132
1114,2391.422,2397.582,2389.576,2394.786,8271,6903.723774658259,1,OVERBOUGHT,NEUTRAL,BULLISH,9.333
1115,2394.824,2394.901,2387.972,2389.31,7804,6903.723774658259,1,NEUTRAL,NEUTRAL,BULLISH,8.365
1116,2389.359,2393.723,2388.262,2393.296,7087,6903.723774658259,1,OVERBOUGHT,NEUTRAL,BULLISH,7.994
1117,2393.308,2398.152,2392.433,2397.44,11285,6903.723774658259,2,OVERBOUGHT,NEUTRAL,BULLISH,7.189
1118,2397.407,2402.36,2394.193,2401.178,7100,6903.723774658259,1,OVERBOUGHT,OVERBOUGHT,BULLISH,7.074
1119,2401.164,2407.09,2398.846,2403.846,8766,6903.723774658259,1,OVERBOUGHT,OVERBOUGHT,BULLISH,7.245
1120,2403.878,2404.895,2396.933,2400.05,11929,6903.723774658259,1,OVERBOUGHT,OVERBOUGHT,BULLISH,7.39
1121,2399.951,2403.392,2397.903,2399.125,11294,6903.723774658259,1,NEUTRAL,OVERBOUGHT,BULLISH,7.094
1122,2399.078,2401.773,2391.932,2394.452,11690,6903.723774658259,1,NEUTRAL,NEUTRAL,BULLISH,7.534
1123,2394.45,2399.748,2389.415,2389.872,14406,6903.723774658259,2,OVERSOLD,NEUTRAL,BULLISH,7.66
1124,2389.825,2391.67,2383.773,2386.146,8292,6903.723774658259,1,OVERSOLD,NEUTRAL,BULLISH,7.608
1125,2386.185,2390.521,2381.693,2382.762,9818,6903.723774658259,2,OVERSOLD,OVERSOLD,BEARISH,7.698
1126,2382.322,2385.933,2380.884,2384.791,7798,6903.723774658259,2,OVERSOLD,OVERSOLD,BEARISH,7.748
1127,2384.835,2391.325,2383.263,2386.83,17668,6966.55166913525,2,OVERSOLD,OVERSOLD,BEARISH,7.57
1128,2386.795,2394.698,2386.268,2394.316,11947,6966.55166913525,2,NEUTRAL,OVERSOLD,BULLISH,7.601
1129,2394.255,2396.405,2392.427,2395.252,11632,6966.55166913525,2,OVERBOUGHT,NEUTRAL,BULLISH,7.39
1130,2395.29,2400.64,2392.657,2397.686,9004,6966.55166913525,1,OVERBOUGHT,NEUTRAL,BULLISH,7.57
1131,2397.652,2400.275,2394.714,2396.736,7190,6966.55166913525,1,OVERBOUGHT,NEUTRAL,BULLISH,7.559
1132,2396.786,2398.968,2392.869,2396.2,11477,6966.55166913525,2,OVERBOUGHT,NEUTRAL,BULLISH,7.411
1133,2396.189,2413.632,2396.189,2412.192,16425,6966.55166913525,2,OVERBOUGHT,OVERBOUGHT,BULLISH,8.068
1134,2412.152,2415.554,2407.028,2408.037,14783,6966.55166913525,1,OVERBOUGHT,OVERBOUGHT,BULLISH,8.109
1135,2408.073,2415.481,2402.295,2414.156,17128,6966.55166913525,1,OVERBOUGHT,OVERBOUGHT,BULLISH,8.658
1136,2414.173,2424.365,2409.266,2413.737,20551,6966.55166913525,1,OVERBOUGHT,OVERBOUGHT,BULLISH,9.034
1137,2413.792,2420.272,2411.81,2418.686,8522,6966.55166913525,1,OVERBOUGHT,OVERBOUGHT,BULLISH,8.9
1138,2418.645,2423.815,2416.655,2418.062,7097,6966.55166913525,1,NEUTRAL,OVERBOUGHT,BULLISH,8.848
1139,2418.102,2424.942,2415.797,2423.56,7834,6966.55166913525,1,OVERBOUGHT,OVERBOUGHT,BULLISH,8.87
1140,2423.534,2426.361,2421.498,2423.532,10204,6966.55166913525,2,OVERBOUGHT,OVERBOUGHT,BULLISH,8.857
1141,2423.554,2427.818,2422.829,2424.589,10060,6966.55166913525,3,OVERBOUGHT,OVERBOUGHT,BULLISH,8.637
1142,2424.519,2427.676,2420.102,2427.208,13765,6894.709446677926,2,OVERBOUGHT,OVERBOUGHT,BULLISH,8.576
1143,2427.166,2429.0,2419.222,2421.089,11905,6894.709446677926,2,NEUTRAL,OVERBOUGHT,BULLISH,8.991
1144,2421.046,2424.51,2417.114,2417.171,11025,6894.709446677926,2,OVERSOLD,OVERBOUGHT,BULLISH,8.949
1145,2417.128,2427.054,2416.829,2423.128,12898,6894.709446677926,2,NEUTRAL,OVERBOUGHT,BULLISH,9.282
1146,2423.183,2426.785,2422.189,2423.584,11022,6894.709446677926,2,NEUTRAL,OVERBOUGHT,BULLISH,9.174
1147,2423.59,2432.64,2422.993,2426.761,12773,6894.709446677926,2,NEUTRAL,OVERBOUGHT,BULLISH,8.618
1148,2426.734,2429.886,2423.697,2429.61,8214,6894.709446677926,1,OVERBOUGHT,OVERBOUGHT,BULLISH,8.451
1149,2429.568,2433.193,2420.955,2426.738,16975,6894.709446677926,1,OVERBOUGHT,OVERBOUGHT,BULLISH,8.383
1150,2426.617,2435.956,2425.399,2428.682,15637,6894.709446677926,1,OVERBOUGHT,OVERBOUGHT,BULLISH,8.058
1151,2428.642,2432.583,2426.429,2431.47,9523,6894.709446677926,1,OVERBOUGHT,OVERBOUGHT,BULLISH,7.894
1152,2431.514,2437.011,2427.508,2430.564,12712,6894.709446677926,2,NEUTRAL,OVERBOUGHT,BULLISH,8.061
1153,2430.573,2430.918,2427.157,2429.079,9594,6894.709446677926,2,NEUTRAL,NEUTRAL,BULLISH,7.676
1154,2429.118,2433.234,2427.32,2430.405,6384,6263.8521977879645,2,OVERBOUGHT,NEUTRAL,BEARISH,7.752
1155,2430.403,2430.605,2426.731,2428.507,6672,6201.830559903396,2,NEUTRAL,NEUTRAL,BEARISH,7.672
1156,2428.471,2430.288,2423.825,2426.243,10892,6201.830559903396,2,OVERSOLD,NEUTRAL,BEARISH,7.593
1157,2426.197,2433.522,2425.722,2433.331,7329,6201.830559903396,2,NEUTRAL,NEUTRAL,BEARISH,7.451
1158,2433.337,2437.183,2429.102,2436.762,11675,6201.830559903396,2,OVERBOUGHT,OVERBOUGHT,BEARISH,7.5
1159,2436.713,2443.827,2435.429,2442.018,11219,6201.830559903396,2,OVERBOUGHT,OVERBOUGHT,BULLISH,7.37
1160,2441.998,2445.058,2440.525,2443.781,10433,6201.830559903396,2,OVERBOUGHT,OVERBOUGHT,BULLISH,7.365
1161,2443.78,2445.436,2439.647,2444.334,11648,6201.830559903396,2,OVERBOUGHT,OVERBOUGHT,BULLISH,7.09
1162,2444.343,2457.472,2442.095,2454.182,12837,6201.830559903396,1,OVERBOUGHT,OVERBOUGHT,BULLISH,7.746
1163,2454.137,2455.485,2444.5,2453.218,12623,6201.830559903396,1,OVERBOUGHT,OVERBOUGHT,BULLISH,7.656
1164,2453.259,2460.686,2452.882,2459.735,10418,6201.830559903396,1,OVERBOUGHT,OVERBOUGHT,BULLISH,7.46
1165,2459.78,2466.152,2458.93,2463.161,7299,6201.830559903396,1,OVERBOUGHT,OVERBOUGHT,BULLISH,7.536
1166,2463.116,2468.555,2461.763,2467.11,6236,6201.830559903396,1,OVERBOUGHT,OVERBOUGHT,BULLISH,7.342
1167,2467.15,2472.194,2466.458,2470.473,9726,6201.830559903396,2,OVERBOUGHT,OVERBOUGHT,BULLISH,7.483
1168,2470.446,2476.033,2470.151,2475.536,8859,6201.830559903396,3,OVERBOUGHT,OVERBOUGHT,BULLISH,7.481
1169,2475.58,2476.963,2460.792,2466.357,15863,6177.652252611009,2,NEUTRAL,OVERBOUGHT,BULLISH,8.36
1170,2466.323,2467.731,2461.353,2463.449,11226,6177.652252611009,2,NEUTRAL,OVERBOUGHT,BULLISH,8.353
1171,2463.513,2465.041,2458.493,2462.736,10477,6177.652252611009,2,NEUTRAL,OVERBOUGHT,BULLISH,8.264
1172,2462.788,2466.152,2460.765,2464.26,11725,6177.652252611009,2,NEUTRAL,OVERBOUGHT,BEARISH,8.072
1173,2464.302,2464.371,2458.834,2460.701,10243,6177.652252611009,2,OVERSOLD,NEUTRAL,BEARISH,7.867
1174,2460.693,2466.607,2459.389,2465.797,11236,6177.652252611009,2,NEUTRAL,NEUTRAL,BEARISH,8.059
1175,2465.757,2472.507,2464.282,2467.604,10144,6177.652252611009,1,NEUTRAL,NEUTRAL,BEARISH,8.233
1176,2467.575,2475.657,2458.908,2472.879,15474,6177.652252611009,1,OVERBOUGHT,OVERBOUGHT,BEARISH,8.331
1177,2472.843,2473.231,2464.03,2471.222,11030,6177.652252611009,1,OVERBOUGHT,OVERBOUGHT,BEARISH,8.204
1178,2471.266,2473.042,2465.971,2468.642,7134,6177.652252611009,1,OVERBOUGHT,OVERBOUGHT,BEARISH,8.151
1179,2468.6,2471.086,2465.887,2467.632,11181,6177.652252611009,2,NEUTRAL,NEUTRAL,BEARISH,8.007
1180,2467.646,2468.916,2462.235,2466.912,9236,6177.652252611009,2,NEUTRAL,NEUTRAL,BEARISH,7.999
1181,2466.922,2467.835,2462.942,2464.06,7782,6177.652252611009,3,OVERSOLD,NEUTRAL,BEARISH,7.939
1182,2464.104,2472.493,2463.928,2465.427,11930,6262.145688870278,2,OVERSOLD,NEUTRAL,BEARISH,8.13
1183,2465.397,2465.741,2455.271,2459.863,9434,6262.145688870278,1,OVERSOLD,NEUTRAL,BEARISH,7.723
1184,2459.807,2462.941,2458.762,2461.813,9380,6262.145688870278,2,OVERSOLD,NEUTRAL,BEARISH,7.566
1185,2461.769,2467.736,2459.269,2467.466,11176,6262.145688870278,2,NEUTRAL,NEUTRAL,BEARISH,7.703
1186,2467.412,2478.789,2466.292,2474.443,12548,6262.145688870278,2,OVERBOUGHT,NEUTRAL,BEARISH,8.211
1187,2474.401,2476.161,2470.472,2474.947,10096,6262.145688870278,2,OVERBOUGHT,OVERBOUGHT,BEARISH,8.222
1188,2474.873,2480.064,2462.321,2468.796,21207,6262.145688870278,2,OVERBOUGHT,OVERBOUGHT,BEARISH,8.973
1189,2468.739,2469.58,2449.324,2457.428,22903,6262.145688870278,1,NEUTRAL,NEUTRAL,BEARISH,9.833
1190,2457.401,2458.324,2446.93,2450.267,17763,6262.145688870278,1,OVERSOLD,NEUTRAL,BEARISH,9.45
1191,2450.217,2452.162,2442.009,2444.024,11541,6262.145688870278,1,OVERSOLD,OVERSOLD,BEARISH,9.518
1192,2444.023,2445.485,2437.995,2444.122,8432,6262.145688870278,1,OVERSOLD,OVERSOLD,BEARISH,9.548
1193,2444.104,2448.009,2440.323,2447.678,11298,6262.145688870278,2,OVERSOLD,OVERSOLD,BEARISH,9.726
1194,2447.64,2448.449,2444.307,2447.929,7042,6262.145688870278,2,OVERSOLD,OVERSOLD,BEARISH,9.545
1195,2447.924,2454.27,2446.433,2450.156,9509,6318.941337549299,3,NEUTRAL,OVERSOLD,BEARISH,9.755
1196,2450.122,2453.525,2448.211,2450.688,8353,6318.941337549299,1,OVERBOUGHT,OVERSOLD,BEARISH,9.523
1197,2450.721,2454.357,2449.756,2453.68,9488,6318.941337549299,2,OVERBOUGHT,NEUTRAL,BEARISH,9.103
1198,2453.702,2455.485,2450.28,2453.811,9086,6318.941337549299,2,OVERBOUGHT,NEUTRAL,BEARISH,9.177
1199,2453.865,2458.787,2452.711,2456.045,7095,6318.941337549299,1,OVERBOUGHT,NEUTRAL,BEARISH,9.006
1200,2455.997,2457.227,2453.527,2455.455,10463,6318.941337549299,2,OVERBOUGHT,NEUTRAL,BEARISH,8.378
1201,2455.475,2460.273,2455.278,2458.176,8720,6318.941337549299,2,OVERBOUGHT,NEUTRAL,BEARISH,8.328
1202,2458.22,2470.095,2440.995,2441.19,25393,6318.941337549299,2,OVERSOLD,NEUTRAL,BEARISH,9.139
1203,2441.23,2451.523,2432.094,2444.43,25013,6318.941337549299,1,NEUTRAL,NEUTRAL,BEARISH,9.08
1204,2444.46,2458.576,2444.46,2452.337,16418,6318.941337549299,1,NEUTRAL,NEUTRAL,BEARISH,9.277
1205,2452.308,2459.628,2450.531,2458.394,9851,6318.941337549299,1,NEUTRAL,NEUTRAL,BEARISH,9.201
1206,2458.438,2459.929,2453.4,2455.441,11838,6318.941337549299,2,NEUTRAL,NEUTRAL,BULLISH,9.133
1207,2455.434,2461.621,2454.059,2455.566,10069,6318.941337549299,2,OVERBOUGHT,NEUTRAL,BULLISH,9.124
1208,2455.52,2458.252,2454.397,2457.303,8114,6318.941337549299,3,OVERBOUGHT,NEUTRAL,BULLISH,9.103
1209,2457.309,2460.028,2455.676,2457.382,10238,6353.966765719207,2,OVERBOUGHT,NEUTRAL,BULLISH,8.854
1210,2457.311,2457.699,2450.714,2452.397,11194,6353.966765719207,2,OVERSOLD,NEUTRAL,BULLISH,8.974
1211,2452.436,2456.317,2451.908,2455.681,8087,6353.966765719207,2,NEUTRAL,NEUTRAL,BULLISH,8.96
1212,2455.694,2464.489,2451.07,2461.97,12605,6353.966765719207,2,NEUTRAL,NEUTRAL,BULLISH,9.547
1213,2462.047,2464.325,2459.102,2463.275,10416,6353.966765719207,2,NEUTRAL,OVERBOUGHT,BULLISH,9.486
1214,2463.314,2472.3,2462.785,2472.113,12834,6353.966765719207,2,OVERBOUGHT,OVERBOUGHT,BULLISH,9.901
1215,2472.074,2492.413,2471.251,2491.591,12947,6353.966765719207,1,OVERBOUGHT,OVERBOUGHT,BULLISH,11.056
1216,2491.637,2500.52,2483.569,2494.759,21307,6353.966765719207,1,OVERBOUGHT,OVERBOUGHT,BULLISH,10.188
1217,2494.757,2495.084,2477.462,2487.223,21334,6353.966765719207,1,OVERBOUGHT,OVERBOUGHT,BULLISH,10.059
1218,2487.26,2492.333,2485.622,2491.691,8806,6353.966765719207,1,OVERBOUGHT,OVERBOUGHT,BULLISH,9.528
1219,2491.775,2497.85,2491.651,2495.903,7826,6353.966765719207,1,OVERBOUGHT,OVERBOUGHT,BULLISH,9.321
1220,2495.808,2500.163,2493.097,2499.698,6589,6353.966765719207,1,NEUTRAL,OVERBOUGHT,BULLISH,9.359
1221,2499.707,2509.027,2498.403,2507.862,11955,6353.966765719207,2,OVERBOUGHT,OVERBOUGHT,BULLISH,9.578
1222,2507.916,2509.783,2502.271,2504.831,9315,5778.073105491981,2,OVERBOUGHT,OVERBOUGHT,BULLISH,9.839
1223,2504.906,2506.778,2500.329,2502.059,7796,5820.173285921315,2,OVERBOUGHT,OVERBOUGHT,BULLISH,9.989
1224,2502.106,2506.023,2494.912,2498.174,13056,5820.173285921315,1,NEUTRAL,OVERBOUGHT,BULLISH,10.284
1225,2498.117,2504.01,2496.129,2503.472,6828,5820.173285921315,1,NEUTRAL,OVERBOUGHT,BULLISH,10.532
1226,2503.431,2505.829,2500.511,2503.214,6482,5820.173285921315,1,NEUTRAL,OVERBOUGHT,BULLISH,9.953
1227,2503.172,2504.737,2498.807,2501.103,11192,5820.173285921315,2,NEUTRAL,OVERBOUGHT,BULLISH,10.004
1228,2501.057,2505.181,2499.631,2502.155,6953,5820.173285921315,1,NEUTRAL,OVERBOUGHT,BULLISH,9.72
1229,2502.199,2504.933,2499.736,2502.992,6326,5820.173285921315,1,OVERBOUGHT,OVERBOUGHT,BEARISH,8.58
1230,2502.945,2507.178,2499.725,2499.947,10355,5820.173285921315,2,OVERSOLD,OVERBOUGHT,BEARISH,7.902
1231,2499.904,2500.084,2489.395,2489.795,6862,5820.173285921315,1,OVERSOLD,NEUTRAL,BEARISH,7.406
1232,2489.773,2495.167,2486.483,2494.41,7365,5820.173285921315,1,NEUTRAL,NEUTRAL,BEARISH,7.547
1233,2494.415,2495.499,2488.654,2491.087,7284,5820.173285921315,1,OVERSOLD,OVERSOLD,BEARISH,7.594
1234,2491.135,2495.82,2485.615,2494.651,14088,5820.173285921315,1,NEUTRAL,NEUTRAL,BEARISH,7.818
1235,2494.618,2504.804,2493.832,2501.286,12126,5820.173285921315,1,NEUTRAL,NEUTRAL,BEARISH,7.843
1236,2501.335,2505.931,2499.911,2503.934,8086,5820.173285921315,1,OVERBOUGHT,NEUTRAL,BEARISH,7.736
1237,2503.898,2507.482,2501.912,2505.475,6671,5820.173285921315,1,OVERBOUGHT,OVERBOUGHT,BEARISH,7.673
1238,2505.482,2505.875,2500.661,2504.23,9986,5820.173285921315,2,OVERBOUGHT,OVERBOUGHT,BEARISH,7.252
1239,2504.189,2505.899,2503.028,2504.052,6006,5820.173285921315,2,OVERBOUGHT,OVERBOUGHT,BEARISH,6.894
1240,2503.234,2506.908,2502.044,2504.976,8315,5913.83535392881,3,OVERBOUGHT,OVERBOUGHT,BEARISH,6.862
1241,2504.934,2508.289,2501.198,2502.0,7497,5913.83535392881,1,NEUTRAL,OVERBOUGHT,BEARISH,6.945
1242,2501.986,2502.3,2498.632,2499.71,6394,5913.83535392881,1,OVERSOLD,OVERBOUGHT,BEARISH,6.81
1243,2499.667,2502.81,2499.074,2500.853,7437,5913.83535392881,2,OVERSOLD,NEUTRAL,BEARISH,6.706
1244,2500.896,2505.846,2497.256,2502.38,11555,5913.83535392881,2,NEUTRAL,NEUTRAL,BEARISH,6.787
1245,2502.291,2515.223,2501.112,2514.878,7277,5913.83535392881,1,OVERBOUGHT,OVERBOUGHT,BEARISH,7.032
1246,2514.905,2523.123,2514.293,2519.749,10959,5913.83535392881,1,OVERBOUGHT,OVERBOUGHT,BULLISH,7.042
1247,2519.811,2525.197,2519.737,2521.747,7060,5913.83535392881,1,OVERBOUGHT,OVERBOUGHT,BULLISH,6.943
1248,2521.703,2527.171,2521.106,2526.224,11211,5913.83535392881,2,OVERBOUGHT,OVERBOUGHT,BULLISH,6.647
1249,2526.267,2529.15,2521.654,2526.725,9313,5913.83535392881,1,OVERBOUGHT,OVERBOUGHT,BULLISH,6.399
1250,2526.771,2531.668,2519.829,2529.909,15570,5913.83535392881,1,OVERBOUGHT,OVERBOUGHT,BULLISH,6.815
1251,2529.854,2530.261,2520.396,2523.87,15146,5913.83535392881,1,NEUTRAL,OVERBOUGHT,BULLISH,7.121
1252,2523.823,2524.018,2505.752,2508.518,16661,5913.83535392881,1,OVERSOLD,NEUTRAL,BULLISH,8.054
1253,2508.549,2510.601,2500.829,2509.002,10612,5913.83535392881,1,OVERSOLD,NEUTRAL,BEARISH,8.547
1254,2509.037,2513.239,2506.719,2510.526,6355,5913.83535392881,1,OVERSOLD,NEUTRAL,BEARISH,8.665
1255,2510.495,2515.521,2509.241,2514.951,9064,5913.83535392881,2,OVERSOLD,NEUTRAL,BEARISH,8.607
1256,2514.994,2516.937,2512.753,2512.964,7080,5913.83535392881,3,OVERSOLD,NEUTRAL,BEARISH,8.644
1257,2512.976,2517.129,2510.759,2516.915,11763,5975.48198688797,2,OVERBOUGHT,NEUTRAL,BEARISH,8.832
1258,2516.92,2519.942,2515.914,2519.335,6010,5975.48198688797,1,OVERBOUGHT,NEUTRAL,BEARISH,8.506
1259,2519.34,2519.381,2512.989,2516.136,9143,5975.48198688797,2,NEUTRAL,NEUTRAL,BEARISH,7.955
1260,2516.141,2519.587,2511.692,2514.519,11286,5975.48198688797,2,NEUTRAL,NEUTRAL,BEARISH,7.888
1261,2514.447,2516.952,2508.091,2509.751,6966,5975.48198688797,1,NEUTRAL,NEUTRAL,BEARISH,8.131
1262,2509.723,2512.362,2504.467,2505.652,11204,5975.48198688797,2,OVERSOLD,OVERSOLD,BEARISH,8.262
1263,2505.614,2513.321,2504.418,2511.823,10646,5975.48198688797,2,NEUTRAL,OVERSOLD,BEARISH,8.362
1264,2511.781,2513.733,2507.086,2510.488,8099,5975.48198688797,1,NEUTRAL,OVERSOLD,BEARISH,7.991
1265,2510.528,2512.916,2497.895,2503.001,13759,5975.48198688797,1,OVERSOLD,OVERSOLD,BEARISH,8.36
1266,2502.952,2506.7,2493.672,2501.527,26325,5975.48198688797,1,NEUTRAL,OVERSOLD,BEARISH,7.985
1267,2501.566,2511.059,2501.344,2508.287,9738,5975.48198688797,1,NEUTRAL,NEUTRAL,BEARISH,7.981
1268,2508.227,2508.887,2503.116,2507.063,6694,5975.48198688797,1,NEUTRAL,NEUTRAL,BEARISH,7.928
1269,2507.097,2519.167,2506.843,2515.883,12976,5975.48198688797,2,NEUTRAL,NEUTRAL,BEARISH,8.36
1270,2515.901,2516.402,2509.745,2512.061,8673,5975.48198688797,2,OVERBOUGHT,NEUTRAL,BEARISH,8.536
1271,2511.984,2514.701,2511.142,2513.696,8132,6041.197988136734,3,OVERBOUGHT,OVERBOUGHT,BEARISH,8.335
1272,2513.689,2514.072,2507.032,2507.645,6671,6041.197988136734,1,NEUTRAL,NEUTRAL,BEARISH,8.551
1273,2507.664,2508.673,2499.852,2502.263,7135,6041.197988136734,1,NEUTRAL,NEUTRAL,BEARISH,8.724
1274,2502.345,2504.687,2499.184,2501.922,9549,6041.197988136734,2,OVERSOLD,NEUTRAL,BEARISH,8.553
1275,2501.879,2510.58,2500.589,2507.538,13062,6041.197988136734,2,NEUTRAL,NEUTRAL,BEARISH,8.634
1276,2507.497,2509.793,2504.346,2507.102,6660,6041.197988136734,1,NEUTRAL,NEUTRAL,BEARISH,8.459
1277,2507.104,2507.494,2502.416,2503.6,6092,6041.197988136734,1,NEUTRAL,NEUTRAL,BEARISH,8.186
1278,2503.578,2508.022,2501.049,2507.223,6131,6041.197988136734,1,NEUTRAL,NEUTRAL,BEARISH,8.209
1279,2507.267,2509.122,2498.019,2499.506,11669,6041.197988136734,2,NEUTRAL,NEUTRAL,BEARISH,7.929
1280,2499.539,2504.136,2495.186,2500.661,10660,6041.197988136734,1,OVERSOLD,NEUTRAL,BEARISH,7.638
1281,2500.618,2501.5,2482.982,2487.915,17821,6041.197988136734,1,OVERSOLD,OVERSOLD,BEARISH,8.267
1282,2487.887,2487.887,2470.801,2480.02,19473,6041.197988136734,1,OVERSOLD,OVERSOLD,BEARISH,9.077
1283,2480.011,2484.173,2474.958,2481.794,10566,6041.197988136734,1,OVERSOLD,OVERSOLD,BEARISH,8.855
1284,2481.842,2485.965,2481.285,2484.204,7365,6041.197988136734,1,OVERSOLD,OVERSOLD,BEARISH,8.714
1285,2484.182,2484.422,2479.571,2482.207,6347,6041.197988136734,1,OVERSOLD,OVERSOLD,BEARISH,8.806
1286,2482.253,2484.789,2478.527,2482.983,10131,6041.197988136734,2,NEUTRAL,OVERSOLD,BEARISH,8.75
1287,2483.021,2487.598,2482.369,2487.564,6693,6041.197988136734,3,OVERBOUGHT,NEUTRAL,BEARISH,8.494
1288,2487.574,2492.189,2486.435,2490.801,12203,6092.4807194253,2,OVERBOUGHT,NEUTRAL,BEARISH,8.512
1289,2490.841,2493.753,2486.675,2493.165,10776,6092.4807194253,2,OVERBOUGHT,NEUTRAL,BEARISH,8.304
1290,2493.153,2495.768,2491.096,2491.8,8784,6092.4807194253,2,OVERBOUGHT,NEUTRAL,BULLISH,8.248
1291,2491.78,2494.638,2490.567,2493.384,11607,6092.4807194253,2,OVERBOUGHT,NEUTRAL,BULLISH,8.176
1292,2493.338,2501.873,2492.991,2498.976,11078,6092.4807194253,2,OVERBOUGHT,NEUTRAL,BULLISH,8.313
1293,2498.931,2502.496,2495.597,2501.571,10196,6092.4807194253,2,OVERBOUGHT,OVERBOUGHT,BULLISH,8.012
1294,2501.557,2502.379,2498.358,2501.332,6840,6092.4807194253,1,OVERBOUGHT,OVERBOUGHT,BULLISH,7.66
1295,2501.299,2503.903,2494.453,2498.544,10733,6092.4807194253,1,OVERBOUGHT,OVERBOUGHT,BULLISH,7.013
1296,2497.992,2517.862,2497.803,2509.138,31663,6092.4807194253,1,OVERBOUGHT,OVERBOUGHT,BULLISH,7.223
1297,2509.165,2518.35,2507.91,2509.845,14137,6092.4807194253,1,OVERBOUGHT,OVERBOUGHT,BULLISH,7.311
1298,2509.884,2510.51,2501.675,2510.244,10291,6092.4807194253,1,OVERBOUGHT,OVERBOUGHT,BULLISH,7.607
1299,2510.318,2513.242,2509.489,2510.918,6934,6092.4807194253,1,OVERBOUGHT,OVERBOUGHT,BULLISH,7.529
1300,2510.908,2512.802,2507.817,2510.772,9569,6092.4807194253,2,OVERBOUGHT,OVERBOUGHT,BULLISH,7.438
1301,2510.745,2514.663,2509.532,2512.954,6188,5541.724619162574,2,OVERBOUGHT,OVERBOUGHT,BULLISH,7.431
1302,2512.978,2517.001,2512.467,2513.729,9857,5596.223068131218,2,OVERBOUGHT,OVERBOUGHT,BULLISH,7.344
1303,2513.72,2515.514,2510.553,2513.344,8648,5596.223068131218,1,OVERBOUGHT,OVERBOUGHT,BULLISH,7.192
1304,2513.377,2515.339,2509.33,2509.769,9681,5596.223068131218,2,NEUTRAL,OVERBOUGHT,BULLISH,7.288
1305,2509.739,2511.253,2508.646,2510.571,8809,5596.223068131218,2,NEUTRAL,OVERBOUGHT,BULLISH,7.183
1306,2510.607,2515.392,2509.804,2515.117,6612,5596.223068131218,1,NEUTRAL,OVERBOUGHT,BULLISH,6.948
1307,2515.072,2521.82,2514.169,2521.408,7985,5596.223068131218,1,OVERBOUGHT,OVERBOUGHT,BULLISH,7.002
1308,2521.412,2525.782,2520.702,2524.19,6492,5596.223068131218,1,OVERBOUGHT,OVERBOUGHT,BULLISH,7.077
1309,2524.235,2526.627,2522.517,2524.926,10943,5596.223068131218,2,OVERBOUGHT,OVERBOUGHT,BULLISH,6.696
1310,2524.893,2526.906,2520.856,2526.533,6804,5596.223068131218,1,OVERBOUGHT,OVERBOUGHT,BULLISH,5.695
1311,2526.467,2527.009,2522.573,2523.841,9336,5596.223068131218,1,OVERBOUGHT,OVERBOUGHT,BULLISH,5.266
1312,2523.801,2526.444,2515.435,2515.883,15116,5596.223068131218,1,NEUTRAL,OVERBOUGHT,BULLISH,5.422
1313,2515.923,2519.018,2510.633,2516.913,13590,5596.223068131218,1,OVERSOLD,NEUTRAL,BULLISH,5.753
1314,2516.871,2517.455,2511.389,2515.787,9498,5596.223068131218,1,OVERSOLD,NEUTRAL,BEARISH,5.83
1315,2515.831,2520.461,2513.518,2520.209,6397,5596.223068131218,1,NEUTRAL,NEUTRAL,BEARISH,5.959
1316,2520.161,2523.391,2516.454,2518.04,6346,5596.223068131218,1,NEUTRAL,NEUTRAL,BEARISH,6.131
1317,2518.037,2520.967,2515.489,2518.169,8992,5596.223068131218,2,NEUTRAL,NEUTRAL,BEARISH,6.168
1318,2518.204,2519.095,2515.406,2515.512,5971,5596.223068131218,3,NEUTRAL,NEUTRAL,BEARISH,6.002
1319,2515.477,2516.709,2508.29,2509.763,11587,5677.995474340943,2,NEUTRAL,NEUTRAL,BEARISH,6.417
1320,2509.765,2510.351,2505.816,2508.785,6305,5677.995474340943,1,OVERSOLD,OVERSOLD,BEARISH,6.342
1321,2508.748,2509.554,2505.82,2507.303,8221,5677.995474340943,2,OVERSOLD,OVERSOLD,BEARISH,6.062
1322,2507.326,2513.792,2506.618,2513.497,6138,5677.995474340943,1,NEUTRAL,OVERSOLD,BEARISH,6.212
1323,2513.539,2517.498,2512.778,2514.85,7550,5677.995474340943,1,NEUTRAL,OVERSOLD,BEARISH,6.255
1324,2514.898,2517.561,2504.528,2504.988,8646,5677.995474340943,1,NEUTRAL,OVERSOLD,BEARISH,6.754
1325,2504.885,2512.49,2503.528,2511.059,7308,5677.995474340943,1,NEUTRAL,OVERSOLD,BEARISH,7.077
1326,2511.024,2513.745,2508.072,2508.917,6843,5677.995474340943,1,NEUTRAL,OVERSOLD,BEARISH,6.696
1327,2508.874,2510.525,2506.851,2508.992,6518,5677.995474340943,1,NEUTRAL,OVERSOLD,BEARISH,6.36
1328,2509.029,2512.428,2508.589,2511.479,5732,5677.995474340943,1,NEUTRAL,NEUTRAL,BEARISH,6.201
1329,2511.444,2514.36,2507.698,2509.915,8285,5677.995474340943,1,NEUTRAL,NEUTRAL,BEARISH,6.181
1330,2509.875,2515.102,2503.462,2512.41,15049,5677.995474340943,1,NEUTRAL,NEUTRAL,BEARISH,6.517
1331,2512.29,2518.109,2507.741,2514.734,15259,5677.995474340943,1,OVERBOUGHT,NEUTRAL,BEARISH,6.866
1332,2514.801,2520.316,2511.516,2512.134,9907,5677.995474340943,1,NEUTRAL,NEUTRAL,BEARISH,7.231
1333,2512.107,2514.5,2509.815,2514.403,6417,5677.995474340943,1,NEUTRAL,NEUTRAL,BULLISH,6.964
1334,2514.481,2521.725,2514.071,2520.038,6679,5677.995474340943,1,OVERBOUGHT,NEUTRAL,BULLISH,7.187
1335,2520.014,2525.938,2519.875,2525.097,10046,5677.995474340943,2,OVERBOUGHT,OVERBOUGHT,BULLISH,7.353
1336,2525.062,2529.062,2523.78,2525.269,8426,5677.995474340943,3,OVERBOUGHT,OVERBOUGHT,BULLISH,7.218
1337,2525.223,2525.825,2516.802,2517.081,11041,5748.3292386894245,2,NEUTRAL,OVERBOUGHT,BULLISH,7.526
1338,2517.095,2518.51,2513.366,2516.332,6070,5748.3292386894245,1,NEUTRAL,NEUTRAL,BULLISH,6.962
1339,2516.31,2517.116,2510.193,2511.551,8950,5748.3292386894245,2,OVERSOLD,NEUTRAL,BULLISH,6.816
1340,2511.571,2511.742,2505.447,2505.705,7605,5748.3292386894245,1,OVERSOLD,NEUTRAL,BEARISH,6.861
1341,2505.674,2508.892,2503.219,2508.452,8556,5748.3292386894245,1,OVERSOLD,OVERSOLD,BEARISH,7.004
1342,2508.49,2511.304,2507.508,2509.984,7559,5748.3292386894245,1,OVERSOLD,OVERSOLD,BEARISH,7.001
1343,2509.942,2509.942,2505.961,2508.111,6074,5748.3292386894245,1,OVERSOLD,OVERSOLD,BEARISH,6.812
1344,2508.072,2511.432,2502.539,2505.368,10940,5748.3292386894245,2,OVERSOLD,OVERSOLD,BEARISH,6.616
1345,2505.346,2505.483,2500.69,2501.485,6976,5748.3292386894245,1,NEUTRAL,OVERSOLD,BEARISH,6.218
1346,2501.445,2501.675,2493.498,2500.557,11348,5748.3292386894245,1,OVERSOLD,OVERSOLD,BEARISH,6.173
1347,2500.595,2510.703,2499.313,2506.588,15164,5748.3292386894245,1,NEUTRAL,OVERSOLD,BEARISH,6.652
1348,2506.551,2509.116,2503.957,2507.518,11249,5748.3292386894245,1,NEUTRAL,NEUTRAL,BEARISH,6.474
1349,2507.56,2510.25,2504.988,2506.141,8476,5748.3292386894245,1,NEUTRAL,NEUTRAL,BEARISH,6.417
1350,2506.182,2506.503,2496.385,2501.892,7710,5748.3292386894245,1,NEUTRAL,NEUTRAL,BEARISH,6.762
1351,2501.891,2506.372,2500.479,2505.332,6585,5748.3292386894245,1,NEUTRAL,NEUTRAL,BEARISH,6.539
1352,2505.377,2509.609,2503.577,2507.607,9796,5748.3292386894245,2,NEUTRAL,NEUTRAL,BEARISH,6.602
1353,2507.643,2508.703,2502.76,2507.142,7323,5748.3292386894245,2,NEUTRAL,NEUTRAL,BEARISH,6.532
1354,2507.107,2515.335,2506.383,2512.321,8144,5815.135184211067,2,NEUTRAL,OVERBOUGHT,BULLISH,6.722
1355,2512.357,2514.688,2511.676,2513.184,6372,5815.135184211067,1,OVERBOUGHT,OVERBOUGHT,BULLISH,6.532
1356,2513.187,2516.771,2511.644,2516.543,9258,5815.135184211067,2,OVERBOUGHT,OVERBOUGHT,BULLISH,6.627
1357,2516.591,2519.93,2513.806,2518.728,9688,5815.135184211067,2,OVERBOUGHT,OVERBOUGHT,BULLISH,6.777
1358,2518.695,2521.164,2516.292,2516.875,6416,5815.135184211067,1,OVERBOUGHT,OVERBOUGHT,BULLISH,6.49
1359,2516.912,2519.147,2515.169,2519.091,5837,5815.135184211067,1,OVERBOUGHT,OVERBOUGHT,BULLISH,6.431
1360,2519.125,2520.181,2515.079,2517.153,7990,5815.135184211067,1,NEUTRAL,OVERBOUGHT,BULLISH,6.212
1361,2517.193,2524.378,2515.917,2522.935,6095,5815.135184211067,1,OVERBOUGHT,OVERBOUGHT,BULLISH,6.003
1362,2522.965,2524.446,2520.778,2523.082,6265,5815.135184211067,1,NEUTRAL,OVERBOUGHT,BULLISH,5.896
1363,2523.117,2523.358,2503.558,2509.156,20981,5815.135184211067,2,NEUTRAL,OVERBOUGHT,BULLISH,6.934
1364,2509.187,2519.224,2508.136,2516.813,16783,5815.135184211067,1,NEUTRAL,NEUTRAL,BULLISH,7.004
1365,2516.861,2522.317,2514.384,2522.092,14213,5815.135184211067,1,NEUTRAL,NEUTRAL,BULLISH,7.149
1366,2522.135,2525.67,2518.561,2522.507,8394,5815.135184211067,1,NEUTRAL,OVERBOUGHT,BULLISH,7.226
1367,2522.557,2526.779,2517.418,2525.217,6759,5815.135184211067,1,NEUTRAL,OVERBOUGHT,BULLISH,7.471
1368,2525.261,2528.669,2523.476,2525.799,6368,5815.135184211067,1,OVERBOUGHT,OVERBOUGHT,BULLISH,7.202
1369,2525.843,2526.418,2521.013,2523.048,6328,5815.135184211067,1,OVERBOUGHT,OVERBOUGHT,BULLISH,7.373
1370,2523.033,2524.876,2520.636,2521.459,7668,5815.135184211067,2,NEUTRAL,OVERBOUGHT,BULLISH,7.31
1371,2520.922,2521.833,2516.704,2517.726,7737,5925.3088174608065,3,OVERSOLD,NEUTRAL,BULLISH,7.239
1372,2517.738,2520.108,2514.425,2516.107,6971,5925.3088174608065,1,OVERSOLD,NEUTRAL,BEARISH,7.296
1373,2516.019,2517.908,2512.292,2513.555,9875,5925.3088174608065,2,OVERSOLD,NEUTRAL,BEARISH,7.413
1374,2513.533,2516.306,2512.166,2513.81,9235,5925.3088174608065,2,OVERSOLD,NEUTRAL,BEARISH,7.345
1375,2513.805,2524.066,2513.107,2517.768,9733,5925.3088174608065,1,NEUTRAL,NEUTRAL,BEARISH,7.523
1376,2517.743,2521.379,2517.512,2519.369,6111,5925.3088174608065,1,NEUTRAL,NEUTRAL,BEARISH,7.537
1377,2519.356,2526.752,2518.839,2522.944,6054,5925.3088174608065,1,OVERBOUGHT,NEUTRAL,BEARISH,6.688
1378,2522.967,2526.914,2514.987,2515.372,11714,5925.3088174608065,2,NEUTRAL,NEUTRAL,BEARISH,6.748
1379,2515.326,2524.76,2514.999,2519.591,19148,5925.3088174608065,2,NEUTRAL,NEUTRAL,BEARISH,6.879
1380,2519.567,2519.844,2512.858,2515.457,17139,5925.3088174608065,1,NEUTRAL,OVERSOLD,BEARISH,6.87
1381,2515.485,2518.421,2506.361,2509.161,18700,5925.3088174608065,1,NEUTRAL,OVERSOLD,BEARISH,7.063
1382,2509.122,2509.626,2500.233,2502.501,14532,5925.3088174608065,1,OVERSOLD,OVERSOLD,BEARISH,7.363
1383,2502.465,2506.045,2496.532,2497.728,9932,5925.3088174608065,1,OVERSOLD,OVERSOLD,BEARISH,7.656
1384,2497.695,2500.435,2494.086,2499.495,9204,5925.3088174608065,1,OVERSOLD,OVERSOLD,BEARISH,7.807
1385,2499.531,2504.75,2498.272,2502.343,11677,5925.3088174608065,2,OVERSOLD,OVERSOLD,BEARISH,7.903
1386,2502.304,2504.755,2501.833,2503.468,5440,5382.67226341692,2,NEUTRAL,OVERSOLD,BEARISH,7.706
1387,2503.469,2504.98,2501.138,2501.589,6943,5268.358238329594,2,NEUTRAL,OVERSOLD,BEARISH,7.579
1388,2501.54,2504.69,2496.642,2498.021,8458,5268.358238329594,1,NEUTRAL,OVERSOLD,BEARISH,7.858
1389,2497.948,2498.269,2489.977,2491.966,8964,5268.358238329594,1,OVERSOLD,OVERSOLD,BEARISH,7.668
1390,2491.977,2499.532,2491.381,2496.858,8566,5268.358238329594,2,NEUTRAL,OVERSOLD,BEARISH,7.974
1391,2496.899,2501.457,2495.19,2497.569,12085,5268.358238329594,2,NEUTRAL,OVERSOLD,BEARISH,7.856
1392,2497.528,2499.536,2496.161,2498.204,5617,5268.358238329594,1,NEUTRAL,OVERSOLD,BEARISH,7.246
1393,2498.189,2507.334,2497.25,2506.24,6662,5268.358238329594,1,OVERBOUGHT,NEUTRAL,BEARISH,7.269
1394,2506.215,2506.592,2498.181,2498.888,6086,5268.358238329594,1,NEUTRAL,NEUTRAL,BEARISH,7.37
1395,2498.851,2502.055,2497.082,2499.814,9905,5268.358238329594,2,NEUTRAL,NEUTRAL,BULLISH,6.864
1396,2499.774,2503.206,2498.541,2499.94,12330,5268.358238329594,2,NEUTRAL,NEUTRAL,BULLISH,6.526
1397,2499.92,2502.441,2497.672,2501.955,5970,5268.358238329594,1,NEUTRAL,NEUTRAL,BULLISH,6.188
1398,2501.991,2502.405,2498.616,2500.527,7138,5268.358238329594,2,OVERSOLD,NEUTRAL,BULLISH,6.005
1399,2500.483,2501.34,2494.952,2495.778,9078,5521.820152139474,4,NEUTRAL,NEUTRAL,BULLISH,5.998
1400,2495.733,2495.848,2489.686,2493.699,8574,5521.820152139474,1,OVERSOLD,NEUTRAL,BULLISH,6.23
1401,2493.729,2496.41,2492.423,2495.26,6715,5521.820152139474,1,NEUTRAL,OVERSOLD,BEARISH,6.24
1402,2495.222,2496.95,2493.039,2495.94,8994,5521.820152139474,2,OVERSOLD,OVERSOLD,BULLISH,5.945
1403,2495.904,2498.851,2492.733,2497.822,12359,5521.820152139474,2,NEUTRAL,NEUTRAL,BULLISH,5.789
1404,2497.784,2502.051,2496.584,2500.843,6950,5521.820152139474,1,OVERBOUGHT,NEUTRAL,BULLISH,5.598
1405,2500.809,2506.249,2500.55,2503.893,6833,5521.820152139474,1,OVERBOUGHT,NEUTRAL,BULLISH,5.557
1406,2503.932,2505.001,2500.866,2500.917,5758,5521.820152139474,1,OVERBOUGHT,NEUTRAL,BULLISH,5.611
1407,2500.95,2501.038,2492.602,2497.266,7883,5521.820152139474,1,NEUTRAL,NEUTRAL,BULLISH,5.494
1408,2497.226,2501.556,2484.651,2489.665,11001,5521.820152139474,1,OVERSOLD,NEUTRAL,BULLISH,6.1
1409,2489.626,2502.213,2487.052,2493.269,19056,5521.820152139474,1,NEUTRAL,NEUTRAL,BEARISH,6.828
1410,2493.228,2497.692,2475.464,2479.973,25142,5521.820152139474,1,OVERSOLD,OVERSOLD,BEARISH,8.082
1411,2481.991,2485.623,2473.282,2478.282,25395,5521.820152139474,1,OVERSOLD,OVERSOLD,BEARISH,8.623
1412,2478.259,2489.497,2477.168,2488.353,11248,5521.820152139474,1,NEUTRAL,OVERSOLD,BEARISH,9.233
1413,2488.33,2488.993,2483.879,2485.945,6970,5521.820152139474,1,NEUTRAL,NEUTRAL,BEARISH,9.142
1414,2485.914,2491.985,2485.48,2489.489,6113,5521.820152139474,1,NEUTRAL,NEUTRAL,BEARISH,9.167
1415,2489.48,2494.398,2487.058,2492.015,9513,5521.820152139474,2,OVERBOUGHT,NEUTRAL,BEARISH,9.406
1416,2491.965,2494.764,2491.318,2493.223,7782,5521.820152139474,3,OVERBOUGHT,NEUTRAL,BULLISH,9.373
1417,2493.2,2495.001,2491.281,2493.346,11524,5654.226169396032,2,OVERBOUGHT,NEUTRAL,BULLISH,9.202
1418,2493.312,2496.95,2492.439,2495.016,9192,5654.226169396032,2,OVERBOUGHT,NEUTRAL,BULLISH,9.134
1419,2495.058,2496.733,2492.781,2493.142,7803,5654.226169396032,2,OVERBOUGHT,NEUTRAL,BULLISH,9.009
1420,2493.119,2493.43,2483.714,2484.311,8438,5654.226169396032,1,OVERSOLD,NEUTRAL,BULLISH,9.407
1421,2484.267,2488.21,2481.921,2482.177,8126,5654.226169396032,1,OVERSOLD,NEUTRAL,BEARISH,9.254
1422,2482.172,2483.322,2472.504,2473.342,8545,5654.226169396032,1,OVERSOLD,OVERSOLD,BEARISH,8.819
1423,2473.367,2483.296,2471.868,2481.59,9547,5654.226169396032,1,OVERSOLD,OVERSOLD,BEARISH,8.553
1424,2481.578,2489.995,2481.078,2488.978,7585,5654.226169396032,1,NEUTRAL,NEUTRAL,BEARISH,7.602
1425,2488.98,2491.267,2486.744,2489.177,7513,5654.226169396032,1,NEUTRAL,NEUTRAL,BULLISH,7.043
1426,2489.14,2491.16,2485.422,2486.513,10801,5654.226169396032,1,NEUTRAL,NEUTRAL,BULLISH,6.573
1427,2486.523,2490.041,2482.056,2485.782,14211,5654.226169396032,1,OVERBOUGHT,NEUTRAL,BULLISH,6.778
1428,2485.668,2500.3,2485.049,2496.228,24088,5654.226169396032,1,OVERBOUGHT,NEUTRAL,BULLISH,7.402
1429,2496.209,2498.307,2492.836,2493.984,10712,5654.226169396032,1,NEUTRAL,OVERBOUGHT,BULLISH,7.269
1430,2493.958,2498.023,2493.124,2496.688,6267,5654.226169396032,1,NEUTRAL,OVERBOUGHT,BULLISH,7.373
1431,2496.659,2497.395,2492.264,2494.658,9977,5654.226169396032,2,OVERBOUGHT,OVERBOUGHT,BULLISH,7.474
1432,2494.698,2496.951,2491.432,2495.811,7133,5654.226169396032,2,OVERBOUGHT,OVERBOUGHT,BULLISH,7.546
1433,2495.236,2496.9,2494.374,2495.164,8194,5785.6093913583145,3,NEUTRAL,OVERBOUGHT,BULLISH,7.444
1434,2495.16,2499.335,2494.48,2496.376,6797,5785.6093913583145,1,NEUTRAL,OVERBOUGHT,BULLISH,7.096
1435,2496.404,2498.972,2494.633,2494.868,8509,5785.6093913583145,2,NEUTRAL,OVERBOUGHT,BULLISH,6.957
1436,2494.835,2502.357,2493.759,2501.914,8532,5785.6093913583145,2,OVERBOUGHT,OVERBOUGHT,BULLISH,6.799
1437,2501.878,2506.888,2500.747,2504.468,8233,5785.6093913583145,1,OVERBOUGHT,OVERBOUGHT,BULLISH,6.421
1438,2504.416,2507.623,2502.918,2506.37,6209,5785.6093913583145,1,OVERBOUGHT,OVERBOUGHT,BULLISH,6.12
1439,2506.408,2516.669,2505.917,2514.682,9541,5785.6093913583145,1,OVERBOUGHT,OVERBOUGHT,BULLISH,6.565
1440,2514.717,2517.312,2514.717,2515.543,6650,5785.6093913583145,1,OVERBOUGHT,OVERBOUGHT,BULLISH,6.343
1441,2515.564,2518.375,2513.333,2515.199,13181,5785.6093913583145,2,OVERBOUGHT,OVERBOUGHT,BULLISH,6.133
1442,2515.246,2523.574,2514.119,2517.758,16963,5785.6093913583145,1,OVERBOUGHT,OVERBOUGHT,BULLISH,5.719
1443,2517.796,2519.426,2512.384,2514.912,17345,5785.6093913583145,1,OVERBOUGHT,OVERBOUGHT,BULLISH,5.831
1444,2514.857,2520.632,2507.599,2508.72,22137,5785.6093913583145,1,OVERSOLD,NEUTRAL,BULLISH,6.412
1445,2508.763,2510.979,2503.797,2507.154,12092,5785.6093913583145,1,OVERSOLD,NEUTRAL,BULLISH,6.559
1446,2507.179,2511.61,2506.073,2510.394,7313,5785.6093913583145,1,NEUTRAL,NEUTRAL,BULLISH,6.56
1447,2510.369,2515.468,2509.255,2515.079,6231,5785.6093913583145,1,NEUTRAL,NEUTRAL,BULLISH,6.823
1448,2515.114,2516.854,2513.616,2514.814,8720,5785.6093913583145,2,NEUTRAL,NEUTRAL,BULLISH,6.708
1449,2514.857,2518.007,2514.802,2517.282,6591,5785.6093913583145,3,OVERBOUGHT,OVERBOUGHT,BULLISH,6.627
1450,2517.277,2517.652,2513.454,2513.859,9523,6168.341036625777,2,OVERBOUGHT,NEUTRAL,BULLISH,6.312
1451,2513.825,2518.474,2513.044,2518.232,9323,6168.341036625777,2,OVERBOUGHT,OVERBOUGHT,BULLISH,6.262
1452,2518.257,2521.865,2517.694,2520.137,8632,6168.341036625777,2,OVERBOUGHT,OVERBOUGHT,BULLISH,6.223
1453,2520.09,2521.402,2516.617,2519.178,6596,6168.341036625777,1,NEUTRAL,OVERBOUGHT,BULLISH,5.797
1454,2519.134,2519.911,2516.278,2516.553,6252,6168.341036625777,1,NEUTRAL,OVERBOUGHT,BULLISH,5.869
1455,2516.516,2519.91,2515.501,2519.161,9886,6168.341036625777,2,OVERBOUGHT,OVERBOUGHT,BEARISH,5.824
1456,2519.179,2520.364,2514.669,2516.271,11063,6168.341036625777,2,NEUTRAL,OVERBOUGHT,BEARISH,5.555
1457,2516.302,2529.204,2507.541,2522.221,25090,6168.341036625777,1,NEUTRAL,OVERBOUGHT,BEARISH,6.599
1458,2522.247,2523.046,2502.144,2509.371,32044,6168.341036625777,1,NEUTRAL,NEUTRAL,BEARISH,7.161
1459,2509.391,2515.607,2500.403,2506.776,27251,6168.341036625777,1,NEUTRAL,NEUTRAL,BEARISH,7.734
1460,2506.809,2518.517,2503.653,2505.371,31640,6168.341036625777,1,OVERSOLD,OVERSOLD,BEARISH,8.401
1461,2505.314,2505.882,2485.007,2488.936,23777,6168.341036625777,1,OVERSOLD,OVERSOLD,BEARISH,9.448
1462,2488.899,2496.985,2485.878,2495.576,13229,6168.341036625777,1,OVERSOLD,OVERSOLD,BEARISH,10.01
1463,2495.599,2496.842,2492.047,2494.58,9031,6168.341036625777,1,OVERSOLD,OVERSOLD,BEARISH,10.124
1464,2494.625,2496.8,2490.707,2495.978,8098,6168.341036625777,1,OVERSOLD,OVERSOLD,BEARISH,10.259
1465,2495.939,2498.007,2494.735,2497.871,6362,5605.256969645544,2,NEUTRAL,OVERSOLD,BEARISH,10.105
1466,2497.897,2498.279,2495.492,2496.02,8497,5710.3951947586675,2,OVERBOUGHT,OVERSOLD,BEARISH,10.006
1467,2495.994,2498.666,2494.711,2497.765,9808,5710.3951947586675,1,NEUTRAL,OVERSOLD,BEARISH,9.947
1468,2497.802,2499.1,2496.97,2497.174,6329,5710.3951947586675,1,NEUTRAL,OVERSOLD,BEARISH,9.839
1469,2497.136,2500.508,2496.727,2498.17,8295,5710.3951947586675,2,NEUTRAL,OVERSOLD,BEARISH,9.795
1470,2498.159,2498.288,2487.405,2487.82,7595,5710.3951947586675,1,OVERSOLD,OVERSOLD,BEARISH,10.165
1471,2487.839,2493.575,2485.503,2489.733,10719,5710.3951947586675,1,OVERSOLD,OVERSOLD,BEARISH,9.194
1472,2489.78,2496.672,2488.778,2494.3,11678,5710.3951947586675,1,NEUTRAL,OVERSOLD,BEARISH,8.265
1473,2494.338,2495.594,2489.965,2492.139,9240,5710.3951947586675,1,NEUTRAL,OVERSOLD,BEARISH,7.581
1474,2492.179,2497.657,2492.031,2496.296,6391,5710.3951947586675,1,NEUTRAL,NEUTRAL,BEARISH,6.921
1475,2496.33,2499.137,2493.104,2494.352,6395,5710.3951947586675,1,OVERBOUGHT,NEUTRAL,BEARISH,5.861
1476,2494.389,2504.137,2493.379,2500.909,14847,5710.3951947586675,2,OVERBOUGHT,NEUTRAL,BULLISH,5.836
1477,2500.824,2505.292,2499.259,2499.795,13474,5710.3951947586675,1,NEUTRAL,OVERBOUGHT,BULLISH,5.925
1478,2499.758,2501.175,2493.231,2496.824,12855,5710.3951947586675,1,NEUTRAL,OVERBOUGHT,BULLISH,6.057
1479,2496.858,2499.642,2493.578,2499.09,8885,5710.3951947586675,1,NEUTRAL,NEUTRAL,BULLISH,6.256
1480,2499.121,2505.233,2499.121,2504.327,6623,5710.3951947586675,1,OVERBOUGHT,OVERBOUGHT,BULLISH,6.496
1481,2504.328,2506.55,2499.429,2499.972,6294,5710.3951947586675,1,NEUTRAL,OVERBOUGHT,BULLISH,6.722
1482,2500.013,2506.113,2499.404,2505.96,9704,5710.3951947586675,2,NEUTRAL,OVERBOUGHT,BULLISH,7.049
1483,2505.921,2507.701,2505.221,2506.813,7041,5710.3951947586675,3,OVERBOUGHT,OVERBOUGHT,BULLISH,6.956
1484,2506.815,2507.461,2502.867,2503.835,11203,5757.746446051493,2,NEUTRAL,OVERBOUGHT,BULLISH,6.507
1485,2503.835,2504.41,2501.37,2502.532,9637,5757.746446051493,2,NEUTRAL,OVERBOUGHT,BULLISH,6.148
1486,2502.5,2504.931,2500.736,2503.884,8218,5757.746446051493,2,NEUTRAL,OVERBOUGHT,BULLISH,5.884
1487,2503.871,2506.57,2503.364,2505.053,6642,5757.746446051493,1,NEUTRAL,OVERBOUGHT,BULLISH,5.71
1488,2505.008,2507.773,2502.07,2502.792,6554,5757.746446051493,1,OVERSOLD,OVERBOUGHT,BULLISH,5.716
1489,2502.754,2503.113,2500.052,2502.248,6241,5757.746446051493,1,NEUTRAL,OVERBOUGHT,BULLISH,5.504
1490,2502.236,2506.056,2500.165,2506.038,6416,5757.746446051493,1,NEUTRAL,OVERBOUGHT,BULLISH,5.156
1491,2506.063,2509.669,2505.12,2505.618,6656,5757.746446051493,1,NEUTRAL,OVERBOUGHT,BULLISH,5.05
1492,2505.58,2507.149,2504.211,2504.607,6063,5757.746446051493,1,NEUTRAL,OVERBOUGHT,BULLISH,4.692
1493,2504.575,2514.069,2504.451,2513.784,8354,5757.746446051493,1,OVERBOUGHT,OVERBOUGHT,BULLISH,4.946
1494,2513.817,2515.359,2506.18,2506.804,15085,5757.746446051493,1,NEUTRAL,OVERBOUGHT,BULLISH,5.163
1495,2506.765,2509.242,2500.872,2508.999,16662,5757.746446051493,1,NEUTRAL,NEUTRAL,BULLISH,5.252
1496,2509.094,2518.415,2508.174,2512.77,11532,5757.746446051493,1,NEUTRAL,NEUTRAL,BULLISH,5.505
1497,2512.797,2515.539,2510.693,2514.335,7541,5757.746446051493,1,OVERBOUGHT,NEUTRAL,BULLISH,5.674
1498,2514.341,2515.697,2512.886,2513.156,5878,5757.746446051493,1,NEUTRAL,OVERBOUGHT,BULLISH,5.546
1499,2513.139,2517.515,2512.09,2517.212,9815,5757.746446051493,2,OVERBOUGHT,OVERBOUGHT,BULLISH,5.717
1500,2517.214,2518.868,2515.75,2518.678,6485,5757.746446051493,3,OVERBOUGHT,OVERBOUGHT,BULLISH,5.64
1501,2518.638,2522.577,2514.94,2518.784,13896,5974.8340861100805,2,OVERBOUGHT,OVERBOUGHT,BULLISH,5.956
1502,2518.781,2520.326,2517.554,2518.794,6049,5974.8340861100805,1,OVERBOUGHT,OVERBOUGHT,BULLISH,5.747
1503,2518.753,2520.147,2516.746,2519.533,9357,5974.8340861100805,2,OVERBOUGHT,OVERBOUGHT,BULLISH,5.771
1504,2519.597,2522.454,2519.322,2521.209,6668,5974.8340861100805,1,OVERBOUGHT,OVERBOUGHT,BULLISH,5.574
1505,2521.231,2529.06,2520.833,2526.552,9218,5974.8340861100805,1,OVERBOUGHT,OVERBOUGHT,BULLISH,5.837
1506,2526.563,2527.748,2520.715,2521.471,6420,5974.8340861100805,1,NEUTRAL,OVERBOUGHT,BULLISH,6.129
1507,2521.437,2527.221,2520.748,2524.299,7180,5974.8340861100805,1,NEUTRAL,OVERBOUGHT,BULLISH,5.905
1508,2524.299,2524.73,2519.76,2521.719,11002,5974.8340861100805,2,NEUTRAL,OVERBOUGHT,BULLISH,5.604
1509,2521.715,2524.217,2520.738,2522.267,6194,5974.8340861100805,1,NEUTRAL,OVERBOUGHT,BULLISH,5.255
1510,2522.227,2523.884,2502.175,2508.169,25922,5974.8340861100805,1,OVERSOLD,NEUTRAL,BEARISH,6.074
1511,2508.108,2512.89,2503.163,2509.622,26028,5974.8340861100805,1,OVERSOLD,NEUTRAL,BEARISH,6.422
1512,2509.642,2510.42,2500.844,2509.429,20414,5974.8340861100805,1,OVERSOLD,OVERSOLD,BEARISH,6.906
1513,2509.461,2514.959,2508.634,2514.743,10906,5974.8340861100805,1,NEUTRAL,NEUTRAL,BEARISH,6.97
1514,2514.712,2520.033,2513.668,2515.218,8061,5974.8340861100805,1,NEUTRAL,NEUTRAL,BEARISH,7.202
1515,2515.182,2516.912,2512.374,2514.548,7578,5974.8340861100805,1,OVERBOUGHT,NEUTRAL,BEARISH,6.98
1516,2514.563,2516.352,2511.276,2511.581,6097,5974.8340861100805,1,NEUTRAL,NEUTRAL,BEARISH,7.145
1517,2511.54,2513.828,2509.762,2511.462,7899,5974.8340861100805,2,NEUTRAL,NEUTRAL,BEARISH,7.193
1518,2512.31,2513.891,2511.066,2512.22,7532,6172.318141401184,3,OVERSOLD,NEUTRAL,BEARISH,7.171
1519,2512.174,2515.189,2511.691,2513.235,6457,6172.318141401184,1,NEUTRAL,NEUTRAL,BEARISH,6.833
1520,2513.203,2516.098,2510.973,2515.844,9303,6172.318141401184,2,NEUTRAL,NEUTRAL,BEARISH,6.697
1521,2515.88,2519.746,2515.493,2519.385,8381,6172.318141401184,2,OVERBOUGHT,NEUTRAL,BEARISH,6.538
1522,2519.416,2522.26,2514.441,2515.932,12194,6172.318141401184,2,NEUTRAL,NEUTRAL,BEARISH,6.742
1523,2515.906,2519.29,2515.119,2518.795,10363,6172.318141401184,2,OVERBOUGHT,OVERBOUGHT,BULLISH,6.791
1524,2518.782,2521.014,2512.966,2519.485,13706,6172.318141401184,2,OVERBOUGHT,OVERBOUGHT,BULLISH,5.815
1525,2519.523,2535.351,2518.862,2528.524,17166,6172.318141401184,1,OVERBOUGHT,OVERBOUGHT,BULLISH,6.298
1526,2528.498,2551.715,2522.09,2545.384,34451,6172.318141401184,1,OVERBOUGHT,OVERBOUGHT,BULLISH,7.73
1527,2545.359,2554.768,2541.849,2553.338,22026,6172.318141401184,1,OVERBOUGHT,OVERBOUGHT,BULLISH,8.201
1528,2553.363,2555.229,2548.879,2553.254,12504,6172.318141401184,1,OVERBOUGHT,OVERBOUGHT,BULLISH,8.2
1529,2553.23,2553.7,2544.854,2550.668,10716,6172.318141401184,1,OVERBOUGHT,OVERBOUGHT,BULLISH,8.508
1530,2550.679,2554.849,2550.104,2554.072,8565,6172.318141401184,1,OVERBOUGHT,OVERBOUGHT,BULLISH,8.484
1531,2554.103,2558.864,2552.048,2555.857,7497,6172.318141401184,1,OVERBOUGHT,OVERBOUGHT,BULLISH,8.681
1532,2555.822,2559.069,2554.473,2557.905,6774,6172.318141401184,1,OVERBOUGHT,OVERBOUGHT,BULLISH,8.807
1533,2557.87,2560.091,2556.742,2557.421,6484,6172.318141401184,2,OVERBOUGHT,OVERBOUGHT,BULLISH,8.797
1534,2557.453,2562.759,2556.742,2561.482,8600,6271.672762855039,2,OVERBOUGHT,OVERBOUGHT,BULLISH,8.86
1535,2561.526,2568.066,2559.896,2563.169,11450,6271.672762855039,1,OVERBOUGHT,OVERBOUGHT,BULLISH,9.14
1536,2563.197,2565.624,2561.569,2565.37,6745,6271.672762855039,1,OVERBOUGHT,OVERBOUGHT,BULLISH,8.871
1537,2565.335,2570.15,2564.63,2568.862,10019,6271.672762855039,2,OVERBOUGHT,OVERBOUGHT,BULLISH,8.967
1538,2568.858,2570.496,2563.068,2567.081,15198,6271.672762855039,2,OVERBOUGHT,OVERBOUGHT,BULLISH,8.923
1539,2567.18,2571.135,2563.872,2569.848,9371,6271.672762855039,1,OVERBOUGHT,OVERBOUGHT,BULLISH,8.264
1540,2569.858,2571.036,2565.649,2570.003,7621,6271.672762855039,1,OVERBOUGHT,OVERBOUGHT,BULLISH,6.533
1541,2569.916,2573.019,2567.011,2568.522,7862,6271.672762855039,1,NEUTRAL,OVERBOUGHT,BULLISH,6.039
1542,2568.553,2569.363,2565.54,2566.986,6526,6271.672762855039,1,NEUTRAL,OVERBOUGHT,BULLISH,5.859
1543,2567.022,2568.34,2563.648,2567.288,6557,6271.672762855039,1,NEUTRAL,OVERBOUGHT,BEARISH,5.562
1544,2567.323,2575.953,2566.033,2575.804,8908,6271.672762855039,1,OVERBOUGHT,OVERBOUGHT,BEARISH,5.932
1545,2575.838,2583.48,2573.497,2577.693,16573,6271.672762855039,1,OVERBOUGHT,OVERBOUGHT,BEARISH,6.158
1546,2577.665,2580.165,2573.131,2578.296,19331,6271.672762855039,1,OVERBOUGHT,OVERBOUGHT,BEARISH,6.332
1547,2578.332,2582.441,2573.677,2582.14,11915,6271.672762855039,1,OVERBOUGHT,OVERBOUGHT,BULLISH,6.719
1548,2582.175,2585.232,2580.094,2584.25,8071,6271.672762855039,1,OVERBOUGHT,OVERBOUGHT,BULLISH,6.656
1549,2584.236,2586.12,2581.48,2582.737,6786,6271.672762855039,1,OVERBOUGHT,OVERBOUGHT,BULLISH,6.404
1550,2582.771,2584.005,2580.691,2582.236,6279,6271.672762855039,1,OVERBOUGHT,OVERBOUGHT,BEARISH,6.351
1551,2582.235,2582.979,2577.704,2579.067,8407,6271.672762855039,2,NEUTRAL,OVERBOUGHT,BEARISH,6.333
1552,2578.456,2580.454,2577.543,2579.163,7288,5703.291229884718,2,OVERSOLD,OVERBOUGHT,BEARISH,6.011
1553,2579.17,2582.935,2578.887,2581.686,7703,5713.7158746576015,2,NEUTRAL,OVERBOUGHT,BEARISH,5.781
1554,2581.648,2589.001,2581.502,2586.294,9464,5713.7158746576015,2,NEUTRAL,OVERBOUGHT,BEARISH,5.932
1555,2586.335,2589.416,2584.865,2588.779,7468,5713.7158746576015,2,OVERBOUGHT,OVERBOUGHT,BEARISH,5.828
1556,2588.812,2589.651,2585.109,2585.338,6488,5713.7158746576015,1,OVERBOUGHT,OVERBOUGHT,BEARISH,5.879
1557,2585.381,2585.636,2579.452,2582.142,9163,5713.7158746576015,1,NEUTRAL,OVERBOUGHT,BEARISH,5.986
1558,2582.131,2588.526,2581.378,2586.854,7708,5713.7158746576015,1,NEUTRAL,OVERBOUGHT,BEARISH,5.788
1559,2586.855,2588.335,2584.14,2585.5,6371,5713.7158746576015,1,NEUTRAL,OVERBOUGHT,BEARISH,5.374
1560,2585.526,2586.406,2575.285,2579.773,7009,5713.7158746576015,1,OVERSOLD,NEUTRAL,BEARISH,5.666
1561,2579.798,2583.24,2578.686,2582.999,6276,5713.7158746576015,1,NEUTRAL,NEUTRAL,BEARISH,5.366
1562,2582.966,2583.576,2578.502,2583.401,10045,5713.7158746576015,1,NEUTRAL,NEUTRAL,BEARISH,5.361
1563,2583.445,2589.298,2581.207,2588.148,12945,5713.7158746576015,1,NEUTRAL,NEUTRAL,BEARISH,5.608
1564,2588.236,2588.502,2576.069,2580.158,14811,5713.7158746576015,1,NEUTRAL,NEUTRAL,BEARISH,6.259
1565,2580.18,2581.881,2577.643,2579.879,8823,5713.7158746576015,1,NEUTRAL,NEUTRAL,BEARISH,6.185
1566,2579.912,2584.019,2579.524,2583.645,5727,5713.7158746576015,1,NEUTRAL,NEUTRAL,BEARISH,6.298
1567,2583.6,2584.172,2579.848,2580.992,9494,5713.7158746576015,2,NEUTRAL,NEUTRAL,BEARISH,6.318
1568,2581.013,2583.463,2579.636,2582.907,5975,5713.7158746576015,2,NEUTRAL,NEUTRAL,BEARISH,6.055
1569,2582.736,2584.43,2580.172,2580.26,7913,5824.631823102908,3,NEUTRAL,NEUTRAL,BEARISH,6.035
1570,2580.252,2586.338,2578.409,2581.594,9353,5824.631823102908,2,NEUTRAL,NEUTRAL,BEARISH,6.276
1571,2581.554,2581.554,2574.879,2576.964,9902,5824.631823102908,2,OVERSOLD,NEUTRAL,BEARISH,6.314
1572,2576.962,2586.956,2574.534,2584.25,11392,5824.631823102908,2,NEUTRAL,NEUTRAL,BEARISH,6.691
1573,2584.291,2585.695,2577.532,2580.195,12952,5824.631823102908,2,NEUTRAL,NEUTRAL,BEARISH,6.975
1574,2580.067,2580.069,2571.648,2573.621,7396,5824.631823102908,1,NEUTRAL,NEUTRAL,BEARISH,6.791
1575,2573.574,2576.06,2569.707,2572.964,7278,5824.631823102908,1,NEUTRAL,OVERSOLD,BEARISH,6.919
1576,2573.013,2581.729,2572.186,2579.824,8651,5824.631823102908,1,NEUTRAL,OVERSOLD,BEARISH,7.238
1577,2579.834,2581.644,2568.336,2577.75,16265,5824.631823102908,1,NEUTRAL,NEUTRAL,BEARISH,7.611
1578,2577.736,2579.576,2573.093,2573.725,16500,5824.631823102908,1,NEUTRAL,NEUTRAL,BEARISH,7.186
1579,2573.697,2582.237,2571.767,2576.409,13817,5824.631823102908,1,NEUTRAL,NEUTRAL,BEARISH,7.631
1580,2576.443,2577.106,2561.739,2565.668,12667,5824.631823102908,1,NEUTRAL,OVERSOLD,BEARISH,8.408
1581,2565.692,2566.565,2561.311,2563.164,9573,5824.631823102908,1,OVERSOLD,OVERSOLD,BEARISH,8.474
1582,2563.195,2570.436,2560.661,2569.87,8188,5824.631823102908,1,NEUTRAL,OVERSOLD,BEARISH,8.899
1583,2569.855,2571.657,2566.9,2568.64,9910,5824.631823102908,2,NEUTRAL,OVERSOLD,BEARISH,8.935
1584,2568.666,2574.367,2568.29,2574.05,7359,5824.631823102908,3,NEUTRAL,NEUTRAL,BEARISH,8.802
1585,2574.019,2576.474,2571.472,2572.31,15285,6278.635141537553,2,NEUTRAL,NEUTRAL,BEARISH,8.68
1586,2572.271,2576.416,2570.001,2575.899,10894,6278.635141537553,2,OVERBOUGHT,NEUTRAL,BEARISH,8.251
1587,2575.923,2576.478,2565.709,2567.685,11018,6278.635141537553,2,NEUTRAL,NEUTRAL,BEARISH,8.437
1588,2567.719,2571.969,2566.628,2571.566,12014,6278.635141537553,2,NEUTRAL,NEUTRAL,BEARISH,8.208
1589,2571.643,2571.954,2567.934,2571.954,10824,6278.635141537553,2,NEUTRAL,NEUTRAL,BEARISH,8.042
1590,2571.969,2578.169,2571.079,2576.095,6631,6278.635141537553,1,NEUTRAL,NEUTRAL,BULLISH,7.866
1591,2576.133,2580.74,2573.481,2576.215,13612,6278.635141537553,2,NEUTRAL,NEUTRAL,BULLISH,7.434
1592,2576.239,2578.553,2568.588,2571.665,11955,6278.635141537553,1,NEUTRAL,NEUTRAL,BULLISH,7.683
1593,2571.64,2574.775,2567.947,2571.551,11078,6278.635141537553,1,NEUTRAL,NEUTRAL,BULLISH,7.423
1594,2571.589,2574.47,2567.98,2569.701,7788,6278.635141537553,1,NEUTRAL,NEUTRAL,BEARISH,6.789
1595,2569.731,2575.222,2566.902,2567.387,12375,6278.635141537553,2,OVERSOLD,NEUTRAL,BEARISH,7.008
1596,2567.76,2600.138,2567.639,2575.579,57689,6278.635141537553,1,NEUTRAL,NEUTRAL,BULLISH,8.649
1597,2575.628,2576.13,2546.828,2549.026,54397,6278.635141537553,1,OVERSOLD,OVERSOLD,BEARISH,10.402
1598,2548.981,2560.824,2548.3,2559.124,9361,6278.635141537553,1,NEUTRAL,OVERSOLD,BEARISH,10.863
1599,2558.398,2561.582,2555.664,2559.239,9279,6278.635141537553,2,NEUTRAL,OVERSOLD,BEARISH,10.928
1600,2559.239,2559.555,2550.894,2555.164,19139,6511.050842343499,2,NEUTRAL,OVERSOLD,BEARISH,11.088
1601,2555.205,2566.708,2555.205,2564.035,9310,6511.050842343499,1,NEUTRAL,OVERSOLD,BEARISH,11.144
1602,2563.992,2565.271,2561.335,2563.959,7119,6511.050842343499,1,OVERBOUGHT,OVERSOLD,BEARISH,11.043
1603,2564.002,2574.536,2559.564,2574.519,14327,6511.050842343499,2,OVERBOUGHT,NEUTRAL,BULLISH,11.826
1604,2574.55,2578.764,2573.889,2575.782,10455,6511.050842343499,1,OVERBOUGHT,NEUTRAL,BULLISH,11.667
1605,2575.886,2584.633,2574.999,2584.344,10318,6511.050842343499,1,OVERBOUGHT,NEUTRAL,BULLISH,11.837
1606,2584.361,2586.588,2581.329,2584.878,7207,6511.050842343499,1,OVERBOUGHT,NEUTRAL,BULLISH,11.501
1607,2584.866,2594.963,2583.953,2591.863,11072,6511.050842343499,1,OVERBOUGHT,OVERBOUGHT,BULLISH,11.8
1608,2591.813,2591.907,2585.866,2588.545,8099,6511.050842343499,1,OVERBOUGHT,OVERBOUGHT,BULLISH,11.768
1609,2588.586,2589.794,2584.386,2589.435,8896,6511.050842343499,1,OVERBOUGHT,OVERBOUGHT,BULLISH,11.56
1610,2589.399,2591.203,2573.157,2576.737,17494,6511.050842343499,1,NEUTRAL,OVERBOUGHT,BULLISH,10.509
1611,2576.705,2582.575,2569.753,2575.095,24469,6511.050842343499,1,NEUTRAL,NEUTRAL,BULLISH,9.332
1612,2575.132,2584.623,2571.724,2581.282,18714,6511.050842343499,1,OVERSOLD,NEUTRAL,BULLISH,9.359
1613,2581.305,2589.446,2580.344,2589.022,10545,6511.050842343499,1,NEUTRAL,OVERBOUGHT,BULLISH,9.586
1614,2589.062,2592.55,2587.609,2591.678,7769,6511.050842343499,1,NEUTRAL,OVERBOUGHT,BULLISH,9.321
1615,2591.702,2592.612,2586.616,2588.23,11550,6511.050842343499,2,OVERBOUGHT,OVERBOUGHT,BULLISH,8.924
1616,2588.197,2589.803,2585.876,2586.72,8504,6511.050842343499,2,OVERBOUGHT,OVERBOUGHT,BULLISH,8.924
1617,2586.366,2588.534,2586.091,2588.063,8010,6627.399174818722,3,OVERBOUGHT,OVERBOUGHT,BULLISH,8.029
1618,2588.098,2589.493,2584.714,2588.269,7832,6627.399174818722,1,NEUTRAL,OVERBOUGHT,BULLISH,8.022
1619,2588.245,2593.705,2587.407,2591.389,12225,6627.399174818722,2,NEUTRAL,OVERBOUGHT,BULLISH,7.784
1620,2591.397,2595.237,2591.258,2594.544,8724,6627.399174818722,2,OVERBOUGHT,OVERBOUGHT,BULLISH,7.692
1621,2594.505,2607.187,2594.245,2605.44,9854,6627.399174818722,1,OVERBOUGHT,OVERBOUGHT,BULLISH,7.83
1622,2605.475,2609.797,2604.713,2607.158,9674,6627.399174818722,1,OVERBOUGHT,OVERBOUGHT,BULLISH,7.762
1623,2607.123,2612.708,2605.419,2609.78,8335,6627.399174818722,1,OVERBOUGHT,OVERBOUGHT,BULLISH,7.896
1624,2609.784,2614.243,2602.435,2613.217,13368,6627.399174818722,2,OVERBOUGHT,OVERBOUGHT,BULLISH,7.451
1625,2613.249,2615.5,2610.219,2613.736,7811,6627.399174818722,1,OVERBOUGHT,OVERBOUGHT,BULLISH,6.912
1626,2613.697,2619.283,2613.354,2615.625,10481,6627.399174818722,1,OVERBOUGHT,OVERBOUGHT,BULLISH,6.414
1627,2615.627,2616.567,2602.493,2606.683,22910,6627.399174818722,1,NEUTRAL,OVERBOUGHT,BULLISH,6.769
1628,2606.66,2617.119,2604.699,2613.911,17054,6627.399174818722,1,NEUTRAL,OVERBOUGHT,BULLISH,7.304
1629,2613.967,2623.035,2611.265,2622.725,18318,6627.399174818722,1,NEUTRAL,OVERBOUGHT,BULLISH,7.716
1630,2622.762,2625.754,2619.675,2624.877,10642,6627.399174818722,1,NEUTRAL,OVERBOUGHT,BULLISH,7.87
1631,2624.838,2625.402,2619.212,2619.586,8308,6627.399174818722,1,NEUTRAL,OVERBOUGHT,BULLISH,8.137
1632,2619.607,2622.183,2617.834,2621.648,6832,6627.399174818722,1,OVERBOUGHT,OVERBOUGHT,BULLISH,8.107
1633,2621.611,2623.369,2619.1,2622.098,9476,6627.399174818722,2,OVERBOUGHT,OVERBOUGHT,BULLISH,7.962
1634,2620.944,2622.125,2618.148,2618.368,9132,6088.4244567866035,3,NEUTRAL,OVERBOUGHT,BULLISH,7.962
1635,2618.325,2621.473,2616.029,2620.118,8025,6088.4244567866035,1,NEUTRAL,OVERBOUGHT,BEARISH,7.426
1636,2620.141,2626.811,2618.845,2625.404,6848,6088.4244567866035,1,OVERBOUGHT,OVERBOUGHT,BEARISH,7.632
1637,2625.361,2631.128,2624.857,2629.372,9467,6088.4244567866035,2,OVERBOUGHT,OVERBOUGHT,BULLISH,7.559
1638,2629.415,2631.395,2624.442,2624.442,13828,6088.4244567866035,2,NEUTRAL,OVERBOUGHT,BEARISH,7.212
1639,2624.352,2625.057,2613.799,2615.15,12841,6088.4244567866035,1,NEUTRAL,OVERBOUGHT,BEARISH,7.639
1640,2615.113,2619.651,2614.564,2616.868,8252,6088.4244567866035,1,NEUTRAL,NEUTRAL,BEARISH,7.579
1641,2616.87,2622.017,2615.309,2621.584,6216,6088.4244567866035,1,NEUTRAL,NEUTRAL,BEARISH,7.053
1642,2621.555,2623.651,2620.651,2621.595,6167,6088.4244567866035,1,NEUTRAL,NEUTRAL,BEARISH,6.38
1643,2621.634,2625.786,2620.914,2624.063,6725,6088.4244567866035,1,NEUTRAL,NEUTRAL,BEARISH,5.887
1644,2624.056,2628.237,2619.96,2626.978,9012,6088.4244567866035,1,OVERBOUGHT,NEUTRAL,BEARISH,6.044
1645,2627.0,2634.328,2625.519,2631.852,14903,6088.4244567866035,1,OVERBOUGHT,OVERBOUGHT,BEARISH,6.231
1646,2631.827,2634.881,2627.942,2630.391,15370,6088.4244567866035,1,OVERBOUGHT,OVERBOUGHT,BEARISH,6.416
1647,2630.42,2631.973,2625.756,2629.242,10671,6088.4244567866035,1,OVERBOUGHT,OVERBOUGHT,BEARISH,6.556
1648,2629.201,2630.892,2626.586,2628.108,8726,6088.4244567866035,1,NEUTRAL,OVERBOUGHT,BEARISH,6.579
1649,2628.17,2629.115,2625.897,2627.379,10743,6088.4244567866035,2,NEUTRAL,NEUTRAL,BEARISH,6.42
1650,2627.38,2628.501,2625.665,2628.302,6555,6088.4244567866035,2,OVERSOLD,NEUTRAL,BEARISH,6.054
1651,2627.157,2628.32,2623.772,2625.1,8729,6308.522921219625,3,OVERSOLD,NEUTRAL,BEARISH,5.931
1652,2625.14,2630.215,2624.835,2629.081,9353,6308.522921219625,1,NEUTRAL,NEUTRAL,BEARISH,5.818
1653,2629.039,2636.146,2626.709,2634.099,12626,6308.522921219625,2,OVERBOUGHT,OVERBOUGHT,BEARISH,5.688
1654,2634.09,2640.092,2625.169,2625.396,15779,6308.522921219625,2,NEUTRAL,NEUTRAL,BEARISH,6.391
1655,2625.43,2629.934,2624.409,2628.7,13231,6308.522921219625,1,NEUTRAL,NEUTRAL,BEARISH,6.306
1656,2628.742,2630.271,2622.524,2628.996,9983,6308.522921219625,1,NEUTRAL,NEUTRAL,BEARISH,6.645
1657,2629.005,2629.543,2625.892,2628.972,6677,6308.522921219625,1,NEUTRAL,NEUTRAL,BEARISH,6.558
1658,2628.934,2636.312,2627.042,2633.378,13079,6308.522921219625,2,NEUTRAL,NEUTRAL,BEARISH,6.629
1659,2633.349,2633.424,2623.339,2626.367,10375,6308.522921219625,1,NEUTRAL,NEUTRAL,BEARISH,6.72
1660,2626.411,2633.333,2623.463,2633.129,11794,6308.522921219625,1,NEUTRAL,NEUTRAL,BEARISH,6.93
1661,2633.154,2637.322,2630.975,2635.504,16138,6308.522921219625,1,NEUTRAL,NEUTRAL,BEARISH,6.939
1662,2635.517,2647.164,2634.552,2643.609,18266,6308.522921219625,1,OVERBOUGHT,OVERBOUGHT,BULLISH,7.532
1663,2643.646,2648.504,2639.778,2643.143,14329,6308.522921219625,1,NEUTRAL,OVERBOUGHT,BULLISH,7.926
1664,2643.153,2655.278,2642.382,2653.475,13188,6308.522921219625,1,OVERBOUGHT,OVERBOUGHT,BULLISH,8.644
1665,2653.501,2654.566,2649.773,2653.971,8150,6308.522921219625,1,OVERBOUGHT,OVERBOUGHT,BULLISH,8.662
1666,2654.01,2664.366,2653.354,2662.622,13232,6308.522921219625,2,OVERBOUGHT,OVERBOUGHT,BULLISH,9.064
1667,2662.588,2663.747,2656.417,2659.109,7150,6308.522921219625,2,OVERBOUGHT,OVERBOUGHT,BULLISH,8.913
1668,2659.12,2661.128,2656.615,2660.751,8785,6455.409627135215,2,OVERBOUGHT,OVERBOUGHT,BULLISH,8.17
1669,2660.753,2662.94,2655.438,2660.029,14131,6455.409627135215,1,OVERBOUGHT,OVERBOUGHT,BULLISH,8.311
1670,2660.004,2670.629,2659.599,2670.156,9310,6455.409627135215,1,OVERBOUGHT,OVERBOUGHT,BULLISH,8.546
1671,2670.111,2670.24,2659.781,2661.475,7368,6455.409627135215,1,NEUTRAL,OVERBOUGHT,BULLISH,9.032
1672,2661.498,2661.716,2654.37,2657.174,12739,6455.409627135215,2,NEUTRAL,OVERBOUGHT,BULLISH,8.894
1673,2657.159,2659.817,2653.486,2654.742,9864,6455.409627135215,1,NEUTRAL,OVERBOUGHT,BULLISH,8.626
1674,2654.775,2657.632,2651.321,2657.016,8925,6455.409627135215,1,NEUTRAL,NEUTRAL,BEARISH,8.372
1675,2657.026,2658.581,2654.603,2655.901,7268,6455.409627135215,1,OVERSOLD,NEUTRAL,BEARISH,8.203
1676,2655.916,2658.2,2652.698,2655.526,13227,6455.409627135215,2,OVERSOLD,NEUTRAL,BEARISH,7.695
1677,2655.568,2660.835,2653.842,2659.361,15826,6455.409627135215,2,NEUTRAL,NEUTRAL,BEARISH,7.571
1678,2659.403,2666.068,2658.325,2664.39,15822,6455.409627135215,1,OVERBOUGHT,NEUTRAL,BEARISH,7.203
1679,2664.423,2667.434,2654.161,2659.054,18162,6455.409627135215,1,NEUTRAL,NEUTRAL,BEARISH,7.809
1680,2658.952,2660.819,2655.283,2657.628,14110,6455.409627135215,1,NEUTRAL,NEUTRAL,BEARISH,7.418
1681,2657.604,2658.862,2649.566,2653.709,10432,6455.409627135215,1,NEUTRAL,NEUTRAL,BEARISH,7.558
1682,2653.671,2663.062,2653.08,2660.68,8000,6455.409627135215,1,NEUTRAL,NEUTRAL,BEARISH,7.949
1683,2660.641,2661.762,2659.076,2659.754,9135,6455.409627135215,2,NEUTRAL,NEUTRAL,BEARISH,7.605
1684,2659.802,2660.305,2656.203,2656.296,9020,6455.409627135215,3,NEUTRAL,NEUTRAL,BEARISH,7.11
1685,2656.359,2661.467,2655.281,2660.844,12626,6729.922202328687,2,NEUTRAL,NEUTRAL,BEARISH,6.805
1686,2660.838,2662.537,2657.01,2662.516,11958,6729.922202328687,2,OVERBOUGHT,NEUTRAL,BEARISH,6.675
1687,2662.545,2663.461,2659.776,2661.388,10027,6729.922202328687,2,NEUTRAL,NEUTRAL,BEARISH,6.486
1688,2661.356,2662.606,2657.93,2661.69,8065,6729.922202328687,1,NEUTRAL,NEUTRAL,BEARISH,6.369
1689,2661.714,2666.924,2659.486,2664.684,8431,6729.922202328687,1,OVERBOUGHT,OVERBOUGHT,BEARISH,6.616
1690,2664.65,2670.493,2664.581,2669.035,8238,6729.922202328687,1,OVERBOUGHT,OVERBOUGHT,BEARISH,6.645
1691,2669.056,2675.623,2666.87,2672.684,15986,6729.922202328687,2,OVERBOUGHT,OVERBOUGHT,BULLISH,6.771
1692,2672.649,2685.611,2672.234,2682.764,12107,6729.922202328687,1,OVERBOUGHT,OVERBOUGHT,BULLISH,7.174
1693,2682.797,2684.211,2668.52,2677.368,23158,6729.922202328687,1,OVERBOUGHT,OVERBOUGHT,BULLISH,7.346
1694,2677.326,2679.751,2654.717,2660.918,36763,6729.922202328687,1,NEUTRAL,NEUTRAL,BULLISH,8.739
1695,2660.888,2669.596,2659.598,2665.823,22591,6729.922202328687,1,NEUTRAL,NEUTRAL,BEARISH,8.789
1696,2665.79,2673.159,2662.414,2671.348,14037,6729.922202328687,1,NEUTRAL,NEUTRAL,BEARISH,8.844
1697,2671.39,2672.47,2662.946,2668.249,12087,6729.922202328687,1,OVERSOLD,NEUTRAL,BEARISH,9.332
1698,2668.2,2672.226,2667.597,2670.95,8128,6729.922202328687,1,NEUTRAL,NEUTRAL,BEARISH,9.37
1699,2670.986,2677.911,2670.08,2673.675,12497,6729.922202328687,2,OVERBOUGHT,NEUTRAL,BEARISH,9.487
1700,2673.715,2674.068,2670.805,2672.61,7408,6729.922202328687,3,OVERBOUGHT,NEUTRAL,BEARISH,9.325
1701,2672.667,2672.777,2666.19,2669.442,15428,6921.112151313257,2,NEUTRAL,NEUTRAL,BEARISH,9.533
1702,2669.442,2671.017,2667.212,2668.992,7106,6921.112151313257,1,NEUTRAL,NEUTRAL,BEARISH,9.47
1703,2668.942,2673.944,2668.585,2670.494,9505,6921.112151313257,2,NEUTRAL,NEUTRAL,BEARISH,9.322
1704,2670.488,2671.423,2662.3,2664.795,9940,6921.112151313257,1,OVERSOLD,NEUTRAL,BEARISH,9.551
1705,2664.829,2669.485,2664.017,2665.775,11842,6921.112151313257,1,OVERSOLD,NEUTRAL,BEARISH,9.317
1706,2665.723,2668.33,2660.89,2664.72,9876,6921.112151313257,1,OVERSOLD,NEUTRAL,BEARISH,8.893
1707,2664.685,2665.403,2661.824,2662.562,7997,6921.112151313257,1,OVERSOLD,NEUTRAL,BEARISH,8.027
1708,2662.472,2664.973,2658.284,2663.709,8319,6921.112151313257,1,OVERSOLD,NEUTRAL,BEARISH,6.717
1709,2663.735,2669.234,2662.048,2666.159,13292,6921.112151313257,2,NEUTRAL,NEUTRAL,BEARISH,6.516
1710,2666.125,2674.266,2662.315,2670.063,14816,6921.112151313257,1,OVERBOUGHT,NEUTRAL,BEARISH,6.602
1711,2670.026,2671.16,2664.059,2666.226,19120,6921.112151313257,1,NEUTRAL,NEUTRAL,BEARISH,6.429
1712,2666.153,2666.895,2649.359,2649.488,21229,6921.112151313257,1,OVERSOLD,NEUTRAL,BEARISH,7.351
1713,2649.448,2654.647,2644.705,2649.709,22041,6921.112151313257,1,OVERSOLD,OVERSOLD,BEARISH,7.502
1714,2649.752,2656.361,2645.972,2651.845,12067,6921.112151313257,1,OVERSOLD,OVERSOLD,BEARISH,8.011
1715,2651.835,2652.419,2642.994,2645.163,9525,6921.112151313257,1,OVERSOLD,OVERSOLD,BEARISH,8.214
1716,2645.198,2652.836,2643.356,2651.992,13271,6921.112151313257,2,OVERSOLD,OVERSOLD,BEARISH,8.619
1717,2651.952,2663.582,2651.126,2662.716,9253,6301.069724204058,2,OVERBOUGHT,NEUTRAL,BEARISH,9.126
1718,2662.678,2666.049,2661.271,2661.68,12217,6506.959909200496,2,OVERBOUGHT,NEUTRAL,BEARISH,8.816
1719,2661.641,2664.377,2647.264,2652.675,15810,6506.959909200496,1,NEUTRAL,NEUTRAL,BEARISH,9.647
1720,2652.632,2656.363,2650.196,2652.581,8944,6506.959909200496,1,NEUTRAL,NEUTRAL,BEARISH,9.557
1721,2652.605,2655.918,2652.107,2655.865,10690,6506.959909200496,2,NEUTRAL,NEUTRAL,BEARISH,9.573
1722,2655.896,2659.319,2654.383,2657.881,6913,6506.959909200496,1,NEUTRAL,NEUTRAL,BEARISH,9.448
1723,2657.753,2660.056,2655.586,2657.856,8292,6506.959909200496,1,NEUTRAL,NEUTRAL,BULLISH,9.254
1724,2657.89,2660.619,2650.63,2650.993,7606,6506.959909200496,1,NEUTRAL,NEUTRAL,BEARISH,9.114
1725,2650.95,2656.591,2650.646,2653.585,7233,6506.959909200496,1,NEUTRAL,NEUTRAL,BEARISH,9.031
1726,2653.614,2653.638,2648.294,2649.643,7433,6506.959909200496,1,OVERSOLD,NEUTRAL,BEARISH,8.16
1727,2649.715,2650.105,2635.748,2636.947,9943,6506.959909200496,1,OVERSOLD,OVERSOLD,BEARISH,8.476
1728,2636.911,2642.814,2634.445,2641.542,8955,6506.959909200496,1,OVERSOLD,OVERSOLD,BEARISH,8.331
1729,2641.523,2644.199,2634.879,2638.913,10212,6506.959909200496,1,OVERSOLD,OVERSOLD,BEARISH,8.324
1730,2638.955,2642.082,2630.398,2635.685,17611,6506.959909200496,1,OVERSOLD,OVERSOLD,BEARISH,8.481
1731,2635.659,2636.173,2628.686,2633.222,19230,6506.959909200496,1,OVERSOLD,OVERSOLD,BEARISH,8.126
1732,2633.245,2636.505,2630.262,2633.868,11065,6506.959909200496,1,NEUTRAL,OVERSOLD,BEARISH,8.231
1733,2633.874,2639.429,2633.384,2639.053,8037,6506.959909200496,1,NEUTRAL,OVERSOLD,BEARISH,7.44
1734,2639.091,2641.893,2636.385,2637.829,7068,6506.959909200496,1,NEUTRAL,OVERSOLD,BEARISH,7.393
1735,2637.804,2638.327,2624.679,2631.467,15429,6506.959909200496,1,NEUTRAL,OVERSOLD,BEARISH,8.096
1736,2631.431,2631.734,2626.43,2630.963,7401,6506.959909200496,1,NEUTRAL,OVERSOLD,BEARISH,8.122
1737,2631.001,2636.254,2630.717,2635.634,7948,6506.959909200496,3,NEUTRAL,OVERSOLD,BEARISH,8.199
1738,2635.659,2639.81,2633.911,2639.81,8768,6690.8645210226705,2,NEUTRAL,NEUTRAL,BULLISH,7.906
1739,2639.788,2640.008,2634.48,2637.938,8912,6690.8645210226705,2,NEUTRAL,NEUTRAL,BULLISH,7.877
1740,2637.955,2644.406,2637.412,2643.048,9261,6690.8645210226705,2,OVERBOUGHT,NEUTRAL,BULLISH,7.994
1741,2643.012,2647.449,2641.633,2645.559,15015,6690.8645210226705,2,OVERBOUGHT,NEUTRAL,BULLISH,7.384
1742,2645.593,2646.811,2642.437,2646.535,7052,6690.8645210226705,1,OVERBOUGHT,OVERBOUGHT,BULLISH,7.099
1743,2646.492,2650.519,2645.35,2650.391,12040,6690.8645210226705,2,OVERBOUGHT,OVERBOUGHT,BULLISH,6.803
1744,2650.416,2656.678,2646.88,2651.564,16139,6690.8645210226705,2,OVERBOUGHT,OVERBOUGHT,BULLISH,6.668
1745,2651.533,2671.853,2647.946,2668.452,27642,6690.8645210226705,1,OVERBOUGHT,OVERBOUGHT,BULLISH,7.841
1746,2668.506,2669.957,2657.351,2659.028,27276,6690.8645210226705,1,OVERBOUGHT,OVERBOUGHT,BULLISH,8.295
1747,2659.098,2665.467,2653.857,2663.338,17585,6690.8645210226705,1,OVERBOUGHT,OVERBOUGHT,BULLISH,8.693
1748,2663.303,2673.197,2661.166,2666.412,14372,6690.8645210226705,1,OVERBOUGHT,OVERBOUGHT,BULLISH,9.159
1749,2666.46,2671.8,2661.164,2662.414,15832,6690.8645210226705,1,NEUTRAL,OVERBOUGHT,BULLISH,8.943
1750,2662.447,2664.897,2657.515,2661.021,8234,6690.8645210226705,1,NEUTRAL,OVERBOUGHT,BULLISH,9.092
1751,2660.99,2664.325,2657.812,2663.575,9467,6690.8645210226705,2,NEUTRAL,OVERBOUGHT,BULLISH,9.162
1752,2661.812,2662.895,2656.956,2657.452,10025,6732.044090449082,3,NEUTRAL,NEUTRAL,BULLISH,9.213
1753,2657.496,2662.017,2656.294,2660.153,10753,6732.044090449082,2,NEUTRAL,NEUTRAL,BULLISH,9.227
1754,2660.114,2661.568,2652.54,2654.127,10516,6732.044090449082,2,OVERSOLD,NEUTRAL,BULLISH,9.372
1755,2654.118,2656.197,2644.495,2648.023,9166,6732.044090449082,1,OVERSOLD,NEUTRAL,BEARISH,9.793
1756,2648.06,2650.859,2647.147,2649.76,6823,6732.044090449082,1,OVERSOLD,OVERSOLD,BEARISH,9.745
1757,2649.714,2655.555,2649.397,2655.413,8550,6732.044090449082,1,NEUTRAL,OVERSOLD,BEARISH,9.816
1758,2655.482,2655.841,2648.588,2652.358,7416,6732.044090449082,1,NEUTRAL,OVERSOLD,BEARISH,9.634
1759,2652.374,2655.607,2648.773,2649.146,12180,6732.044090449082,2,NEUTRAL,OVERSOLD,BEARISH,8.415
1760,2649.097,2652.979,2643.733,2649.597,18386,6732.044090449082,2,NEUTRAL,OVERSOLD,BEARISH,8.175
1761,2649.509,2660.821,2649.165,2659.402,17437,6732.044090449082,1,OVERBOUGHT,OVERSOLD,BEARISH,8.178
1762,2659.446,2663.323,2647.35,2648.173,17536,6732.044090449082,1,NEUTRAL,OVERSOLD,BEARISH,8.46
1763,2648.201,2650.748,2641.038,2649.89,14633,6732.044090449082,1,NEUTRAL,NEUTRAL,BEARISH,8.393
1764,2649.918,2652.278,2648.064,2649.731,7963,6732.044090449082,1,NEUTRAL,NEUTRAL,BEARISH,8.167
1765,2649.751,2655.946,2647.102,2654.104,11482,6732.044090449082,2,NEUTRAL,NEUTRAL,BEARISH,8.334
1766,2654.067,2659.904,2653.683,2658.825,7594,6732.044090449082,2,NEUTRAL,NEUTRAL,BEARISH,8.305
1767,2658.946,2662.968,2657.409,2657.751,10998,6823.000208819011,3,OVERBOUGHT,OVERBOUGHT,BULLISH,8.294
1768,2657.729,2658.932,2654.994,2655.83,11028,6823.000208819011,2,OVERBOUGHT,OVERBOUGHT,BULLISH,7.93
1769,2655.785,2657.987,2653.273,2655.039,9112,6823.000208819011,2,OVERBOUGHT,NEUTRAL,BULLISH,7.431
1770,2655.0,2657.432,2651.277,2655.908,13384,6823.000208819011,2,NEUTRAL,NEUTRAL,BULLISH,7.605
1771,2655.937,2656.204,2643.491,2645.187,9902,6823.000208819011,1,OVERSOLD,NEUTRAL,BEARISH,8.074
1772,2645.222,2647.482,2641.672,2645.124,7772,6823.000208819011,1,OVERSOLD,NEUTRAL,BEARISH,7.97
1773,2645.163,2647.554,2640.961,2644.855,7779,6823.000208819011,1,OVERSOLD,OVERSOLD,BEARISH,7.953
1774,2644.824,2648.075,2643.963,2646.739,6915,6823.000208819011,1,OVERSOLD,OVERSOLD,BEARISH,7.587
1775,2646.78,2654.36,2642.014,2642.398,21143,6823.000208819011,2,OVERSOLD,OVERSOLD,BEARISH,7.636
1776,2642.36,2651.341,2641.514,2647.629,15857,6823.000208819011,1,NEUTRAL,OVERSOLD,BEARISH,7.197
1777,2647.093,2654.46,2637.964,2650.245,29257,6823.000208819011,1,NEUTRAL,OVERSOLD,BEARISH,7.682
1778,2650.208,2654.651,2647.884,2648.798,11203,6823.000208819011,1,NEUTRAL,NEUTRAL,BEARISH,7.864
1779,2648.842,2661.259,2648.49,2659.997,9640,6823.000208819011,1,OVERBOUGHT,NEUTRAL,BULLISH,8.144
1780,2660.024,2662.144,2655.157,2656.745,8425,6823.000208819011,1,OVERBOUGHT,NEUTRAL,BULLISH,8.199
1781,2656.741,2659.773,2655.361,2657.974,10539,6823.000208819011,2,OVERBOUGHT,OVERBOUGHT,BULLISH,8.117
1782,2658.009,2658.009,2654.319,2655.804,6950,6823.000208819011,3,NEUTRAL,OVERBOUGHT,BULLISH,8.099
1783,2655.8,2659.224,2655.444,2658.335,9197,6981.861300042598,2,OVERBOUGHT,OVERBOUGHT,BULLISH,8.033
1784,2658.291,2663.591,2657.965,2661.137,9680,6981.861300042598,2,NEUTRAL,OVERBOUGHT,BULLISH,7.995
1785,2661.128,2667.864,2660.648,2667.394,8981,6981.861300042598,2,OVERBOUGHT,OVERBOUGHT,BULLISH,7.602
1786,2667.391,2667.58,2658.703,2661.08,13721,6981.861300042598,2,NEUTRAL,OVERBOUGHT,BULLISH,7.821
1787,2661.05,2661.595,2656.783,2657.455,11169,6981.861300042598,2,NEUTRAL,OVERBOUGHT,BULLISH,7.694
1788,2657.427,2662.567,2657.131,2661.342,10703,6981.861300042598,2,NEUTRAL,OVERBOUGHT,BULLISH,7.789
1789,2661.307,2661.564,2632.03,2638.818,27397,6981.861300042598,1,OVERSOLD,NEUTRAL,BEARISH,9.016
1790,2638.854,2655.217,2637.413,2651.887,27436,6981.861300042598,1,NEUTRAL,NEUTRAL,BEARISH,9.586
1791,2651.904,2661.199,2646.482,2658.293,20694,6981.861300042598,1,NEUTRAL,NEUTRAL,BEARISH,9.459
1792,2658.338,2670.167,2647.8,2653.201,27062,6981.861300042598,1,NEUTRAL,NEUTRAL,BEARISH,10.573
1793,2653.227,2653.859,2641.813,2645.295,12907,6981.861300042598,1,NEUTRAL,NEUTRAL,BEARISH,10.522
1794,2645.338,2650.46,2643.859,2650.069,8464,6981.861300042598,1,NEUTRAL,NEUTRAL,BEARISH,10.494
1795,2650.068,2652.076,2642.763,2651.624,12983,6981.861300042598,2,NEUTRAL,NEUTRAL,BEARISH,10.844
1796,2651.657,2653.995,2649.848,2650.826,6831,6344.0808587687,2,NEUTRAL,NEUTRAL,BEARISH,10.877
1797,2650.825,2652.397,2647.737,2649.267,8081,6430.259665870093,2,NEUTRAL,NEUTRAL,BEARISH,10.94
1798,2649.299,2651.926,2643.844,2646.145,7461,6430.259665870093,1,NEUTRAL,NEUTRAL,BEARISH,11.115
1799,2646.151,2648.639,2643.891,2647.421,11496,6430.259665870093,2,NEUTRAL,NEUTRAL,BEARISH,10.939
1800,2647.399,2648.661,2639.917,2640.688,9107,6430.259665870093,2,OVERSOLD,NEUTRAL,BEARISH,10.929
1801,2640.786,2643.878,2639.587,2643.227,7448,6430.259665870093,1,OVERSOLD,NEUTRAL,BEARISH,10.892
1802,2643.165,2652.832,2642.045,2652.016,8937,6430.259665870093,1,NEUTRAL,NEUTRAL,BEARISH,11.274
1803,2652.057,2656.354,2651.538,2652.29,8317,6430.259665870093,1,NEUTRAL,NEUTRAL,BEARISH,9.509
1804,2652.255,2657.34,2650.597,2656.543,6615,6430.259665870093,1,OVERBOUGHT,NEUTRAL,BULLISH,8.719
1805,2656.521,2658.508,2655.185,2655.441,6466,6430.259665870093,1,OVERBOUGHT,NEUTRAL,BULLISH,7.905
1806,2655.398,2659.615,2655.029,2656.913,6750,6430.259665870093,1,OVERBOUGHT,NEUTRAL,BULLISH,6.635
1807,2656.949,2659.206,2637.728,2639.934,15613,6430.259665870093,1,OVERSOLD,NEUTRAL,BEARISH,7.308
1808,2639.988,2653.788,2639.64,2642.75,20392,6430.259665870093,1,NEUTRAL,NEUTRAL,BEARISH,7.848
1809,2642.707,2647.792,2640.38,2640.852,15903,6430.259665870093,1,OVERSOLD,OVERSOLD,BEARISH,7.712
1810,2640.821,2650.172,2639.051,2645.728,10872,6430.259665870093,1,NEUTRAL,OVERSOLD,BEARISH,8.21
1811,2645.687,2646.926,2642.636,2646.797,6582,6430.259665870093,1,NEUTRAL,NEUTRAL,BEARISH,8.183
1812,2646.796,2648.744,2639.686,2640.908,11729,6430.259665870093,2,NEUTRAL,NEUTRAL,BEARISH,8.253
1813,2640.931,2644.686,2640.384,2642.567,8188,6430.259665870093,2,NEUTRAL,OVERSOLD,BEARISH,8.221
1814,2643.087,2649.211,2641.768,2642.944,7422,6430.259665870093,2,NEUTRAL,OVERSOLD,BEARISH,8.128
1815,2642.962,2647.898,2637.861,2647.253,19736,6778.59207864437,2,NEUTRAL,OVERSOLD,BEARISH,8.539
1816,2647.286,2648.317,2633.726,2635.733,15934,6778.59207864437,1,OVERSOLD,OVERSOLD,BEARISH,8.811
1817,2635.699,2645.798,2635.207,2642.99,9487,6778.59207864437,1,NEUTRAL,OVERSOLD,BEARISH,9.223
1818,2642.952,2646.406,2641.282,2645.014,12152,6778.59207864437,2,NEUTRAL,OVERSOLD,BEARISH,9.107
1819,2644.998,2646.429,2635.594,2636.41,9838,6778.59207864437,1,NEUTRAL,OVERSOLD,BEARISH,9.644
1820,2636.374,2638.489,2631.095,2633.951,12101,6778.59207864437,1,OVERSOLD,OVERSOLD,BEARISH,9.845
1821,2633.977,2640.322,2628.487,2637.973,10635,6778.59207864437,1,NEUTRAL,OVERSOLD,BEARISH,9.156
1822,2637.963,2641.971,2635.726,2641.34,7333,6778.59207864437,1,NEUTRAL,NEUTRAL,BEARISH,8.591
1823,2641.339,2647.434,2639.719,2646.234,7501,6778.59207864437,1,NEUTRAL,NEUTRAL,BULLISH,8.613
1824,2646.269,2651.936,2646.159,2650.745,8880,6778.59207864437,1,OVERBOUGHT,OVERBOUGHT,BULLISH,8.231
1825,2650.739,2652.982,2639.738,2645.963,13708,6778.59207864437,1,OVERBOUGHT,OVERBOUGHT,BULLISH,8.871
1826,2645.919,2647.644,2636.588,2639.632,20928,6778.59207864437,1,NEUTRAL,OVERBOUGHT,BULLISH,9.013
1827,2639.674,2640.364,2619.491,2621.006,28963,6778.59207864437,1,OVERSOLD,NEUTRAL,BEARISH,10.197
1828,2621.032,2621.151,2604.686,2612.939,20925,6778.59207864437,1,OVERSOLD,OVERSOLD,BEARISH,10.842
1829,2613.018,2616.265,2606.663,2608.992,11039,6778.59207864437,1,OVERSOLD,OVERSOLD,BEARISH,10.81
1830,2609.031,2618.103,2605.443,2614.557,11004,6778.59207864437,1,OVERSOLD,OVERSOLD,BEARISH,10.673
1831,2614.527,2623.574,2613.762,2622.915,12643,6778.59207864437,2,NEUTRAL,OVERSOLD,BEARISH,10.617
1832,2622.923,2623.813,2618.811,2621.868,9299,6778.59207864437,3,NEUTRAL,NEUTRAL,BEARISH,10.608
1833,2621.868,2624.268,2618.287,2619.992,15393,6828.650769567129,2,NEUTRAL,NEUTRAL,BEARISH,10.261
1834,2620.028,2620.403,2616.841,2618.428,7493,6828.650769567129,1,OVERBOUGHT,NEUTRAL,BEARISH,9.988
1835,2618.408,2618.921,2614.848,2615.946,9926,6828.650769567129,2,NEUTRAL,OVERSOLD,BEARISH,9.433
1836,2615.907,2624.321,2615.66,2619.677,8674,6828.650769567129,1,NEUTRAL,OVERSOLD,BEARISH,9.606
1837,2619.644,2619.644,2610.611,2612.808,9372,6828.650769567129,1,OVERSOLD,OVERSOLD,BEARISH,9.702
1838,2612.755,2615.6,2609.139,2611.628,8356,6828.650769567129,1,OVERSOLD,OVERSOLD,BEARISH,9.751
1839,2611.669,2617.364,2610.405,2616.184,7982,6828.650769567129,1,NEUTRAL,OVERSOLD,BEARISH,9.302
1840,2616.223,2621.534,2614.582,2621.004,12232,6828.650769567129,2,NEUTRAL,OVERSOLD,BULLISH,9.009
1841,2620.976,2622.458,2615.3,2618.859,16104,6828.650769567129,2,NEUTRAL,NEUTRAL,BULLISH,8.03
1842,2618.89,2620.725,2606.875,2609.612,19392,6828.650769567129,1,NEUTRAL,NEUTRAL,BULLISH,7.843
1843,2609.586,2611.887,2605.189,2609.826,15436,6828.650769567129,1,NEUTRAL,NEUTRAL,BULLISH,7.635
1844,2609.784,2617.933,2609.398,2614.818,12226,6828.650769567129,1,NEUTRAL,NEUTRAL,BULLISH,7.341
1845,2614.861,2615.887,2607.792,2608.684,8037,6828.650769567129,1,OVERSOLD,NEUTRAL,BULLISH,7.218
1846,2608.702,2611.105,2605.116,2606.416,12748,6828.650769567129,2,OVERSOLD,OVERSOLD,BEARISH,7.289
1847,2606.451,2610.155,2606.266,2607.741,7594,6828.650769567129,2,NEUTRAL,OVERSOLD,BEARISH,7.139
1848,2608.184,2610.146,2605.904,2609.328,9020,6964.882442306768,3,NEUTRAL,OVERSOLD,BULLISH,7.188
1849,2609.326,2612.494,2606.769,2609.087,9008,6964.882442306768,1,OVERSOLD,OVERSOLD,BULLISH,7.306
1850,2609.052,2615.58,2607.909,2615.234,7347,6964.882442306768,1,OVERBOUGHT,NEUTRAL,BULLISH,7.235
1851,2615.267,2616.9,2611.39,2613.856,10960,6964.882442306768,2,OVERBOUGHT,NEUTRAL,BULLISH,6.981
1852,2613.892,2616.422,2610.545,2612.419,12607,6964.882442306768,2,OVERBOUGHT,NEUTRAL,BULLISH,6.939
1853,2612.398,2617.066,2610.202,2616.657,7759,6964.882442306768,1,OVERBOUGHT,NEUTRAL,BULLISH,6.933
1854,2616.695,2618.437,2613.517,2617.141,11284,6964.882442306768,2,OVERBOUGHT,NEUTRAL,BULLISH,6.787
1855,2617.173,2618.912,2611.306,2612.98,11967,6964.882442306768,2,NEUTRAL,NEUTRAL,BULLISH,6.819
1856,2613.013,2627.3,2602.26,2625.081,24226,6964.882442306768,1,OVERBOUGHT,OVERBOUGHT,BULLISH,7.619
1857,2625.046,2627.934,2615.681,2626.657,26405,6964.882442306768,1,OVERBOUGHT,OVERBOUGHT,BULLISH,8.015
1858,2626.766,2629.794,2622.652,2625.393,19136,6964.882442306768,1,OVERBOUGHT,OVERBOUGHT,BULLISH,7.916
1859,2625.431,2626.206,2618.722,2623.614,11308,6964.882442306768,1,NEUTRAL,OVERBOUGHT,BULLISH,7.872
1860,2623.619,2629.106,2618.698,2619.263,10116,6964.882442306768,1,NEUTRAL,OVERBOUGHT,BULLISH,8.188
1861,2619.23,2626.265,2616.442,2623.786,9705,6964.882442306768,1,NEUTRAL,OVERBOUGHT,BULLISH,8.612
1862,2623.868,2631.355,2623.266,2629.135,11580,6964.882442306768,2,NEUTRAL,OVERBOUGHT,BULLISH,8.887
1863,2629.174,2636.032,2628.071,2633.149,10126,6964.882442306768,3,NEUTRAL,OVERBOUGHT,BULLISH,9.046
1864,2633.161,2637.964,2631.952,2637.712,14527,6903.576177960092,2,OVERBOUGHT,OVERBOUGHT,BULLISH,8.928
1865,2637.677,2644.092,2635.214,2642.356,8502,6903.576177960092,1,OVERBOUGHT,OVERBOUGHT,BULLISH,9.168
1866,2642.324,2646.089,2640.65,2645.61,9812,6903.576177960092,2,OVERBOUGHT,OVERBOUGHT,BULLISH,9.137
1867,2645.57,2647.173,2638.037,2639.551,13480,6903.576177960092,2,OVERBOUGHT,OVERBOUGHT,BULLISH,9.299
1868,2639.506,2646.198,2638.283,2639.239,11814,6903.576177960092,2,NEUTRAL,OVERBOUGHT,BULLISH,9.513
1869,2639.247,2642.241,2636.153,2641.641,10938,6903.576177960092,2,NEUTRAL,OVERBOUGHT,BULLISH,9.405
1870,2641.679,2650.109,2638.658,2642.976,19349,6903.576177960092,2,NEUTRAL,OVERBOUGHT,BULLISH,8.434
1871,2643.009,2653.405,2642.599,2649.749,15779,6903.576177960092,1,NEUTRAL,OVERBOUGHT,BULLISH,8.331
1872,2649.595,2655.379,2646.437,2653.034,13357,6903.576177960092,1,OVERBOUGHT,OVERBOUGHT,BULLISH,8.459
1873,2653.027,2659.318,2653.027,2658.757,8824,6903.576177960092,1,OVERBOUGHT,OVERBOUGHT,BULLISH,8.374
1874,2658.784,2661.462,2657.857,2660.475,7055,6903.576177960092,1,OVERBOUGHT,OVERBOUGHT,BULLISH,7.888
1875,2660.487,2661.196,2656.123,2658.597,10856,6903.576177960092,2,OVERBOUGHT,OVERBOUGHT,BULLISH,7.549
1876,2658.587,2658.831,2654.728,2656.836,7415,6903.576177960092,2,OVERBOUGHT,OVERBOUGHT,BULLISH,7.264
1877,2650.086,2652.472,2646.866,2648.091,9835,6285.120510217861,2,NEUTRAL,OVERBOUGHT,BULLISH,7.408
1878,2648.131,2648.438,2643.563,2646.064,15455,6306.275699720922,2,OVERSOLD,NEUTRAL,BEARISH,7.327
1879,2646.031,2655.468,2643.075,2655.124,9049,6306.275699720922,1,NEUTRAL,NEUTRAL,BEARISH,7.578
1880,2655.088,2660.391,2653.761,2659.153,9911,6306.275699720922,2,NEUTRAL,NEUTRAL,BULLISH,7.663
1881,2659.172,2666.867,2657.106,2664.058,15054,6306.275699720922,2,NEUTRAL,OVERBOUGHT,BULLISH,7.707
1882,2664.019,2665.166,2659.101,2660.396,7259,6306.275699720922,1,OVERBOUGHT,OVERBOUGHT,BULLISH,7.575
1883,2660.44,2663.012,2656.732,2658.523,11449,6306.275699720922,2,OVERBOUGHT,OVERBOUGHT,BULLISH,7.589
1884,2658.519,2660.855,2650.987,2652.184,13018,6306.275699720922,2,NEUTRAL,NEUTRAL,BEARISH,7.476
1885,2652.174,2654.596,2649.217,2651.352,8900,6306.275699720922,1,OVERSOLD,NEUTRAL,BEARISH,7.088
1886,2651.307,2661.162,2647.662,2655.543,15595,6306.275699720922,1,OVERSOLD,NEUTRAL,BEARISH,7.414
1887,2655.502,2657.04,2644.729,2645.69,15227,6306.275699720922,1,OVERSOLD,NEUTRAL,BEARISH,7.844
1888,2645.725,2649.092,2643.94,2646.733,8715,6306.275699720922,1,OVERSOLD,OVERSOLD,BEARISH,7.954
1889,2646.795,2649.929,2645.745,2648.604,9792,6306.275699720922,2,NEUTRAL,OVERSOLD,BEARISH,7.891
1890,2648.61,2652.575,2646.993,2652.395,8562,6306.275699720922,2,NEUTRAL,OVERSOLD,BEARISH,7.996
1891,2652.437,2653.33,2646.075,2649.351,8188,6306.275699720922,3,NEUTRAL,OVERSOLD,BEARISH,7.803
1892,2649.419,2651.27,2647.265,2648.467,11660,6399.3565854617855,2,NEUTRAL,OVERSOLD,BEARISH,7.74
1893,2648.429,2652.769,2644.449,2645.705,12606,6399.3565854617855,2,NEUTRAL,OVERSOLD,BEARISH,7.449
1894,2645.743,2645.743,2637.975,2641.824,13748,6399.3565854617855,2,OVERSOLD,OVERSOLD,BEARISH,7.531
1895,2641.813,2649.22,2641.305,2648.642,8280,6399.3565854617855,1,NEUTRAL,OVERSOLD,BEARISH,7.399
1896,2648.676,2653.947,2647.907,2650.758,8734,6399.3565854617855,1,NEUTRAL,NEUTRAL,BEARISH,7.397
1897,2650.74,2655.778,2649.72,2653.859,7417,6399.3565854617855,1,NEUTRAL,NEUTRAL,BEARISH,7.381
1898,2653.859,2656.771,2651.032,2653.026,12023,6399.3565854617855,2,OVERBOUGHT,NEUTRAL,BEARISH,7.086
1899,2653.065,2654.543,2645.596,2647.75,7625,6399.3565854617855,1,NEUTRAL,NEUTRAL,BEARISH,7.341
1900,2647.726,2657.443,2647.168,2648.285,10988,6399.3565854617855,1,NEUTRAL,NEUTRAL,BEARISH,7.111
1901,2648.245,2653.33,2646.003,2648.609,17142,6399.3565854617855,1,NEUTRAL,NEUTRAL,BEARISH,6.755
1902,2648.581,2664.155,2647.785,2659.781,19194,6399.3565854617855,1,NEUTRAL,NEUTRAL,BULLISH,7.556
1903,2659.808,2665.158,2657.284,2664.637,12214,6399.3565854617855,1,OVERBOUGHT,OVERBOUGHT,BULLISH,7.82
1904,2664.673,2668.93,2661.051,2661.873,8326,6399.3565854617855,1,OVERBOUGHT,OVERBOUGHT,BULLISH,7.984
1905,2661.793,2664.241,2658.971,2663.613,6845,6399.3565854617855,1,OVERBOUGHT,OVERBOUGHT,BULLISH,7.842
1906,2663.608,2666.475,2659.424,2661.64,10872,6399.3565854617855,2,OVERBOUGHT,OVERBOUGHT,BULLISH,8.059
1907,2661.697,2663.11,2660.269,2660.5,7133,6399.3565854617855,3,NEUTRAL,OVERBOUGHT,BULLISH,7.668
1908,2660.498,2668.02,2658.722,2668.02,14528,6487.021037640028,2,NEUTRAL,OVERBOUGHT,BULLISH,7.777
1909,2667.975,2670.139,2665.506,2668.044,7755,6487.021037640028,1,OVERBOUGHT,OVERBOUGHT,BULLISH,7.543
1910,2668.099,2669.234,2665.298,2666.686,10335,6487.021037640028,2,NEUTRAL,OVERBOUGHT,BULLISH,7.393
1911,2666.721,2677.689,2666.084,2677.168,19255,6487.021037640028,2,OVERBOUGHT,OVERBOUGHT,BULLISH,7.789
1912,2677.135,2677.49,2673.25,2676.115,7375,6487.021037640028,1,OVERBOUGHT,OVERBOUGHT,BULLISH,7.682
1913,2676.113,2682.759,2674.524,2680.221,12743,6487.021037640028,2,OVERBOUGHT,OVERBOUGHT,BULLISH,7.631
1914,2680.253,2681.006,2673.17,2674.263,7726,6487.021037640028,1,NEUTRAL,OVERBOUGHT,BULLISH,7.457
1915,2674.307,2680.635,2672.975,2678.332,7643,6487.021037640028,1,OVERBOUGHT,OVERBOUGHT,BULLISH,7.481
1916,2678.312,2681.969,2676.479,2681.711,10151,6487.021037640028,1,NEUTRAL,OVERBOUGHT,BULLISH,6.703
1917,2681.671,2685.394,2672.414,2675.055,18923,6487.021037640028,1,NEUTRAL,OVERBOUGHT,BULLISH,7.068
1918,2675.081,2681.436,2670.03,2672.154,18640,6487.021037640028,1,NEUTRAL,NEUTRAL,BULLISH,7.32
1919,2672.179,2675.703,2667.562,2669.985,12117,6487.021037640028,1,NEUTRAL,NEUTRAL,BEARISH,7.525
1920,2669.926,2674.201,2666.662,2674.143,8288,6487.021037640028,1,NEUTRAL,NEUTRAL,BEARISH,7.56
1921,2674.187,2676.704,2673.075,2674.995,10182,6487.021037640028,2,OVERSOLD,NEUTRAL,BEARISH,7.616
1922,2674.95,2675.013,2672.765,2673.73,8112,6487.021037640028,3,NEUTRAL,NEUTRAL,BEARISH,7.113
1923,2673.721,2683.022,2673.456,2682.999,14394,6629.8523673885975,3,OVERBOUGHT,NEUTRAL,BEARISH,7.465
1924,2683.024,2684.898,2678.885,2681.941,10770,6629.8523673885975,1,OVERBOUGHT,OVERBOUGHT,BEARISH,7.613
1925,2681.905,2682.242,2674.531,2676.61,7486,6629.8523673885975,1,NEUTRAL,OVERBOUGHT,BEARISH,7.335
1926,2676.651,2684.294,2676.401,2683.507,12364,6629.8523673885975,2,NEUTRAL,OVERBOUGHT,BEARISH,7.596
1927,2683.536,2685.756,2679.981,2681.121,10519,6629.8523673885975,1,NEUTRAL,OVERBOUGHT,BEARISH,7.421
1928,2681.163,2683.814,2678.878,2681.953,9024,6629.8523673885975,1,NEUTRAL,OVERBOUGHT,BEARISH,7.213
1929,2681.981,2683.88,2676.949,2679.48,12966,6629.8523673885975,2,NEUTRAL,OVERBOUGHT,BEARISH,7.161
1930,2679.458,2688.858,2679.013,2681.298,13208,6629.8523673885975,2,NEUTRAL,OVERBOUGHT,BEARISH,7.472
1931,2681.258,2682.259,2673.143,2680.646,17953,6629.8523673885975,1,NEUTRAL,NEUTRAL,BEARISH,7.196
1932,2680.603,2690.139,2677.799,2688.717,19439,6629.8523673885975,1,OVERBOUGHT,OVERBOUGHT,BEARISH,7.263
1933,2688.753,2696.541,2684.731,2695.643,19911,6629.8523673885975,1,OVERBOUGHT,OVERBOUGHT,BULLISH,7.525
1934,2695.602,2696.788,2687.543,2693.271,13672,6629.8523673885975,1,OVERBOUGHT,OVERBOUGHT,BULLISH,7.647
1935,2693.365,2693.408,2683.959,2692.202,10109,6629.8523673885975,1,OVERBOUGHT,OVERBOUGHT,BULLISH,8.063
1936,2692.234,2694.202,2690.435,2691.971,6710,6629.8523673885975,1,OVERBOUGHT,OVERBOUGHT,BULLISH,8.171
1937,2691.997,2692.583,2688.858,2691.954,9047,6629.8523673885975,2,NEUTRAL,OVERBOUGHT,BULLISH,7.754
1938,2692.006,2695.827,2690.967,2693.061,10532,6722.243411764287,4,OVERSOLD,OVERBOUGHT,BULLISH,7.672
1939,2693.018,2706.793,2692.789,2704.637,11724,6722.243411764287,1,OVERBOUGHT,OVERBOUGHT,BULLISH,8.121
1940,2704.529,2711.964,2703.977,2708.162,11791,6722.243411764287,1,OVERBOUGHT,OVERBOUGHT,BULLISH,8.128
1941,2708.062,2710.848,2706.935,2709.944,7048,6722.243411764287,1,OVERBOUGHT,OVERBOUGHT,BULLISH,7.995
1942,2709.908,2714.08,2708.751,2711.467,11498,6722.243411764287,2,OVERBOUGHT,OVERBOUGHT,BULLISH,8.023
1943,2711.429,2711.622,2702.643,2707.36,13842,6722.243411764287,1,OVERBOUGHT,OVERBOUGHT,BULLISH,8.169
1944,2707.382,2709.151,2702.208,2702.281,7723,6722.243411764287,1,NEUTRAL,OVERBOUGHT,BULLISH,7.962
1945,2702.326,2713.162,2701.657,2711.383,12927,6722.243411764287,2,NEUTRAL,OVERBOUGHT,BULLISH,8.133
1946,2711.412,2713.203,2707.944,2709.779,14959,6722.243411764287,2,NEUTRAL,OVERBOUGHT,BULLISH,7.627
1947,2709.808,2717.075,2709.133,2709.605,10114,6722.243411764287,1,NEUTRAL,OVERBOUGHT,BULLISH,7.35
1948,2709.566,2715.828,2704.921,2713.649,21357,6722.243411764287,1,NEUTRAL,OVERBOUGHT,BULLISH,7.469
1949,2713.624,2720.131,2712.091,2717.466,15430,6722.243411764287,1,OVERBOUGHT,OVERBOUGHT,BULLISH,7.369
1950,2717.363,2719.172,2713.606,2714.813,10795,6722.243411764287,1,NEUTRAL,OVERBOUGHT,BULLISH,7.497
1951,2714.846,2719.024,2714.686,2717.549,6941,6722.243411764287,1,OVERBOUGHT,OVERBOUGHT,BULLISH,7.541
1952,2717.585,2720.045,2713.576,2715.924,6870,6722.243411764287,1,OVERBOUGHT,OVERBOUGHT,BULLISH,7.656
1953,2715.923,2721.281,2715.49,2719.624,11200,6722.243411764287,2,OVERBOUGHT,OVERBOUGHT,BULLISH,7.069
1954,2719.665,2723.839,2719.181,2723.564,7091,6111.48610270737,2,OVERBOUGHT,OVERBOUGHT,BULLISH,6.831
1955,2723.527,2725.83,2721.425,2721.616,10470,6367.741394513017,2,OVERBOUGHT,OVERBOUGHT,BULLISH,6.866
1956,2721.659,2729.291,2721.04,2726.442,17225,6367.741394513017,1,OVERBOUGHT,OVERBOUGHT,BULLISH,7.075
1957,2726.487,2731.482,2724.75,2730.741,9700,6367.741394513017,1,OVERBOUGHT,OVERBOUGHT,BULLISH,6.915
1958,2730.697,2732.826,2729.348,2731.512,6667,6367.741394513017,1,OVERBOUGHT,OVERBOUGHT,BULLISH,6.667
1959,2731.514,2731.984,2724.436,2724.886,11546,6367.741394513017,2,NEUTRAL,OVERBOUGHT,BULLISH,6.385
1960,2724.851,2730.597,2723.554,2730.24,8341,6367.741394513017,1,NEUTRAL,OVERBOUGHT,BULLISH,6.512
1961,2730.284,2732.515,2725.333,2730.312,7703,6367.741394513017,1,NEUTRAL,OVERBOUGHT,BULLISH,6.458
1962,2730.322,2733.12,2729.357,2731.328,6547,6367.741394513017,1,NEUTRAL,OVERBOUGHT,BEARISH,5.947
1963,2731.341,2736.907,2730.725,2734.519,7792,6367.741394513017,1,NEUTRAL,OVERBOUGHT,BEARISH,5.815
1964,2734.54,2734.965,2727.716,2733.317,8269,6367.741394513017,1,OVERBOUGHT,OVERBOUGHT,BEARISH,5.935
1965,2733.352,2738.128,2732.955,2734.458,8805,6367.741394513017,1,OVERBOUGHT,OVERBOUGHT,BEARISH,5.995
1966,2734.426,2739.794,2732.731,2738.688,12871,6367.741394513017,1,OVERBOUGHT,OVERBOUGHT,BEARISH,6.037
1967,2738.713,2740.515,2733.687,2738.981,19453,6367.741394513017,1,OVERBOUGHT,OVERBOUGHT,BEARISH,6.111
1968,2739.045,2739.545,2722.236,2725.163,24114,6367.741394513017,1,OVERSOLD,NEUTRAL,BEARISH,7.015
1969,2725.268,2727.116,2716.833,2720.119,18689,6367.741394513017,1,OVERSOLD,NEUTRAL,BEARISH,7.435
1970,2720.093,2724.009,2718.086,2723.499,8491,6367.741394513017,1,OVERSOLD,OVERSOLD,BEARISH,7.268
1971,2723.539,2725.598,2721.596,2722.796,6982,6367.741394513017,1,OVERSOLD,OVERSOLD,BEARISH,7.073
1972,2722.788,2723.253,2714.181,2719.854,13757,6367.741394513017,2,OVERSOLD,OVERSOLD,BEARISH,7.473
1973,2719.81,2722.592,2718.743,2721.483,7823,6367.741394513017,3,NEUTRAL,OVERSOLD,BEARISH,7.209
1974,2721.478,2730.33,2720.633,2728.161,15088,6438.547769638762,2,OVERBOUGHT,NEUTRAL,BEARISH,7.398
1975,2728.12,2733.09,2727.69,2731.003,12096,6438.547769638762,2,OVERBOUGHT,NEUTRAL,BEARISH,7.271
1976,2730.969,2736.022,2729.015,2730.435,11840,6438.547769638762,2,OVERBOUGHT,NEUTRAL,BEARISH,7.503
1977,2730.397,2737.141,2729.575,2735.013,7597,6438.547769638762,1,OVERBOUGHT,NEUTRAL,BEARISH,7.602
1978,2734.976,2738.377,2731.433,2734.915,12835,6438.547769638762,2,OVERBOUGHT,OVERBOUGHT,BEARISH,7.58
1979,2734.873,2736.066,2729.809,2731.462,6710,6438.547769638762,1,NEUTRAL,OVERBOUGHT,BEARISH,7.657
1980,2731.435,2739.358,2730.491,2738.843,7811,6438.547769638762,1,OVERBOUGHT,OVERBOUGHT,BULLISH,7.786
1981,2738.887,2739.283,2729.436,2731.976,8209,6438.547769638762,1,NEUTRAL,OVERBOUGHT,BEARISH,8.002
1982,2732.01,2738.036,2731.553,2736.164,11325,6438.547769638762,1,NEUTRAL,OVERBOUGHT,BEARISH,7.228
1983,2736.202,2742.08,2735.391,2735.701,16359,6438.547769638762,1,NEUTRAL,OVERBOUGHT,BEARISH,6.972
1984,2735.751,2743.223,2733.713,2741.814,16652,6438.547769638762,1,OVERBOUGHT,OVERBOUGHT,BULLISH,7.228
1985,2741.851,2744.206,2736.782,2737.562,10517,6438.547769638762,1,NEUTRAL,OVERBOUGHT,BULLISH,7.472
1986,2737.521,2745.55,2737.117,2745.259,7854,6438.547769638762,1,OVERBOUGHT,OVERBOUGHT,BULLISH,7.427
1987,2745.301,2748.375,2743.528,2746.684,7744,6438.547769638762,1,OVERBOUGHT,OVERBOUGHT,BULLISH,7.498
1988,2746.718,2748.905,2743.827,2748.306,10636,6438.547769638762,2,OVERBOUGHT,OVERBOUGHT,BULLISH,7.168
1989,2748.354,2748.86,2745.82,2746.557,7396,6438.547769638762,3,NEUTRAL,OVERBOUGHT,BULLISH,6.999
1990,2746.587,2747.199,2737.92,2738.623,13264,6664.150363006498,2,NEUTRAL,OVERBOUGHT,BULLISH,7.162
1991,2738.575,2741.059,2737.743,2738.952,7011,6664.150363006498,1,OVERSOLD,NEUTRAL,BEARISH,6.858
1992,2738.906,2747.018,2738.247,2746.047,6790,6664.150363006498,1,NEUTRAL,NEUTRAL,BEARISH,6.989
1993,2746.054,2753.288,2745.347,2751.441,13671,6664.150363006498,2,NEUTRAL,OVERBOUGHT,BULLISH,7.109
1994,2751.406,2753.188,2748.094,2750.513,7561,6664.150363006498,1,NEUTRAL,OVERBOUGHT,BULLISH,6.839
1995,2750.47,2758.508,2749.254,2756.845,11959,6664.150363006498,2,OVERBOUGHT,OVERBOUGHT,BULLISH,6.797
1996,2756.89,2757.622,2749.83,2750.622,7911,6664.150363006498,1,OVERBOUGHT,OVERBOUGHT,BULLISH,6.891
1997,2750.643,2752.911,2749.134,2749.967,13053,6664.150363006498,2,NEUTRAL,OVERBOUGHT,BULLISH,6.683
1998,2749.932,2750.503,2740.698,2743.369,12368,6664.150363006498,1,NEUTRAL,NEUTRAL,BEARISH,6.704
1999,2743.407,2744.218,2731.596,2737.447,25707,6664.150363006498,1,OVERSOLD,NEUTRAL,BEARISH,7.075
2000,2737.508,2738.709,2716.402,2717.801,29534,6664.150363006498,1,OVERSOLD,OVERSOLD,BEARISH,8.066
2001,2717.827,2722.563,2708.604,2721.726,19500,6664.150363006498,1,OVERSOLD,OVERSOLD,BEARISH,8.717
2002,2721.692,2723.275,2718.47,2719.363,10247,6664.150363006498,1,OVERSOLD,OVERSOLD,BEARISH,8.697
2003,2719.298,2720.687,2713.751,2716.684,9125,6664.150363006498,1,OVERSOLD,OVERSOLD,BEARISH,8.976
2004,2716.659,2716.659,2711.932,2714.102,8120,6664.150363006498,1,OVERSOLD,OVERSOLD,BEARISH,8.652
2005,2714.017,2718.232,2713.216,2715.544,9630,6664.150363006498,2,NEUTRAL,OVERSOLD,BEARISH,8.774
2006,2715.19,2721.885,2715.156,2721.178,11715,6738.064614148737,3,NEUTRAL,OVERSOLD,BEARISH,8.628
2007,2721.282,2726.698,2720.292,2723.737,11013,6738.064614148737,1,NEUTRAL,OVERSOLD,BEARISH,8.518
2008,2723.74,2724.488,2720.22,2723.377,7918,6738.064614148737,1,OVERBOUGHT,OVERSOLD,BEARISH,8.459
2009,2723.382,2727.143,2721.396,2726.516,9446,6738.064614148737,2,OVERBOUGHT,NEUTRAL,BEARISH,8.209
2010,2726.507,2736.565,2725.779,2735.21,14401,6738.064614148737,2,OVERBOUGHT,NEUTRAL,BEARISH,8.423
2011,2735.169,2737.121,2732.16,2733.54,7853,6738.064614148737,1,OVERBOUGHT,NEUTRAL,BULLISH,8.507
2012,2733.613,2737.894,2732.489,2736.807,6970,6738.064614148737,1,OVERBOUGHT,NEUTRAL,BULLISH,8.193
2013,2736.768,2739.204,2735.844,2736.722,10939,6738.064614148737,2,OVERBOUGHT,OVERBOUGHT,BULLISH,7.531
2014,2736.767,2741.591,2734.634,2739.098,17258,6738.064614148737,2,OVERBOUGHT,OVERBOUGHT,BULLISH,6.435
2015,2739.138,2743.208,2729.556,2733.586,17710,6738.064614148737,1,NEUTRAL,OVERBOUGHT,BULLISH,6.413
2016,2733.629,2736.157,2722.364,2732.339,20243,6738.064614148737,1,NEUTRAL,OVERBOUGHT,BULLISH,7.055
2017,2732.302,2734.345,2726.75,2731.099,12394,6738.064614148737,1,OVERSOLD,NEUTRAL,BULLISH,7.102
2018,2731.091,2735.562,2725.758,2733.573,10596,6738.064614148737,1,NEUTRAL,NEUTRAL,BULLISH,7.463
2019,2733.54,2737.067,2732.87,2735.379,8069,6738.064614148737,1,NEUTRAL,NEUTRAL,BULLISH,7.404
2020,2735.362,2737.747,2733.427,2737.049,11238,6738.064614148737,2,OVERBOUGHT,OVERBOUGHT,BULLISH,7.232
2021,2737.009,2737.147,2731.304,2732.43,10894,6727.157666769493,4,NEUTRAL,NEUTRAL,BULLISH,7.192
2022,2732.473,2735.173,2729.788,2730.023,8262,6727.157666769493,1,NEUTRAL,NEUTRAL,BULLISH,7.272
2023,2729.981,2730.156,2724.372,2726.042,12021,6727.157666769493,2,OVERSOLD,NEUTRAL,BEARISH,7.274
2024,2726.078,2729.848,2723.863,2728.464,11093,6727.157666769493,2,OVERSOLD,OVERSOLD,BEARISH,6.931
2025,2728.476,2732.567,2724.961,2732.176,7770,6727.157666769493,1,NEUTRAL,NEUTRAL,BEARISH,7.12
2026,2732.214,2732.214,2725.88,2726.377,6784,6727.157666769493,1,NEUTRAL,NEUTRAL,BEARISH,7.187
2027,2726.465,2727.06,2718.828,2719.429,8573,6727.157666769493,1,OVERSOLD,OVERSOLD,BEARISH,7.535
2028,2719.321,2721.397,2716.958,2721.245,7083,6727.157666769493,1,NEUTRAL,OVERSOLD,BEARISH,7.355
2029,2721.341,2729.391,2717.166,2724.181,14628,6727.157666769493,2,NEUTRAL,OVERSOLD,BEARISH,7.253
2030,2724.208,2732.481,2723.205,2731.435,8926,6727.157666769493,1,NEUTRAL,NEUTRAL,BEARISH,6.93
2031,2731.474,2732.133,2725.195,2727.638,14957,6727.157666769493,1,NEUTRAL,NEUTRAL,BEARISH,6.883
2032,2727.705,2740.563,2727.67,2738.444,16075,6727.157666769493,1,OVERBOUGHT,OVERBOUGHT,BULLISH,7.106
2033,2738.423,2742.028,2736.444,2737.131,9391,6727.157666769493,1,OVERBOUGHT,OVERBOUGHT,BULLISH,7.205
2034,2737.093,2739.394,2733.922,2739.173,7921,6727.157666769493,1,OVERBOUGHT,OVERBOUGHT,BULLISH,7.288
2035,2739.198,2745.022,2738.693,2742.059,11676,6727.157666769493,2,OVERBOUGHT,OVERBOUGHT,BULLISH,7.322
2036,2742.055,2747.774,2740.3,2747.023,9640,6727.157666769493,2,OVERBOUGHT,OVERBOUGHT,BULLISH,7.472
2037,2733.443,2736.182,2730.34,2734.546,7118,6137.265666759699,1,NEUTRAL,OVERBOUGHT,BULLISH,8.25
2038,2734.571,2740.176,2732.145,2732.466,11880,6183.577666750839,2,NEUTRAL,NEUTRAL,BULLISH,8.396
2039,2732.433,2732.962,2724.671,2732.264,12841,6183.577666750839,1,NEUTRAL,NEUTRAL,BULLISH,8.445
2040,2732.261,2735.566,2730.668,2734.185,6613,6183.577666750839,1,NEUTRAL,NEUTRAL,BULLISH,8.343
2041,2734.129,2734.683,2729.093,2732.91,9584,6183.577666750839,2,OVERSOLD,NEUTRAL,BULLISH,8.154
2042,2732.954,2744.515,2731.096,2740.573,14861,6183.577666750839,2,OVERBOUGHT,NEUTRAL,BULLISH,8.795
2043,2740.591,2743.69,2735.795,2738.919,7138,6183.577666750839,1,OVERBOUGHT,NEUTRAL,BULLISH,8.486
2044,2738.878,2740.882,2731.325,2731.953,8346,6183.577666750839,1,NEUTRAL,NEUTRAL,BEARISH,8.506
2045,2731.923,2734.011,2728.386,2729.294,7560,6183.577666750839,1,NEUTRAL,NEUTRAL,BEARISH,8.412
2046,2729.256,2733.309,2727.839,2732.234,6729,6183.577666750839,1,NEUTRAL,OVERSOLD,BEARISH,7.88
2047,2732.242,2734.884,2729.683,2734.343,13918,6183.577666750839,2,NEUTRAL,NEUTRAL,BEARISH,7.852
2048,2734.299,2743.489,2732.811,2740.888,13922,6183.577666750839,1,NEUTRAL,NEUTRAL,BULLISH,8.224
2049,2740.851,2745.917,2738.873,2744.215,12558,6183.577666750839,1,OVERBOUGHT,NEUTRAL,BULLISH,8.275
2050,2744.244,2744.673,2739.645,2740.704,9853,6183.577666750839,1,OVERBOUGHT,OVERBOUGHT,BULLISH,8.101
2051,2740.671,2744.949,2739.945,2742.67,6305,6183.577666750839,1,OVERBOUGHT,OVERBOUGHT,BULLISH,7.266
2052,2742.658,2744.896,2740.169,2741.811,10626,6183.577666750839,2,OVERBOUGHT,OVERBOUGHT,BULLISH,7.031
2053,2741.851,2743.487,2740.313,2742.264,6932,6183.577666750839,2,NEUTRAL,OVERBOUGHT,BULLISH,6.665
2054,2741.724,2746.796,2739.774,2745.758,9222,6311.534555631711,3,NEUTRAL,OVERBOUGHT,BULLISH,6.817
2055,2745.746,2752.452,2745.553,2752.022,8763,6311.534555631711,1,OVERBOUGHT,OVERBOUGHT,BULLISH,6.91
2056,2752.071,2757.75,2750.466,2752.925,9660,6311.534555631711,1,OVERBOUGHT,OVERBOUGHT,BULLISH,6.472
2057,2752.904,2753.342,2748.611,2751.681,6727,6311.534555631711,1,OVERBOUGHT,OVERBOUGHT,BULLISH,6.246
2058,2751.682,2756.854,2749.732,2750.008,11646,6311.534555631711,2,OVERBOUGHT,OVERBOUGHT,BULLISH,6.072
2059,2749.96,2756.552,2748.898,2755.759,7384,6311.534555631711,1,OVERBOUGHT,OVERBOUGHT,BULLISH,6.217
2060,2755.722,2756.339,2746.273,2754.554,15309,6311.534555631711,2,NEUTRAL,OVERBOUGHT,BULLISH,6.545
2061,2754.593,2756.663,2750.096,2752.451,7415,6311.534555631711,1,NEUTRAL,OVERBOUGHT,BULLISH,6.643
2062,2752.494,2753.156,2747.383,2749.852,6869,6311.534555631711,1,NEUTRAL,OVERBOUGHT,BULLISH,6.293
2063,2749.861,2753.326,2746.19,2751.772,7514,6311.534555631711,1,NEUTRAL,NEUTRAL,BULLISH,6.299
2064,2751.806,2753.749,2748.937,2749.1,8277,6311.534555631711,1,OVERSOLD,NEUTRAL,BEARISH,6.284
2065,2749.073,2764.0,2748.142,2760.795,16347,6311.534555631711,1,NEUTRAL,NEUTRAL,BULLISH,7.059
2066,2760.811,2771.73,2760.811,2769.536,19267,6311.534555631711,1,OVERBOUGHT,OVERBOUGHT,BULLISH,7.502
2067,2769.571,2770.452,2760.778,2764.241,14423,6311.534555631711,1,OVERBOUGHT,OVERBOUGHT,BULLISH,7.967
2068,2764.219,2770.255,2764.103,2769.345,8525,6311.534555631711,1,OVERBOUGHT,OVERBOUGHT,BULLISH,7.905
2069,2769.343,2772.6,2766.273,2769.778,9329,6311.534555631711,1,OVERBOUGHT,OVERBOUGHT,BULLISH,7.864
2070,2769.808,2774.739,2768.207,2772.196,10931,6311.534555631711,2,OVERBOUGHT,OVERBOUGHT,BULLISH,7.81
2071,2772.165,2775.397,2771.822,2774.915,8023,6311.534555631711,3,NEUTRAL,OVERBOUGHT,BULLISH,7.727
2072,2774.943,2782.15,2774.778,2781.673,13682,6409.408248746152,2,OVERBOUGHT,OVERBOUGHT,BULLISH,7.745
2073,2781.707,2781.872,2776.028,2780.417,7267,6409.408248746152,1,OVERBOUGHT,OVERBOUGHT,BULLISH,7.616
2074,2780.462,2781.258,2777.187,2780.161,9713,6409.408248746152,2,OVERBOUGHT,OVERBOUGHT,BULLISH,7.188
2075,2780.123,2789.821,2777.941,2787.049,13890,6409.408248746152,2,OVERBOUGHT,OVERBOUGHT,BULLISH,7.567
2076,2787.087,2788.103,2780.447,2782.257,6939,6409.408248746152,1,NEUTRAL,OVERBOUGHT,BULLISH,7.702
2077,2782.214,2784.587,2779.534,2781.982,7308,6409.408248746152,1,NEUTRAL,OVERBOUGHT,BULLISH,7.553
2078,2781.836,2786.527,2780.11,2780.196,11161,6409.408248746152,2,NEUTRAL,OVERBOUGHT,BULLISH,7.668
2079,2780.16,2783.441,2773.618,2782.443,18098,6409.408248746152,2,NEUTRAL,OVERBOUGHT,BULLISH,7.237
2080,2782.551,2787.509,2770.83,2777.436,23336,6409.408248746152,1,OVERSOLD,NEUTRAL,BEARISH,7.647
2081,2777.455,2781.721,2775.108,2780.268,17755,6409.408248746152,1,NEUTRAL,NEUTRAL,BEARISH,7.428
2082,2780.311,2785.936,2771.956,2784.634,13171,6409.408248746152,1,NEUTRAL,NEUTRAL,BEARISH,7.987
2083,2784.675,2787.487,2783.0,2785.404,8015,6409.408248746152,1,NEUTRAL,OVERBOUGHT,BEARISH,7.856
2084,2785.347,2789.575,2783.887,2788.611,6866,6409.408248746152,1,NEUTRAL,OVERBOUGHT,BEARISH,7.796
2085,2788.575,2790.075,2784.47,2787.285,10246,6409.408248746152,2,OVERBOUGHT,OVERBOUGHT,BEARISH,7.941
2086,2787.333,2788.09,2784.777,2785.49,8694,6409.408248746152,3,OVERBOUGHT,OVERBOUGHT,BEARISH,7.651
2087,2785.489,2790.091,2783.554,2784.639,10831,6583.353494897311,2,NEUTRAL,OVERBOUGHT,BEARISH,7.7
2088,2784.655,2789.007,2784.321,2784.647,10645,6583.353494897311,2,NEUTRAL,OVERBOUGHT,BEARISH,7.744
2089,2784.685,2786.563,2782.088,2785.082,11110,6583.353494897311,2,OVERSOLD,OVERBOUGHT,BEARISH,7.215
2090,2785.086,2786.006,2779.688,2779.863,7453,6583.353494897311,1,OVERSOLD,NEUTRAL,BEARISH,7.12
2091,2779.819,2784.051,2778.029,2782.06,6961,6583.353494897311,1,NEUTRAL,NEUTRAL,BEARISH,7.189
2092,2782.02,2783.129,2776.893,2779.097,6693,6583.353494897311,1,OVERSOLD,NEUTRAL,BEARISH,7.176
2093,2779.056,2781.148,2773.305,2780.817,12995,6583.353494897311,2,NEUTRAL,NEUTRAL,BEARISH,7.034
2094,2780.865,2782.666,2776.696,2779.413,6636,6583.353494897311,1,OVERSOLD,NEUTRAL,BEARISH,6.269
2095,2779.414,2781.941,2771.911,2773.711,11735,6583.353494897311,1,OVERSOLD,NEUTRAL,BEARISH,6.514
2096,2773.611,2773.962,2754.48,2755.386,24421,6583.353494897311,1,OVERSOLD,OVERSOLD,BEARISH,6.907
2097,2755.348,2756.924,2734.598,2734.775,27609,6583.353494897311,1,OVERSOLD,OVERSOLD,BEARISH,8.181
2098,2734.749,2740.999,2731.515,2740.576,18071,6583.353494897311,1,OVERSOLD,OVERSOLD,BEARISH,8.452
2099,2740.617,2743.687,2738.004,2740.737,10548,6583.353494897311,1,OVERSOLD,OVERSOLD,BEARISH,8.457
2100,2740.762,2743.815,2738.206,2739.573,7318,6583.353494897311,1,OVERSOLD,OVERSOLD,BEARISH,8.621
2101,2739.568,2748.01,2739.568,2746.918,8537,6583.353494897311,1,NEUTRAL,OVERSOLD,BEARISH,8.758
2102,2746.968,2749.747,2743.269,2743.89,10502,6583.353494897311,2,OVERBOUGHT,OVERSOLD,BEARISH,8.886
2103,2743.946,2747.902,2743.907,2745.045,9834,6696.986495383281,3,NEUTRAL,OVERSOLD,BEARISH,8.852
2104,2745.045,2750.008,2744.822,2749.637,9252,6696.986495383281,1,OVERBOUGHT,OVERSOLD,BEARISH,8.772
2105,2749.605,2750.956,2745.756,2748.677,7887,6696.986495383281,1,OVERBOUGHT,NEUTRAL,BEARISH,8.713
2106,2748.708,2752.962,2747.426,2752.209,9289,6696.986495383281,2,NEUTRAL,NEUTRAL,BEARISH,8.663
2107,2752.247,2757.649,2751.25,2752.054,13495,6696.986495383281,2,OVERBOUGHT,NEUTRAL,BEARISH,8.56
2108,2752.05,2755.088,2747.039,2753.354,13343,6696.986495383281,2,OVERBOUGHT,NEUTRAL,BULLISH,8.708
2109,2753.388,2755.48,2748.049,2751.311,6794,6696.986495383281,1,NEUTRAL,NEUTRAL,BULLISH,8.523
2110,2751.346,2754.115,2744.818,2752.873,12962,6696.986495383281,2,OVERBOUGHT,NEUTRAL,BULLISH,7.795
2111,2752.894,2759.875,2749.489,2753.799,17371,6696.986495383281,1,NEUTRAL,NEUTRAL,BULLISH,6.942
2112,2753.834,2762.25,2752.11,2755.991,19630,6696.986495383281,1,OVERBOUGHT,OVERBOUGHT,BULLISH,6.989
2113,2756.205,2758.888,2739.654,2747.153,24953,6696.986495383281,1,NEUTRAL,NEUTRAL,BULLISH,7.957
2114,2747.179,2750.261,2742.526,2744.72,12763,6696.986495383281,1,OVERSOLD,NEUTRAL,BULLISH,8.109
2115,2744.706,2746.199,2740.402,2743.128,9444,6696.986495383281,1,OVERSOLD,OVERSOLD,BULLISH,7.92
2116,2743.161,2743.95,2735.003,2736.305,8535,6696.986495383281,1,OVERSOLD,OVERSOLD,BEARISH,8.096
2117,2736.296,2738.047,2733.427,2736.204,6945,6696.986495383281,1,OVERSOLD,OVERSOLD,BEARISH,8.14
2118,2736.18,2737.022,2733.113,2736.69,9734,6696.986495383281,2,OVERSOLD,OVERSOLD,BEARISH,8.049
2119,2732.846,2741.016,2732.581,2740.398,10460,6145.335506046934,2,NEUTRAL,OVERSOLD,BEARISH,8.28
2120,2740.361,2741.398,2735.343,2739.913,9842,6145.335506046934,1,NEUTRAL,OVERSOLD,BEARISH,8.317
2121,2739.902,2740.973,2736.966,2739.966,6512,6145.335506046934,1,OVERBOUGHT,OVERSOLD,BEARISH,8.146
2122,2739.969,2742.401,2739.34,2740.976,9287,6145.335506046934,2,OVERBOUGHT,OVERSOLD,BULLISH,7.79
2123,2740.969,2743.732,2737.641,2741.516,6242,6145.335506046934,1,OVERBOUGHT,OVERSOLD,BULLISH,7.694
2124,2741.515,2741.594,2735.728,2741.383,6845,6145.335506046934,1,OVERBOUGHT,OVERSOLD,BULLISH,7.449
2125,2741.422,2744.781,2735.06,2735.837,6725,6145.335506046934,1,OVERSOLD,OVERSOLD,BULLISH,7.401
2126,2735.806,2738.429,2731.807,2733.334,7987,6145.335506046934,1,OVERSOLD,OVERSOLD,BULLISH,7.15
2127,2733.307,2744.093,2732.515,2743.239,8194,6145.335506046934,1,NEUTRAL,OVERSOLD,BULLISH,6.603
2128,2743.28,2745.304,2737.181,2738.627,6757,6145.335506046934,1,NEUTRAL,NEUTRAL,BULLISH,6.631
2129,2738.608,2741.011,2736.351,2740.612,6149,6145.335506046934,1,NEUTRAL,NEUTRAL,BULLISH,6.55
2130,2740.543,2744.021,2739.443,2743.417,6442,6145.335506046934,1,NEUTRAL,NEUTRAL,BULLISH,6.238
2131,2743.349,2746.763,2738.726,2746.691,11676,6145.335506046934,1,OVERBOUGHT,OVERBOUGHT,BULLISH,6.482
2132,2746.721,2748.157,2737.833,2743.33,12802,6145.335506046934,1,NEUTRAL,OVERBOUGHT,BULLISH,6.94
2133,2743.33,2745.556,2737.67,2738.519,14005,6145.335506046934,1,NEUTRAL,OVERBOUGHT,BULLISH,6.901
2134,2738.477,2739.016,2732.295,2734.109,9895,6145.335506046934,1,NEUTRAL,NEUTRAL,BULLISH,6.948
2135,2734.145,2738.473,2731.72,2738.362,7443,6145.335506046934,1,NEUTRAL,NEUTRAL,BULLISH,7.144
2136,2738.396,2739.295,2735.608,2738.214,6504,6145.335506046934,1,OVERSOLD,NEUTRAL,BULLISH,7.189
2137,2738.254,2739.706,2736.346,2737.363,9605,6145.335506046934,2,OVERSOLD,NEUTRAL,BULLISH,6.994
2138,2737.373,2737.864,2734.045,2735.092,7889,6185.0575213440525,3,NEUTRAL,NEUTRAL,BULLISH,6.848
2139,2735.056,2736.138,2732.917,2734.215,6952,6185.0575213440525,1,NEUTRAL,OVERSOLD,BULLISH,6.384
2140,2734.195,2735.334,2724.694,2728.384,9977,6185.0575213440525,1,OVERSOLD,OVERSOLD,BEARISH,6.67
2141,2728.351,2736.004,2727.673,2735.288,6730,6185.0575213440525,1,NEUTRAL,OVERSOLD,BEARISH,6.439
2142,2735.24,2737.291,2731.845,2732.584,10464,6185.0575213440525,2,NEUTRAL,NEUTRAL,BEARISH,6.247
2143,2732.59,2738.79,2731.705,2737.772,7034,6185.0575213440525,1,NEUTRAL,NEUTRAL,BULLISH,6.421
2144,2737.736,2743.233,2732.09,2742.447,13325,6185.0575213440525,2,NEUTRAL,NEUTRAL,BULLISH,6.89
2145,2742.487,2745.043,2738.856,2739.873,6516,6185.0575213440525,1,OVERBOUGHT,NEUTRAL,BULLISH,6.757
2146,2739.839,2740.195,2735.595,2737.921,6358,6185.0575213440525,1,NEUTRAL,NEUTRAL,BULLISH,6.349
2147,2737.952,2743.019,2737.952,2741.6,6398,6185.0575213440525,1,OVERBOUGHT,OVERBOUGHT,BULLISH,6.149
2148,2741.697,2746.759,2736.274,2744.671,15812,6185.0575213440525,2,OVERBOUGHT,OVERBOUGHT,BULLISH,6.418
2149,2744.59,2749.917,2741.437,2746.736,11952,6185.0575213440525,1,NEUTRAL,OVERBOUGHT,BULLISH,6.542
2150,2746.728,2746.728,2732.921,2741.957,15716,6185.0575213440525,1,NEUTRAL,OVERBOUGHT,BULLISH,7.265
2151,2742.001,2744.579,2736.329,2738.983,8876,6185.0575213440525,1,NEUTRAL,OVERBOUGHT,BULLISH,7.614
2152,2739.014,2743.645,2738.181,2741.987,6312,6185.0575213440525,1,NEUTRAL,NEUTRAL,BULLISH,7.732
2153,2741.974,2743.956,2739.358,2741.265,6297,6185.0575213440525,1,NEUTRAL,NEUTRAL,BULLISH,7.83
2154,2741.232,2743.483,2739.479,2743.007,9479,6185.0575213440525,2,NEUTRAL,NEUTRAL,BULLISH,7.356
2155,2743.026,2746.426,2735.273,2737.969,15610,7077.702836771602,3,NEUTRAL,NEUTRAL,BULLISH,7.558
2156,2738.006,2749.681,2732.609,2747.072,17395,7077.702836771602,1,OVERBOUGHT,NEUTRAL,BULLISH,8.388
2157,2747.045,2748.413,2736.778,2737.485,17846,7077.702836771602,1,NEUTRAL,NEUTRAL,BULLISH,8.713
2158,2737.518,2743.536,2730.639,2734.082,17490,7077.702836771602,1,NEUTRAL,NEUTRAL,BEARISH,8.838
2159,2734.119,2743.083,2733.156,2741.759,10332,7077.702836771602,1,NEUTRAL,NEUTRAL,BEARISH,9.106
2160,2741.852,2743.708,2736.387,2739.03,12323,7077.702836771602,1,NEUTRAL,NEUTRAL,BEARISH,9.3
2161,2739.006,2739.321,2701.319,2707.088,34023,7077.702836771602,1,OVERSOLD,NEUTRAL,BEARISH,11.65
2162,2707.065,2733.17,2704.114,2725.87,21723,7077.702836771602,1,NEUTRAL,NEUTRAL,BEARISH,12.977
2163,2725.823,2733.824,2722.721,2724.506,16057,7077.702836771602,1,NEUTRAL,NEUTRAL,BEARISH,13.164
2164,2724.473,2728.552,2716.418,2724.559,12518,7077.702836771602,1,NEUTRAL,NEUTRAL,BEARISH,13.044
2165,2724.535,2727.147,2718.657,2720.219,9177,7077.702836771602,1,NEUTRAL,NEUTRAL,BEARISH,13.061
2166,2720.262,2722.756,2696.018,2699.152,16727,7077.702836771602,1,NEUTRAL,NEUTRAL,BEARISH,14.581
2167,2699.109,2708.066,2693.246,2695.129,19519,7077.702836771602,1,OVERSOLD,OVERSOLD,BEARISH,15.311
2168,2695.141,2695.141,2659.063,2664.124,43103,7077.702836771602,1,OVERSOLD,OVERSOLD,BEARISH,17.602
2169,2664.092,2670.442,2652.335,2659.744,33693,7077.702836771602,1,OVERSOLD,OVERSOLD,BEARISH,18.099
2170,2659.834,2675.932,2657.383,2675.715,25664,7077.702836771602,1,OVERSOLD,OVERSOLD,BEARISH,18.204
2171,2675.752,2678.273,2662.863,2666.246,15376,7077.702836771602,1,OVERSOLD,OVERSOLD,BEARISH,18.474
2172,2666.249,2669.218,2661.574,2663.229,9950,7077.702836771602,1,OVERSOLD,OVERSOLD,BEARISH,18.098
2173,2663.258,2669.559,2662.805,2665.607,10101,7077.702836771602,1,NEUTRAL,OVERSOLD,BEARISH,17.872
2174,2665.647,2668.505,2664.917,2667.091,7453,7077.702836771602,1,NEUTRAL,OVERSOLD,BEARISH,17.605
2175,2667.055,2667.744,2658.958,2658.98,9316,7077.702836771602,2,OVERSOLD,OVERSOLD,BEARISH,15.518
2176,2660.167,2664.343,2659.911,2661.512,8568,7354.985106285418,2,NEUTRAL,OVERSOLD,BEARISH,13.826
2177,2661.483,2663.948,2643.208,2649.454,18579,7354.985106285418,1,OVERSOLD,OVERSOLD,BEARISH,14.514
2178,2649.437,2657.585,2649.437,2657.417,10597,7354.985106285418,1,NEUTRAL,OVERSOLD,BEARISH,14.23
2179,2657.46,2661.242,2655.559,2659.176,7871,7354.985106285418,1,NEUTRAL,OVERSOLD,BEARISH,14.029
2180,2659.199,2660.7,2654.112,2659.2,12319,7354.985106285418,2,NEUTRAL,OVERSOLD,BEARISH,12.59
2181,2659.175,2659.526,2652.793,2657.015,8940,7354.985106285418,1,NEUTRAL,OVERSOLD,BULLISH,12.012
2182,2656.976,2667.596,2656.168,2663.309,9812,7354.985106285418,1,OVERBOUGHT,NEUTRAL,BULLISH,10.251
2183,2663.349,2666.662,2657.423,2657.638,9023,7354.985106285418,1,NEUTRAL,NEUTRAL,BULLISH,9.618
2184,2657.606,2666.018,2657.432,2661.676,7555,7354.985106285418,1,NEUTRAL,NEUTRAL,BULLISH,8.906
2185,2661.636,2668.422,2659.792,2666.6,7492,7354.985106285418,1,NEUTRAL,NEUTRAL,BULLISH,8.422
2186,2666.552,2674.13,2663.835,2673.591,15689,7354.985106285418,2,OVERBOUGHT,OVERBOUGHT,BULLISH,8.612
2187,2673.641,2685.119,2672.352,2684.486,19222,7354.985106285418,1,OVERBOUGHT,OVERBOUGHT,BULLISH,9.041
2188,2684.527,2694.98,2682.348,2691.83,17591,7354.985106285418,1,OVERBOUGHT,OVERBOUGHT,BULLISH,9.687
2189,2691.8,2700.185,2690.028,2698.698,15656,7354.985106285418,1,OVERBOUGHT,OVERBOUGHT,BULLISH,9.785
2190,2698.687,2699.517,2690.604,2695.717,13596,7354.985106285418,1,OVERBOUGHT,OVERBOUGHT,BULLISH,10.039
2191,2695.756,2700.279,2694.224,2699.327,7894,7354.985106285418,1,OVERBOUGHT,OVERBOUGHT,BULLISH,8.99
2192,2699.278,2699.421,2687.424,2694.266,30900,7354.985106285418,2,NEUTRAL,OVERBOUGHT,BULLISH,9.264
2193,2694.308,2710.36,2692.818,2704.43,14577,7354.985106285418,1,OVERBOUGHT,OVERBOUGHT,BULLISH,10.112
2194,2704.402,2708.569,2703.627,2706.866,7542,7354.985106285418,2,NEUTRAL,OVERBOUGHT,BULLISH,9.994
2195,2706.87,2710.418,2699.041,2699.913,16259,7452.40715965506,2,NEUTRAL,OVERBOUGHT,BULLISH,10.326
2196,2699.868,2701.059,2695.096,2697.554,8827,7452.40715965506,1,NEUTRAL,OVERBOUGHT,BULLISH,9.935
2197,2697.516,2700.573,2693.237,2693.582,11497,7452.40715965506,2,NEUTRAL,OVERBOUGHT,BULLISH,9.799
2198,2693.587,2696.362,2685.963,2686.44,15477,7452.40715965506,2,OVERSOLD,NEUTRAL,BULLISH,9.929
2199,2686.408,2687.843,2680.286,2687.362,8371,7452.40715965506,1,OVERSOLD,NEUTRAL,BULLISH,9.852
2200,2687.396,2691.839,2681.906,2688.695,14344,7452.40715965506,1,OVERSOLD,NEUTRAL,BULLISH,9.826
2201,2688.66,2690.993,2687.052,2689.228,8235,7452.40715965506,1,OVERSOLD,NEUTRAL,BULLISH,9.196
2202,2689.31,2689.31,2681.983,2688.539,7631,7452.40715965506,1,OVERSOLD,NEUTRAL,BULLISH,8.817
2203,2688.577,2694.977,2686.171,2691.909,15028,7452.40715965506,2,OVERBOUGHT,NEUTRAL,BULLISH,8.721
2204,2691.88,2701.083,2687.839,2697.554,16246,7452.40715965506,1,OVERBOUGHT,NEUTRAL,BULLISH,9.03
2205,2697.598,2704.061,2687.75,2691.502,18714,7452.40715965506,1,NEUTRAL,NEUTRAL,BULLISH,9.762
2206,2691.495,2692.846,2683.379,2687.552,17535,7452.40715965506,1,NEUTRAL,NEUTRAL,BEARISH,9.582
2207,2687.513,2689.283,2682.813,2683.346,10892,7452.40715965506,1,NEUTRAL,OVERSOLD,BEARISH,8.791
2208,2683.385,2688.643,2683.385,2687.831,8537,7452.40715965506,1,NEUTRAL,OVERSOLD,BEARISH,8.816
2209,2687.833,2688.823,2683.24,2687.057,12706,7452.40715965506,2,OVERSOLD,OVERSOLD,BEARISH,8.402
2210,2687.023,2688.549,2682.983,2684.758,10771,7452.40715965506,2,OVERSOLD,OVERSOLD,BEARISH,8.374
2211,2683.161,2686.141,2681.526,2683.987,7928,6951.101061153764,2,NEUTRAL,OVERSOLD,BEARISH,8.18
2212,2683.961,2684.863,2671.83,2673.036,13538,6951.101061153764,1,OVERSOLD,OVERSOLD,BEARISH,8.368
2213,2673.065,2675.199,2666.444,2671.937,9495,6951.101061153764,1,OVERSOLD,OVERSOLD,BEARISH,8.453
2214,2671.896,2672.367,2667.985,2672.158,10789,6951.101061153764,2,OVERSOLD,OVERSOLD,BEARISH,8.057
2215,2672.158,2674.285,2666.896,2669.227,7242,6951.101061153764,1,OVERSOLD,OVERSOLD,BEARISH,8.303
2216,2669.24,2674.082,2668.373,2669.561,13874,6951.101061153764,2,OVERSOLD,OVERSOLD,BEARISH,8.188
2217,2669.516,2671.713,2667.549,2669.558,8042,6951.101061153764,1,OVERSOLD,OVERSOLD,BEARISH,7.856
2218,2669.523,2670.819,2663.834,2666.829,8602,6951.101061153764,1,OVERSOLD,OVERSOLD,BEARISH,7.409
2219,2666.79,2675.377,2660.881,2661.984,8943,6951.101061153764,1,OVERSOLD,OVERSOLD,BEARISH,7.279
2220,2661.944,2666.994,2658.992,2662.647,9227,6951.101061153764,1,OVERSOLD,OVERSOLD,BEARISH,7.175
2221,2662.672,2663.232,2656.676,2657.321,8695,6951.101061153764,1,OVERSOLD,OVERSOLD,BEARISH,7.181
2222,2657.282,2657.57,2634.253,2635.561,23114,6951.101061153764,1,OVERSOLD,OVERSOLD,BEARISH,8.468
2223,2635.594,2635.729,2617.686,2622.458,27256,6951.101061153764,1,OVERSOLD,OVERSOLD,BEARISH,9.358
2224,2622.483,2626.301,2613.358,2614.565,16221,6951.101061153764,1,OVERSOLD,OVERSOLD,BEARISH,9.885
2225,2614.558,2618.135,2612.587,2615.243,11064,6951.101061153764,1,OVERSOLD,OVERSOLD,BEARISH,9.952
2226,2615.219,2616.927,2611.407,2612.601,7941,6951.101061153764,1,OVERSOLD,OVERSOLD,BEARISH,9.415
2227,2612.564,2620.672,2610.53,2619.266,11841,6951.101061153764,2,OVERSOLD,OVERSOLD,BEARISH,9.514
2228,2619.291,2626.204,2619.233,2619.613,8092,6951.101061153764,2,NEUTRAL,OVERSOLD,BEARISH,9.699
2229,2620.155,2625.253,2619.767,2624.045,7245,7218.444610885152,2,OVERBOUGHT,OVERSOLD,BEARISH,9.574
2230,2624.088,2627.19,2619.119,2624.076,10400,7218.444610885152,1,OVERBOUGHT,OVERSOLD,BEARISH,9.743
2231,2624.038,2625.465,2620.405,2622.067,8105,7218.444610885152,1,OVERBOUGHT,OVERSOLD,BEARISH,9.807
2232,2622.048,2623.789,2615.558,2617.694,11134,7218.444610885152,2,NEUTRAL,OVERSOLD,BEARISH,9.896
2233,2617.74,2618.166,2605.341,2606.86,11549,7218.444610885152,1,OVERSOLD,OVERSOLD,BEARISH,9.776
2234,2606.823,2610.127,2603.403,2607.929,11895,7218.444610885152,1,OVERSOLD,OVERSOLD,BEARISH,9.685
2235,2607.886,2609.001,2595.17,2598.309,14089,7218.444610885152,1,OVERSOLD,OVERSOLD,BEARISH,10.205
2236,2598.265,2606.511,2598.119,2600.637,12017,7218.444610885152,1,OVERSOLD,OVERSOLD,BEARISH,9.139
2237,2600.567,2600.788,2590.758,2593.303,11917,7218.444610885152,1,OVERSOLD,OVERSOLD,BEARISH,8.566
2238,2593.272,2598.622,2589.633,2596.642,10160,7218.444610885152,1,OVERSOLD,OVERSOLD,BEARISH,8.284
2239,2596.605,2599.214,2592.672,2597.845,11531,7218.444610885152,1,OVERSOLD,OVERSOLD,BEARISH,8.355
2240,2597.82,2607.099,2597.82,2605.204,15170,7218.444610885152,1,NEUTRAL,OVERSOLD,BULLISH,8.623
2241,2605.233,2616.419,2604.4,2611.527,18503,7218.444610885152,1,OVERBOUGHT,NEUTRAL,BULLISH,8.757
2242,2611.566,2617.068,2608.839,2610.429,17823,7218.444610885152,1,OVERBOUGHT,NEUTRAL,BULLISH,8.847
2243,2610.367,2611.788,2597.387,2598.437,16786,7218.444610885152,1,NEUTRAL,NEUTRAL,BULLISH,9.473
2244,2598.479,2604.206,2597.807,2600.819,12973,7218.444610885152,1,NEUTRAL,NEUTRAL,BULLISH,9.354
2245,2600.799,2601.135,2592.43,2597.431,10092,7218.444610885152,1,NEUTRAL,OVERSOLD,BULLISH,9.614
2246,2597.475,2602.125,2596.447,2599.183,8050,7218.444610885152,1,OVERSOLD,OVERSOLD,BULLISH,9.432
2247,2599.217,2601.396,2595.112,2599.785,11812,7218.444610885152,2,OVERSOLD,NEUTRAL,BULLISH,8.964
2248,2599.821,2600.758,2597.198,2599.348,9258,7431.953854292915,3,NEUTRAL,NEUTRAL,BULLISH,8.738
2249,2599.389,2611.23,2599.389,2608.066,11026,7431.953854292915,1,OVERBOUGHT,NEUTRAL,BULLISH,8.599
2250,2608.106,2612.583,2605.154,2612.085,7661,7431.953854292915,1,OVERBOUGHT,NEUTRAL,BULLISH,8.53
2251,2612.055,2613.333,2606.044,2606.219,11952,7431.953854292915,2,NEUTRAL,NEUTRAL,BULLISH,8.335
2252,2606.279,2607.948,2603.49,2605.434,13563,7431.953854292915,2,NEUTRAL,NEUTRAL,BULLISH,8.011
2253,2605.394,2610.707,2601.031,2607.661,15890,7431.953854292915,2,NEUTRAL,NEUTRAL,BULLISH,8.235
2254,2607.622,2611.64,2606.955,2609.05,13454,7431.953854292915,2,NEUTRAL,NEUTRAL,BULLISH,7.907
2255,2608.983,2612.742,2605.78,2609.692,13106,7431.953854292915,2,NEUTRAL,NEUTRAL,BULLISH,7.546
2256,2609.726,2618.841,2607.146,2612.319,22319,7431.953854292915,1,OVERBOUGHT,OVERBOUGHT,BULLISH,7.793
2257,2612.223,2616.362,2601.027,2602.031,22555,7431.953854292915,1,NEUTRAL,NEUTRAL,BULLISH,7.86
2258,2602.007,2606.891,2593.571,2605.341,22744,7431.953854292915,1,NEUTRAL,NEUTRAL,BULLISH,8.354
2259,2605.3,2605.975,2584.715,2585.736,17151,7431.953854292915,1,OVERSOLD,OVERSOLD,BULLISH,9.251
2260,2585.831,2586.803,2577.507,2583.409,14190,7431.953854292915,1,OVERSOLD,OVERSOLD,BEARISH,9.509
2261,2583.364,2585.504,2579.513,2582.697,10273,7431.953854292915,1,OVERSOLD,OVERSOLD,BEARISH,9.488
2262,2582.659,2584.916,2572.926,2573.83,14768,7431.953854292915,2,OVERSOLD,OVERSOLD,BEARISH,10.091
2263,2573.783,2581.41,2569.214,2570.989,12884,7431.953854292915,2,OVERSOLD,OVERSOLD,BEARISH,10.113
2264,2571.012,2574.775,2561.548,2562.57,18893,7690.180471344383,2,OVERSOLD,OVERSOLD,BEARISH,10.527
2265,2562.533,2564.583,2558.875,2560.596,9063,7690.180471344383,1,OVERSOLD,OVERSOLD,BEARISH,10.414
2266,2560.565,2565.256,2559.24,2565.13,11446,7690.180471344383,2,OVERSOLD,OVERSOLD,BEARISH,10.525
2267,2565.134,2565.134,2555.28,2558.575,8365,7690.180471344383,1,OVERSOLD,OVERSOLD,BEARISH,10.538
2268,2558.543,2560.491,2551.893,2554.996,9258,7690.180471344383,1,OVERSOLD,OVERSOLD,BEARISH,10.818
2269,2555.037,2558.947,2550.361,2557.014,10255,7690.180471344383,1,NEUTRAL,OVERSOLD,BEARISH,10.934
2270,2556.972,2559.783,2554.499,2556.154,9319,7690.180471344383,1,NEUTRAL,OVERSOLD,BEARISH,10.476
2271,2556.108,2558.352,2536.747,2543.514,15173,7690.180471344383,1,OVERSOLD,OVERSOLD,BEARISH,10.924
2272,2543.568,2548.024,2539.029,2547.016,10508,7690.180471344383,1,OVERSOLD,OVERSOLD,BEARISH,10.615
2273,2547.055,2555.044,2545.124,2553.579,11083,7690.180471344383,1,NEUTRAL,OVERSOLD,BEARISH,9.805
2274,2553.621,2556.901,2550.07,2552.212,10615,7690.180471344383,1,NEUTRAL,OVERSOLD,BEARISH,9.629
2275,2552.174,2560.315,2551.191,2557.003,20818,7690.180471344383,1,NEUTRAL,NEUTRAL,BULLISH,9.852
2276,2556.977,2565.948,2554.191,2559.733,21268,7690.180471344383,1,OVERBOUGHT,NEUTRAL,BULLISH,9.836
2277,2559.69,2572.956,2558.513,2570.203,18581,7690.180471344383,1,OVERBOUGHT,NEUTRAL,BULLISH,9.996
2278,2570.242,2577.432,2569.192,2573.914,11113,7690.180471344383,1,OVERBOUGHT,OVERBOUGHT,BULLISH,9.64
2279,2573.959,2575.888,2567.393,2572.953,9834,7690.180471344383,1,OVERBOUGHT,OVERBOUGHT,BULLISH,9.839
2280,2572.992,2573.442,2567.086,2569.897,7958,7690.180471344383,1,OVERBOUGHT,OVERBOUGHT,BULLISH,9.863
2281,2569.857,2576.959,2563.866,2567.245,22374,7690.180471344383,2,NEUTRAL,OVERBOUGHT,BULLISH,10.095
2282,2567.28,2569.557,2564.139,2566.879,11820,7764.377569311585,3,NEUTRAL,OVERBOUGHT,BULLISH,9.868
2283,2566.877,2571.709,2563.027,2565.034,8763,7764.377569311585,1,OVERSOLD,OVERBOUGHT,BULLISH,9.874
2284,2565.002,2571.148,2564.845,2567.756,12358,7764.377569311585,2,OVERSOLD,OVERBOUGHT,BULLISH,9.947
2285,2567.719,2569.538,2559.76,2559.989,9833,7764.377569311585,2,OVERSOLD,NEUTRAL,BULLISH,9.102
2286,2559.953,2563.556,2554.392,2561.478,9281,7764.377569311585,1,OVERSOLD,NEUTRAL,BULLISH,9.115
2287,2561.434,2569.007,2559.283,2566.776,16236,7764.377569311585,2,NEUTRAL,NEUTRAL,BULLISH,9.101
2288,2566.732,2570.433,2562.953,2567.852,16405,7764.377569311585,2,NEUTRAL,NEUTRAL,BULLISH,9.147
2289,2567.828,2573.393,2566.606,2570.777,8006,7764.377569311585,1,NEUTRAL,NEUTRAL,BULLISH,8.98
2290,2570.8,2571.09,2565.42,2569.086,7992,7764.377569311585,1,OVERBOUGHT,NEUTRAL,BULLISH,8.545
2291,2569.13,2575.745,2561.218,2565.308,24005,7764.377569311585,1,NEUTRAL,NEUTRAL,BULLISH,8.551
2292,2565.279,2575.649,2564.187,2572.764,22684,7764.377569311585,1,NEUTRAL,NEUTRAL,BULLISH,8.781
2293,2572.828,2576.067,2564.981,2570.733,18091,7764.377569311585,1,NEUTRAL,NEUTRAL,BULLISH,8.966
2294,2570.742,2573.291,2561.994,2562.177,12504,7764.377569311585,1,NEUTRAL,NEUTRAL,BULLISH,9.319
2295,2562.16,2564.757,2560.089,2562.944,9504,7764.377569311585,1,NEUTRAL,NEUTRAL,BULLISH,8.718
2296,2562.991,2567.812,2559.401,2567.453,7822,7764.377569311585,1,NEUTRAL,NEUTRAL,BULLISH,8.931
2297,2567.487,2568.05,2559.758,2562.242,12178,7764.377569311585,2,OVERSOLD,NEUTRAL,BULLISH,8.904
2298,2562.203,2575.523,2561.11,2571.452,9018,7047.619388107306,2,NEUTRAL,NEUTRAL,BULLISH,9.483
2299,2571.424,2597.414,2569.866,2586.998,25552,7134.052462255818,2,OVERBOUGHT,NEUTRAL,BULLISH,10.752
2300,2586.954,2595.135,2586.837,2591.105,10136,7134.052462255818,1,OVERBOUGHT,OVERBOUGHT,BULLISH,10.69
2301,2591.026,2593.197,2587.765,2592.256,10541,7134.052462255818,2,OVERBOUGHT,OVERBOUGHT,BULLISH,10.384
2302,2592.224,2592.383,2580.42,2585.973,16546,7134.052462255818,2,OVERBOUGHT,OVERBOUGHT,BULLISH,10.704
2303,2586.03,2590.052,2581.678,2585.661,16266,7134.052462255818,2,OVERBOUGHT,OVERBOUGHT,BULLISH,10.817
2304,2585.62,2597.258,2583.802,2595.648,9660,7134.052462255818,1,NEUTRAL,OVERBOUGHT,BULLISH,11.373
2305,2595.695,2596.706,2589.535,2593.978,8417,7134.052462255818,1,NEUTRAL,OVERBOUGHT,BULLISH,10.848
2306,2594.006,2595.405,2590.428,2594.396,7333,7134.052462255818,1,NEUTRAL,OVERBOUGHT,BULLISH,10.385
2307,2594.338,2597.175,2590.358,2595.112,8555,7134.052462255818,1,OVERBOUGHT,OVERBOUGHT,BULLISH,10.08
2308,2595.111,2605.054,2592.87,2603.939,13172,7134.052462255818,1,OVERBOUGHT,OVERBOUGHT,BULLISH,10.143
2309,2603.964,2610.251,2602.699,2608.155,15361,7134.052462255818,1,OVERBOUGHT,OVERBOUGHT,BULLISH,10.349
2310,2608.192,2613.39,2605.858,2612.936,11699,7134.052462255818,1,OVERBOUGHT,OVERBOUGHT,BULLISH,10.286
2311,2612.972,2615.11,2609.329,2611.587,8997,7134.052462255818,1,OVERBOUGHT,OVERBOUGHT,BULLISH,10.107
2312,2611.623,2612.024,2607.341,2611.106,12568,7134.052462255818,2,OVERBOUGHT,OVERBOUGHT,BULLISH,9.412
2313,2611.144,2612.623,2608.192,2610.222,10530,7134.052462255818,2,OVERBOUGHT,OVERBOUGHT,BULLISH,7.761
2314,2610.26,2613.746,2609.829,2613.332,9300,7247.682386485422,3,OVERBOUGHT,OVERBOUGHT,BULLISH,7.448
2315,2613.344,2617.833,2611.538,2615.622,9946,7247.682386485422,1,NEUTRAL,OVERBOUGHT,BULLISH,7.51
2316,2615.618,2624.124,2615.618,2622.427,8280,7247.682386485422,1,OVERBOUGHT,OVERBOUGHT,BULLISH,7.263
2317,2622.392,2625.591,2621.321,2622.948,11058,7247.682386485422,2,OVERBOUGHT,OVERBOUGHT,BULLISH,6.969
2318,2622.903,2626.631,2620.801,2625.184,13446,7247.682386485422,2,OVERBOUGHT,OVERBOUGHT,BULLISH,6.425
2319,2625.142,2625.324,2617.686,2619.057,7808,7247.682386485422,1,NEUTRAL,OVERBOUGHT,BULLISH,6.458
2320,2619.021,2627.045,2618.674,2626.364,10277,7247.682386485422,1,OVERBOUGHT,OVERBOUGHT,BULLISH,6.7
2321,2626.285,2634.483,2625.266,2630.24,14213,7247.682386485422,1,NEUTRAL,OVERBOUGHT,BULLISH,6.872
2322,2630.216,2636.496,2629.88,2635.048,8433,7247.682386485422,1,OVERBOUGHT,OVERBOUGHT,BULLISH,6.474
2323,2635.061,2636.008,2629.023,2629.639,7709,7247.682386485422,1,NEUTRAL,OVERBOUGHT,BULLISH,6.434
2324,2629.667,2639.364,2628.719,2639.205,9296,7247.682386485422,1,OVERBOUGHT,OVERBOUGHT,BULLISH,6.656
2325,2639.236,2639.432,2629.261,2635.244,17116,7247.682386485422,1,NEUTRAL,OVERBOUGHT,BULLISH,6.97
2326,2635.216,2636.905,2622.74,2623.518,21381,7247.682386485422,1,NEUTRAL,OVERBOUGHT,BEARISH,7.647
2327,2623.481,2628.658,2620.912,2624.443,15308,7247.682386485422,1,NEUTRAL,NEUTRAL,BEARISH,7.884
2328,2624.478,2628.446,2622.295,2626.4,11002,7247.682386485422,1,NEUTRAL,NEUTRAL,BEARISH,8.043
2329,2626.364,2633.132,2625.622,2628.114,7957,7247.682386485422,1,OVERSOLD,NEUTRAL,BEARISH,8.13
2330,2628.148,2631.545,2626.27,2630.677,11986,7247.682386485422,2,NEUTRAL,NEUTRAL,BEARISH,7.899
2331,2630.716,2634.574,2630.414,2632.09,8087,7247.682386485422,2,OVERBOUGHT,NEUTRAL,BEARISH,7.891
2332,2632.155,2639.079,2632.009,2637.79,7338,7243.764222693159,2,OVERBOUGHT,OVERBOUGHT,BEARISH,7.98
2333,2637.833,2641.487,2635.771,2639.618,8937,7243.764222693159,1,OVERBOUGHT,OVERBOUGHT,BEARISH,7.843
2334,2639.636,2641.847,2637.541,2637.977,11322,7243.764222693159,2,OVERBOUGHT,OVERBOUGHT,BEARISH,7.552
2335,2638.012,2638.799,2634.869,2636.853,9655,7243.764222693159,2,OVERBOUGHT,OVERBOUGHT,BEARISH,7.175
2336,2636.822,2637.086,2628.55,2629.521,9438,7243.764222693159,1,NEUTRAL,NEUTRAL,BEARISH,7.312
2337,2629.508,2630.191,2621.232,2621.591,8423,7243.764222693159,1,OVERSOLD,NEUTRAL,BEARISH,7.453
2338,2621.555,2624.455,2618.839,2624.128,8437,7243.764222693159,1,OVERSOLD,OVERSOLD,BEARISH,7.094
2339,2624.195,2625.711,2621.058,2621.902,7345,7243.764222693159,1,OVERSOLD,OVERSOLD,BEARISH,6.699
2340,2621.868,2628.162,2620.872,2628.085,14128,7243.764222693159,2,NEUTRAL,OVERSOLD,BEARISH,6.208
2341,2628.123,2632.403,2627.04,2631.793,7838,7243.764222693159,1,NEUTRAL,NEUTRAL,BEARISH,6.038
2342,2631.751,2640.474,2631.165,2636.024,11550,7243.764222693159,1,OVERBOUGHT,NEUTRAL,BEARISH,6.264
2343,2636.063,2646.466,2634.126,2643.141,14657,7243.764222693159,1,OVERBOUGHT,OVERBOUGHT,BEARISH,6.609
2344,2643.127,2648.932,2640.796,2648.81,11005,7243.764222693159,1,OVERBOUGHT,OVERBOUGHT,BULLISH,6.813
2345,2648.808,2650.824,2646.087,2650.603,9832,7243.764222693159,1,OVERBOUGHT,OVERBOUGHT,BULLISH,6.854
2346,2650.623,2655.433,2649.194,2651.781,8201,7243.764222693159,1,OVERBOUGHT,OVERBOUGHT,BULLISH,6.795
2347,2651.819,2652.149,2645.357,2648.593,8606,7243.764222693159,1,OVERBOUGHT,OVERBOUGHT,BULLISH,6.872
2348,2648.568,2653.137,2647.27,2648.905,12127,7243.764222693159,2,OVERBOUGHT,OVERBOUGHT,BULLISH,6.983
2349,2648.849,2658.813,2648.051,2658.455,11642,7268.195407833493,3,OVERBOUGHT,OVERBOUGHT,BULLISH,7.471
2350,2658.494,2660.466,2651.807,2653.328,8507,7268.195407833493,1,NEUTRAL,OVERBOUGHT,BULLISH,7.48
2351,2653.298,2658.178,2650.358,2656.901,11680,7268.195407833493,2,NEUTRAL,OVERBOUGHT,BULLISH,7.399
2352,2656.873,2658.997,2654.625,2656.849,9414,7268.195407833493,2,OVERBOUGHT,OVERBOUGHT,BULLISH,7.31
2353,2656.921,2664.723,2656.537,2663.099,13636,7268.195407833493,2,OVERBOUGHT,OVERBOUGHT,BULLISH,7.562
2354,2663.06,2670.302,2661.975,2668.826,8123,7268.195407833493,1,OVERBOUGHT,OVERBOUGHT,BULLISH,7.636
2355,2668.853,2671.699,2663.42,2668.812,8866,7268.195407833493,1,OVERBOUGHT,OVERBOUGHT,BULLISH,7.845
2356,2668.811,2673.522,2665.064,2671.448,13382,7268.195407833493,2,OVERBOUGHT,OVERBOUGHT,BULLISH,7.784
2357,2671.491,2671.816,2662.897,2663.336,7837,7268.195407833493,1,NEUTRAL,OVERBOUGHT,BULLISH,7.54
2358,2663.285,2667.722,2660.354,2665.385,16194,7268.195407833493,1,NEUTRAL,OVERBOUGHT,BULLISH,7.485
2359,2665.42,2671.566,2661.358,2664.956,16192,7268.195407833493,1,NEUTRAL,NEUTRAL,BULLISH,7.875
2360,2665.042,2670.567,2664.358,2667.636,14324,7268.195407833493,1,NEUTRAL,OVERBOUGHT,BEARISH,7.873
2361,2667.674,2669.74,2661.306,2664.688,12879,7268.195407833493,1,OVERSOLD,OVERBOUGHT,BEARISH,7.991
2362,2664.716,2672.803,2661.767,2671.715,8812,7268.195407833493,1,OVERBOUGHT,OVERBOUGHT,BEARISH,8.36
2363,2671.758,2673.516,2667.814,2669.718,13458,7268.195407833493,2,NEUTRAL,OVERBOUGHT,BEARISH,7.998
2364,2669.712,2671.906,2668.053,2669.61,9030,7268.195407833493,2,NEUTRAL,OVERBOUGHT,BEARISH,7.655
2365,2669.861,2673.585,2668.146,2673.066,7594,7427.347432484271,2,NEUTRAL,OVERBOUGHT,BEARISH,7.485
2366,2673.118,2679.441,2673.023,2677.783,9570,7427.347432484271,1,OVERBOUGHT,OVERBOUGHT,BEARISH,7.631
2367,2677.753,2686.425,2677.316,2685.985,7593,7427.347432484271,1,OVERBOUGHT,OVERBOUGHT,BULLISH,7.697
2368,2685.982,2690.519,2681.413,2686.153,8414,7427.347432484271,1,OVERBOUGHT,OVERBOUGHT,BULLISH,7.753
2369,2686.186,2692.38,2682.975,2686.663,14594,7427.347432484271,2,OVERBOUGHT,OVERBOUGHT,BULLISH,7.833
2370,2686.636,2693.252,2685.852,2692.866,8206,7427.347432484271,1,OVERBOUGHT,OVERBOUGHT,BULLISH,7.758
2371,2692.897,2698.978,2690.448,2696.457,8373,7427.347432484271,1,OVERBOUGHT,OVERBOUGHT,BULLISH,7.73
2372,2696.488,2700.465,2694.705,2697.262,11589,7427.347432484271,1,OVERBOUGHT,OVERBOUGHT,BULLISH,7.615
2373,2697.302,2707.458,2693.554,2703.322,13286,7427.347432484271,1,OVERBOUGHT,OVERBOUGHT,BULLISH,7.879
2374,2703.358,2708.59,2702.622,2707.639,9619,7427.347432484271,1,OVERBOUGHT,OVERBOUGHT,BULLISH,7.862
2375,2707.678,2710.127,2696.989,2698.867,10772,7427.347432484271,1,NEUTRAL,OVERBOUGHT,BULLISH,8.198
2376,2698.826,2705.018,2696.996,2702.997,9499,7427.347432484271,1,NEUTRAL,OVERBOUGHT,BULLISH,7.982
2377,2702.957,2704.139,2689.258,2692.957,18655,7427.347432484271,1,NEUTRAL,OVERBOUGHT,BULLISH,8.638
2378,2692.915,2696.334,2684.441,2694.772,20035,7427.347432484271,1,NEUTRAL,NEUTRAL,BEARISH,9.212
2379,2694.641,2705.073,2694.492,2703.699,16292,7427.347432484271,1,NEUTRAL,NEUTRAL,BEARISH,9.58
2380,2703.741,2706.646,2700.745,2705.121,10724,7427.347432484271,1,NEUTRAL,OVERBOUGHT,BEARISH,9.543
2381,2705.22,2707.32,2703.561,2706.755,7729,7427.347432484271,1,NEUTRAL,OVERBOUGHT,BEARISH,9.161
2382,2706.787,2711.421,2706.68,2710.778,7509,7427.347432484271,1,OVERBOUGHT,OVERBOUGHT,BEARISH,8.849
2383,2710.823,2711.45,2705.102,2705.841,12190,7427.347432484271,2,OVERBOUGHT,OVERBOUGHT,BEARISH,8.63
2384,2705.806,2721.437,2705.707,2719.756,13764,6753.611962723865,2,OVERBOUGHT,OVERBOUGHT,BULLISH,9.225
2385,2719.719,2720.143,2709.706,2710.636,8248,7400.875109131116,1,NEUTRAL,OVERBOUGHT,BEARISH,9.362
2386,2710.672,2711.156,2694.855,2701.192,23039,7400.875109131116,1,NEUTRAL,OVERBOUGHT,BEARISH,10.115
2387,2701.223,2704.481,2692.258,2695.264,11556,7400.875109131116,1,NEUTRAL,NEUTRAL,BEARISH,9.995
2388,2695.251,2697.409,2658.997,2672.236,25409,7400.875109131116,1,OVERSOLD,NEUTRAL,BEARISH,12.312
2389,2672.191,2676.358,2663.825,2672.539,11071,7400.875109131116,1,OVERSOLD,OVERSOLD,BEARISH,12.269
2390,2672.587,2674.026,2658.205,2664.661,16322,7400.875109131116,1,OVERSOLD,OVERSOLD,BEARISH,12.826
2391,2664.711,2670.114,2661.63,2666.858,15458,7400.875109131116,1,OVERSOLD,OVERSOLD,BEARISH,12.369
2392,2666.902,2672.554,2663.785,2667.774,11634,7400.875109131116,1,OVERSOLD,OVERSOLD,BEARISH,12.146
2393,2667.809,2673.572,2667.127,2671.963,11638,7400.875109131116,1,NEUTRAL,OVERSOLD,BEARISH,11.85
2394,2671.988,2675.212,2669.875,2673.858,8747,7400.875109131116,1,NEUTRAL,OVERSOLD,BEARISH,11.81
2395,2673.826,2678.094,2668.834,2677.665,7697,7400.875109131116,1,OVERBOUGHT,OVERSOLD,BEARISH,12.203
2396,2677.629,2688.768,2677.596,2686.776,8772,7400.875109131116,1,OVERBOUGHT,NEUTRAL,BEARISH,12.662
2397,2686.806,2687.096,2679.94,2680.955,9652,7400.875109131116,1,OVERBOUGHT,NEUTRAL,BEARISH,12.72
2398,2680.964,2687.863,2676.632,2678.239,18440,7400.875109131116,1,NEUTRAL,NEUTRAL,BEARISH,12.399
2399,2678.281,2678.741,2633.51,2641.219,44354,7400.875109131116,1,OVERSOLD,OVERSOLD,BEARISH,14.884
2400,2641.263,2641.703,2626.221,2628.404,24682,7400.875109131116,1,OVERSOLD,OVERSOLD,BEARISH,14.825
2401,2628.435,2639.392,2628.313,2631.987,15412,7400.875109131116,1,OVERSOLD,OVERSOLD,BEARISH,14.744
2402,2631.948,2634.215,2624.411,2627.811,11038,7400.875109131116,1,OVERSOLD,OVERSOLD,BEARISH,12.7
2403,2627.732,2628.54,2615.519,2618.827,12704,7400.875109131116,1,OVERSOLD,OVERSOLD,BEARISH,12.735
2404,2618.785,2626.222,2618.341,2625.804,7551,7400.875109131116,1,OVERSOLD,OVERSOLD,BEARISH,12.168
2405,2625.83,2628.739,2622.628,2625.642,10460,7400.875109131116,2,NEUTRAL,OVERSOLD,BEARISH,11.999
2406,2625.829,2628.564,2605.119,2610.456,11313,7400.875109131116,1,OVERSOLD,OVERSOLD,BEARISH,13.047
2407,2610.484,2624.556,2608.477,2619.816,13785,7616.204463817041,1,NEUTRAL,OVERSOLD,BEARISH,13.735
2408,2619.791,2632.189,2618.021,2628.097,17239,7616.204463817041,1,NEUTRAL,OVERSOLD,BEARISH,14.366
2409,2628.095,2630.533,2624.893,2625.376,10082,7616.204463817041,1,NEUTRAL,OVERSOLD,BEARISH,14.107
2410,2625.331,2631.448,2622.924,2626.416,12550,7616.204463817041,2,NEUTRAL,OVERSOLD,BEARISH,13.918
2411,2626.41,2626.539,2617.807,2624.351,8970,7616.204463817041,1,OVERBOUGHT,OVERSOLD,BEARISH,14.031
2412,2624.413,2626.009,2621.103,2622.131,9078,7616.204463817041,1,NEUTRAL,OVERSOLD,BULLISH,13.579
2413,2622.088,2622.891,2610.832,2614.036,9267,7616.204463817041,1,OVERSOLD,OVERSOLD,BEARISH,11.209
2414,2614.07,2618.315,2612.417,2613.471,10634,7616.204463817041,1,OVERSOLD,OVERSOLD,BEARISH,10.525
2415,2613.42,2627.147,2612.877,2625.969,10190,7616.204463817041,1,NEUTRAL,NEUTRAL,BULLISH,10.753
2416,2625.993,2633.189,2625.102,2631.381,9096,7616.204463817041,1,NEUTRAL,NEUTRAL,BULLISH,10.63
2417,2631.394,2633.226,2627.58,2633.202,8013,7616.204463817041,1,NEUTRAL,OVERBOUGHT,BULLISH,10.103
2418,2633.246,2634.819,2629.274,2630.969,9215,7616.204463817041,1,OVERBOUGHT,OVERBOUGHT,BULLISH,9.936
2419,2630.939,2641.986,2623.942,2629.925,19317,7616.204463817041,1,OVERBOUGHT,OVERBOUGHT,BULLISH,10.789
2420,2629.877,2633.836,2616.664,2622.621,22166,7616.204463817041,1,NEUTRAL,NEUTRAL,BULLISH,10.341
2421,2622.649,2632.846,2620.278,2629.512,15787,7616.204463817041,1,NEUTRAL,NEUTRAL,BULLISH,10.09
2422,2629.528,2631.436,2626.382,2628.711,10013,7616.204463817041,1,NEUTRAL,NEUTRAL,BULLISH,9.439
2423,2628.678,2628.678,2624.939,2624.939,7974,7616.204463817041,1,NEUTRAL,NEUTRAL,BULLISH,9.306
2424,2624.909,2624.909,2619.498,2623.412,9143,7616.204463817041,1,NEUTRAL,NEUTRAL,BULLISH,9.085
2425,2623.375,2632.873,2622.67,2631.742,12823,7616.204463817041,2,OVERBOUGHT,NEUTRAL,BULLISH,9.19
2426,2631.767,2634.138,2627.184,2627.677,10370,7615.327848215419,3,NEUTRAL,NEUTRAL,BULLISH,9.337
2427,2627.703,2632.741,2627.017,2631.387,8700,7615.327848215419,1,NEUTRAL,NEUTRAL,BULLISH,8.884
2428,2631.352,2640.487,2631.137,2637.51,8300,7615.327848215419,1,OVERBOUGHT,NEUTRAL,BULLISH,9.131
2429,2637.543,2640.656,2635.857,2638.996,9891,7615.327848215419,2,OVERBOUGHT,OVERBOUGHT,BULLISH,8.454
2430,2638.979,2647.969,2638.121,2647.665,15722,7615.327848215419,2,OVERBOUGHT,OVERBOUGHT,BULLISH,8.58
2431,2647.736,2653.676,2645.108,2653.44,16411,7615.327848215419,2,OVERBOUGHT,OVERBOUGHT,BULLISH,8.789
2432,2653.487,2653.92,2647.696,2648.541,12696,7615.327848215419,2,OVERBOUGHT,OVERBOUGHT,BULLISH,8.837
2433,2648.575,2655.004,2643.187,2651.15,14608,7615.327848215419,2,OVERBOUGHT,OVERBOUGHT,BULLISH,8.392
2434,2651.195,2658.172,2645.754,2656.204,14804,7615.327848215419,1,OVERBOUGHT,OVERBOUGHT,BULLISH,8.053
2435,2656.219,2656.896,2648.979,2651.343,13697,7615.327848215419,1,NEUTRAL,OVERBOUGHT,BULLISH,7.721
2436,2651.378,2651.535,2635.519,2642.661,21081,7615.327848215419,1,OVERSOLD,OVERBOUGHT,BULLISH,8.504
2437,2642.651,2644.318,2638.042,2638.972,12414,7615.327848215419,1,NEUTRAL,NEUTRAL,BULLISH,8.683
2438,2638.946,2642.842,2635.229,2637.304,8908,7615.327848215419,1,OVERSOLD,NEUTRAL,BULLISH,8.838
2439,2637.281,2640.748,2633.693,2634.755,11255,7615.327848215419,2,OVERSOLD,NEUTRAL,BEARISH,8.613
2440,2634.721,2639.03,2634.225,2635.706,8101,7615.327848215419,2,OVERSOLD,NEUTRAL,BEARISH,8.459
2441,2637.116,2638.432,2620.844,2628.729,25319,7375.324402353633,3,OVERSOLD,OVERSOLD,BEARISH,9.307
2442,2628.765,2630.178,2625.591,2628.166,7430,7375.324402353633,1,OVERSOLD,OVERSOLD,BEARISH,8.967
2443,2628.129,2634.01,2625.637,2631.224,9387,7375.324402353633,2,OVERSOLD,OVERSOLD,BEARISH,9.222
2444,2631.231,2639.614,2630.091,2636.73,12607,7375.324402353633,2,NEUTRAL,OVERSOLD,BEARISH,9.199
2445,2636.735,2646.279,2634.544,2644.142,12982,7375.324402353633,2,NEUTRAL,NEUTRAL,BEARISH,9.425
2446,2644.105,2649.674,2642.732,2647.486,11588,7375.324402353633,2,OVERBOUGHT,NEUTRAL,BULLISH,9.476
2447,2647.549,2649.503,2643.85,2646.089,10448,7375.324402353633,2,OVERBOUGHT,NEUTRAL,BULLISH,9.036
2448,2646.06,2647.897,2642.768,2647.009,9364,7375.324402353633,1,OVERBOUGHT,OVERBOUGHT,BULLISH,8.515
2449,2647.042,2647.951,2636.215,2638.104,13829,7375.324402353633,2,NEUTRAL,NEUTRAL,BULLISH,8.788
2450,2638.07,2642.458,2637.519,2640.923,8585,7375.324402353633,2,NEUTRAL,NEUTRAL,BULLISH,7.997
2451,2640.96,2641.07,2635.627,2636.048,7301,7286.178427526303,3,OVERSOLD,NEUTRAL,BEARISH,7.937
2452,2636.065,2647.178,2633.969,2644.918,10901,7286.178427526303,1,NEUTRAL,NEUTRAL,BULLISH,8.337
2453,2644.871,2662.802,2644.762,2657.45,12261,7286.178427526303,1,NEUTRAL,OVERBOUGHT,BULLISH,9.122
2454,2657.484,2664.355,2654.707,2659.855,12593,7286.178427526303,2,OVERBOUGHT,OVERBOUGHT,BULLISH,9.468
2455,2659.8,2666.383,2659.324,2665.152,14393,7286.178427526303,2,OVERBOUGHT,OVERBOUGHT,BULLISH,8.715
2456,2665.198,2665.482,2654.471,2657.324,13314,7286.178427526303,2,OVERBOUGHT,OVERBOUGHT,BULLISH,9.174
2457,2657.289,2664.701,2655.847,2664.202,7608,7286.178427526303,1,OVERBOUGHT,OVERBOUGHT,BULLISH,9.209
2458,2664.158,2665.917,2659.429,2659.61,13033,7286.178427526303,2,NEUTRAL,OVERBOUGHT,BULLISH,8.992
2459,2659.653,2664.969,2656.12,2657.946,19481,7286.178427526303,2,NEUTRAL,OVERBOUGHT,BULLISH,8.786
2460,2657.99,2662.716,2651.825,2653.509,13579,7286.178427526303,1,OVERSOLD,OVERBOUGHT,BULLISH,9.068
2461,2653.547,2658.946,2650.537,2658.946,12839,7286.178427526303,1,NEUTRAL,OVERBOUGHT,BULLISH,9.265
2462,2659.002,2662.282,2657.92,2662.142,9704,7286.178427526303,1,NEUTRAL,OVERBOUGHT,BULLISH,9.21
2463,2662.154,2662.26,2655.162,2655.162,10436,7286.178427526303,2,NEUTRAL,OVERBOUGHT,BULLISH,8.879
2464,2649.036,2650.324,2629.954,2637.43,16041,6884.121116410421,2,OVERSOLD,NEUTRAL,BEARISH,10.326
2465,2637.392,2639.177,2622.897,2635.89,19953,6884.121116410421,1,OVERSOLD,NEUTRAL,BEARISH,11.1
2466,2635.876,2638.082,2625.498,2626.757,12499,6884.121116410421,1,OVERSOLD,OVERSOLD,BEARISH,11.056
2467,2626.787,2631.051,2624.033,2629.272,9846,6884.121116410421,1,OVERSOLD,OVERSOLD,BEARISH,10.269
2468,2629.235,2630.539,2621.818,2623.207,15120,6884.121116410421,2,OVERSOLD,OVERSOLD,BEARISH,10.202
2469,2623.17,2627.745,2621.839,2625.981,9464,6884.121116410421,1,OVERSOLD,OVERSOLD,BEARISH,10.12
2470,2625.958,2633.664,2625.279,2629.898,8055,6884.121116410421,1,NEUTRAL,OVERSOLD,BEARISH,9.932
2471,2629.859,2632.818,2626.514,2629.527,10274,6884.121116410421,1,NEUTRAL,OVERSOLD,BEARISH,9.75
2472,2629.511,2636.845,2628.533,2633.666,9296,6884.121116410421,1,NEUTRAL,OVERSOLD,BEARISH,9.881
2473,2633.624,2637.682,2633.318,2635.792,7272,6884.121116410421,1,OVERBOUGHT,OVERSOLD,BEARISH,9.56
2474,2635.771,2646.37,2635.66,2641.885,11444,6884.121116410421,1,OVERBOUGHT,NEUTRAL,BEARISH,9.547
2475,2641.837,2645.145,2639.094,2641.034,8672,6884.121116410421,1,OVERBOUGHT,NEUTRAL,BEARISH,9.379
2476,2640.991,2648.866,2637.048,2646.921,15735,6884.121116410421,1,OVERBOUGHT,NEUTRAL,BULLISH,9.911
2477,2646.895,2651.786,2642.469,2645.693,16070,6884.121116410421,1,OVERBOUGHT,NEUTRAL,BULLISH,10.07
2478,2645.786,2649.395,2640.212,2642.318,15866,6884.121116410421,1,NEUTRAL,OVERBOUGHT,BULLISH,8.925
2479,2642.359,2644.372,2638.583,2641.359,11546,6884.121116410421,1,NEUTRAL,OVERBOUGHT,BULLISH,8.176
2480,2641.316,2642.005,2637.317,2638.821,8325,6884.121116410421,1,NEUTRAL,NEUTRAL,BULLISH,7.612
2481,2638.832,2638.924,2633.546,2636.947,7521,6884.121116410421,1,OVERSOLD,NEUTRAL,BULLISH,7.495
2482,2636.997,2644.224,2635.288,2637.134,13501,6884.121116410421,2,OVERSOLD,NEUTRAL,BULLISH,7.51
2483,2637.104,2644.324,2636.489,2641.107,10494,6956.010375164984,3,NEUTRAL,NEUTRAL,BULLISH,7.648
2484,2641.142,2645.325,2634.033,2636.508,11137,6956.010375164984,1,NEUTRAL,NEUTRAL,BULLISH,7.855
2485,2636.523,2639.095,2634.409,2637.079,8532,6956.010375164984,1,NEUTRAL,NEUTRAL,BULLISH,7.74
2486,2637.017,2643.004,2636.224,2639.895,10389,6956.010375164984,2,NEUTRAL,NEUTRAL,BULLISH,7.63
2487,2639.858,2650.052,2637.08,2646.907,15617,6956.010375164984,2,OVERBOUGHT,NEUTRAL,BULLISH,8.245
2488,2646.933,2647.652,2639.169,2645.006,16643,6956.010375164984,2,NEUTRAL,NEUTRAL,BULLISH,8.086
2489,2645.04,2648.119,2643.854,2643.943,9976,6956.010375164984,1,OVERBOUGHT,NEUTRAL,BULLISH,7.959
2490,2643.963,2645.602,2642.465,2643.663,11435,6956.010375164984,2,OVERBOUGHT,NEUTRAL,BULLISH,7.339
2491,2643.671,2653.725,2637.682,2652.836,18729,6956.010375164984,2,OVERBOUGHT,NEUTRAL,BULLISH,7.819
2492,2652.874,2655.66,2645.735,2646.636,15941,6956.010375164984,1,NEUTRAL,OVERBOUGHT,BULLISH,7.872
2493,2646.844,2647.228,2635.194,2640.444,18236,6956.010375164984,1,NEUTRAL,NEUTRAL,BULLISH,8.318
2494,2640.408,2648.638,2638.837,2648.306,10916,6956.010375164984,1,NEUTRAL,NEUTRAL,BULLISH,8.683
2495,2648.33,2648.801,2643.409,2646.979,8306,6956.010375164984,1,NEUTRAL,NEUTRAL,BULLISH,8.684
2496,2646.946,2649.164,2640.149,2640.998,12554,6956.010375164984,2,OVERSOLD,NEUTRAL,BULLISH,8.69
2497,2640.944,2644.226,2640.626,2643.558,7701,6956.010375164984,2,NEUTRAL,NEUTRAL,BULLISH,8.387
2498,2642.906,2643.563,2637.618,2642.242,15296,7041.1641489587955,3,NEUTRAL,NEUTRAL,BEARISH,8.006
2499,2642.216,2648.093,2641.98,2645.781,7804,7041.1641489587955,1,NEUTRAL,NEUTRAL,BULLISH,8.108
2500,2645.824,2648.681,2643.133,2648.367,10449,7041.1641489587955,2,NEUTRAL,NEUTRAL,BULLISH,8.02
2501,2648.334,2651.403,2647.37,2649.206,12999,7041.1641489587955,2,OVERBOUGHT,NEUTRAL,BULLISH,7.381
2502,2649.229,2649.331,2636.59,2641.268,15149,7041.1641489587955,2,NEUTRAL,NEUTRAL,BEARISH,7.685
2503,2641.311,2642.735,2638.593,2640.885,7263,7041.1641489587955,1,NEUTRAL,NEUTRAL,BEARISH,7.676
2504,2640.93,2644.529,2640.232,2644.36,7079,7041.1641489587955,1,NEUTRAL,NEUTRAL,BEARISH,7.759
2505,2644.375,2647.735,2636.183,2637.078,15595,7041.1641489587955,2,OVERSOLD,OVERSOLD,BEARISH,7.438
2506,2637.05,2649.211,2632.33,2648.469,18743,7041.1641489587955,1,NEUTRAL,NEUTRAL,BEARISH,7.935
2507,2648.429,2653.525,2645.062,2649.409,15936,7041.1641489587955,1,NEUTRAL,NEUTRAL,BULLISH,7.68
2508,2649.434,2657.147,2648.735,2655.039,19116,7041.1641489587955,1,OVERBOUGHT,OVERBOUGHT,BULLISH,7.581
2509,2655.095,2655.557,2646.943,2649.684,11247,7041.1641489587955,1,NEUTRAL,OVERBOUGHT,BULLISH,7.811
2510,2649.709,2652.991,2648.456,2651.325,8108,7041.1641489587955,1,OVERBOUGHT,OVERBOUGHT,BULLISH,7.491
2511,2651.329,2655.487,2646.793,2651.702,14996,7041.1641489587955,2,NEUTRAL,OVERBOUGHT,BULLISH,7.855
2512,2651.653,2651.962,2648.066,2649.897,8542,7041.1641489587955,2,NEUTRAL,OVERBOUGHT,BULLISH,7.709
2513,2649.852,2651.638,2646.167,2647.113,13954,7059.831055407164,3,OVERSOLD,NEUTRAL,BULLISH,7.663
2514,2647.014,2649.704,2644.6,2648.866,11267,7059.831055407164,2,NEUTRAL,NEUTRAL,BULLISH,7.631
2515,2648.829,2655.518,2645.5,2653.204,10916,7059.831055407164,2,NEUTRAL,OVERBOUGHT,BULLISH,8.059
2516,2653.159,2654.166,2646.566,2646.962,7758,7059.831055407164,1,NEUTRAL,NEUTRAL,BEARISH,7.691
2517,2646.926,2650.904,2642.005,2643.158,13818,7059.831055407164,2,NEUTRAL,NEUTRAL,BEARISH,8.031
2518,2643.163,2650.338,2641.821,2648.751,12366,7059.831055407164,2,NEUTRAL,NEUTRAL,BEARISH,8.333
2519,2648.727,2653.397,2647.471,2653.22,12728,7059.831055407164,2,NEUTRAL,NEUTRAL,BEARISH,7.931
2520,2653.251,2654.517,2644.293,2648.888,14069,7059.831055407164,1,NEUTRAL,NEUTRAL,BEARISH,7.455
2521,2648.895,2650.237,2639.571,2640.395,14279,7059.831055407164,1,NEUTRAL,NEUTRAL,BEARISH,7.613
2522,2640.356,2641.93,2631.797,2640.27,16813,7059.831055407164,1,NEUTRAL,OVERSOLD,BEARISH,7.736
2523,2640.235,2643.395,2632.835,2635.196,10794,7059.831055407164,1,OVERSOLD,OVERSOLD,BEARISH,7.875
2524,2635.228,2635.917,2623.662,2627.944,12175,7059.831055407164,1,OVERSOLD,OVERSOLD,BEARISH,8.426
2525,2627.952,2629.622,2623.444,2629.523,8567,7059.831055407164,1,OVERSOLD,OVERSOLD,BEARISH,8.246
2526,2629.562,2631.738,2627.977,2631.335,11760,7059.831055407164,2,OVERSOLD,OVERSOLD,BEARISH,8.237
2527,2631.351,2633.832,2628.195,2628.556,8641,7201.093177114417,3,OVERSOLD,OVERSOLD,BEARISH,8.248
2528,2628.592,2630.482,2612.931,2617.604,17066,7201.093177114417,1,OVERSOLD,OVERSOLD,BEARISH,9.137
2529,2617.596,2625.529,2616.89,2625.271,7895,7201.093177114417,1,NEUTRAL,OVERSOLD,BEARISH,9.039
2530,2625.31,2642.55,2624.861,2640.877,11087,7201.093177114417,1,NEUTRAL,NEUTRAL,BEARISH,9.76
2531,2640.875,2644.577,2635.305,2637.956,13576,7201.093177114417,2,NEUTRAL,NEUTRAL,BEARISH,9.786
2532,2637.915,2642.277,2636.355,2639.37,7555,7201.093177114417,1,NEUTRAL,NEUTRAL,BULLISH,9.601
2533,2639.328,2645.25,2635.915,2644.153,13141,7201.093177114417,2,OVERBOUGHT,NEUTRAL,BULLISH,9.844
2534,2644.198,2645.733,2633.534,2634.195,13273,7201.093177114417,2,NEUTRAL,NEUTRAL,BULLISH,9.986
2535,2634.203,2641.478,2632.344,2638.494,13743,7201.093177114417,2,NEUTRAL,OVERBOUGHT,BULLISH,9.876
2536,2638.451,2643.536,2631.219,2635.757,25126,7201.093177114417,1,NEUTRAL,NEUTRAL,BULLISH,10.032
2537,2635.73,2638.936,2624.011,2635.601,28250,7201.093177114417,1,NEUTRAL,OVERBOUGHT,BULLISH,10.344
2538,2635.627,2640.588,2632.583,2637.53,17870,7201.093177114417,1,NEUTRAL,OVERBOUGHT,BULLISH,10.04
2539,2637.563,2641.654,2635.542,2640.4,10856,7201.093177114417,1,OVERBOUGHT,OVERBOUGHT,BULLISH,10.036
2540,2640.434,2640.642,2634.18,2634.93,8422,7201.093177114417,1,NEUTRAL,OVERBOUGHT,BULLISH,10.229
2541,2634.976,2638.987,2632.914,2634.544,8499,7201.093177114417,2,NEUTRAL,OVERBOUGHT,BULLISH,10.26
2542,2634.661,2648.366,2630.872,2646.077,9542,7179.731128500345,3,OVERBOUGHT,OVERBOUGHT,BULLISH,10.256
2543,2646.035,2646.67,2638.256,2638.889,7954,7179.731128500345,1,NEUTRAL,OVERBOUGHT,BULLISH,10.24
2544,2638.842,2640.355,2634.553,2638.377,13944,7179.731128500345,2,NEUTRAL,OVERBOUGHT,BULLISH,9.39
2545,2638.342,2644.566,2638.11,2643.819,7666,7179.731128500345,1,NEUTRAL,NEUTRAL,BULLISH,9.189
2546,2643.82,2651.245,2643.021,2650.49,8276,7179.731128500345,1,OVERBOUGHT,OVERBOUGHT,BULLISH,9.354
2547,2650.523,2651.073,2646.094,2649.296,8044,7179.731128500345,1,NEUTRAL,OVERBOUGHT,BULLISH,9.043
2548,2649.282,2657.456,2648.769,2655.629,7820,7179.731128500345,1,OVERBOUGHT,OVERBOUGHT,BULLISH,8.792
2549,2655.668,2660.38,2653.379,2656.184,14233,7179.731128500345,2,OVERBOUGHT,OVERBOUGHT,BULLISH,8.639
2550,2656.237,2658.307,2653.283,2656.18,7351,7179.731128500345,1,OVERBOUGHT,OVERBOUGHT,BULLISH,8.118
2551,2656.219,2666.329,2654.69,2665.491,14769,7179.731128500345,1,OVERBOUGHT,OVERBOUGHT,BULLISH,7.884
2552,2665.517,2675.24,2662.623,2674.044,15684,7179.731128500345,1,OVERBOUGHT,OVERBOUGHT,BULLISH,8.213
2553,2673.994,2676.454,2666.628,2668.221,15552,7179.731128500345,1,OVERBOUGHT,OVERBOUGHT,BULLISH,8.478
2554,2668.203,2670.569,2665.564,2667.608,11502,7179.731128500345,1,OVERBOUGHT,OVERBOUGHT,BULLISH,8.374
2555,2667.597,2669.341,2661.637,2662.982,13560,7179.731128500345,2,NEUTRAL,OVERBOUGHT,BULLISH,8.491
2556,2662.954,2663.308,2656.649,2657.873,10195,7179.731128500345,2,NEUTRAL,NEUTRAL,BULLISH,7.717
2557,2657.921,2665.473,2657.832,2664.961,11120,7213.887687690788,3,NEUTRAL,NEUTRAL,BULLISH,7.662
2558,2664.991,2668.669,2660.504,2667.434,10494,7213.887687690788,1,NEUTRAL,NEUTRAL,BULLISH,7.83
2559,2667.5,2671.494,2666.168,2669.013,9110,7213.887687690788,1,NEUTRAL,OVERBOUGHT,BULLISH,7.75
2560,2668.977,2671.782,2665.415,2669.918,7617,7213.887687690788,1,OVERBOUGHT,OVERBOUGHT,BULLISH,7.617
2561,2669.942,2673.909,2668.247,2668.94,12326,7213.887687690788,2,OVERBOUGHT,OVERBOUGHT,BULLISH,7.666
2562,2668.897,2670.921,2663.647,2664.673,12879,7213.887687690788,2,NEUTRAL,NEUTRAL,BULLISH,7.565
2563,2664.607,2665.663,2661.161,2663.223,8396,7213.887687690788,1,OVERSOLD,NEUTRAL,BEARISH,7.387
2564,2663.18,2666.975,2661.633,2664.938,8013,7213.887687690788,1,OVERSOLD,NEUTRAL,BEARISH,7.409
2565,2664.98,2676.839,2664.456,2675.452,8707,7213.887687690788,1,NEUTRAL,NEUTRAL,BEARISH,7.462
2566,2675.46,2675.495,2669.767,2674.496,8529,7213.887687690788,1,NEUTRAL,OVERBOUGHT,BULLISH,6.97
2567,2674.539,2679.372,2672.633,2677.714,10695,7213.887687690788,1,OVERBOUGHT,OVERBOUGHT,BULLISH,6.75
2568,2677.755,2681.961,2672.308,2680.38,12344,7213.887687690788,1,OVERBOUGHT,OVERBOUGHT,BULLISH,7.082
2569,2680.43,2691.777,2679.461,2688.964,15501,7213.887687690788,1,OVERBOUGHT,OVERBOUGHT,BULLISH,7.411
2570,2688.917,2690.472,2684.478,2687.446,12546,7213.887687690788,1,OVERBOUGHT,OVERBOUGHT,BULLISH,7.364
2571,2687.446,2692.547,2684.553,2692.296,10231,7213.887687690788,1,OVERBOUGHT,OVERBOUGHT,BULLISH,7.389
2572,2692.361,2695.522,2690.432,2692.462,12578,7213.887687690788,2,OVERBOUGHT,OVERBOUGHT,BULLISH,7.169
2573,2692.435,2694.553,2690.877,2691.714,9414,7213.887687690788,2,OVERBOUGHT,OVERBOUGHT,BULLISH,7.051
2574,2691.758,2701.89,2691.59,2701.082,14456,7262.529336482141,3,OVERBOUGHT,OVERBOUGHT,BULLISH,7.332
2575,2701.107,2703.746,2696.611,2699.961,13916,7262.529336482141,1,OVERBOUGHT,OVERBOUGHT,BULLISH,7.438
2576,2700.017,2704.348,2698.278,2699.052,13249,7262.529336482141,1,OVERBOUGHT,OVERBOUGHT,BULLISH,7.352
2577,2699.017,2702.232,2692.316,2695.714,14694,7262.529336482141,1,NEUTRAL,OVERBOUGHT,BULLISH,7.738
2578,2695.619,2696.235,2682.946,2684.834,21551,7262.529336482141,1,NEUTRAL,OVERBOUGHT,BEARISH,8.306
2579,2684.779,2693.656,2675.502,2688.609,24899,7262.529336482141,1,OVERSOLD,NEUTRAL,BEARISH,8.718
2580,2688.535,2698.242,2686.501,2696.442,21644,7262.529336482141,1,NEUTRAL,NEUTRAL,BEARISH,9.148
2581,2696.477,2696.514,2688.075,2690.644,15508,7262.529336482141,1,NEUTRAL,NEUTRAL,BEARISH,9.269
2582,2690.435,2696.052,2689.899,2691.143,7490,7262.529336482141,1,NEUTRAL,NEUTRAL,BEARISH,9.019
2583,2691.096,2699.761,2686.296,2696.439,10258,7262.529336482141,3,OVERBOUGHT,NEUTRAL,BEARISH,9.101
2584,2696.56,2706.886,2690.641,2706.592,10690,7262.529336482141,3,OVERBOUGHT,OVERBOUGHT,BEARISH,9.833
2585,2706.369,2718.511,2705.276,2715.161,7415,7262.529336482141,2,OVERBOUGHT,OVERBOUGHT,BULLISH,10.208
2586,2715.126,2721.055,2713.361,2717.965,9765,7262.529336482141,3,OVERBOUGHT,OVERBOUGHT,BULLISH,10.394
2587,2718.146,2724.341,2716.052,2724.19,9211,6863.554320309238,4,OVERBOUGHT,OVERBOUGHT,BULLISH,10.723
2588,2724.101,2726.206,2700.251,2710.489,9509,6863.554320309238,3,NEUTRAL,OVERBOUGHT,BULLISH,11.841
2589,2710.508,2718.516,2709.689,2718.438,8355,6863.554320309238,3,NEUTRAL,OVERBOUGHT,BULLISH,11.962
2590,2718.452,2720.372,2714.029,2714.908,9677,6863.554320309238,3,NEUTRAL,OVERBOUGHT,BULLISH,11.982
2591,2714.772,2715.737,2706.008,2706.716,10162,6863.554320309238,3,NEUTRAL,OVERBOUGHT,BEARISH,11.968
2592,2706.91,2711.514,2680.92,2686.645,9007,6863.554320309238,2,OVERSOLD,NEUTRAL,BEARISH,13.205
2593,2686.486,2688.253,2675.078,2683.52,8158,6863.554320309238,2,OVERSOLD,NEUTRAL,BEARISH,12.849
2594,2683.532,2687.039,2681.405,2683.133,9550,6863.554320309238,3,OVERSOLD,OVERSOLD,BEARISH,12.413
2595,2683.187,2685.58,2678.871,2685.488,9345,6488.949940597248,4,OVERSOLD,OVERSOLD,BEARISH,12.289
2596,2685.234,2692.778,2684.411,2686.649,6957,6488.949940597248,2,OVERSOLD,OVERSOLD,BEARISH,12.447
2597,2686.574,2691.313,2685.083,2688.349,8608,6488.949940597248,3,NEUTRAL,OVERSOLD,BEARISH,11.93
2598,2688.513,2690.527,2674.453,2675.025,9681,6488.949940597248,3,OVERSOLD,OVERSOLD,BEARISH,11.918
2599,2674.846,2677.0,2665.147,2666.731,6781,6488.949940597248,2,OVERSOLD,OVERSOLD,BEARISH,11.819
2600,2666.784,2672.695,2662.853,2672.416,6518,6488.949940597248,2,OVERSOLD,OVERSOLD,BEARISH,11.973
2601,2672.434,2672.865,2657.37,2660.133,7872,6488.949940597248,2,OVERSOLD,OVERSOLD,BEARISH,12.488
2602,2660.122,2664.566,2654.584,2662.046,7136,6488.949940597248,2,OVERSOLD,OVERSOLD,BEARISH,11.347
2603,2662.285,2662.285,2652.14,2652.972,8958,6488.949940597248,3,OVERSOLD,OVERSOLD,BEARISH,11.441
2604,2653.172,2653.522,2646.046,2651.479,7231,5878.621374826082,3,OVERSOLD,OVERSOLD,BEARISH,11.522
2605,2651.484,2655.607,2643.493,2653.422,5864,5788.752672461694,2,OVERSOLD,OVERSOLD,BEARISH,11.692
2606,2653.427,2655.593,2650.458,2652.802,7971,5788.752672461694,3,OVERSOLD,OVERSOLD,BEARISH,9.874
2607,2652.76,2655.868,2649.545,2653.69,8311,5788.752672461694,3,OVERSOLD,OVERSOLD,BEARISH,9.384
2608,2653.536,2662.043,2652.31,2658.187,11781,5788.752672461694,2,OVERBOUGHT,OVERSOLD,BEARISH,9.677
2609,2658.193,2661.15,2657.917,2658.864,6121,5788.752672461694,1,OVERBOUGHT,OVERSOLD,BEARISH,9.429
2610,2658.826,2664.168,2657.715,2663.542,6364,5788.752672461694,1,OVERBOUGHT,NEUTRAL,BEARISH,9.292
2611,2663.579,2664.447,2657.412,2659.95,6854,5788.752672461694,1,OVERBOUGHT,NEUTRAL,BEARISH,9.35
2612,2659.968,2664.259,2658.84,2661.97,11368,5788.752672461694,1,OVERBOUGHT,NEUTRAL,BULLISH,8.588
2613,2662.005,2663.035,2654.098,2654.841,11395,5788.752672461694,1,NEUTRAL,NEUTRAL,BULLISH,8.38
2614,2654.879,2656.937,2650.833,2654.472,10718,5788.752672461694,1,NEUTRAL,NEUTRAL,BULLISH,8.113
2615,2654.438,2655.788,2648.507,2652.195,7601,5788.752672461694,1,OVERSOLD,NEUTRAL,BULLISH,7.526
2616,2652.158,2655.669,2651.345,2655.337,10853,5788.752672461694,2,NEUTRAL,NEUTRAL,BULLISH,7.122
2617,2655.367,2655.78,2651.931,2652.742,8526,5788.752672461694,2,OVERSOLD,NEUTRAL,BULLISH,6.673
2618,2652.781,2655.496,2651.129,2655.24,8385,5877.986544925659,3,NEUTRAL,NEUTRAL,BULLISH,6.451
2619,2655.207,2658.611,2654.313,2658.015,7092,5877.986544925659,1,NEUTRAL,NEUTRAL,BULLISH,5.892
2620,2657.979,2658.593,2651.289,2653.616,10868,5877.986544925659,2,NEUTRAL,NEUTRAL,BULLISH,6.047
2621,2653.578,2655.317,2649.0,2653.791,9832,5877.986544925659,2,NEUTRAL,NEUTRAL,BULLISH,6.047
2622,2653.824,2654.646,2646.417,2648.861,7294,5877.986544925659,1,NEUTRAL,OVERSOLD,BULLISH,5.939
2623,2648.836,2657.093,2648.11,2653.753,6034,5877.986544925659,1,NEUTRAL,OVERSOLD,BULLISH,6.35
2624,2653.727,2653.736,2641.477,2644.234,9343,5877.986544925659,1,OVERSOLD,OVERSOLD,BULLISH,6.766
2625,2644.25,2646.121,2637.979,2639.745,11347,5877.986544925659,1,OVERSOLD,OVERSOLD,BEARISH,6.845
2626,2639.692,2643.279,2638.115,2638.115,7598,5877.986544925659,1,OVERSOLD,OVERSOLD,BEARISH,6.827
2627,2638.154,2642.516,2636.207,2642.187,6650,5877.986544925659,1,NEUTRAL,OVERSOLD,BEARISH,6.639
2628,2642.208,2645.538,2640.682,2642.712,6911,5877.986544925659,1,OVERSOLD,OVERSOLD,BEARISH,6.55
2629,2642.674,2646.964,2634.749,2637.125,15086,5877.986544925659,1,OVERSOLD,OVERSOLD,BEARISH,6.902
2630,2637.139,2642.076,2632.991,2636.726,15550,5877.986544925659,1,NEUTRAL,OVERSOLD,BEARISH,7.242
2631,2636.757,2642.953,2635.931,2640.149,10724,5877.986544925659,1,NEUTRAL,OVERSOLD,BEARISH,7.469
2632,2640.241,2641.506,2636.665,2638.884,8466,5877.986544925659,1,NEUTRAL,OVERSOLD,BEARISH,7.503
2633,2638.848,2647.033,2637.843,2646.001,6405,5877.986544925659,1,NEUTRAL,NEUTRAL,BULLISH,7.852
2634,2646.041,2649.079,2644.991,2645.385,9492,5877.986544925659,2,OVERBOUGHT,NEUTRAL,BULLISH,7.623
2635,2645.427,2646.931,2643.083,2645.968,6889,5877.986544925659,2,OVERBOUGHT,NEUTRAL,BULLISH,7.446
2636,2645.944,2651.707,2644.807,2651.008,12879,6051.864810488295,3,OVERBOUGHT,NEUTRAL,BULLISH,7.351
2637,2651.011,2651.029,2645.204,2645.669,10235,6051.864810488295,2,NEUTRAL,NEUTRAL,BULLISH,7.126
2638,2645.632,2649.551,2642.666,2647.463,9201,6051.864810488295,2,NEUTRAL,OVERBOUGHT,BULLISH,6.741
2639,2647.425,2647.945,2643.369,2644.61,10718,6051.864810488295,2,NEUTRAL,NEUTRAL,BULLISH,6.486
2640,2644.585,2649.734,2642.074,2647.977,6774,6051.864810488295,1,NEUTRAL,OVERBOUGHT,BULLISH,6.664
2641,2647.94,2649.417,2645.533,2648.463,10352,6051.864810488295,2,NEUTRAL,OVERBOUGHT,BULLISH,6.491
2642,2648.437,2649.434,2643.412,2644.061,8944,6051.864810488295,2,NEUTRAL,OVERBOUGHT,BULLISH,6.574
2643,2644.008,2647.546,2641.002,2643.977,9096,6051.864810488295,1,NEUTRAL,NEUTRAL,BULLISH,6.169
2644,2643.94,2644.991,2636.893,2638.009,11195,6051.864810488295,1,OVERSOLD,NEUTRAL,BULLISH,6.099
2645,2637.968,2638.309,2633.701,2638.145,8714,6051.864810488295,1,OVERSOLD,NEUTRAL,BULLISH,5.926
2646,2638.109,2639.502,2633.032,2634.737,6911,6051.864810488295,1,OVERSOLD,OVERSOLD,BEARISH,6.043
2647,2634.691,2639.991,2634.536,2637.14,10888,6051.864810488295,2,OVERSOLD,OVERSOLD,BEARISH,5.776
2648,2636.994,2637.005,2604.034,2604.581,30439,6051.864810488295,1,OVERSOLD,OVERSOLD,BEARISH,7.849
2649,2604.613,2609.313,2587.166,2592.419,25182,6051.864810488295,1,OVERSOLD,OVERSOLD,BEARISH,9.156
2650,2592.468,2595.364,2583.72,2585.955,9233,6051.864810488295,1,OVERSOLD,OVERSOLD,BEARISH,9.495
2651,2583.846,2592.31,2583.297,2588.225,6292,6051.864810488295,1,OVERSOLD,OVERSOLD,BEARISH,9.722
2652,2588.256,2597.183,2587.957,2595.36,6937,6304.139590441791,1,OVERSOLD,OVERSOLD,BEARISH,9.889
2653,2595.317,2618.102,2593.338,2611.966,17051,6304.139590441791,1,NEUTRAL,OVERSOLD,BEARISH,11.331
2654,2611.965,2613.971,2606.285,2612.162,10712,6304.139590441791,1,OVERBOUGHT,NEUTRAL,BEARISH,11.333
2655,2612.205,2613.451,2607.619,2610.479,6972,6304.139590441791,1,OVERBOUGHT,NEUTRAL,BEARISH,11.472
2656,2610.505,2611.557,2606.553,2607.205,10688,6304.139590441791,2,OVERBOUGHT,NEUTRAL,BEARISH,11.4
2657,2607.165,2614.264,2603.3,2612.899,7596,6304.139590441791,1,OVERBOUGHT,NEUTRAL,BULLISH,11.715
2658,2612.948,2622.636,2611.775,2616.554,10497,6304.139590441791,1,NEUTRAL,NEUTRAL,BULLISH,11.913
2659,2616.507,2619.273,2613.213,2618.45,8435,6304.139590441791,1,NEUTRAL,NEUTRAL,BULLISH,12.017
2660,2618.485,2622.914,2618.377,2620.369,8455,6304.139590441791,1,OVERBOUGHT,NEUTRAL,BULLISH,11.878
2661,2620.379,2626.457,2617.347,2619.438,8030,6304.139590441791,1,OVERBOUGHT,NEUTRAL,BULLISH,12.14
2662,2619.423,2621.986,2616.114,2616.81,6702,6304.139590441791,1,NEUTRAL,OVERBOUGHT,BULLISH,10.194
2663,2616.771,2616.771,2604.35,2606.234,9857,6304.139590441791,1,OVERSOLD,NEUTRAL,BULLISH,9.502
2664,2606.19,2606.259,2595.254,2596.29,17454,6304.139590441791,1,OVERSOLD,NEUTRAL,BULLISH,9.457
2665,2596.224,2600.807,2591.837,2592.617,18116,6304.139590441791,1,OVERSOLD,NEUTRAL,BEARISH,9.454
2666,2592.463,2595.991,2586.951,2588.446,14772,6304.139590441791,1,OVERSOLD,OVERSOLD,BEARISH,9.44
2667,2588.402,2596.677,2587.134,2591.653,11315,6304.139590441791,1,OVERSOLD,OVERSOLD,BEARISH,8.353
2668,2591.698,2594.222,2590.658,2592.61,7937,6304.139590441791,1,OVERSOLD,OVERSOLD,BEARISH,8.059
2669,2592.651,2599.903,2591.872,2599.69,8430,6304.139590441791,1,NEUTRAL,OVERSOLD,BEARISH,8.216
2670,2599.636,2600.994,2596.645,2596.79,6585,6304.139590441791,1,NEUTRAL,OVERSOLD,BEARISH,8.169
2671,2596.832,2600.343,2596.449,2596.769,6550,6304.139590441791,1,OVERBOUGHT,OVERSOLD,BULLISH,7.664
2672,2596.807,2597.055,2590.526,2590.869,9656,6413.304867542573,3,NEUTRAL,OVERSOLD,BULLISH,7.355
2673,2590.895,2603.885,2589.593,2603.806,10890,6413.304867542573,1,NEUTRAL,OVERSOLD,BULLISH,7.943
2674,2603.842,2604.032,2595.512,2597.071,9105,6413.304867542573,1,NEUTRAL,OVERSOLD,BULLISH,8.227
2675,2597.062,2601.011,2595.702,2597.963,9286,6413.304867542573,2,NEUTRAL,NEUTRAL,BULLISH,7.956
2676,2597.962,2605.388,2596.421,2604.757,11328,6413.304867542573,2,NEUTRAL,NEUTRAL,BULLISH,8.177
2677,2604.72,2607.695,2602.343,2605.531,14000,6413.304867542573,2,OVERBOUGHT,NEUTRAL,BULLISH,7.669
2678,2605.493,2606.717,2603.121,2605.111,6872,6413.304867542573,1,NEUTRAL,OVERBOUGHT,BULLISH,7.14
2679,2605.04,2606.944,2600.041,2603.694,11463,6413.304867542573,2,OVERBOUGHT,OVERBOUGHT,BULLISH,6.992
2680,2603.668,2614.179,2600.34,2609.566,19067,6413.304867542573,2,OVERBOUGHT,OVERBOUGHT,BULLISH,7.335
2681,2609.517,2618.344,2608.419,2617.226,16672,6413.304867542573,1,OVERBOUGHT,OVERBOUGHT,BULLISH,7.362
2682,2617.187,2631.214,2616.416,2630.314,16865,6413.304867542573,1,OVERBOUGHT,OVERBOUGHT,BULLISH,8.165
2683,2630.351,2631.875,2622.293,2625.219,12873,6413.304867542573,1,OVERBOUGHT,OVERBOUGHT,BULLISH,8.275
2684,2625.246,2627.525,2622.142,2625.547,8919,6413.304867542573,1,OVERBOUGHT,OVERBOUGHT,BULLISH,8.349
2685,2625.523,2627.373,2623.4,2626.105,9657,6413.304867542573,1,OVERBOUGHT,OVERBOUGHT,BULLISH,8.355
2686,2626.072,2629.317,2624.929,2627.881,6953,6413.304867542573,1,OVERBOUGHT,OVERBOUGHT,BULLISH,8.202
2687,2627.845,2628.119,2622.194,2622.75,8735,6413.304867542573,1,OVERSOLD,OVERBOUGHT,BULLISH,7.604
2688,2622.8,2625.199,2617.498,2621.648,6567,5748.490492478161,3,OVERSOLD,OVERBOUGHT,BULLISH,7.546
2689,2621.602,2627.446,2618.414,2625.922,5997,5748.490492478161,2,NEUTRAL,OVERBOUGHT,BULLISH,7.812
2690,2626.19,2629.233,2622.307,2626.68,7540,5748.490492478161,3,NEUTRAL,OVERBOUGHT,BULLISH,7.666
2691,2626.636,2633.24,2624.537,2629.857,12386,5748.490492478161,3,NEUTRAL,OVERBOUGHT,BULLISH,7.905
2692,2629.833,2630.73,2618.993,2619.491,12491,5748.490492478161,2,NEUTRAL,OVERBOUGHT,BULLISH,8.487
2693,2619.453,2620.109,2612.959,2616.26,6979,5748.490492478161,1,NEUTRAL,NEUTRAL,BULLISH,8.504
2694,2616.292,2618.688,2614.065,2615.065,6613,5748.490492478161,1,OVERSOLD,NEUTRAL,BEARISH,7.846
2695,2615.036,2619.865,2613.945,2617.306,8690,5748.490492478161,1,OVERSOLD,NEUTRAL,BEARISH,7.56
2696,2617.335,2619.898,2613.63,2615.719,9242,5748.490492478161,1,OVERSOLD,OVERSOLD,BEARISH,6.951
2697,2615.717,2616.665,2609.249,2609.762,12196,5748.490492478161,1,OVERSOLD,OVERSOLD,BEARISH,6.796
2698,2609.798,2616.097,2608.078,2615.942,11058,5748.490492478161,1,NEUTRAL,OVERSOLD,BEARISH,6.984
2699,2615.978,2616.602,2610.646,2611.223,7815,5748.490492478161,1,NEUTRAL,OVERSOLD,BEARISH,7.126
2700,2611.194,2612.792,2609.915,2610.417,6277,5748.490492478161,1,NEUTRAL,OVERSOLD,BEARISH,7.018
2701,2610.457,2612.596,2609.147,2610.83,9169,5748.490492478161,2,NEUTRAL,OVERSOLD,BEARISH,6.841
2702,2610.868,2617.389,2610.228,2616.716,8115,5601.777112242146,3,NEUTRAL,OVERSOLD,BEARISH,6.803
2703,2616.758,2618.0,2614.5,2617.558,6279,5601.777112242146,1,NEUTRAL,OVERSOLD,BEARISH,6.408
2704,2617.522,2619.928,2615.681,2618.697,9050,5601.777112242146,2,OVERBOUGHT,NEUTRAL,BEARISH,6.216
2705,2618.729,2621.405,2618.248,2619.274,8056,5601.777112242146,2,OVERBOUGHT,NEUTRAL,BEARISH,5.82
2706,2619.233,2621.472,2616.422,2618.459,9653,5601.777112242146,2,OVERBOUGHT,NEUTRAL,BULLISH,5.342
2707,2618.503,2619.82,2613.362,2613.551,9304,5601.777112242146,2,NEUTRAL,NEUTRAL,BEARISH,5.293
2708,2613.551,2617.906,2612.393,2615.152,9088,5601.777112242146,2,NEUTRAL,NEUTRAL,BEARISH,5.356
2709,2615.199,2616.407,2611.246,2614.269,12581,5601.777112242146,2,OVERSOLD,NEUTRAL,BEARISH,5.302
2710,2614.302,2617.241,2610.099,2610.933,8072,5601.777112242146,1,OVERSOLD,NEUTRAL,BEARISH,5.365
2711,2610.921,2613.474,2610.019,2611.67,7835,5601.777112242146,1,OVERSOLD,NEUTRAL,BEARISH,5.082
2712,2611.701,2617.811,2611.492,2615.955,6423,5601.777112242146,1,NEUTRAL,NEUTRAL,BEARISH,4.96
2713,2615.905,2619.335,2615.184,2617.134,9354,5601.777112242146,1,NEUTRAL,NEUTRAL,BEARISH,4.831
2714,2617.084,2622.797,2614.854,2621.538,7894,5063.193962629059,3,OVERBOUGHT,OVERBOUGHT,BULLISH,5.193
2715,2621.575,2627.787,2620.804,2626.656,6510,5063.193962629059,1,OVERBOUGHT,OVERBOUGHT,BULLISH,5.446
2716,2626.637,2629.113,2625.718,2626.902,8562,5063.193962629059,2,OVERBOUGHT,OVERBOUGHT,BULLISH,5.177
2717,2626.889,2629.252,2625.978,2626.423,7238,5063.193962629059,2,OVERBOUGHT,OVERBOUGHT,BULLISH,5.161
2718,2626.324,2629.713,2623.599,2625.413,8522,5063.193962629059,2,OVERBOUGHT,OVERBOUGHT,BULLISH,5.294
2719,2625.398,2629.042,2625.132,2627.368,8232,5063.193962629059,2,OVERBOUGHT,OVERBOUGHT,BULLISH,5.348
2720,2627.411,2630.019,2626.742,2627.882,8009,5063.193962629059,2,NEUTRAL,OVERBOUGHT,BULLISH,5.221
2721,2627.855,2631.163,2621.706,2623.113,14468,5063.193962629059,2,OVERSOLD,OVERBOUGHT,BULLISH,5.435
2722,2623.123,2630.139,2622.474,2629.979,8149,5063.193962629059,1,NEUTRAL,OVERBOUGHT,BULLISH,5.589
2723,2629.964,2639.151,2629.074,2636.479,8508,5063.193962629059,1,OVERBOUGHT,OVERBOUGHT,BULLISH,5.94
2724,2636.527,2636.838,2631.503,2632.118,7046,5063.193962629059,1,NEUTRAL,OVERBOUGHT,BULLISH,5.811
2725,2632.157,2632.263,2627.885,2629.325,6171,5063.193962629059,1,NEUTRAL,OVERBOUGHT,BULLISH,5.877
2726,2629.277,2635.967,2629.183,2634.761,6631,5063.193962629059,1,OVERBOUGHT,OVERBOUGHT,BULLISH,5.91
2727,2634.735,2636.162,2632.719,2634.405,10434,5063.193962629059,2,NEUTRAL,OVERBOUGHT,BULLISH,5.86
2728,2634.434,2634.624,2624.636,2632.684,6394,5063.193962629059,2,NEUTRAL,OVERBOUGHT,BULLISH,6.006
2729,2632.689,2634.05,2630.624,2632.14,9072,5119.536601108831,2,NEUTRAL,NEUTRAL,BULLISH,5.752
2730,2632.057,2633.674,2628.886,2632.931,5372,5119.536601108831,1,OVERBOUGHT,NEUTRAL,BULLISH,5.851
2731,2632.932,2635.512,2631.647,2633.715,5477,5119.536601108831,1,NEUTRAL,NEUTRAL,BULLISH,5.893
2732,2633.744,2634.179,2631.338,2631.342,7342,5119.536601108831,2,OVERSOLD,NEUTRAL,BEARISH,5.66
2733,2631.311,2637.049,2631.25,2634.692,5514,5119.536601108831,1,NEUTRAL,NEUTRAL,BEARISH,5.794
2734,2634.744,2638.314,2633.127,2633.638,5990,5119.536601108831,1,NEUTRAL,NEUTRAL,BEARISH,5.931
2735,2633.599,2633.599,2626.072,2626.195,6503,5119.536601108831,1,OVERSOLD,NEUTRAL,BEARISH,5.796
2736,2626.198,2628.063,2623.452,2626.676,9883,5119.536601108831,2,OVERSOLD,NEUTRAL,BEARISH,5.578
2737,2626.711,2631.55,2625.1,2626.213,10471,5119.536601108831,2,OVERSOLD,OVERSOLD,BEARISH,5.319
2738,2626.26,2627.317,2618.066,2618.778,11349,5119.536601108831,1,OVERSOLD,OVERSOLD,BEARISH,5.598
2739,2618.828,2619.414,2611.608,2615.761,13018,5119.536601108831,1,OVERSOLD,OVERSOLD,BEARISH,5.843
2740,2615.718,2619.497,2612.897,2618.134,10756,5119.536601108831,1,OVERSOLD,OVERSOLD,BEARISH,5.83
2741,2618.174,2619.779,2615.263,2617.891,7429,5119.536601108831,1,OVERSOLD,OVERSOLD,BEARISH,5.907
2742,2617.937,2618.303,2614.117,2615.839,7497,5119.536601108831,1,OVERSOLD,OVERSOLD,BEARISH,5.492
2743,2615.877,2620.148,2615.287,2618.689,5645,5119.536601108831,1,NEUTRAL,OVERSOLD,BEARISH,5.595
2744,2618.712,2621.394,2612.712,2615.458,10822,5119.536601108831,2,NEUTRAL,OVERSOLD,BEARISH,5.873
2745,2615.419,2626.156,2615.32,2624.035,7582,4647.862480368308,2,NEUTRAL,OVERSOLD,BEARISH,6.371
2746,2624.08,2626.857,2621.486,2624.346,10944,4766.538275888786,2,NEUTRAL,NEUTRAL,BEARISH,6.552
2747,2624.359,2625.466,2622.36,2623.965,5099,4766.538275888786,1,OVERBOUGHT,NEUTRAL,BEARISH,6.359
2748,2623.93,2628.175,2621.488,2622.243,8148,4766.538275888786,2,NEUTRAL,NEUTRAL,BEARISH,6.466
2749,2622.205,2624.192,2620.469,2623.748,4800,4766.538275888786,1,OVERBOUGHT,NEUTRAL,BULLISH,6.192
2750,2623.708,2624.674,2618.319,2619.131,5515,4766.538275888786,1,OVERSOLD,NEUTRAL,BEARISH,6.316
2751,2619.098,2620.01,2615.813,2616.784,5175,4766.538275888786,1,OVERSOLD,NEUTRAL,BEARISH,6.156
2752,2616.747,2617.456,2609.234,2611.87,6647,4766.538275888786,1,OVERSOLD,OVERSOLD,BEARISH,6.082
2753,2611.935,2617.52,2611.404,2612.82,5937,4766.538275888786,1,OVERSOLD,OVERSOLD,BEARISH,5.961
2754,2612.823,2615.243,2610.515,2610.564,5273,4766.538275888786,1,OVERSOLD,OVERSOLD,BEARISH,5.828
2755,2610.529,2618.664,2609.092,2616.332,5654,4766.538275888786,1,NEUTRAL,OVERSOLD,BEARISH,6.189
2756,2616.332,2622.509,2615.657,2621.556,4866,4766.538275888786,1,NEUTRAL,NEUTRAL,BEARISH,6.379
2757,2621.529,2622.635,2606.456,2606.679,10982,4766.538275888786,1,NEUTRAL,NEUTRAL,BEARISH,7.188
2758,2606.721,2613.773,2605.349,2611.517,11432,4766.538275888786,1,NEUTRAL,NEUTRAL,BEARISH,7.169
2759,2611.55,2611.703,2599.562,2601.599,13842,4766.538275888786,1,NEUTRAL,OVERSOLD,BEARISH,7.262
2760,2601.613,2602.793,2596.042,2599.729,9286,4766.538275888786,1,OVERSOLD,OVERSOLD,BEARISH,7.361
2761,2599.783,2605.558,2599.783,2605.141,7358,4766.538275888786,1,OVERSOLD,OVERSOLD,BEARISH,7.555
2762,2605.181,2606.742,2603.4,2606.125,5975,4766.538275888786,1,NEUTRAL,OVERSOLD,BEARISH,7.317
2763,2606.12,2608.39,2603.638,2607.16,5069,4766.538275888786,1,NEUTRAL,NEUTRAL,BEARISH,7.39
2764,2607.169,2609.518,2606.426,2607.789,5084,4766.538275888786,1,OVERBOUGHT,NEUTRAL,BEARISH,7.157
2765,2607.816,2608.671,2603.863,2607.726,6752,4798.2727258041405,3,OVERBOUGHT,NEUTRAL,BEARISH,7.201
2766,2607.701,2611.608,2606.604,2608.975,5765,4798.2727258041405,1,OVERBOUGHT,NEUTRAL,BULLISH,6.971
2767,2608.952,2609.615,2603.508,2604.613,8410,4798.2727258041405,2,NEUTRAL,NEUTRAL,BULLISH,6.97
2768,2604.612,2608.155,2602.591,2604.357,7101,4798.2727258041405,2,OVERSOLD,NEUTRAL,BULLISH,7.03
2769,2604.34,2608.651,2603.555,2607.866,5752,4798.2727258041405,1,NEUTRAL,NEUTRAL,BULLISH,6.71
2770,2607.884,2614.08,2607.325,2613.694,4867,4798.2727258041405,1,NEUTRAL,NEUTRAL,BULLISH,6.703
2771,2613.735,2617.796,2612.829,2616.582,5726,4798.2727258041405,1,OVERBOUGHT,NEUTRAL,BULLISH,5.902
2772,2616.564,2616.883,2613.079,2615.218,4809,4798.2727258041405,1,OVERBOUGHT,OVERBOUGHT,BULLISH,5.572
2773,2615.258,2615.815,2610.854,2611.786,5328,4798.2727258041405,1,OVERBOUGHT,OVERBOUGHT,BULLISH,5.059
2774,2611.798,2614.221,2609.714,2611.051,4835,4798.2727258041405,1,NEUTRAL,OVERBOUGHT,BULLISH,4.899
2775,2611.016,2612.818,2609.299,2611.17,5389,4798.2727258041405,1,NEUTRAL,NEUTRAL,BULLISH,4.734
2776,2611.213,2616.199,2605.3,2613.224,8889,4798.2727258041405,1,OVERSOLD,NEUTRAL,BULLISH,5.274
2777,2613.29,2617.843,2611.278,2613.665,9665,4798.2727258041405,1,NEUTRAL,NEUTRAL,BULLISH,5.403
2778,2613.598,2626.638,2612.436,2625.632,11242,4798.2727258041405,1,OVERBOUGHT,OVERBOUGHT,BULLISH,6.197
2779,2625.608,2627.161,2622.229,2625.395,8815,4798.2727258041405,1,OVERBOUGHT,OVERBOUGHT,BULLISH,6.206
2780,2625.43,2627.555,2623.224,2624.273,6456,4798.2727258041405,1,OVERBOUGHT,OVERBOUGHT,BULLISH,6.158
2781,2624.236,2627.233,2622.695,2624.788,6335,4798.2727258041405,1,OVERBOUGHT,OVERBOUGHT,BULLISH,6.046
2782,2624.815,2627.258,2622.19,2623.216,8719,4798.2727258041405,2,OVERBOUGHT,OVERBOUGHT,BULLISH,6.01
2783,2623.181,2625.839,2621.641,2623.766,5018,4353.6356408069205,2,OVERSOLD,OVERBOUGHT,BULLISH,5.946
2784,2623.798,2634.386,2622.72,2632.921,15173,4579.388595650706,2,OVERBOUGHT,OVERBOUGHT,BULLISH,6.297
2785,2632.946,2636.54,2632.318,2634.701,6417,4579.388595650706,1,OVERBOUGHT,OVERBOUGHT,BULLISH,6.244
2786,2634.666,2635.341,2631.05,2633.925,7915,4579.388595650706,2,OVERBOUGHT,OVERBOUGHT,BULLISH,6.278
2787,2633.924,2636.497,2631.203,2634.127,9323,4579.388595650706,2,OVERBOUGHT,OVERBOUGHT,BULLISH,6.302
2788,2634.126,2635.994,2632.992,2635.915,4644,4579.388595650706,1,OVERBOUGHT,OVERBOUGHT,BULLISH,6.195
2789,2635.953,2637.83,2631.123,2636.432,6518,4579.388595650706,1,OVERBOUGHT,OVERBOUGHT,BULLISH,6.422
2790,2636.417,2639.978,2635.879,2636.139,6360,4579.388595650706,1,OVERBOUGHT,OVERBOUGHT,BULLISH,5.937
2791,2636.128,2646.379,2632.744,2642.691,8992,4579.388595650706,1,OVERBOUGHT,OVERBOUGHT,BULLISH,6.442
2792,2642.701,2644.692,2640.255,2641.974,5713,4579.388595650706,1,OVERBOUGHT,OVERBOUGHT,BULLISH,5.744
2793,2642.008,2646.449,2640.305,2643.446,6321,4579.388595650706,1,OVERBOUGHT,OVERBOUGHT,BULLISH,5.831
2794,2643.4,2647.341,2636.005,2643.006,13501,4579.388595650706,1,OVERBOUGHT,OVERBOUGHT,BULLISH,6.331
2795,2642.964,2651.066,2640.361,2647.518,14512,4579.388595650706,1,OVERBOUGHT,OVERBOUGHT,BULLISH,6.772
2796,2647.491,2655.843,2645.189,2654.13,12426,4579.388595650706,1,OVERBOUGHT,OVERBOUGHT,BULLISH,7.171
2797,2654.062,2660.419,2650.034,2659.284,10733,4579.388595650706,1,OVERBOUGHT,OVERBOUGHT,BULLISH,7.613
2798,2659.325,2660.457,2652.515,2656.471,8060,4579.388595650706,1,OVERBOUGHT,OVERBOUGHT,BULLISH,7.347
2799,2656.477,2658.756,2653.757,2655.483,7655,4579.388595650706,1,OVERBOUGHT,OVERBOUGHT,BULLISH,7.402
2800,2655.524,2657.161,2653.805,2654.74,5904,4579.388595650706,1,OVERBOUGHT,OVERBOUGHT,BULLISH,7.335
2801,2654.775,2660.463,2654.151,2659.621,5861,4579.388595650706,1,NEUTRAL,OVERBOUGHT,BULLISH,7.408
2802,2659.667,2660.233,2656.55,2658.328,5349,4579.388595650706,2,NEUTRAL,OVERBOUGHT,BULLISH,7.457
2803,2658.371,2662.583,2656.708,2659.414,9232,4673.7246024141305,2,NEUTRAL,OVERBOUGHT,BULLISH,7.397
2804,2659.425,2664.049,2656.109,2662.413,7776,4673.7246024141305,1,OVERBOUGHT,OVERBOUGHT,BULLISH,7.672
2805,2662.443,2665.214,2661.238,2662.288,5406,4673.7246024141305,1,OVERBOUGHT,OVERBOUGHT,BULLISH,6.982
2806,2662.255,2664.409,2655.909,2658.55,7842,4673.7246024141305,2,NEUTRAL,OVERBOUGHT,BEARISH,7.272
2807,2658.542,2660.247,2656.707,2659.61,5034,4673.7246024141305,1,NEUTRAL,OVERBOUGHT,BEARISH,7.086
2808,2659.518,2659.55,2651.924,2654.164,6417,4673.7246024141305,1,NEUTRAL,OVERBOUGHT,BEARISH,6.825
2809,2654.122,2655.773,2649.89,2652.951,6997,4673.7246024141305,1,OVERSOLD,NEUTRAL,BEARISH,6.481
2810,2652.975,2656.006,2652.82,2653.59,5441,4673.7246024141305,1,OVERSOLD,NEUTRAL,BEARISH,5.947
2811,2653.609,2657.976,2653.007,2657.617,4887,4673.7246024141305,1,NEUTRAL,NEUTRAL,BEARISH,5.561
2812,2657.58,2659.258,2643.387,2649.834,15605,4673.7246024141305,3,OVERSOLD,NEUTRAL,BEARISH,6.127
2813,2649.789,2652.672,2645.075,2647.827,12081,4673.7246024141305,1,OVERSOLD,NEUTRAL,BEARISH,6.312
2814,2647.73,2648.285,2640.952,2643.842,13756,4673.7246024141305,1,OVERSOLD,OVERSOLD,BEARISH,6.597
2815,2643.812,2647.264,2638.954,2639.968,8477,4673.7246024141305,1,OVERSOLD,OVERSOLD,BEARISH,6.739
2816,2639.934,2642.617,2639.043,2641.763,6551,4673.7246024141305,1,OVERSOLD,OVERSOLD,BEARISH,6.731
2817,2641.726,2642.361,2639.763,2641.827,5938,4673.7246024141305,1,OVERSOLD,OVERSOLD,BEARISH,6.497
2818,2641.831,2642.951,2636.881,2638.163,8851,4673.7246024141305,2,OVERSOLD,OVERSOLD,BEARISH,6.364
2819,2638.196,2642.394,2636.644,2641.063,6632,4241.484957739768,2,NEUTRAL,OVERSOLD,BEARISH,6.49
2820,2641.098,2647.426,2638.604,2641.333,12546,4611.0816284312195,2,NEUTRAL,OVERSOLD,BEARISH,6.513
2821,2641.292,2645.295,2639.726,2644.523,5969,4611.0816284312195,1,NEUTRAL,OVERSOLD,BEARISH,6.658
2822,2644.493,2645.355,2639.137,2640.19,5118,4611.0816284312195,1,NEUTRAL,OVERSOLD,BEARISH,6.554
2823,2640.203,2640.824,2634.197,2635.534,5510,4611.0816284312195,1,NEUTRAL,OVERSOLD,BEARISH,6.607
2824,2635.531,2636.24,2631.45,2633.892,6874,4611.0816284312195,1,OVERSOLD,OVERSOLD,BEARISH,6.721
2825,2633.879,2635.346,2630.173,2631.46,6025,4611.0816284312195,1,OVERSOLD,OVERSOLD,BEARISH,6.736
2826,2631.425,2633.634,2625.058,2626.902,6685,4611.0816284312195,1,OVERSOLD,OVERSOLD,BEARISH,6.215
2827,2626.889,2632.547,2625.755,2631.506,6377,4611.0816284312195,1,OVERSOLD,OVERSOLD,BEARISH,6.157
2828,2631.427,2635.724,2631.15,2632.699,6156,4611.0816284312195,1,NEUTRAL,OVERSOLD,BEARISH,5.96
2829,2632.713,2635.052,2630.93,2633.825,4935,4611.0816284312195,1,NEUTRAL,NEUTRAL,BEARISH,5.661
2830,2633.852,2649.489,2632.498,2645.6,14621,4611.0816284312195,1,OVERBOUGHT,NEUTRAL,BEARISH,6.619
2831,2645.564,2647.861,2641.973,2645.395,8956,4611.0816284312195,1,OVERBOUGHT,NEUTRAL,BULLISH,6.854
2832,2645.366,2648.848,2621.685,2624.254,22121,4611.0816284312195,1,NEUTRAL,NEUTRAL,BEARISH,8.361
2833,2624.19,2635.03,2614.426,2631.588,28050,4611.0816284312195,1,NEUTRAL,NEUTRAL,BEARISH,9.422
2834,2631.577,2639.641,2629.445,2634.392,17077,4611.0816284312195,1,NEUTRAL,NEUTRAL,BEARISH,9.52
2835,2634.421,2641.381,2632.513,2640.729,9603,4611.0816284312195,1,NEUTRAL,NEUTRAL,BULLISH,9.756
2836,2640.727,2641.053,2634.15,2636.641,6502,4611.0816284312195,1,NEUTRAL,NEUTRAL,BULLISH,9.805
2837,2636.689,2638.599,2633.719,2634.619,6921,4611.0816284312195,1,OVERBOUGHT,NEUTRAL,BULLISH,9.68
2838,2634.583,2635.517,2632.87,2634.373,5687,4611.0816284312195,1,NEUTRAL,NEUTRAL,BULLISH,9.527
2839,2634.41,2635.484,2633.132,2634.664,4770,4611.0816284312195,1,NEUTRAL,NEUTRAL,BULLISH,9.325
2840,2634.617,2637.067,2632.918,2635.075,7498,4850.71671143777,3,OVERSOLD,NEUTRAL,BULLISH,9.009
2841,2635.034,2641.146,2634.755,2639.017,7680,4850.71671143777,1,NEUTRAL,NEUTRAL,BULLISH,8.981
2842,2639.022,2640.058,2636.941,2638.61,5011,4850.71671143777,1,OVERBOUGHT,NEUTRAL,BULLISH,8.877
2843,2638.637,2640.202,2637.311,2638.266,6956,4850.71671143777,2,OVERBOUGHT,NEUTRAL,BULLISH,8.789
2844,2638.28,2645.708,2637.02,2644.439,5770,4850.71671143777,1,OVERBOUGHT,OVERBOUGHT,BULLISH,8.196
2845,2644.401,2646.757,2639.873,2640.246,5822,4850.71671143777,1,NEUTRAL,OVERBOUGHT,BULLISH,8.267
2846,2640.242,2642.203,2638.026,2640.487,5186,4850.71671143777,1,NEUTRAL,OVERBOUGHT,BULLISH,6.625
2847,2640.444,2644.838,2640.05,2642.652,5807,4850.71671143777,1,NEUTRAL,OVERBOUGHT,BULLISH,5.495
2848,2642.597,2644.18,2640.14,2641.329,5093,4850.71671143777,1,NEUTRAL,OVERBOUGHT,BULLISH,5.055
2849,2641.375,2648.689,2641.324,2648.348,10007,4850.71671143777,2,NEUTRAL,OVERBOUGHT,BULLISH,4.948
2850,2648.393,2652.752,2647.358,2651.603,7207,4850.71671143777,1,OVERBOUGHT,OVERBOUGHT,BULLISH,4.84
2851,2651.642,2664.264,2649.896,2662.548,15901,4850.71671143777,1,OVERBOUGHT,OVERBOUGHT,BULLISH,5.518
2852,2662.589,2663.004,2655.802,2658.486,12833,4850.71671143777,1,OVERBOUGHT,OVERBOUGHT,BULLISH,5.843
2853,2658.531,2658.531,2641.885,2647.7,22204,4850.71671143777,1,NEUTRAL,OVERBOUGHT,BULLISH,6.864
2854,2647.631,2655.589,2646.383,2651.782,13656,4850.71671143777,1,NEUTRAL,NEUTRAL,BULLISH,7.225
2855,2651.825,2656.04,2650.213,2652.379,9239,4850.71671143777,1,NEUTRAL,NEUTRAL,BULLISH,7.185
2856,2652.408,2652.555,2647.193,2649.03,9775,4850.71671143777,1,OVERSOLD,NEUTRAL,BULLISH,7.346
2857,2649.09,2650.343,2646.928,2649.248,8718,4850.71671143777,1,OVERSOLD,NEUTRAL,BULLISH,7.383
2858,2649.298,2651.444,2647.195,2650.469,6406,4850.71671143777,1,NEUTRAL,NEUTRAL,BULLISH,7.066
2859,2650.501,2651.515,2647.731,2650.544,8105,5034.148453205601,3,NEUTRAL,NEUTRAL,BULLISH,6.844
2860,2650.586,2650.905,2647.083,2648.781,6627,5034.148453205601,1,OVERSOLD,NEUTRAL,BEARISH,6.819
2861,2648.779,2650.395,2645.569,2646.749,9001,5034.148453205601,2,OVERSOLD,NEUTRAL,BEARISH,6.822
2862,2646.728,2650.784,2645.229,2650.01,7802,5034.148453205601,2,NEUTRAL,NEUTRAL,BEARISH,6.93
2863,2650.065,2653.092,2648.876,2652.088,5181,5034.148453205601,1,NEUTRAL,NEUTRAL,BEARISH,6.705
2864,2652.078,2654.452,2649.577,2651.948,10494,5034.148453205601,2,NEUTRAL,NEUTRAL,BEARISH,6.668
2865,2651.91,2655.001,2651.792,2653.462,5200,5034.148453205601,1,OVERBOUGHT,NEUTRAL,BEARISH,5.871
2866,2653.534,2655.158,2647.595,2650.925,12295,5034.148453205601,2,OVERBOUGHT,NEUTRAL,BEARISH,5.897
2867,2650.839,2652.524,2645.807,2652.01,6913,5034.148453205601,1,NEUTRAL,NEUTRAL,BEARISH,5.188
2868,2651.961,2660.275,2651.536,2660.214,14046,5034.148453205601,1,OVERBOUGHT,OVERBOUGHT,BULLISH,5.154
2869,2660.184,2667.659,2660.002,2661.438,16240,5034.148453205601,1,OVERBOUGHT,OVERBOUGHT,BULLISH,5.285
2870,2661.35,2667.835,2659.398,2665.818,13076,5034.148453205601,1,OVERBOUGHT,OVERBOUGHT,BULLISH,5.505
2871,2665.84,2670.053,2662.641,2669.586,8934,5034.148453205601,1,OVERBOUGHT,OVERBOUGHT,BULLISH,5.79
2872,2669.625,2669.898,2649.388,2655.575,13186,5034.148453205601,1,NEUTRAL,OVERBOUGHT,BULLISH,6.952
2873,2655.624,2659.155,2651.764,2651.781,8758,5034.148453205601,1,NEUTRAL,NEUTRAL,BULLISH,7.209
2874,2653.75,2660.59,2653.376,2658.328,7852,5034.148453205601,1,NEUTRAL,NEUTRAL,BEARISH,7.565
2875,2658.362,2664.059,2658.276,2663.451,6977,5034.148453205601,1,NEUTRAL,NEUTRAL,BULLISH,7.634
2876,2663.483,2664.075,2660.938,2662.507,6671,5034.148453205601,2,NEUTRAL,NEUTRAL,BULLISH,7.461
2877,2662.526,2662.85,2657.325,2658.641,8934,5094.797013217766,2,NEUTRAL,NEUTRAL,BEARISH,7.555
2878,2658.599,2662.148,2656.27,2659.369,8750,5094.797013217766,2,OVERBOUGHT,NEUTRAL,BEARISH,7.626
2879,2659.335,2660.96,2655.471,2658.264,8533,5094.797013217766,2,NEUTRAL,NEUTRAL,BEARISH,7.789
2880,2658.259,2666.973,2658.259,2662.45,10184,5094.797013217766,2,NEUTRAL,NEUTRAL,BEARISH,7.871
2881,2662.418,2666.962,2660.435,2664.409,7561,5094.797013217766,1,NEUTRAL,NEUTRAL,BEARISH,7.858
2882,2664.458,2666.552,2662.302,2664.976,6236,5094.797013217766,1,OVERBOUGHT,OVERBOUGHT,BULLISH,7.537
2883,2664.995,2668.581,2664.477,2667.419,5170,5094.797013217766,1,OVERBOUGHT,OVERBOUGHT,BULLISH,7.283
2884,2667.471,2673.299,2665.246,2670.249,8518,5094.797013217766,1,OVERBOUGHT,OVERBOUGHT,BULLISH,7.256
2885,2670.206,2675.178,2669.456,2674.021,6727,5094.797013217766,1,OVERBOUGHT,OVERBOUGHT,BULLISH,7.135
2886,2674.001,2678.351,2671.985,2672.715,10444,5094.797013217766,1,OVERBOUGHT,OVERBOUGHT,BULLISH,6.125
2887,2672.691,2675.797,2667.196,2672.486,9575,5094.797013217766,1,OVERBOUGHT,OVERBOUGHT,BULLISH,6.211
2888,2672.485,2675.427,2668.091,2668.326,9255,5094.797013217766,1,NEUTRAL,OVERBOUGHT,BULLISH,6.106
2889,2668.32,2671.039,2666.291,2667.496,7431,5094.797013217766,1,NEUTRAL,NEUTRAL,BULLISH,6.032
2890,2667.465,2668.608,2662.691,2665.938,7661,5094.797013217766,1,OVERSOLD,NEUTRAL,BEARISH,6.231
2891,2665.897,2672.51,2665.041,2671.324,7380,5094.797013217766,1,NEUTRAL,NEUTRAL,BEARISH,6.37
2892,2671.366,2671.788,2668.552,2670.19,5434,5094.797013217766,1,NEUTRAL,NEUTRAL,BEARISH,6.181
2893,2670.154,2671.332,2668.957,2669.984,5535,5094.797013217766,2,NEUTRAL,NEUTRAL,BEARISH,5.958
2894,2670.696,2671.318,2668.492,2670.498,6317,5697.375869101789,2,NEUTRAL,NEUTRAL,BEARISH,5.538
2895,2670.528,2674.729,2669.225,2673.486,11084,5697.375869101789,2,OVERBOUGHT,NEUTRAL,BEARISH,5.465
2896,2673.517,2674.771,2671.825,2671.855,7150,5697.375869101789,2,NEUTRAL,NEUTRAL,BEARISH,5.372
2897,2671.813,2678.552,2671.556,2678.163,9823,5697.375869101789,2,OVERBOUGHT,OVERBOUGHT,BULLISH,5.578
2898,2678.179,2678.743,2673.469,2676.146,6614,5697.375869101789,1,OVERBOUGHT,OVERBOUGHT,BULLISH,5.38
2899,2676.181,2680.469,2675.713,2680.057,8862,5697.375869101789,1,OVERBOUGHT,OVERBOUGHT,BULLISH,5.311
2900,2680.021,2682.389,2677.592,2678.485,7818,5697.375869101789,1,NEUTRAL,OVERBOUGHT,BULLISH,5.199
2901,2678.532,2682.687,2678.205,2680.936,8452,5697.375869101789,1,OVERBOUGHT,OVERBOUGHT,BULLISH,4.904
2902,2680.95,2683.088,2680.242,2681.402,5969,5697.375869101789,1,NEUTRAL,OVERBOUGHT,BULLISH,4.584
2903,2681.363,2681.401,2674.811,2678.29,8000,5697.375869101789,1,NEUTRAL,OVERBOUGHT,BULLISH,4.715
2904,2678.321,2683.771,2663.991,2682.687,29195,5697.375869101789,1,NEUTRAL,OVERBOUGHT,BULLISH,5.706
2905,2682.626,2693.406,2680.79,2687.851,42250,5697.375869101789,1,OVERBOUGHT,OVERBOUGHT,BULLISH,6.073
2906,2687.856,2698.026,2682.398,2692.683,40610,5697.375869101789,1,OVERBOUGHT,OVERBOUGHT,BULLISH,6.958
2907,2692.592,2697.163,2686.727,2696.162,27654,5697.375869101789,1,OVERBOUGHT,OVERBOUGHT,BULLISH,7.534
2908,2696.207,2697.915,2692.413,2696.107,16851,5697.375869101789,1,OVERBOUGHT,OVERBOUGHT,BULLISH,7.725
2909,2696.016,2697.196,2685.11,2687.303,14112,5697.375869101789,1,NEUTRAL,OVERBOUGHT,BULLISH,8.195
2910,2687.338,2687.801,2684.586,2685.855,9237,5697.375869101789,1,NEUTRAL,OVERBOUGHT,BULLISH,8.215
2911,2685.89,2690.886,2684.5,2690.728,8492,5697.375869101789,1,NEUTRAL,OVERBOUGHT,BULLISH,8.171
2912,2690.679,2693.773,2689.005,2689.565,8410,5697.375869101789,1,OVERSOLD,OVERBOUGHT,BEARISH,8.135
2913,2689.769,2693.368,2687.574,2689.726,9606,5729.985310836913,2,NEUTRAL,OVERBOUGHT,BEARISH,8.209
2914,2689.73,2690.015,2679.294,2685.548,17750,5729.985310836913,1,NEUTRAL,OVERBOUGHT,BEARISH,8.632
2915,2685.59,2690.554,2684.862,2688.656,8220,5729.985310836913,1,NEUTRAL,OVERBOUGHT,BEARISH,8.719
2916,2688.564,2688.697,2685.362,2687.938,7073,5729.985310836913,1,NEUTRAL,NEUTRAL,BEARISH,8.754
2917,2687.979,2690.854,2684.307,2686.04,7988,5729.985310836913,1,NEUTRAL,NEUTRAL,BEARISH,8.75
2918,2686.068,2686.979,2683.273,2686.936,9778,5729.985310836913,1,NEUTRAL,NEUTRAL,BEARISH,7.602
2919,2687.0,2691.323,2686.894,2689.96,7898,5729.985310836913,1,OVERBOUGHT,NEUTRAL,BEARISH,7.017
2920,2689.935,2690.543,2684.44,2685.102,10728,5729.985310836913,1,NEUTRAL,NEUTRAL,BEARISH,6.337
2921,2685.074,2689.77,2684.028,2687.145,12796,5729.985310836913,1,NEUTRAL,NEUTRAL,BEARISH,6.002
2922,2687.074,2688.325,2682.876,2684.871,13488,5729.985310836913,1,NEUTRAL,NEUTRAL,BEARISH,5.998
2923,2684.823,2685.134,2677.26,2679.42,12434,5729.985310836913,1,OVERSOLD,OVERSOLD,BEARISH,5.697
2924,2679.371,2680.566,2675.449,2675.952,10030,5729.985310836913,1,OVERSOLD,OVERSOLD,BEARISH,5.833
2925,2675.911,2677.164,2664.398,2671.286,21049,5729.985310836913,1,OVERSOLD,OVERSOLD,BEARISH,6.289
2926,2671.312,2672.281,2663.693,2669.073,27325,5729.985310836913,1,OVERSOLD,OVERSOLD,BEARISH,6.562
2927,2669.136,2674.237,2664.044,2671.727,22335,5729.985310836913,1,OVERSOLD,OVERSOLD,BEARISH,6.876
2928,2671.688,2672.872,2661.045,2661.867,18408,5729.985310836913,1,OVERSOLD,OVERSOLD,BEARISH,6.955
2929,2661.792,2667.993,2660.625,2661.322,12832,5729.985310836913,1,OVERSOLD,OVERSOLD,BEARISH,7.075
2930,2661.332,2664.14,2659.183,2660.822,10473,5729.985310836913,1,OVERSOLD,OVERSOLD,BEARISH,7.19
2931,2660.815,2662.449,2657.525,2659.289,9265,5729.985310836913,1,OVERSOLD,OVERSOLD,BEARISH,7.074
2932,2659.297,2660.661,2656.768,2658.895,6908,5729.985310836913,1,OVERSOLD,OVERSOLD,BEARISH,7.088
2933,2658.959,2664.14,2658.734,2663.651,8648,5729.985310836913,2,NEUTRAL,OVERSOLD,BEARISH,7.158
2934,2663.152,2671.106,2663.067,2670.601,9121,5985.450995519112,2,OVERBOUGHT,OVERSOLD,BEARISH,7.296
2935,2670.534,2672.238,2667.848,2670.749,10170,5985.450995519112,1,OVERBOUGHT,NEUTRAL,BEARISH,7.199
2936,2670.788,2672.223,2668.45,2670.57,7800,5985.450995519112,1,OVERBOUGHT,NEUTRAL,BEARISH,7.08
2937,2670.522,2672.264,2668.861,2669.818,6955,5985.450995519112,1,OVERBOUGHT,NEUTRAL,BULLISH,6.76
2938,2669.772,2675.37,2667.392,2668.533,12605,5985.450995519112,2,OVERBOUGHT,NEUTRAL,BULLISH,6.965
2939,2668.507,2669.677,2667.402,2669.079,7432,5985.450995519112,1,OVERSOLD,NEUTRAL,BULLISH,6.215
2940,2669.078,2670.88,2667.145,2669.154,7785,5985.450995519112,1,OVERSOLD,NEUTRAL,BULLISH,5.869
2941,2669.196,2674.473,2667.239,2670.978,9840,5985.450995519112,1,NEUTRAL,NEUTRAL,BULLISH,5.657
2942,2670.919,2671.675,2664.832,2667.322,8238,5985.450995519112,1,NEUTRAL,NEUTRAL,BULLISH,5.301
2943,2667.368,2668.905,2664.681,2666.681,7494,5985.450995519112,1,NEUTRAL,NEUTRAL,BULLISH,5.077
2944,2666.704,2669.869,2664.419,2669.331,6929,5985.450995519112,1,NEUTRAL,NEUTRAL,BULLISH,5.112
2945,2669.287,2671.583,2666.456,2668.289,8260,5985.450995519112,1,NEUTRAL,NEUTRAL,BULLISH,5.126
2946,2668.237,2674.419,2660.651,2662.985,22168,5985.450995519112,1,OVERSOLD,NEUTRAL,BULLISH,5.832
2947,2662.94,2666.053,2659.802,2665.242,18943,5985.450995519112,1,NEUTRAL,NEUTRAL,BULLISH,5.892
2948,2665.285,2672.869,2665.07,2671.779,14464,5985.450995519112,1,NEUTRAL,NEUTRAL,BULLISH,5.875
2949,2671.826,2673.96,2669.826,2671.715,11185,5985.450995519112,1,NEUTRAL,NEUTRAL,BULLISH,5.857
2950,2671.68,2672.099,2668.07,2669.006,8531,5985.450995519112,1,NEUTRAL,OVERBOUGHT,BULLISH,5.875
2951,2668.967,2672.546,2666.703,2672.316,8099,5985.450995519112,1,OVERBOUGHT,OVERBOUGHT,BULLISH,6.049
2952,2672.349,2676.308,2671.843,2674.245,6646,5985.450995519112,1,OVERBOUGHT,OVERBOUGHT,BULLISH,5.798
2953,2674.209,2676.524,2671.837,2676.505,7010,5985.450995519112,1,OVERBOUGHT,OVERBOUGHT,BULLISH,5.971
2954,2676.458,2678.294,2673.995,2675.589,6346,5985.450995519112,2,NEUTRAL,OVERBOUGHT,BULLISH,6.011
2955,2675.58,2676.1,2669.891,2669.944,7958,6286.324710231577,2,NEUTRAL,OVERBOUGHT,BULLISH,5.938
2956,2669.967,2676.321,2669.384,2676.091,10870,6286.324710231577,2,NEUTRAL,OVERBOUGHT,BULLISH,5.944
2957,2676.052,2679.383,2674.146,2679.383,9835,6286.324710231577,2,NEUTRAL,OVERBOUGHT,BULLISH,6.017
2958,2679.341,2683.326,2679.045,2681.001,6558,6286.324710231577,1,NEUTRAL,OVERBOUGHT,BULLISH,5.933
2959,2681.042,2684.033,2680.05,2681.395,6326,6286.324710231577,1,NEUTRAL,OVERBOUGHT,BULLISH,5.852
2960,2681.429,2685.327,2681.163,2683.909,8164,6286.324710231577,1,OVERBOUGHT,OVERBOUGHT,BULLISH,5.166
2961,2683.94,2688.57,2682.926,2685.934,7820,6286.324710231577,1,OVERBOUGHT,OVERBOUGHT,BULLISH,5.122
2962,2685.961,2689.09,2684.776,2688.343,8134,6286.324710231577,1,OVERBOUGHT,OVERBOUGHT,BULLISH,4.873
2963,2688.466,2688.938,2685.142,2686.779,8924,6286.324710231577,1,OVERBOUGHT,OVERBOUGHT,BULLISH,4.849
2964,2686.748,2687.503,2684.092,2684.631,9048,6286.324710231577,1,NEUTRAL,OVERBOUGHT,BULLISH,4.805
2965,2684.632,2694.25,2682.127,2693.799,26953,6286.324710231577,1,OVERBOUGHT,OVERBOUGHT,BULLISH,5.254
2966,2693.836,2696.056,2678.126,2681.978,31001,6286.324710231577,1,NEUTRAL,OVERBOUGHT,BULLISH,6.215
2967,2681.935,2683.017,2676.644,2678.512,22261,6286.324710231577,1,NEUTRAL,NEUTRAL,BULLISH,6.336
2968,2678.555,2689.97,2676.925,2689.305,15130,6286.324710231577,1,NEUTRAL,NEUTRAL,BULLISH,6.96
2969,2689.263,2692.994,2688.491,2692.601,10521,6286.324710231577,1,NEUTRAL,NEUTRAL,BULLISH,6.839
2970,2692.64,2695.008,2691.091,2693.993,9998,6286.324710231577,1,NEUTRAL,OVERBOUGHT,BULLISH,6.623
2971,2694.056,2695.127,2692.568,2694.181,6840,6286.324710231577,1,OVERBOUGHT,OVERBOUGHT,BULLISH,6.432
2972,2694.142,2697.541,2693.239,2696.999,9564,6286.324710231577,2,OVERBOUGHT,OVERBOUGHT,BULLISH,6.433
2973,2695.145,2698.196,2692.857,2695.339,11774,6661.563626717459,2,OVERBOUGHT,OVERBOUGHT,BULLISH,6.53
2974,2695.382,2702.177,2694.53,2696.209,12804,6661.563626717459,1,OVERBOUGHT,OVERBOUGHT,BULLISH,6.779
2975,2696.249,2698.127,2695.247,2697.451,8443,6661.563626717459,1,OVERBOUGHT,OVERBOUGHT,BULLISH,6.581
2976,2697.455,2698.553,2695.653,2697.464,9973,6661.563626717459,2,OVERBOUGHT,OVERBOUGHT,BULLISH,6.48
2977,2697.432,2697.505,2693.74,2694.6,7309,6661.563626717459,1,NEUTRAL,OVERBOUGHT,BULLISH,6.478
2978,2694.642,2695.484,2689.907,2693.815,7170,6661.563626717459,1,NEUTRAL,OVERBOUGHT,BEARISH,6.633
2979,2693.862,2699.924,2693.44,2698.271,8052,6661.563626717459,1,NEUTRAL,OVERBOUGHT,BEARISH,6.23
2980,2698.313,2703.27,2697.124,2698.933,9965,6661.563626717459,1,NEUTRAL,OVERBOUGHT,BEARISH,5.388
2981,2698.945,2706.135,2697.383,2705.333,10748,6661.563626717459,1,OVERBOUGHT,OVERBOUGHT,BULLISH,5.558
2982,2705.272,2708.572,2704.684,2707.797,7556,6661.563626717459,1,OVERBOUGHT,OVERBOUGHT,BULLISH,4.904
2983,2707.826,2711.175,2706.169,2706.412,7846,6661.563626717459,1,OVERBOUGHT,OVERBOUGHT,BULLISH,4.94
2984,2706.416,2707.3,2700.08,2703.713,13827,6661.563626717459,1,NEUTRAL,OVERBOUGHT,BULLISH,5.176
2985,2703.661,2718.292,2701.388,2715.461,22871,6661.563626717459,1,OVERBOUGHT,OVERBOUGHT,BULLISH,6.201
2986,2715.414,2719.379,2712.941,2718.674,22492,6661.563626717459,1,OVERBOUGHT,OVERBOUGHT,BULLISH,6.353
2987,2718.654,2719.718,2712.632,2716.874,27539,6661.563626717459,1,OVERBOUGHT,OVERBOUGHT,BULLISH,6.478
2988,2716.93,2722.419,2716.629,2720.339,19415,6661.563626717459,1,OVERBOUGHT,OVERBOUGHT,BULLISH,6.345
2989,2720.3,2724.74,2719.462,2721.761,11959,6661.563626717459,1,OVERBOUGHT,OVERBOUGHT,BULLISH,6.517
2990,2721.793,2723.27,2714.742,2715.24,9215,6661.563626717459,1,NEUTRAL,OVERBOUGHT,BULLISH,6.919
2991,2715.262,2717.146,2714.656,2715.346,7066,6661.563626717459,1,NEUTRAL,OVERBOUGHT,BULLISH,6.828
2992,2715.368,2717.055,2712.517,2714.555,9667,6661.563626717459,2,NEUTRAL,OVERBOUGHT,BULLISH,6.753
2993,2714.345,2716.068,2712.401,2714.7,7650,6683.029789252304,2,OVERSOLD,NEUTRAL,BEARISH,6.552
2994,2714.741,2714.855,2709.834,2714.649,9616,6683.029789252304,1,OVERSOLD,NEUTRAL,BEARISH,6.472
2995,2714.692,2717.017,2713.892,2715.82,6728,6683.029789252304,1,NEUTRAL,NEUTRAL,BEARISH,6.07
2996,2715.829,2717.346,2714.25,2714.669,10589,6683.029789252304,2,NEUTRAL,NEUTRAL,BEARISH,6.013
2997,2714.698,2715.566,2711.212,2711.609,7788,6683.029789252304,1,OVERSOLD,NEUTRAL,BEARISH,5.967
2998,2711.616,2713.312,2710.566,2712.583,7523,6683.029789252304,1,NEUTRAL,NEUTRAL,BEARISH,5.647
2999,2712.622,2714.624,2708.585,2710.516,7229,6683.029789252304,1,OVERSOLD,NEUTRAL,BEARISH,4.871
3000,2710.577,2712.983,2709.469,2711.731,6846,6683.029789252304,1,OVERSOLD,OVERSOLD,BEARISH,4.662
3001,2711.689,2712.019,2703.909,2704.76,9509,6683.029789252304,1,OVERSOLD,OVERSOLD,BEARISH,4.735
3002,2704.839,2706.251,2702.767,2703.999,7763,6683.029789252304,1,OVERSOLD,OVERSOLD,BEARISH,4.571
3003,2704.005,2708.789,2703.625,2708.002,7089,6683.029789252304,1,NEUTRAL,OVERSOLD,BEARISH,4.563
3004,2708.055,2711.8,2707.003,2711.044,11017,6683.029789252304,1,NEUTRAL,OVERSOLD,BEARISH,4.296
3005,2711.088,2712.126,2704.587,2705.099,19238,6683.029789252304,1,NEUTRAL,NEUTRAL,BEARISH,4.657
3006,2705.041,2712.548,2702.731,2711.685,11812,6683.029789252304,1,NEUTRAL,NEUTRAL,BEARISH,5.034
3007,2711.652,2715.141,2710.156,2714.243,8737,6683.029789252304,1,OVERBOUGHT,NEUTRAL,BEARISH,5.128
3008,2714.256,2717.254,2710.63,2712.578,12076,6683.029789252304,2,NEUTRAL,NEUTRAL,BEARISH,5.242
3009,2712.604,2713.191,2702.88,2703.175,10077,6683.029789252304,2,NEUTRAL,NEUTRAL,BEARISH,5.756
3010,2703.189,2704.088,2699.242,2702.879,7307,6683.029789252304,2,NEUTRAL,NEUTRAL,BEARISH,5.881
3011,2702.629,2703.086,2691.547,2694.457,8066,6056.183304429512,2,OVERSOLD,OVERSOLD,BEARISH,6.394
3012,2694.441,2695.836,2689.397,2693.711,9165,6056.183304429512,1,OVERSOLD,OVERSOLD,BEARISH,6.658
3013,2693.714,2703.988,2693.672,2703.554,9007,6056.183304429512,2,NEUTRAL,OVERSOLD,BEARISH,6.963
3014,2703.559,2707.427,2702.279,2707.301,8646,6056.183304429512,2,NEUTRAL,NEUTRAL,BEARISH,7.08
3015,2707.341,2713.77,2702.759,2703.592,9495,6056.183304429512,2,NEUTRAL,NEUTRAL,BEARISH,7.287
3016,2703.571,2708.77,2702.993,2706.088,9009,6056.183304429512,2,OVERBOUGHT,NEUTRAL,BEARISH,7.451
3017,2706.096,2712.492,2704.835,2708.331,10709,6056.183304429512,2,OVERBOUGHT,NEUTRAL,BEARISH,7.629
3018,2708.289,2710.635,2701.957,2704.981,31857,6056.183304429512,2,NEUTRAL,NEUTRAL,BEARISH,7.906
3019,2705.041,2711.937,2704.917,2710.045,14639,6056.183304429512,1,NEUTRAL,NEUTRAL,BULLISH,7.869
3020,2710.064,2710.401,2705.292,2707.065,8689,6056.183304429512,1,NEUTRAL,NEUTRAL,BULLISH,7.533
3021,2707.063,2708.873,2703.182,2707.584,10751,6056.183304429512,1,NEUTRAL,NEUTRAL,BULLISH,7.583
3022,2707.559,2711.161,2703.93,2707.434,9611,6056.183304429512,1,NEUTRAL,NEUTRAL,BULLISH,7.627
3023,2707.441,2711.052,2705.396,2710.445,8357,6056.183304429512,3,OVERBOUGHT,OVERBOUGHT,BULLISH,7.294
3024,2710.433,2711.524,2702.817,2705.381,6461,6152.106323055272,1,NEUTRAL,OVERBOUGHT,BULLISH,7.57
3025,2705.357,2719.3,2703.174,2718.105,12694,6152.106323055272,1,OVERBOUGHT,OVERBOUGHT,BULLISH,7.898
3026,2718.084,2725.754,2717.916,2724.843,7754,6152.106323055272,1,OVERBOUGHT,OVERBOUGHT,BULLISH,7.998
3027,2724.819,2726.946,2721.244,2724.196,6928,6152.106323055272,1,OVERBOUGHT,OVERBOUGHT,BULLISH,7.668
3028,2724.221,2729.143,2723.095,2726.148,11065,6152.106323055272,2,OVERBOUGHT,OVERBOUGHT,BULLISH,7.732
3029,2726.174,2732.773,2722.695,2729.729,13275,6152.106323055272,2,OVERBOUGHT,OVERBOUGHT,BULLISH,7.666
3030,2729.701,2730.086,2721.429,2723.267,9909,6152.106323055272,1,NEUTRAL,OVERBOUGHT,BULLISH,7.871
3031,2723.237,2724.17,2717.809,2721.224,11553,6152.106323055272,1,NEUTRAL,OVERBOUGHT,BULLISH,7.779
3032,2721.236,2723.968,2718.902,2719.82,7092,6152.106323055272,1,NEUTRAL,NEUTRAL,BULLISH,7.521
3033,2719.782,2727.172,2716.508,2726.777,12794,6152.106323055272,2,NEUTRAL,NEUTRAL,BULLISH,7.781
3034,2726.763,2730.03,2724.622,2726.239,11322,6152.106323055272,1,NEUTRAL,OVERBOUGHT,BULLISH,7.802
3035,2726.247,2738.583,2725.336,2738.123,10676,6152.106323055272,1,OVERBOUGHT,OVERBOUGHT,BULLISH,8.342
3036,2738.112,2740.384,2734.522,2738.776,12003,6152.106323055272,1,OVERBOUGHT,OVERBOUGHT,BULLISH,8.244
3037,2738.792,2744.972,2737.839,2743.056,8688,6152.106323055272,1,OVERBOUGHT,OVERBOUGHT,BULLISH,8.35
3038,2743.069,2745.963,2739.931,2744.512,10762,6152.106323055272,2,OVERBOUGHT,OVERBOUGHT,BULLISH,8.159
3039,2744.516,2745.348,2740.082,2742.392,8534,6152.106323055272,2,OVERBOUGHT,OVERBOUGHT,BULLISH,7.383
3040,2742.443,2745.863,2741.954,2744.259,8011,6152.106323055272,2,OVERBOUGHT,OVERBOUGHT,BULLISH,7.102
3041,2744.309,2749.979,2742.713,2748.029,17654,6444.358101811912,2,OVERBOUGHT,OVERBOUGHT,BULLISH,7.214
3042,2748.059,2749.735,2746.252,2748.904,8475,6444.358101811912,1,OVERBOUGHT,OVERBOUGHT,BULLISH,7.031
3043,2748.91,2751.088,2747.881,2750.266,6818,6444.358101811912,1,OVERBOUGHT,OVERBOUGHT,BULLISH,6.54
3044,2750.238,2758.831,2749.308,2758.062,13540,6444.358101811912,2,OVERBOUGHT,OVERBOUGHT,BULLISH,6.602
3045,2758.04,2758.217,2745.569,2746.814,14358,6444.358101811912,1,NEUTRAL,OVERBOUGHT,BULLISH,7.051
3046,2746.832,2754.006,2746.455,2748.781,8628,6444.358101811912,1,NEUTRAL,OVERBOUGHT,BULLISH,7.229
3047,2748.818,2753.863,2746.77,2753.134,10543,6444.358101811912,1,NEUTRAL,OVERBOUGHT,BULLISH,6.973
3048,2753.101,2762.335,2752.846,2758.438,11911,6444.358101811912,1,NEUTRAL,OVERBOUGHT,BULLISH,7.265
3049,2758.439,2763.43,2758.274,2760.043,9331,6444.358101811912,1,NEUTRAL,OVERBOUGHT,BULLISH,6.687
3050,2760.114,2760.611,2756.37,2756.534,6600,6444.358101811912,1,OVERBOUGHT,OVERBOUGHT,BULLISH,6.571
3051,2756.572,2758.722,2751.778,2758.236,8692,6444.358101811912,1,OVERBOUGHT,OVERBOUGHT,BULLISH,6.558
3052,2758.278,2761.606,2750.854,2757.612,23563,6444.358101811912,1,NEUTRAL,OVERBOUGHT,BEARISH,6.895
3053,2757.605,2758.242,2750.329,2753.872,21418,6444.358101811912,1,OVERSOLD,NEUTRAL,BEARISH,7.084
3054,2753.824,2760.295,2750.454,2759.351,15458,6444.358101811912,1,NEUTRAL,OVERBOUGHT,BEARISH,7.508
3055,2759.389,2760.262,2755.831,2758.272,10863,6444.358101811912,1,NEUTRAL,NEUTRAL,BEARISH,7.305
3056,2758.291,2758.508,2755.81,2756.526,7753,6444.358101811912,1,NEUTRAL,OVERBOUGHT,BEARISH,7.249
3057,2756.522,2759.35,2754.909,2757.816,8120,6444.358101811912,1,NEUTRAL,NEUTRAL,BEARISH,7.337
3058,2757.795,2757.795,2754.804,2756.626,11132,6444.358101811912,2,NEUTRAL,NEUTRAL,BEARISH,6.872
3059,2756.591,2757.097,2753.164,2755.353,11065,6764.292250845699,3,OVERSOLD,NEUTRAL,BEARISH,6.25
3060,2755.396,2756.3,2750.625,2752.731,11738,6764.292250845699,1,OVERSOLD,NEUTRAL,BEARISH,6.116
3061,2752.738,2754.989,2751.987,2752.535,6975,6764.292250845699,1,OVERSOLD,NEUTRAL,BEARISH,5.823
3062,2752.495,2753.047,2749.474,2750.043,7007,6764.292250845699,1,OVERSOLD,OVERSOLD,BEARISH,5.401
3063,2749.995,2753.605,2749.79,2752.012,15319,6764.292250845699,2,OVERSOLD,OVERSOLD,BEARISH,5.305
3064,2751.97,2755.575,2751.139,2753.298,8379,6764.292250845699,1,NEUTRAL,OVERSOLD,BEARISH,5.319
3065,2753.304,2754.695,2751.659,2752.683,7472,6764.292250845699,1,NEUTRAL,OVERSOLD,BEARISH,5.04
3066,2752.735,2754.789,2752.01,2752.801,8038,6764.292250845699,1,NEUTRAL,OVERSOLD,BEARISH,4.47
3067,2752.824,2753.792,2740.871,2745.833,13974,6764.292250845699,1,NEUTRAL,OVERSOLD,BEARISH,4.828
3068,2745.793,2752.51,2745.224,2751.391,9042,6764.292250845699,1,NEUTRAL,NEUTRAL,BEARISH,4.646
3069,2751.428,2754.474,2750.771,2751.898,7793,6764.292250845699,1,NEUTRAL,NEUTRAL,BEARISH,4.594
3070,2751.873,2753.386,2741.955,2744.833,14382,6764.292250845699,1,NEUTRAL,NEUTRAL,BEARISH,5.217
3071,2744.771,2745.857,2735.77,2741.61,25880,6764.292250845699,1,OVERSOLD,NEUTRAL,BEARISH,5.621
3072,2741.649,2747.548,2740.264,2745.913,22601,6764.292250845699,1,NEUTRAL,NEUTRAL,BEARISH,5.926
3073,2745.98,2749.46,2742.06,2746.424,13297,6764.292250845699,1,NEUTRAL,NEUTRAL,BEARISH,6.173
3074,2746.383,2757.41,2744.175,2753.98,16145,6764.292250845699,1,NEUTRAL,NEUTRAL,BEARISH,6.713
3075,2753.88,2758.925,2752.376,2757.664,11305,6764.292250845699,1,OVERBOUGHT,OVERBOUGHT,BEARISH,6.967
3076,2757.747,2758.209,2755.022,2755.792,8135,6764.292250845699,1,OVERBOUGHT,OVERBOUGHT,BULLISH,6.939
3077,2755.791,2758.022,2753.73,2754.13,7699,6764.292250845699,1,OVERBOUGHT,OVERBOUGHT,BULLISH,6.973
3078,2754.094,2754.634,2751.306,2753.768,10018,6764.292250845699,1,OVERBOUGHT,OVERBOUGHT,BULLISH,6.894
3079,2753.804,2761.086,2752.021,2759.693,10237,7002.43108409849,3,OVERBOUGHT,OVERBOUGHT,BULLISH,7.325
3080,2759.654,2762.599,2758.569,2762.261,9688,7002.43108409849,1,NEUTRAL,OVERBOUGHT,BULLISH,7.414
3081,2762.272,2775.375,2762.272,2774.101,16506,7002.43108409849,1,OVERBOUGHT,OVERBOUGHT,BULLISH,7.428
3082,2774.143,2777.417,2770.989,2772.308,12134,7002.43108409849,1,OVERBOUGHT,OVERBOUGHT,BULLISH,7.367
3083,2772.28,2775.044,2770.527,2772.079,8547,7002.43108409849,1,OVERBOUGHT,OVERBOUGHT,BULLISH,7.425
3084,2772.033,2776.679,2771.996,2775.282,9877,7002.43108409849,1,OVERBOUGHT,OVERBOUGHT,BULLISH,6.943
3085,2775.243,2778.363,2773.267,2773.818,12329,7002.43108409849,1,OVERBOUGHT,OVERBOUGHT,BULLISH,6.586
3086,2773.785,2775.423,2772.039,2772.716,8418,7002.43108409849,1,NEUTRAL,OVERBOUGHT,BULLISH,6.308
3087,2772.753,2775.334,2769.954,2774.128,10496,7002.43108409849,1,NEUTRAL,OVERBOUGHT,BULLISH,6.163
3088,2774.09,2777.874,2770.973,2772.749,8640,7002.43108409849,1,NEUTRAL,OVERBOUGHT,BULLISH,5.711
3089,2772.762,2776.191,2771.646,2775.682,8147,7002.43108409849,1,NEUTRAL,OVERBOUGHT,BULLISH,5.568
3090,2775.669,2780.192,2774.131,2776.617,8383,7002.43108409849,1,NEUTRAL,OVERBOUGHT,BULLISH,5.773
3091,2776.671,2779.153,2776.094,2778.521,8459,7002.43108409849,1,OVERBOUGHT,OVERBOUGHT,BULLISH,5.685
3092,2778.497,2784.615,2777.85,2782.382,14551,7002.43108409849,1,OVERBOUGHT,OVERBOUGHT,BULLISH,5.931
3093,2782.418,2784.389,2773.723,2778.175,19448,7002.43108409849,1,NEUTRAL,OVERBOUGHT,BULLISH,6.045
3094,2778.225,2786.013,2775.466,2775.973,15793,7002.43108409849,1,NEUTRAL,OVERBOUGHT,BULLISH,6.51
3095,2775.918,2777.594,2769.894,2771.921,14679,7002.43108409849,1,NEUTRAL,NEUTRAL,BEARISH,6.124
3096,2771.892,2776.124,2770.652,2773.312,8938,7002.43108409849,1,NEUTRAL,NEUTRAL,BEARISH,6.055
3097,2773.337,2775.277,2771.325,2774.628,12998,7002.43108409849,2,OVERSOLD,OVERSOLD,BEARISH,6.015
3098,2774.632,2774.798,2770.46,2771.079,9551,7002.43108409849,2,OVERSOLD,OVERSOLD,BEARISH,5.99
3099,2765.65,2769.721,2765.185,2767.553,8222,6368.159869739903,1,OVERSOLD,OVERSOLD,BEARISH,6.047
3100,2767.554,2770.954,2766.239,2769.722,6875,6872.354961510707,1,NEUTRAL,OVERSOLD,BEARISH,6.142
3101,2769.755,2772.54,2762.854,2762.936,13692,6872.354961510707,1,OVERSOLD,OVERSOLD,BEARISH,6.45
3102,2762.97,2763.656,2753.871,2756.175,13465,6872.354961510707,1,OVERSOLD,OVERSOLD,BEARISH,6.656
3103,2756.221,2762.665,2755.137,2761.066,11582,6872.354961510707,1,OVERSOLD,OVERSOLD,BEARISH,6.869
3104,2761.075,2761.075,2755.738,2758.059,8540,6872.354961510707,1,OVERSOLD,OVERSOLD,BEARISH,6.817
3105,2758.117,2758.166,2752.855,2753.25,10791,6872.354961510707,1,OVERSOLD,OVERSOLD,BEARISH,6.978
3106,2753.214,2755.086,2750.839,2754.581,10569,6872.354961510707,1,OVERSOLD,OVERSOLD,BEARISH,6.798
3107,2754.624,2755.073,2747.189,2749.454,9793,6872.354961510707,1,NEUTRAL,OVERSOLD,BEARISH,6.6
3108,2749.48,2759.788,2749.291,2757.26,14130,6872.354961510707,1,NEUTRAL,OVERSOLD,BEARISH,6.596
3109,2757.182,2765.008,2755.726,2763.342,13479,6872.354961510707,1,NEUTRAL,NEUTRAL,BEARISH,6.709
3110,2763.304,2771.056,2762.832,2767.993,15587,6872.354961510707,1,OVERBOUGHT,NEUTRAL,BEARISH,6.906
3111,2767.949,2772.108,2765.11,2771.247,14019,6872.354961510707,1,OVERBOUGHT,OVERBOUGHT,BULLISH,7.123
3112,2771.3,2771.634,2760.447,2761.372,11933,6872.354961510707,1,NEUTRAL,OVERBOUGHT,BULLISH,7.612
3113,2761.34,2762.435,2752.341,2757.361,17250,6872.354961510707,1,NEUTRAL,NEUTRAL,BEARISH,7.912
3114,2757.329,2757.976,2744.983,2751.355,20752,6872.354961510707,1,OVERSOLD,NEUTRAL,BEARISH,8.504
3115,2751.345,2751.367,2739.499,2742.084,20959,6872.354961510707,1,OVERSOLD,OVERSOLD,BEARISH,8.66
3116,2742.052,2743.142,2733.239,2734.472,17032,6872.354961510707,1,OVERSOLD,OVERSOLD,BEARISH,8.668
3117,2734.535,2736.963,2730.478,2733.624,14297,6872.354961510707,1,OVERSOLD,OVERSOLD,BEARISH,8.594
3118,2733.687,2737.951,2732.943,2737.046,10504,6872.354961510707,1,OVERSOLD,OVERSOLD,BEARISH,8.57
3119,2737.027,2740.559,2736.837,2739.328,8139,6872.354961510707,1,OVERSOLD,OVERSOLD,BEARISH,8.457
3120,2739.353,2742.563,2738.147,2741.558,6958,6872.354961510707,1,NEUTRAL,OVERSOLD,BEARISH,8.469
3121,2741.512,2745.325,2739.57,2741.71,9547,6872.354961510707,2,OVERBOUGHT,OVERSOLD,BEARISH,8.317
3122,2741.743,2745.268,2739.41,2741.491,11594,7032.737822319211,2,OVERBOUGHT,OVERSOLD,BEARISH,7.985
3123,2741.44,2741.628,2738.337,2739.412,11003,7032.737822319211,1,NEUTRAL,OVERSOLD,BEARISH,7.557
3124,2739.446,2741.812,2737.815,2738.812,7370,7032.737822319211,1,NEUTRAL,OVERSOLD,BEARISH,7.255
3125,2738.782,2742.636,2738.558,2742.296,7068,7032.737822319211,1,NEUTRAL,OVERSOLD,BEARISH,7.047
3126,2742.333,2744.931,2741.187,2741.684,7178,7032.737822319211,1,NEUTRAL,OVERSOLD,BULLISH,6.515
3127,2741.651,2743.058,2738.33,2739.076,15919,7032.737822319211,2,NEUTRAL,NEUTRAL,BULLISH,6.132
3128,2739.111,2741.763,2734.782,2741.164,11735,7032.737822319211,1,NEUTRAL,NEUTRAL,BULLISH,5.702
3129,2741.147,2745.151,2740.431,2743.402,10697,7032.737822319211,1,OVERBOUGHT,NEUTRAL,BULLISH,5.192
3130,2743.46,2745.172,2740.922,2743.13,8810,7032.737822319211,1,NEUTRAL,OVERBOUGHT,BULLISH,4.788
3131,2743.083,2744.576,2741.591,2742.793,7892,7032.737822319211,1,NEUTRAL,OVERBOUGHT,BULLISH,4.538
3132,2742.709,2745.645,2741.191,2745.53,8839,7032.737822319211,1,OVERBOUGHT,OVERBOUGHT,BULLISH,4.499
3133,2745.563,2749.507,2745.114,2748.82,12664,7032.737822319211,1,OVERBOUGHT,OVERBOUGHT,BULLISH,4.546
3134,2748.881,2756.379,2748.876,2753.53,17291,7032.737822319211,1,OVERBOUGHT,OVERBOUGHT,BULLISH,4.771
3135,2753.561,2757.204,2751.064,2755.33,15192,7032.737822319211,1,OVERBOUGHT,OVERBOUGHT,BULLISH,4.798
3136,2755.325,2759.697,2755.222,2758.669,13205,7032.737822319211,1,OVERBOUGHT,OVERBOUGHT,BULLISH,4.7
3137,2758.644,2760.013,2757.463,2759.662,10571,7032.737822319211,1,OVERBOUGHT,OVERBOUGHT,BULLISH,4.647
3138,2759.693,2763.531,2759.186,2762.194,9262,7032.737822319211,1,OVERBOUGHT,OVERBOUGHT,BULLISH,4.672
3139,2762.153,2765.052,2761.178,2764.169,14261,7032.737822319211,2,OVERBOUGHT,OVERBOUGHT,BULLISH,4.657
3140,2764.202,2764.879,2762.234,2763.922,7705,7263.9056487650005,3,OVERBOUGHT,OVERBOUGHT,BULLISH,4.578
3141,2763.944,2766.271,2763.37,2764.208,12715,7263.9056487650005,2,OVERBOUGHT,OVERBOUGHT,BULLISH,4.448
3142,2764.208,2764.518,2762.278,2762.774,7296,7263.9056487650005,1,OVERBOUGHT,OVERBOUGHT,BULLISH,4.109
3143,2762.766,2764.356,2761.45,2762.43,7542,7263.9056487650005,1,NEUTRAL,OVERBOUGHT,BULLISH,3.98
3144,2762.447,2763.058,2759.232,2759.232,13525,7263.9056487650005,2,OVERSOLD,OVERBOUGHT,BULLISH,3.95
3145,2759.207,2760.605,2757.414,2759.074,7832,7263.9056487650005,1,OVERSOLD,OVERBOUGHT,BULLISH,3.964
3146,2759.118,2766.083,2759.118,2763.952,7479,7263.9056487650005,1,NEUTRAL,OVERBOUGHT,BULLISH,4.147
3147,2763.922,2764.469,2760.386,2762.843,8619,7263.9056487650005,1,NEUTRAL,OVERBOUGHT,BULLISH,4.125
3148,2762.726,2763.448,2757.008,2758.216,12384,7263.9056487650005,1,NEUTRAL,OVERBOUGHT,BULLISH,4.045
3149,2758.271,2759.826,2755.545,2756.557,15875,7263.9056487650005,2,NEUTRAL,NEUTRAL,BEARISH,3.912
3150,2756.59,2759.507,2752.223,2758.643,17168,7263.9056487650005,1,NEUTRAL,NEUTRAL,BEARISH,4.113
3151,2758.609,2761.129,2756.548,2759.281,18917,7263.9056487650005,1,OVERSOLD,NEUTRAL,BEARISH,4.258
3152,2759.323,2759.724,2748.2,2754.11,16542,7263.9056487650005,1,OVERSOLD,NEUTRAL,BEARISH,4.77
3153,2754.15,2756.29,2748.248,2751.539,16011,7263.9056487650005,1,OVERSOLD,NEUTRAL,BEARISH,5.068
3154,2751.564,2754.4,2750.883,2752.888,7744,7263.9056487650005,1,NEUTRAL,OVERSOLD,BEARISH,5.13
3155,2752.854,2753.881,2748.752,2751.511,8977,7263.9056487650005,1,OVERSOLD,OVERSOLD,BEARISH,5.29
3156,2751.882,2757.903,2744.759,2755.218,22673,7263.9056487650005,1,NEUTRAL,NEUTRAL,BEARISH,6.068
3157,2755.18,2759.037,2752.745,2754.903,14240,7263.9056487650005,1,NEUTRAL,NEUTRAL,BEARISH,6.31
3158,2754.858,2760.685,2754.037,2760.306,8598,7263.9056487650005,2,OVERBOUGHT,NEUTRAL,BEARISH,6.512
3159,2760.243,2762.529,2758.905,2760.107,9932,7504.259872692143,2,OVERBOUGHT,NEUTRAL,BEARISH,6.543
3160,2760.074,2762.577,2759.195,2761.735,12190,7504.259872692143,2,OVERBOUGHT,OVERBOUGHT,BULLISH,6.284
3161,2761.699,2763.393,2758.683,2760.566,9809,7504.259872692143,2,OVERBOUGHT,OVERBOUGHT,BULLISH,6.328
3162,2760.519,2769.528,2760.209,2769.132,14049,7504.259872692143,2,OVERBOUGHT,OVERBOUGHT,BULLISH,6.534
3163,2769.133,2776.603,2768.322,2774.269,16190,7504.259872692143,2,OVERBOUGHT,OVERBOUGHT,BULLISH,6.82
3164,2774.262,2779.432,2773.9,2777.699,12080,7504.259872692143,2,OVERBOUGHT,OVERBOUGHT,BULLISH,6.695
3165,2777.686,2786.074,2776.061,2785.773,21574,7504.259872692143,2,OVERBOUGHT,OVERBOUGHT,BULLISH,7.083
3166,2785.801,2789.197,2779.998,2787.768,25992,7504.259872692143,1,OVERBOUGHT,OVERBOUGHT,BULLISH,6.917
3167,2787.668,2796.778,2786.742,2795.411,23014,7504.259872692143,1,OVERBOUGHT,OVERBOUGHT,BULLISH,7.059
3168,2795.388,2798.469,2790.249,2790.595,24085,7504.259872692143,1,OVERBOUGHT,OVERBOUGHT,BULLISH,7.395
3169,2790.646,2795.956,2788.797,2795.536,17592,7504.259872692143,1,OVERBOUGHT,OVERBOUGHT,BULLISH,7.54
3170,2795.575,2797.076,2792.19,2795.236,10969,7504.259872692143,1,OVERBOUGHT,OVERBOUGHT,BULLISH,6.95
3171,2795.197,2798.245,2790.678,2795.581,19311,7504.259872692143,2,OVERBOUGHT,OVERBOUGHT,BULLISH,7.041
3172,2795.544,2798.476,2790.749,2793.385,12581,7504.259872692143,1,NEUTRAL,OVERBOUGHT,BULLISH,7.118
3173,2794.822,2799.645,2792.607,2795.771,12498,7959.584329261146,2,OVERBOUGHT,OVERBOUGHT,BULLISH,7.362
3174,2795.808,2798.241,2794.455,2796.301,14268,7959.584329261146,2,NEUTRAL,OVERBOUGHT,BULLISH,7.391
3175,2796.266,2798.251,2794.521,2795.854,13859,7959.584329261146,2,NEUTRAL,OVERBOUGHT,BULLISH,7.321
3176,2795.805,2796.467,2793.87,2795.573,8548,7959.584329261146,1,NEUTRAL,OVERBOUGHT,BULLISH,6.841
3177,2795.563,2801.072,2792.167,2798.232,17801,7959.584329261146,2,OVERBOUGHT,OVERBOUGHT,BULLISH,6.885
3178,2798.205,2799.455,2791.678,2793.317,11736,7959.584329261146,1,NEUTRAL,OVERBOUGHT,BEARISH,7.046
3179,2793.269,2796.413,2792.688,2793.791,8545,7959.584329261146,1,NEUTRAL,OVERBOUGHT,BEARISH,6.597
3180,2793.753,2795.151,2791.0,2794.202,8408,7959.584329261146,1,NEUTRAL,NEUTRAL,BEARISH,6.236
3181,2794.162,2800.867,2792.336,2800.195,12144,7959.584329261146,1,NEUTRAL,OVERBOUGHT,BEARISH,6.129
3182,2800.165,2807.84,2799.95,2805.489,12395,7959.584329261146,1,OVERBOUGHT,OVERBOUGHT,BEARISH,6.105
3183,2805.462,2808.54,2803.225,2806.384,18431,7959.584329261146,1,OVERBOUGHT,OVERBOUGHT,BEARISH,5.973
3184,2806.468,2812.532,2804.503,2812.315,18938,7959.584329261146,1,OVERBOUGHT,OVERBOUGHT,BULLISH,6.198
3185,2812.373,2817.244,2808.248,2809.224,20563,7959.584329261146,1,OVERBOUGHT,OVERBOUGHT,BULLISH,6.3
3186,2809.129,2810.259,2804.884,2807.35,11392,7959.584329261146,1,OVERBOUGHT,OVERBOUGHT,BULLISH,6.132
3187,2807.368,2816.25,2802.916,2808.744,31239,7959.584329261146,1,NEUTRAL,NEUTRAL,BULLISH,6.582
3188,2808.709,2808.966,2795.285,2798.854,33079,7959.584329261146,1,NEUTRAL,NEUTRAL,BEARISH,7.288
3189,2798.895,2802.936,2795.44,2796.26,16781,7959.584329261146,1,OVERSOLD,NEUTRAL,BEARISH,7.557
3190,2796.303,2802.174,2794.043,2800.726,19481,7959.584329261146,1,OVERSOLD,OVERSOLD,BEARISH,7.953
3191,2800.834,2802.565,2798.615,2799.348,10273,7959.584329261146,1,OVERSOLD,OVERSOLD,BEARISH,7.599
3192,2801.018,2804.653,2784.322,2793.709,37028,7348.46518679183,1,OVERSOLD,NEUTRAL,BEARISH,8.495
3193,2793.726,2796.506,2790.287,2792.219,18476,8206.932788049751,1,OVERSOLD,OVERSOLD,BEARISH,8.674
3194,2792.181,2792.271,2778.077,2782.298,20429,8206.932788049751,1,OVERSOLD,OVERSOLD,BEARISH,9.391
3195,2782.198,2782.769,2773.782,2778.104,32744,8206.932788049751,1,OVERSOLD,OVERSOLD,BEARISH,9.423
3196,2778.09,2778.414,2772.154,2774.454,17786,8206.932788049751,1,OVERSOLD,OVERSOLD,BEARISH,9.307
3197,2774.457,2783.083,2774.192,2780.785,16550,8206.932788049751,1,OVERSOLD,OVERSOLD,BEARISH,9.562
3198,2780.742,2785.084,2780.004,2783.086,12484,8206.932788049751,1,NEUTRAL,OVERSOLD,BEARISH,9.352
3199,2783.038,2788.181,2782.878,2786.874,13712,8206.932788049751,1,NEUTRAL,OVERSOLD,BEARISH,9.088
3200,2786.925,2789.901,2785.233,2789.28,15762,8206.932788049751,1,OVERBOUGHT,NEUTRAL,BEARISH,9.037
3201,2789.32,2800.647,2786.965,2796.72,17841,8206.932788049751,1,OVERBOUGHT,NEUTRAL,BEARISH,9.062
3202,2796.684,2800.889,2794.71,2796.4,14562,8206.932788049751,1,OVERBOUGHT,NEUTRAL,BEARISH,8.526
3203,2796.332,2800.121,2792.976,2798.041,10893,8206.932788049751,1,OVERBOUGHT,OVERBOUGHT,BULLISH,8.501
3204,2798.038,2804.236,2797.862,2801.149,11126,8206.932788049751,1,OVERBOUGHT,OVERBOUGHT,BULLISH,8.376
3205,2801.204,2810.853,2800.43,2810.492,13316,8206.932788049751,1,OVERBOUGHT,OVERBOUGHT,BULLISH,8.838
3206,2810.454,2811.894,2807.548,2810.965,17165,8206.932788049751,1,OVERBOUGHT,OVERBOUGHT,BULLISH,7.696
3207,2811.066,2830.566,2810.1,2830.127,26994,8206.932788049751,1,OVERBOUGHT,OVERBOUGHT,BULLISH,8.714
3208,2830.159,2830.159,2813.636,2817.46,46509,8206.932788049751,1,OVERBOUGHT,OVERBOUGHT,BULLISH,8.88
3209,2817.427,2825.297,2812.764,2814.203,24283,8206.932788049751,1,NEUTRAL,OVERBOUGHT,BULLISH,9.134
3210,2814.254,2822.17,2814.008,2817.189,16497,8206.932788049751,1,NEUTRAL,OVERBOUGHT,BULLISH,9.27
3211,2817.115,2821.827,2815.98,2820.963,12363,8206.932788049751,1,NEUTRAL,OVERBOUGHT,BULLISH,9.052
3212,2820.999,2822.932,2817.93,2818.272,9313,8206.932788049751,1,OVERSOLD,OVERBOUGHT,BULLISH,9.047
3213,2818.246,2819.504,2815.566,2816.543,8449,8206.932788049751,1,NEUTRAL,OVERBOUGHT,BULLISH,8.949
3214,2816.479,2817.502,2811.892,2814.027,15443,8206.932788049751,2,NEUTRAL,NEUTRAL,BULLISH,9.016
3215,2813.989,2824.318,2812.609,2823.289,16640,8664.379665378347,2,NEUTRAL,OVERBOUGHT,BULLISH,8.876
3216,2823.254,2824.708,2816.743,2821.113,13079,8664.379665378347,1,NEUTRAL,OVERBOUGHT,BULLISH,9.003
3217,2821.125,2824.358,2817.372,2821.399,9906,8664.379665378347,1,NEUTRAL,OVERBOUGHT,BULLISH,8.992
3218,2821.389,2821.476,2818.027,2819.184,15320,8664.379665378347,1,NEUTRAL,NEUTRAL,BULLISH,8.783
3219,2819.194,2819.393,2813.378,2815.862,15359,8664.379665378347,1,NEUTRAL,NEUTRAL,BEARISH,8.468
3220,2815.818,2816.109,2810.864,2813.491,12510,8664.379665378347,1,OVERSOLD,NEUTRAL,BEARISH,8.532
3221,2813.484,2814.413,2807.168,2812.711,14707,8664.379665378347,1,OVERSOLD,OVERSOLD,BEARISH,7.588
3222,2812.756,2819.275,2810.104,2815.187,17536,8664.379665378347,1,OVERSOLD,OVERSOLD,BEARISH,7.063
3223,2815.15,2821.899,2814.042,2820.297,14859,8664.379665378347,1,NEUTRAL,NEUTRAL,BEARISH,6.729
3224,2820.302,2820.302,2812.693,2814.86,12808,8664.379665378347,1,NEUTRAL,NEUTRAL,BEARISH,6.689
3225,2814.817,2816.858,2813.273,2815.448,10414,8664.379665378347,1,NEUTRAL,NEUTRAL,BEARISH,6.528
3226,2815.453,2822.988,2814.435,2821.801,14885,8664.379665378347,1,OVERBOUGHT,NEUTRAL,BEARISH,6.781
3227,2821.837,2837.086,2821.36,2831.736,23117,8664.379665378347,1,OVERBOUGHT,OVERBOUGHT,BULLISH,7.623
3228,2831.698,2841.306,2828.895,2839.523,28512,8664.379665378347,1,OVERBOUGHT,OVERBOUGHT,BULLISH,8.109
3229,2839.324,2845.508,2833.62,2835.859,27241,8664.379665378347,1,OVERBOUGHT,OVERBOUGHT,BULLISH,8.122
3230,2835.804,2842.458,2832.455,2840.398,18140,8664.379665378347,1,OVERBOUGHT,OVERBOUGHT,BULLISH,8.267
3231,2840.431,2844.737,2839.35,2843.977,12675,8664.379665378347,1,OVERBOUGHT,OVERBOUGHT,BULLISH,8.153
3232,2844.014,2844.973,2842.466,2842.66,10843,8664.379665378347,1,OVERBOUGHT,OVERBOUGHT,BULLISH,8.086
3233,2842.697,2844.921,2840.825,2844.211,15536,8664.379665378347,2,NEUTRAL,OVERBOUGHT,BULLISH,7.949
3234,2844.17,2848.261,2840.382,2845.352,15647,8992.006205183583,3,OVERBOUGHT,OVERBOUGHT,BULLISH,8.137
3235,2845.311,2849.039,2839.691,2844.383,24788,8992.006205183583,1,OVERBOUGHT,OVERBOUGHT,BULLISH,8.287
3236,2844.48,2853.812,2843.89,2850.901,11766,8992.006205183583,1,OVERBOUGHT,OVERBOUGHT,BULLISH,8.341
3237,2851.004,2858.113,2849.837,2855.328,14911,8992.006205183583,2,OVERBOUGHT,OVERBOUGHT,BULLISH,8.371
3238,2855.364,2861.811,2853.585,2859.236,16826,8992.006205183583,2,OVERBOUGHT,OVERBOUGHT,BULLISH,8.415
3239,2859.202,2864.21,2854.791,2864.17,10129,8992.006205183583,1,OVERBOUGHT,OVERBOUGHT,BULLISH,8.832
3240,2864.129,2869.832,2863.526,2867.475,11093,8992.006205183583,1,OVERBOUGHT,OVERBOUGHT,BULLISH,8.671
3241,2867.538,2877.065,2865.324,2867.849,18691,8992.006205183583,2,OVERBOUGHT,OVERBOUGHT,BULLISH,8.386
3242,2867.864,2870.521,2864.74,2868.662,11235,8992.006205183583,1,OVERBOUGHT,OVERBOUGHT,BULLISH,7.913
3243,2868.617,2870.87,2866.948,2870.251,9564,8992.006205183583,1,OVERBOUGHT,OVERBOUGHT,BULLISH,7.344
3244,2870.259,2870.754,2858.594,2861.642,24125,8992.006205183583,1,NEUTRAL,OVERBOUGHT,BULLISH,7.498
3245,2861.69,2872.626,2860.612,2870.912,22250,8992.006205183583,1,NEUTRAL,OVERBOUGHT,BULLISH,7.971
3246,2870.994,2882.429,2870.994,2880.227,22728,8992.006205183583,1,OVERBOUGHT,OVERBOUGHT,BULLISH,8.615
3247,2880.267,2881.212,2863.028,2874.924,24738,8992.006205183583,1,NEUTRAL,OVERBOUGHT,BULLISH,9.621
3248,2874.958,2876.693,2871.35,2872.946,11956,8992.006205183583,1,NEUTRAL,OVERBOUGHT,BULLISH,9.44
3249,2872.981,2873.531,2863.756,2865.659,12504,8992.006205183583,1,NEUTRAL,OVERBOUGHT,BEARISH,9.47
3250,2865.704,2869.044,2862.665,2863.505,13838,8992.006205183583,1,NEUTRAL,NEUTRAL,BEARISH,9.217
3251,2863.534,2866.183,2859.878,2862.597,13605,8992.006205183583,1,OVERSOLD,NEUTRAL,BEARISH,9.077
3252,2862.555,2870.989,2861.178,2869.804,13315,9286.545296753402,3,NEUTRAL,NEUTRAL,BEARISH,9.19
3253,2869.838,2871.914,2863.698,2871.519,15515,9286.545296753402,1,NEUTRAL,NEUTRAL,BEARISH,9.104
3254,2871.56,2873.274,2868.302,2870.683,11434,9286.545296753402,1,NEUTRAL,NEUTRAL,BEARISH,9.009
3255,2870.627,2870.721,2864.28,2869.409,9689,9286.545296753402,1,OVERBOUGHT,NEUTRAL,BEARISH,8.63
3256,2869.362,2872.37,2865.386,2868.329,17511,9286.545296753402,2,OVERBOUGHT,NEUTRAL,BEARISH,8.716
3257,2868.318,2871.387,2858.064,2859.202,12866,9286.545296753402,1,OVERSOLD,NEUTRAL,BEARISH,9.387
3258,2859.19,2861.859,2854.98,2855.798,12509,9286.545296753402,1,OVERSOLD,OVERSOLD,BEARISH,9.01
3259,2855.759,2858.483,2848.884,2856.128,15979,9286.545296753402,1,OVERSOLD,OVERSOLD,BEARISH,8.838
3260,2856.087,2859.982,2855.725,2859.395,13774,9286.545296753402,1,OVERSOLD,OVERSOLD,BEARISH,8.319
3261,2859.434,2861.79,2855.587,2859.174,11404,9286.545296753402,1,OVERSOLD,NEUTRAL,BEARISH,7.463
3262,2859.136,2867.351,2858.088,2865.962,13293,9286.545296753402,1,OVERBOUGHT,NEUTRAL,BEARISH,7.743
3263,2866.002,2870.316,2863.447,2864.411,15340,9286.545296753402,1,OVERBOUGHT,NEUTRAL,BEARISH,7.536
3264,2864.51,2864.984,2855.474,2856.717,22555,9286.545296753402,1,NEUTRAL,NEUTRAL,BEARISH,7.759
3265,2856.641,2859.76,2841.153,2841.831,27114,9286.545296753402,1,OVERSOLD,NEUTRAL,BEARISH,8.638
3266,2841.916,2853.266,2834.055,2850.599,27747,9286.545296753402,1,NEUTRAL,OVERSOLD,BEARISH,9.31
3267,2850.559,2854.747,2848.788,2848.788,14212,9286.545296753402,1,OVERSOLD,OVERSOLD,BEARISH,9.148
3268,2848.757,2852.68,2848.068,2852.204,9751,9286.545296753402,1,NEUTRAL,NEUTRAL,BEARISH,9.123
3269,2852.246,2853.671,2849.812,2852.584,10993,9286.545296753402,1,NEUTRAL,NEUTRAL,BEARISH,8.938
3270,2852.638,2857.247,2850.284,2856.348,17204,9286.545296753402,2,OVERBOUGHT,NEUTRAL,BEARISH,8.937
3271,2856.384,2860.488,2854.898,2858.451,10489,9487.55685579276,3,OVERBOUGHT,NEUTRAL,BEARISH,8.384
3272,2858.417,2868.28,2857.722,2866.29,11455,9487.55685579276,1,OVERBOUGHT,OVERBOUGHT,BEARISH,8.647
3273,2866.287,2870.649,2865.392,2867.181,15338,9487.55685579276,2,OVERBOUGHT,OVERBOUGHT,BULLISH,8.337
3274,2867.111,2869.619,2861.973,2862.085,13546,9487.55685579276,2,OVERBOUGHT,OVERBOUGHT,BULLISH,8.579
3275,2862.052,2866.281,2858.996,2860.712,10399,9487.55685579276,1,NEUTRAL,OVERBOUGHT,BULLISH,8.656
3276,2860.622,2866.687,2860.213,2866.221,16439,9487.55685579276,2,NEUTRAL,OVERBOUGHT,BULLISH,8.457
3277,2866.259,2870.696,2865.509,2868.979,12348,9487.55685579276,1,NEUTRAL,OVERBOUGHT,BULLISH,8.337
3278,2868.989,2869.291,2863.369,2867.496,10622,9487.55685579276,1,NEUTRAL,OVERBOUGHT,BULLISH,8.081
3279,2867.558,2868.261,2863.537,2863.615,18461,9487.55685579276,2,NEUTRAL,OVERBOUGHT,BULLISH,7.089
3280,2863.577,2870.837,2852.361,2862.488,30725,9487.55685579276,1,NEUTRAL,OVERBOUGHT,BULLISH,7.037
3281,2862.525,2878.378,2856.102,2876.669,28712,9487.55685579276,1,OVERBOUGHT,OVERBOUGHT,BULLISH,8.202
3282,2876.687,2886.751,2873.531,2880.511,23032,9487.55685579276,1,OVERBOUGHT,OVERBOUGHT,BULLISH,8.817
3283,2880.547,2881.549,2860.303,2860.711,26410,9487.55685579276,1,NEUTRAL,NEUTRAL,BULLISH,10.059
3284,2860.708,2862.7,2853.317,2860.092,21941,9487.55685579276,1,NEUTRAL,NEUTRAL,BEARISH,10.232
3285,2860.053,2865.225,2859.105,2860.15,15814,9487.55685579276,2,NEUTRAL,OVERSOLD,BEARISH,10.27
3286,2860.123,2863.778,2859.375,2860.969,13897,9487.55685579276,2,OVERSOLD,OVERSOLD,BEARISH,9.83
3287,2861.376,2870.59,2860.099,2867.932,14604,8825.542006669357,2,OVERSOLD,NEUTRAL,BEARISH,10.204
3288,2868.016,2876.602,2865.949,2871.866,14258,8825.542006669357,1,OVERBOUGHT,NEUTRAL,BULLISH,10.419
3289,2871.857,2874.952,2871.31,2873.806,10105,8825.542006669357,1,OVERBOUGHT,NEUTRAL,BULLISH,10.158
3290,2873.874,2879.597,2871.285,2879.245,14210,8825.542006669357,2,OVERBOUGHT,NEUTRAL,BULLISH,10.29
3291,2879.282,2892.286,2876.047,2888.531,19268,8825.542006669357,2,OVERBOUGHT,OVERBOUGHT,BULLISH,11.079
3292,2888.46,2896.6,2886.674,2895.471,11589,8825.542006669357,1,OVERBOUGHT,OVERBOUGHT,BULLISH,11.365
3293,2895.475,2898.897,2892.213,2896.674,14730,8825.542006669357,1,OVERBOUGHT,OVERBOUGHT,BULLISH,11.505
3294,2896.711,2903.258,2896.233,2902.972,10965,8825.542006669357,1,OVERBOUGHT,OVERBOUGHT,BULLISH,10.687
3295,2902.987,2906.297,2898.21,2902.416,13036,8825.542006669357,1,OVERBOUGHT,OVERBOUGHT,BULLISH,9.674
3296,2902.486,2905.78,2898.282,2904.53,9248,8825.542006669357,1,OVERBOUGHT,OVERBOUGHT,BULLISH,9.265
3297,2904.528,2906.969,2902.701,2903.097,13167,8825.542006669357,1,OVERBOUGHT,OVERBOUGHT,BULLISH,8.052
3298,2903.052,2911.062,2899.606,2901.003,26104,8825.542006669357,1,NEUTRAL,OVERBOUGHT,BULLISH,8.2
3299,2900.903,2909.218,2896.26,2908.648,21122,8825.542006669357,1,OVERBOUGHT,OVERBOUGHT,BULLISH,8.689
3300,2908.685,2912.062,2904.506,2908.93,15930,8825.542006669357,1,OVERBOUGHT,OVERBOUGHT,BULLISH,8.914
3301,2908.977,2910.318,2899.02,2900.975,11643,8825.542006669357,1,NEUTRAL,OVERBOUGHT,BULLISH,8.972
3302,2900.989,2904.517,2896.632,2903.261,10702,8825.542006669357,1,NEUTRAL,OVERBOUGHT,BULLISH,8.774
3303,2903.286,2906.985,2900.838,2905.144,9345,8825.542006669357,1,NEUTRAL,OVERBOUGHT,BULLISH,8.953
3304,2905.11,2907.715,2902.479,2907.295,14506,8825.542006669357,2,NEUTRAL,OVERBOUGHT,BULLISH,8.733
3305,2907.261,2921.603,2905.333,2917.847,13114,8825.542006669357,2,NEUTRAL,OVERBOUGHT,BULLISH,8.735
3306,2917.894,2936.25,2916.398,2933.94,23862,9420.252291748466,2,OVERBOUGHT,OVERBOUGHT,BULLISH,9.444
3307,2933.936,2942.624,2905.397,2919.044,36984,9420.252291748466,1,NEUTRAL,OVERBOUGHT,BULLISH,11.626
3308,2919.007,2925.73,2911.599,2919.716,21550,9420.252291748466,1,NEUTRAL,NEUTRAL,BULLISH,12.133
3309,2919.751,2920.765,2914.918,2916.229,11299,9420.252291748466,1,NEUTRAL,NEUTRAL,BULLISH,11.973
3310,2916.197,2923.714,2915.317,2922.937,11807,9420.252291748466,1,NEUTRAL,NEUTRAL,BULLISH,12.038
3311,2922.911,2929.432,2915.408,2917.851,15288,9420.252291748466,1,OVERSOLD,NEUTRAL,BEARISH,12.735
3312,2917.895,2918.359,2907.124,2913.351,16328,9420.252291748466,1,NEUTRAL,NEUTRAL,BEARISH,12.719
3313,2913.32,2915.303,2906.937,2907.451,17446,9420.252291748466,1,OVERSOLD,NEUTRAL,BEARISH,12.391
3314,2907.442,2912.286,2902.929,2903.291,16486,9420.252291748466,1,OVERSOLD,OVERSOLD,BEARISH,12.519
3315,2903.226,2907.178,2901.864,2902.699,15375,9420.252291748466,1,OVERSOLD,OVERSOLD,BEARISH,12.092
3316,2902.64,2906.734,2902.186,2903.981,12486,9420.252291748466,1,OVERSOLD,OVERSOLD,BEARISH,11.854
3317,2904.016,2904.393,2886.614,2889.45,20918,9420.252291748466,1,OVERSOLD,OVERSOLD,BEARISH,12.684
3318,2889.401,2898.228,2881.73,2896.363,35385,9420.252291748466,1,OVERSOLD,OVERSOLD,BEARISH,13.489
3319,2896.402,2904.35,2894.85,2896.791,25025,9420.252291748466,1,NEUTRAL,OVERSOLD,BEARISH,13.005
3320,2896.764,2906.579,2890.847,2904.794,22742,9420.252291748466,1,NEUTRAL,OVERSOLD,BEARISH,12.711
3321,2904.834,2908.709,2902.262,2902.38,13603,9420.252291748466,1,NEUTRAL,NEUTRAL,BEARISH,10.512
3322,2902.352,2907.337,2899.551,2905.535,9789,9420.252291748466,1,OVERBOUGHT,NEUTRAL,BEARISH,10.059
3323,2905.581,2907.23,2899.62,2900.085,18589,9420.252291748466,2,NEUTRAL,NEUTRAL,BEARISH,10.185
3324,2900.125,2900.521,2894.036,2897.621,10000,9420.252291748466,1,NEUTRAL,NEUTRAL,BEARISH,10.049
3325,2897.579,2900.906,2889.263,2892.178,12574,9594.164771899405,3,OVERSOLD,NEUTRAL,BEARISH,9.879
3326,2892.23,2897.731,2883.76,2893.319,16942,9594.164771899405,1,OVERSOLD,NEUTRAL,BEARISH,10.074
3327,2893.33,2897.795,2891.816,2892.444,12067,9594.164771899405,1,OVERSOLD,NEUTRAL,BEARISH,9.903
3328,2892.402,2893.139,2886.683,2889.001,11823,9594.164771899405,1,OVERSOLD,NEUTRAL,BEARISH,9.696
3329,2888.998,2890.551,2883.668,2886.257,17065,9594.164771899405,2,OVERSOLD,OVERSOLD,BEARISH,9.808
3330,2886.207,2894.921,2885.548,2892.573,11868,9594.164771899405,1,NEUTRAL,OVERSOLD,BEARISH,10.153
3331,2892.578,2895.862,2888.04,2891.661,19555,9594.164771899405,2,NEUTRAL,NEUTRAL,BEARISH,9.442
3332,2891.63,2893.473,2879.317,2882.681,18860,9594.164771899405,2,OVERSOLD,OVERSOLD,BEARISH,9.275
3333,2882.632,2886.015,2878.925,2884.959,18413,9594.164771899405,2,NEUTRAL,OVERSOLD,BEARISH,9.102
3334,2885.02,2885.632,2864.102,2884.758,34827,9594.164771899405,1,NEUTRAL,OVERSOLD,BEARISH,9.517
3335,2884.865,2898.014,2881.919,2894.457,29147,9594.164771899405,1,NEUTRAL,NEUTRAL,BEARISH,10.206
3336,2894.52,2895.954,2886.824,2894.553,16680,9594.164771899405,1,NEUTRAL,NEUTRAL,BEARISH,10.302
3337,2894.513,2904.431,2892.029,2902.477,14246,9594.164771899405,1,OVERBOUGHT,OVERBOUGHT,BULLISH,10.644
3338,2902.519,2909.267,2901.839,2902.913,12123,9594.164771899405,1,OVERBOUGHT,OVERBOUGHT,BULLISH,10.711
3339,2902.919,2903.851,2893.482,2897.905,16190,9594.164771899405,2,OVERBOUGHT,OVERBOUGHT,BULLISH,10.62
3340,2897.936,2904.392,2895.517,2904.132,10206,9594.164771899405,2,OVERBOUGHT,OVERBOUGHT,BULLISH,10.256
3341,2905.415,2909.108,2900.485,2906.027,19959,9586.061777750256,3,OVERBOUGHT,OVERBOUGHT,BULLISH,10.445
3342,2905.996,2918.128,2905.204,2916.474,18012,9586.061777750256,2,OVERBOUGHT,OVERBOUGHT,BULLISH,10.907
3343,2916.508,2922.801,2916.142,2917.948,12419,9586.061777750256,2,OVERBOUGHT,OVERBOUGHT,BULLISH,10.891
3344,2917.979,2918.867,2912.459,2915.928,11269,9586.061777750256,1,OVERBOUGHT,OVERBOUGHT,BULLISH,10.679
3345,2915.969,2920.68,2913.1,2914.569,11453,9586.061777750256,1,OVERBOUGHT,OVERBOUGHT,BULLISH,10.662
3346,2914.607,2918.144,2909.464,2911.645,13722,9586.061777750256,1,NEUTRAL,OVERBOUGHT,BULLISH,10.271
3347,2911.682,2919.475,2909.744,2918.013,16969,9586.061777750256,2,NEUTRAL,OVERBOUGHT,BULLISH,10.46
3348,2917.989,2921.369,2915.393,2917.753,18629,9586.061777750256,2,NEUTRAL,OVERBOUGHT,BULLISH,9.349
3349,2917.718,2917.968,2905.762,2908.624,22931,9586.061777750256,1,NEUTRAL,OVERBOUGHT,BULLISH,9.071
3350,2908.512,2917.332,2906.454,2915.159,20656,9586.061777750256,1,NEUTRAL,OVERBOUGHT,BULLISH,9.196
3351,2915.142,2920.98,2914.425,2920.228,14204,9586.061777750256,1,NEUTRAL,OVERBOUGHT,BULLISH,8.778
3352,2920.222,2920.824,2912.887,2913.785,9728,9586.061777750256,1,NEUTRAL,OVERBOUGHT,BULLISH,8.814
3353,2913.688,2925.362,2913.438,2924.097,19624,9586.061777750256,2,NEUTRAL,OVERBOUGHT,BULLISH,8.925
3354,2924.039,2929.058,2923.787,2928.418,14780,9586.061777750256,2,OVERBOUGHT,OVERBOUGHT,BULLISH,8.668
3355,2928.456,2932.484,2927.234,2927.847,12625,9826.190814789914,3,OVERBOUGHT,OVERBOUGHT,BULLISH,8.427
3356,2927.886,2933.879,2927.886,2929.879,11310,9826.190814789914,1,OVERBOUGHT,OVERBOUGHT,BULLISH,7.935
3357,2929.914,2930.506,2923.164,2924.33,17566,9826.190814789914,2,OVERBOUGHT,OVERBOUGHT,BULLISH,7.984
3358,2924.309,2932.4,2923.77,2931.021,16199,9826.190814789914,2,NEUTRAL,OVERBOUGHT,BULLISH,8.142
3359,2930.982,2936.84,2929.844,2934.315,10243,9826.190814789914,1,NEUTRAL,OVERBOUGHT,BULLISH,8.101
3360,2934.272,2935.145,2930.475,2931.853,9966,9826.190814789914,1,NEUTRAL,OVERBOUGHT,BULLISH,7.814
3361,2931.81,2938.549,2930.812,2935.107,10954,9826.190814789914,1,NEUTRAL,OVERBOUGHT,BULLISH,7.672
3362,2935.14,2940.0,2934.076,2935.866,19634,9826.190814789914,2,OVERBOUGHT,OVERBOUGHT,BULLISH,7.668
3363,2935.874,2937.598,2927.696,2930.818,19017,9826.190814789914,2,NEUTRAL,OVERBOUGHT,BULLISH,7.503
3364,2930.863,2933.321,2917.524,2920.576,27423,9826.190814789914,1,OVERSOLD,NEUTRAL,BEARISH,7.855
3365,2920.615,2928.561,2914.082,2921.059,31390,9826.190814789914,1,OVERSOLD,NEUTRAL,BEARISH,8.421
3366,2921.02,2921.744,2892.87,2901.939,36072,9826.190814789914,1,OVERSOLD,OVERSOLD,BEARISH,9.916
3367,2901.827,2903.915,2888.466,2895.844,24978,9826.190814789914,1,OVERSOLD,OVERSOLD,BEARISH,10.168
3368,2895.88,2897.457,2885.328,2886.953,16147,9826.190814789914,1,OVERSOLD,OVERSOLD,BEARISH,10.658
3369,2887.001,2887.925,2882.127,2883.695,12104,9826.190814789914,1,OVERSOLD,OVERSOLD,BEARISH,10.697
3370,2883.737,2886.209,2876.991,2885.31,18915,9826.190814789914,2,OVERSOLD,OVERSOLD,BEARISH,10.925
3371,2885.403,2894.033,2878.43,2879.221,19822,8953.378991159128,2,OVERSOLD,OVERSOLD,BEARISH,11.515
3372,2879.254,2896.645,2879.254,2895.474,20811,8791.132579302704,2,NEUTRAL,OVERSOLD,BEARISH,12.143
3373,2895.495,2899.85,2893.955,2899.261,9493,8791.132579302704,1,NEUTRAL,OVERSOLD,BEARISH,12.064
3374,2899.297,2904.958,2897.835,2899.396,13136,8791.132579302704,2,OVERBOUGHT,NEUTRAL,BEARISH,12.239
3375,2899.42,2905.407,2888.211,2896.549,17468,8791.132579302704,2,NEUTRAL,NEUTRAL,BEARISH,12.915
3376,2896.511,2903.623,2896.413,2902.479,10589,8791.132579302704,1,OVERBOUGHT,NEUTRAL,BEARISH,13.007
3377,2902.532,2902.768,2895.044,2900.232,10235,8791.132579302704,1,NEUTRAL,NEUTRAL,BEARISH,12.851
3378,2900.268,2906.478,2900.262,2902.598,10850,8791.132579302704,1,NEUTRAL,NEUTRAL,BULLISH,12.169
3379,2902.597,2902.985,2895.493,2902.812,9118,8791.132579302704,1,NEUTRAL,NEUTRAL,BULLISH,11.67
3380,2902.835,2904.007,2895.398,2897.604,16734,8791.132579302704,2,NEUTRAL,NEUTRAL,BULLISH,10.223
3381,2897.574,2899.21,2895.585,2896.782,12869,8791.132579302704,1,OVERSOLD,NEUTRAL,BULLISH,9.378
3382,2896.781,2903.896,2896.435,2902.993,12474,8791.132579302704,1,NEUTRAL,OVERBOUGHT,BULLISH,9.045
3383,2902.955,2904.204,2897.925,2899.19,10099,8791.132579302704,1,NEUTRAL,OVERBOUGHT,BULLISH,9.079
3384,2899.268,2901.314,2896.514,2898.405,13277,8791.132579302704,2,NEUTRAL,OVERBOUGHT,BULLISH,8.763
3385,2898.403,2900.395,2897.077,2899.314,9671,8618.008841591334,4,NEUTRAL,OVERBOUGHT,BULLISH,7.886
3386,2899.329,2905.152,2892.003,2903.051,14755,8618.008841591334,2,OVERBOUGHT,OVERBOUGHT,BULLISH,7.581
3387,2903.024,2911.022,2902.727,2910.767,12532,8618.008841591334,2,OVERBOUGHT,OVERBOUGHT,BULLISH,7.752
3388,2910.877,2915.629,2909.785,2910.832,8957,8618.008841591334,1,OVERBOUGHT,OVERBOUGHT,BULLISH,7.661
3389,2910.775,2915.344,2908.531,2911.501,12503,8618.008841591334,2,OVERBOUGHT,OVERBOUGHT,BULLISH,6.919
3390,2911.54,2913.397,2908.211,2912.591,13579,8618.008841591334,2,OVERBOUGHT,OVERBOUGHT,BULLISH,6.774
3391,2912.594,2914.922,2907.017,2914.191,12192,8618.008841591334,2,OVERBOUGHT,OVERBOUGHT,BULLISH,6.787
3392,2914.224,2921.418,2912.054,2918.875,20408,8618.008841591334,2,OVERBOUGHT,OVERBOUGHT,BULLISH,7.01
3393,2918.874,2928.71,2917.714,2927.992,12751,8618.008841591334,1,OVERBOUGHT,OVERBOUGHT,BULLISH,7.26
3394,2927.951,2929.609,2923.599,2927.02,13371,8618.008841591334,1,OVERBOUGHT,OVERBOUGHT,BULLISH,7.075
3395,2926.986,2933.763,2924.186,2932.769,11278,8618.008841591334,1,OVERBOUGHT,OVERBOUGHT,BULLISH,7.5
3396,2932.811,2933.711,2928.294,2933.251,15002,8618.008841591334,2,OVERBOUGHT,OVERBOUGHT,BULLISH,7.354
3397,2933.245,2936.994,2931.933,2933.386,11738,8618.008841591334,2,OVERBOUGHT,OVERBOUGHT,BULLISH,7.267
3398,2933.417,2936.48,2928.596,2929.261,9023,8574.289745566763,3,NEUTRAL,OVERBOUGHT,BULLISH,7.487
3399,2929.237,2939.653,2924.058,2929.227,17492,8574.289745566763,2,NEUTRAL,OVERBOUGHT,BULLISH,8.364
3400,2929.254,2930.47,2924.907,2929.263,11960,8574.289745566763,2,OVERSOLD,OVERBOUGHT,BULLISH,7.822
3401,2929.26,2935.872,2928.013,2931.728,12021,8574.289745566763,2,NEUTRAL,OVERBOUGHT,BULLISH,7.791
3402,2931.683,2940.04,2930.44,2938.602,17073,8574.289745566763,2,NEUTRAL,OVERBOUGHT,BULLISH,8.059
3403,2938.554,2946.642,2938.121,2945.517,8787,8574.289745566763,1,OVERBOUGHT,OVERBOUGHT,BULLISH,8.181
3404,2945.534,2947.049,2934.023,2935.087,13944,8574.289745566763,2,NEUTRAL,OVERBOUGHT,BULLISH,8.741
3405,2935.059,2936.751,2931.202,2933.507,9489,8574.289745566763,1,NEUTRAL,OVERBOUGHT,BULLISH,8.573
3406,2933.471,2941.657,2932.464,2936.258,13520,8574.289745566763,1,NEUTRAL,NEUTRAL,BULLISH,8.561
3407,2936.225,2940.571,2930.193,2938.095,18858,8574.289745566763,1,NEUTRAL,NEUTRAL,BULLISH,8.517
3408,2938.07,2939.168,2925.426,2925.793,13535,8574.289745566763,1,OVERSOLD,NEUTRAL,BEARISH,9.069
3409,2925.767,2930.88,2922.986,2928.06,14425,8574.289745566763,1,NEUTRAL,NEUTRAL,BEARISH,8.949
3410,2928.085,2929.831,2921.459,2923.841,9212,8574.289745566763,1,OVERSOLD,OVERSOLD,BEARISH,9.16
3411,2923.801,2926.607,2918.524,2925.012,10783,8574.289745566763,1,OVERSOLD,OVERSOLD,BEARISH,9.376
3412,2924.932,2936.642,2923.451,2935.836,15372,8574.289745566763,2,NEUTRAL,NEUTRAL,BEARISH,9.755
3413,2935.798,2941.269,2932.374,2940.821,10668,8528.821674560406,3,OVERBOUGHT,NEUTRAL,BEARISH,9.276
3414,2940.879,2942.449,2934.63,2937.114,10326,8528.821674560406,1,NEUTRAL,NEUTRAL,BEARISH,9.437
3415,2937.074,2944.025,2933.852,2941.913,13562,8528.821674560406,2,OVERBOUGHT,OVERBOUGHT,BEARISH,9.603
3416,2941.933,2946.877,2939.267,2946.772,9669,8528.821674560406,2,OVERBOUGHT,OVERBOUGHT,BULLISH,9.46
3417,2946.76,2954.216,2943.924,2948.894,13291,8528.821674560406,2,OVERBOUGHT,OVERBOUGHT,BULLISH,9.587
3418,2948.938,2954.975,2948.938,2951.502,12706,8528.821674560406,2,OVERBOUGHT,OVERBOUGHT,BULLISH,9.091
3419,2951.477,2954.857,2947.148,2948.768,14714,8528.821674560406,2,OVERBOUGHT,OVERBOUGHT,BULLISH,9.245
3420,2948.743,2950.788,2938.746,2945.369,11764,8528.821674560406,1,NEUTRAL,OVERBOUGHT,BULLISH,9.449
3421,2945.408,2947.687,2933.838,2934.032,17639,8528.821674560406,1,OVERSOLD,NEUTRAL,BEARISH,9.697
3422,2933.991,2939.959,2924.08,2935.076,21921,8528.821674560406,1,OVERSOLD,NEUTRAL,BEARISH,9.849
3423,2935.121,2939.571,2931.641,2938.545,14400,8528.821674560406,1,OVERSOLD,NEUTRAL,BEARISH,9.852
3424,2938.503,2945.605,2935.981,2943.071,10502,8528.821674560406,1,NEUTRAL,NEUTRAL,BEARISH,9.941
3425,2943.009,2946.996,2939.971,2940.565,9122,8528.821674560406,1,NEUTRAL,NEUTRAL,BEARISH,9.866
3426,2940.519,2942.486,2937.407,2941.764,8902,8528.821674560406,1,OVERBOUGHT,NEUTRAL,BEARISH,9.286
3427,2941.797,2941.905,2933.528,2937.804,13830,8528.821674560406,2,NEUTRAL,NEUTRAL,BEARISH,9.249
3428,2937.777,2943.433,2937.287,2940.001,11378,8514.318816665764,3,NEUTRAL,NEUTRAL,BEARISH,9.13
3429,2940.008,2949.786,2926.822,2928.821,14846,8514.318816665764,1,OVERSOLD,NEUTRAL,BEARISH,10.043
3430,2928.787,2941.089,2926.286,2939.123,12461,8514.318816665764,1,NEUTRAL,NEUTRAL,BEARISH,10.557
3431,2939.148,2939.837,2927.175,2931.262,12012,8514.318816665764,1,NEUTRAL,OVERSOLD,BEARISH,10.726
3432,2931.262,2934.039,2924.186,2930.19,15952,8514.318816665764,2,NEUTRAL,NEUTRAL,BEARISH,10.996
3433,2930.212,2931.484,2925.618,2929.735,8737,8514.318816665764,1,NEUTRAL,OVERSOLD,BEARISH,10.864
3434,2929.723,2932.997,2916.682,2923.226,17559,8514.318816665764,2,NEUTRAL,OVERSOLD,BEARISH,11.169
3435,2923.197,2931.049,2923.036,2930.527,12176,8514.318816665764,2,NEUTRAL,OVERSOLD,BEARISH,10.753
3436,2930.549,2936.124,2927.523,2930.146,13875,8514.318816665764,2,NEUTRAL,NEUTRAL,BEARISH,10.233
3437,2930.104,2934.574,2926.943,2930.946,11554,8514.318816665764,1,NEUTRAL,NEUTRAL,BEARISH,10.211
3438,2930.92,2939.091,2928.214,2933.746,16120,8514.318816665764,1,NEUTRAL,NEUTRAL,BEARISH,10.301
3439,2933.724,2935.72,2921.588,2928.67,16989,8514.318816665764,1,NEUTRAL,NEUTRAL,BEARISH,10.808
3440,2928.694,2938.521,2927.303,2936.725,9751,8514.318816665764,1,NEUTRAL,NEUTRAL,BEARISH,11.247
3441,2936.718,2942.804,2936.088,2941.838,15765,8514.318816665764,2,OVERBOUGHT,NEUTRAL,BULLISH,11.128
3442,2941.863,2942.615,2932.408,2934.732,14955,8514.318816665764,2,NEUTRAL,NEUTRAL,BULLISH,11.418
3443,2934.707,2940.547,2932.105,2936.867,10069,7727.506707142041,2,NEUTRAL,NEUTRAL,BULLISH,10.381
3444,2936.863,2938.049,2921.332,2927.975,25034,7824.807655668195,2,NEUTRAL,NEUTRAL,BEARISH,10.518
3445,2927.95,2940.987,2925.076,2940.877,11284,7824.807655668195,1,NEUTRAL,OVERBOUGHT,BULLISH,10.75
3446,2940.829,2944.812,2939.736,2941.113,14840,7824.807655668195,1,NEUTRAL,OVERBOUGHT,BULLISH,10.409
3447,2941.133,2943.012,2937.781,2940.743,8216,7824.807655668195,1,NEUTRAL,OVERBOUGHT,BULLISH,10.363
3448,2940.776,2942.081,2935.591,2936.358,8141,7824.807655668195,1,NEUTRAL,OVERBOUGHT,BULLISH,9.662
3449,2936.32,2944.985,2935.245,2943.809,13300,7824.807655668195,2,OVERBOUGHT,OVERBOUGHT,BULLISH,9.785
3450,2943.85,2948.737,2938.21,2946.396,8506,7824.807655668195,1,NEUTRAL,OVERBOUGHT,BULLISH,9.923
3451,2946.343,2948.259,2934.936,2938.292,13311,7824.807655668195,2,NEUTRAL,OVERBOUGHT,BULLISH,10.329
3452,2938.39,2951.141,2937.676,2946.474,14469,7824.807655668195,2,NEUTRAL,OVERBOUGHT,BULLISH,10.514
3453,2946.424,2954.589,2946.26,2954.396,11180,7824.807655668195,1,OVERBOUGHT,OVERBOUGHT,BULLISH,10.099
3454,2954.395,2956.181,2934.596,2938.722,19547,7824.807655668195,1,NEUTRAL,OVERBOUGHT,BULLISH,10.84
3455,2938.691,2940.499,2930.634,2936.524,18108,7824.807655668195,1,NEUTRAL,NEUTRAL,BULLISH,11.065
3456,2936.5,2943.666,2936.45,2943.383,10925,7824.807655668195,1,NEUTRAL,NEUTRAL,BULLISH,10.851
3457,2943.451,2944.82,2940.99,2943.343,8026,7824.807655668195,1,NEUTRAL,NEUTRAL,BULLISH,10.522
3458,2943.368,2949.91,2942.795,2949.154,11392,7824.807655668195,2,NEUTRAL,NEUTRAL,BULLISH,9.836
3459,2949.214,2953.187,2947.038,2952.656,8508,7824.807655668195,2,OVERBOUGHT,OVERBOUGHT,BULLISH,9.139
3460,2953.064,2953.943,2948.269,2949.689,9170,8051.123593223605,2,OVERBOUGHT,OVERBOUGHT,BULLISH,9.181
3461,2949.723,2952.496,2945.239,2949.563,9594,8051.123593223605,1,OVERBOUGHT,OVERBOUGHT,BULLISH,9.326
3462,2949.526,2952.351,2937.535,2939.513,16250,8051.123593223605,2,NEUTRAL,NEUTRAL,BEARISH,9.921
3463,2939.492,2940.964,2935.012,2937.976,12812,8051.123593223605,2,OVERSOLD,NEUTRAL,BEARISH,9.65
3464,2937.913,2940.395,2930.518,2931.736,15821,8051.123593223605,2,OVERSOLD,OVERSOLD,BEARISH,9.604
3465,2931.762,2942.456,2929.553,2941.62,9468,8051.123593223605,1,NEUTRAL,OVERSOLD,BEARISH,9.574
3466,2941.572,2942.436,2937.393,2937.565,13057,8051.123593223605,2,NEUTRAL,OVERSOLD,BEARISH,8.972
3467,2937.604,2941.301,2924.057,2928.574,21169,8051.123593223605,2,NEUTRAL,OVERSOLD,BEARISH,9.609
3468,2928.616,2937.976,2926.166,2937.418,18060,8051.123593223605,1,NEUTRAL,OVERSOLD,BEARISH,8.911
3469,2937.383,2944.949,2932.089,2932.953,15735,8051.123593223605,1,NEUTRAL,OVERSOLD,BEARISH,9.125
3470,2932.851,2934.898,2900.498,2905.892,36012,8051.123593223605,1,OVERSOLD,OVERSOLD,BEARISH,11.066
3471,2905.917,2906.905,2888.234,2896.428,26503,8051.123593223605,1,OVERSOLD,OVERSOLD,BEARISH,12.127
3472,2896.378,2908.816,2893.588,2907.604,12884,8051.123593223605,1,NEUTRAL,OVERSOLD,BEARISH,12.706
3473,2907.632,2912.225,2905.326,2909.543,10221,8051.123593223605,1,OVERSOLD,OVERSOLD,BEARISH,12.76
3474,2909.482,2913.906,2905.676,2912.727,13217,8051.123593223605,2,NEUTRAL,NEUTRAL,BEARISH,12.942
3475,2912.767,2919.051,2912.615,2918.604,10047,8051.123593223605,2,OVERBOUGHT,NEUTRAL,BEARISH,12.884
3476,2918.631,2930.141,2915.2,2917.753,18034,8048.885631964214,2,OVERBOUGHT,NEUTRAL,BEARISH,12.892
3477,2917.751,2923.161,2914.816,2921.11,8377,8048.885631964214,1,OVERBOUGHT,NEUTRAL,BEARISH,13.063
3478,2921.15,2921.724,2912.665,2915.076,10086,8048.885631964214,2,NEUTRAL,NEUTRAL,BEARISH,13.005
3479,2915.06,2921.014,2906.661,2906.661,12613,8048.885631964214,2,NEUTRAL,NEUTRAL,BEARISH,13.109
3480,2906.618,2917.42,2905.857,2915.504,9103,8048.885631964214,1,NEUTRAL,NEUTRAL,BEARISH,13.574
3481,2915.463,2918.426,2909.518,2917.987,9250,8048.885631964214,1,NEUTRAL,NEUTRAL,BULLISH,12.979
3482,2917.962,2918.966,2910.971,2912.741,13165,8048.885631964214,2,NEUTRAL,NEUTRAL,BULLISH,12.706
3483,2912.707,2915.471,2910.077,2913.915,11118,8048.885631964214,2,NEUTRAL,NEUTRAL,BULLISH,12.173
3484,2913.913,2915.023,2905.481,2905.928,11591,8048.885631964214,1,NEUTRAL,NEUTRAL,BEARISH,10.397
3485,2905.892,2906.244,2890.669,2901.525,27465,8048.885631964214,1,OVERSOLD,NEUTRAL,BEARISH,10.176
3486,2901.574,2914.355,2898.469,2913.199,15884,8048.885631964214,1,NEUTRAL,NEUTRAL,BULLISH,10.223
3487,2913.239,2916.689,2909.905,2913.086,11361,8048.885631964214,1,NEUTRAL,NEUTRAL,BULLISH,10.215
3488,2913.015,2916.314,2910.38,2913.782,10152,8048.885631964214,1,NEUTRAL,NEUTRAL,BULLISH,10.051
3489,2913.683,2916.326,2912.36,2913.934,11976,8048.885631964214,2,OVERBOUGHT,NEUTRAL,BULLISH,9.875
3490,2913.921,2918.816,2911.996,2916.266,9340,8048.885631964214,2,OVERBOUGHT,NEUTRAL,BULLISH,9.295
3491,2916.968,2920.794,2911.045,2912.653,16223,8337.646524158097,3,NEUTRAL,NEUTRAL,BULLISH,9.395
3492,2912.574,2914.815,2904.352,2906.807,9177,8337.646524158097,1,OVERSOLD,NEUTRAL,BULLISH,9.495
3493,2906.844,2909.12,2896.238,2897.391,14366,8337.646524158097,2,OVERSOLD,NEUTRAL,BEARISH,9.39
3494,2897.436,2898.526,2888.571,2890.966,13846,8337.646524158097,1,OVERSOLD,OVERSOLD,BEARISH,9.275
3495,2890.975,2898.424,2890.53,2894.167,10878,8337.646524158097,1,OVERSOLD,OVERSOLD,BEARISH,9.203
3496,2894.115,2896.735,2887.924,2891.988,11069,8337.646524158097,1,OVERSOLD,OVERSOLD,BEARISH,9.261
3497,2891.944,2892.167,2880.69,2881.447,14296,8337.646524158097,1,OVERSOLD,OVERSOLD,BEARISH,9.696
3498,2881.397,2893.48,2876.95,2887.387,12760,8337.646524158097,1,NEUTRAL,OVERSOLD,BEARISH,10.195
3499,2887.416,2894.966,2883.414,2883.942,16521,8337.646524158097,2,NEUTRAL,OVERSOLD,BEARISH,9.907
3500,2884.054,2888.722,2883.134,2885.1,9471,8337.646524158097,1,NEUTRAL,OVERSOLD,BEARISH,9.172
3501,2885.06,2892.143,2881.045,2888.909,23593,8337.646524158097,1,NEUTRAL,OVERSOLD,BEARISH,9.48
3502,2888.88,2892.452,2867.74,2872.198,29496,8337.646524158097,1,NEUTRAL,OVERSOLD,BEARISH,10.821
3503,2872.278,2882.492,2870.405,2872.392,24414,8337.646524158097,1,OVERSOLD,OVERSOLD,BEARISH,11.401
3504,2872.363,2878.186,2871.766,2877.524,12648,8337.646524158097,1,NEUTRAL,OVERSOLD,BEARISH,11.373
3505,2877.56,2883.762,2876.101,2883.175,9927,8337.646524158097,1,NEUTRAL,OVERSOLD,BEARISH,11.224
3506,2883.168,2887.429,2882.847,2887.376,8694,8337.646524158097,1,NEUTRAL,NEUTRAL,BULLISH,10.804
3507,2887.406,2887.704,2877.24,2879.21,10059,8337.646524158097,1,NEUTRAL,NEUTRAL,BULLISH,10.631
3508,2879.248,2879.34,2872.757,2873.926,12757,8337.646524158097,1,NEUTRAL,NEUTRAL,BULLISH,10.39
3509,2873.888,2878.428,2871.339,2876.063,8894,8337.646524158097,2,NEUTRAL,OVERSOLD,BULLISH,10.332
3510,2876.069,2885.034,2873.834,2874.837,16122,8514.82701392082,2,NEUTRAL,OVERSOLD,BULLISH,10.503
3511,2874.775,2877.914,2870.339,2873.366,11905,8514.82701392082,1,OVERSOLD,OVERSOLD,BULLISH,10.224
3512,2873.328,2876.264,2863.667,2865.751,10082,8514.82701392082,1,OVERSOLD,OVERSOLD,BEARISH,9.943
3513,2865.731,2866.082,2856.942,2863.517,12480,8514.82701392082,1,OVERSOLD,OVERSOLD,BEARISH,9.771
3514,2863.42,2867.005,2861.815,2864.167,9612,8514.82701392082,1,OVERSOLD,OVERSOLD,BEARISH,9.743
3515,2864.191,2866.678,2861.906,2863.544,9080,8514.82701392082,1,OVERSOLD,OVERSOLD,BEARISH,9.291
3516,2863.547,2865.224,2857.341,2858.678,9244,8514.82701392082,1,OVERSOLD,OVERSOLD,BEARISH,8.089
3517,2858.639,2860.305,2851.064,2855.966,10414,8514.82701392082,1,OVERSOLD,OVERSOLD,BEARISH,7.886
3518,2855.895,2864.241,2855.724,2862.373,8769,8514.82701392082,1,NEUTRAL,OVERSOLD,BEARISH,8.035
3519,2862.337,2864.86,2859.052,2862.174,12725,8514.82701392082,2,NEUTRAL,OVERSOLD,BULLISH,7.903
3520,2862.216,2864.99,2854.294,2856.234,9187,8514.82701392082,1,NEUTRAL,OVERSOLD,BEARISH,8.34
3521,2856.273,2862.252,2848.267,2848.622,18004,8514.82701392082,1,OVERSOLD,OVERSOLD,BEARISH,8.591
3522,2848.655,2851.713,2833.427,2833.836,23295,8514.82701392082,1,OVERSOLD,OVERSOLD,BEARISH,9.427
3523,2833.811,2850.676,2832.578,2850.248,24448,8514.82701392082,1,NEUTRAL,OVERSOLD,BEARISH,10.213
3524,2850.292,2853.908,2846.27,2848.583,15733,8514.82701392082,1,NEUTRAL,OVERSOLD,BEARISH,9.959
3525,2848.547,2851.577,2844.502,2845.077,10282,8514.82701392082,1,NEUTRAL,NEUTRAL,BEARISH,9.923
3526,2845.041,2847.758,2838.076,2845.4,12635,8514.82701392082,1,NEUTRAL,NEUTRAL,BEARISH,9.715
3527,2845.436,2855.155,2844.13,2854.77,15955,8514.82701392082,2,OVERBOUGHT,NEUTRAL,BULLISH,9.85
3528,2854.736,2876.994,2853.403,2870.799,18845,7759.700631642646,2,OVERBOUGHT,NEUTRAL,BULLISH,11.164
3529,2870.866,2871.418,2865.152,2865.724,8668,7837.038666724299,1,OVERBOUGHT,OVERBOUGHT,BULLISH,11.271
3530,2865.81,2872.055,2864.086,2870.8,12224,7837.038666724299,1,OVERBOUGHT,OVERBOUGHT,BULLISH,11.277
3531,2870.836,2872.004,2859.259,2864.775,15328,7837.038666724299,2,OVERBOUGHT,OVERBOUGHT,BULLISH,11.527
3532,2864.85,2868.489,2861.224,2863.818,10860,7837.038666724299,2,NEUTRAL,OVERBOUGHT,BULLISH,11.438
3533,2863.796,2866.357,2860.132,2863.208,13908,7837.038666724299,2,OVERSOLD,OVERBOUGHT,BULLISH,11.468
3534,2863.268,2868.802,2858.83,2868.556,9211,7837.038666724299,1,NEUTRAL,OVERBOUGHT,BULLISH,11.416
3535,2868.599,2871.583,2864.324,2867.465,9112,7837.038666724299,1,NEUTRAL,OVERBOUGHT,BULLISH,10.935
3536,2867.492,2875.413,2867.187,2874.411,12578,7837.038666724299,2,OVERBOUGHT,OVERBOUGHT,BULLISH,10.217
3537,2874.319,2877.716,2868.834,2872.669,20743,7837.038666724299,2,OVERBOUGHT,OVERBOUGHT,BULLISH,9.559
3538,2872.619,2883.058,2871.227,2877.104,15262,7837.038666724299,1,OVERBOUGHT,OVERBOUGHT,BULLISH,9.858
3539,2877.13,2890.536,2873.911,2887.771,19056,7837.038666724299,1,OVERBOUGHT,OVERBOUGHT,BULLISH,10.54
3540,2887.862,2893.108,2886.066,2891.439,9596,7837.038666724299,1,OVERBOUGHT,OVERBOUGHT,BULLISH,10.352
3541,2891.478,2892.915,2887.344,2890.826,8115,7837.038666724299,1,OVERBOUGHT,OVERBOUGHT,BULLISH,9.962
3542,2890.858,2892.486,2886.628,2889.919,9863,7837.038666724299,1,OVERBOUGHT,OVERBOUGHT,BULLISH,8.695
3543,2889.975,2891.327,2879.697,2881.612,9881,7837.038666724299,1,NEUTRAL,OVERBOUGHT,BULLISH,9.079
3544,2881.655,2891.455,2878.277,2890.652,12335,7837.038666724299,1,NEUTRAL,OVERBOUGHT,BULLISH,9.451
3545,2890.679,2895.267,2890.211,2890.886,8982,7837.038666724299,2,NEUTRAL,OVERBOUGHT,BULLISH,8.901
3546,2890.863,2893.734,2881.95,2888.363,15839,7976.332603226747,2,NEUTRAL,OVERBOUGHT,BULLISH,9.224
3547,2888.319,2892.991,2884.722,2888.626,14618,7976.332603226747,2,NEUTRAL,OVERBOUGHT,BULLISH,9.37
3548,2888.57,2894.435,2886.733,2889.713,12874,7976.332603226747,2,OVERBOUGHT,OVERBOUGHT,BULLISH,9.208
3549,2889.695,2901.552,2884.371,2899.923,16205,7976.332603226747,2,OVERBOUGHT,OVERBOUGHT,BULLISH,9.917
3550,2899.967,2918.716,2896.707,2914.0,14413,7976.332603226747,1,OVERBOUGHT,OVERBOUGHT,BULLISH,10.901
3551,2914.041,2921.317,2912.493,2918.149,9021,7976.332603226747,1,OVERBOUGHT,OVERBOUGHT,BULLISH,10.897
3552,2918.114,2918.185,2912.138,2914.628,8140,7976.332603226747,1,OVERBOUGHT,OVERBOUGHT,BULLISH,10.484
3553,2914.613,2925.576,2913.069,2924.768,15793,7976.332603226747,2,OVERBOUGHT,OVERBOUGHT,BULLISH,10.19
3554,2924.797,2927.891,2919.807,2922.586,16515,7976.332603226747,1,OVERBOUGHT,OVERBOUGHT,BULLISH,10.264
3555,2922.629,2923.056,2903.31,2903.565,22310,7976.332603226747,1,NEUTRAL,OVERBOUGHT,BULLISH,11.277
3556,2903.506,2912.365,2900.308,2906.102,23545,7976.332603226747,1,NEUTRAL,NEUTRAL,BULLISH,11.72
3557,2906.087,2915.987,2903.753,2915.076,13792,7976.332603226747,1,NEUTRAL,NEUTRAL,BULLISH,11.763
3558,2915.185,2916.36,2911.11,2911.567,9205,7976.332603226747,1,NEUTRAL,NEUTRAL,BULLISH,11.196
3559,2911.561,2916.501,2908.239,2916.095,14272,7976.332603226747,2,NEUTRAL,OVERBOUGHT,BULLISH,11.425
3560,2916.045,2920.528,2914.352,2917.175,8045,7976.332603226747,1,OVERBOUGHT,OVERBOUGHT,BEARISH,11.025
3561,2917.217,2918.456,2913.269,2914.363,8604,7976.332603226747,2,NEUTRAL,OVERBOUGHT,BEARISH,10.805
3562,2914.361,2917.166,2903.446,2907.235,20082,8267.943783871819,2,OVERSOLD,NEUTRAL,BEARISH,11.235
3563,2907.235,2914.569,2902.094,2904.266,12587,8267.943783871819,1,NEUTRAL,NEUTRAL,BEARISH,10.898
3564,2904.241,2913.504,2903.36,2908.743,10240,8267.943783871819,1,NEUTRAL,NEUTRAL,BEARISH,10.051
3565,2908.702,2918.711,2908.576,2918.646,12938,8267.943783871819,2,NEUTRAL,NEUTRAL,BEARISH,10.145
3566,2918.603,2921.646,2913.552,2917.034,8488,8267.943783871819,1,NEUTRAL,NEUTRAL,BEARISH,10.291
3567,2917.023,2919.858,2913.032,2917.989,9490,8267.943783871819,1,OVERBOUGHT,NEUTRAL,BEARISH,9.885
3568,2917.947,2921.938,2916.662,2919.942,10703,8267.943783871819,1,OVERBOUGHT,OVERBOUGHT,BEARISH,9.684
3569,2919.964,2922.528,2913.245,2918.923,10540,8267.943783871819,1,OVERBOUGHT,OVERBOUGHT,BEARISH,8.937
3570,2918.878,2919.195,2909.01,2913.28,8759,8267.943783871819,1,OVERSOLD,OVERBOUGHT,BEARISH,8.803
3571,2913.24,2919.24,2911.97,2916.096,17417,8267.943783871819,2,NEUTRAL,NEUTRAL,BEARISH,8.449
3572,2916.152,2916.54,2894.266,2899.878,22782,8267.943783871819,1,OVERSOLD,NEUTRAL,BEARISH,9.665
3573,2899.919,2917.143,2897.596,2912.117,26247,8267.943783871819,1,NEUTRAL,NEUTRAL,BEARISH,10.471
3574,2912.165,2923.808,2908.106,2917.177,28966,8267.943783871819,1,NEUTRAL,NEUTRAL,BEARISH,11.151
3575,2917.157,2930.042,2915.137,2923.838,17460,8267.943783871819,1,NEUTRAL,OVERBOUGHT,BEARISH,11.845
3576,2923.877,2925.359,2913.659,2915.949,13525,8267.943783871819,1,NEUTRAL,OVERBOUGHT,BEARISH,11.701
3577,2915.985,2920.671,2911.189,2917.448,12600,8267.943783871819,1,OVERBOUGHT,NEUTRAL,BEARISH,11.487
3578,2917.48,2923.119,2916.263,2922.143,16074,8267.943783871819,2,NEUTRAL,NEUTRAL,BEARISH,11.252
3579,2922.175,2922.371,2916.569,2916.792,10056,8405.984852074502,3,NEUTRAL,NEUTRAL,BEARISH,10.943
3580,2916.785,2925.655,2915.874,2924.606,9382,8405.984852074502,1,NEUTRAL,OVERBOUGHT,BEARISH,11.064
3581,2924.617,2926.611,2920.111,2921.261,12744,8405.984852074502,2,NEUTRAL,OVERBOUGHT,BEARISH,11.04
3582,2921.227,2921.562,2914.499,2919.815,11183,8405.984852074502,2,NEUTRAL,OVERBOUGHT,BEARISH,11.168
3583,2919.794,2923.073,2909.757,2910.209,19387,8405.984852074502,2,OVERSOLD,NEUTRAL,BEARISH,11.456
3584,2910.176,2911.53,2901.06,2904.808,14296,8405.984852074502,1,OVERSOLD,NEUTRAL,BEARISH,11.476
3585,2904.698,2905.296,2891.159,2894.336,12692,8405.984852074502,1,OVERSOLD,OVERSOLD,BEARISH,11.967
3586,2894.264,2905.171,2891.91,2899.268,12270,8405.984852074502,1,OVERSOLD,OVERSOLD,BEARISH,11.323
3587,2899.221,2907.573,2898.55,2905.714,10392,8405.984852074502,1,NEUTRAL,OVERSOLD,BEARISH,10.571
3588,2905.76,2907.191,2899.24,2903.13,12749,8405.984852074502,1,NEUTRAL,OVERSOLD,BEARISH,10.018
3589,2903.121,2909.407,2900.865,2904.44,18143,8405.984852074502,1,NEUTRAL,NEUTRAL,BEARISH,9.563
3590,2904.412,2916.616,2903.329,2915.086,18361,8405.984852074502,1,OVERBOUGHT,NEUTRAL,BEARISH,9.677
3591,2915.147,2922.716,2908.955,2914.497,21807,8405.984852074502,1,OVERBOUGHT,NEUTRAL,BEARISH,9.982
3592,2914.53,2918.502,2912.579,2917.19,12860,8405.984852074502,1,OVERBOUGHT,NEUTRAL,BULLISH,9.916
3593,2917.257,2921.415,2914.362,2915.587,9129,8405.984852074502,1,OVERBOUGHT,NEUTRAL,BULLISH,10.005
3594,2915.612,2920.649,2913.745,2916.228,8798,8405.984852074502,1,OVERBOUGHT,OVERBOUGHT,BULLISH,9.799
3595,2916.262,2917.721,2908.373,2908.703,16588,8405.984852074502,2,OVERSOLD,NEUTRAL,BULLISH,10.003
3596,2908.745,2913.622,2896.604,2904.73,20283,8689.105342353121,3,OVERSOLD,NEUTRAL,BEARISH,10.714
3597,2904.768,2910.224,2901.437,2906.844,15071,8689.105342353121,1,OVERSOLD,NEUTRAL,BEARISH,10.39
3598,2906.804,2909.253,2901.155,2908.104,11937,8689.105342353121,1,OVERSOLD,NEUTRAL,BEARISH,10.221
3599,2908.076,2908.984,2903.919,2905.33,8912,8689.105342353121,1,OVERSOLD,NEUTRAL,BEARISH,9.573
3600,2905.271,2912.591,2904.721,2909.609,15808,8689.105342353121,2,NEUTRAL,NEUTRAL,BEARISH,9.188
3601,2909.562,2917.279,2907.784,2917.098,16093,8689.105342353121,2,OVERBOUGHT,NEUTRAL,BULLISH,9.222
3602,2917.138,2922.964,2915.246,2922.385,8909,8689.105342353121,1,OVERBOUGHT,OVERBOUGHT,BULLISH,9.205
3603,2922.367,2923.007,2917.007,2917.898,16393,8689.105342353121,2,OVERBOUGHT,OVERBOUGHT,BULLISH,9.023
3604,2917.95,2922.123,2916.601,2918.7,8895,8689.105342353121,1,OVERBOUGHT,OVERBOUGHT,BULLISH,8.469
3605,2918.796,2922.841,2917.944,2918.782,9899,8689.105342353121,1,OVERBOUGHT,OVERBOUGHT,BULLISH,7.836
3606,2918.747,2926.472,2910.248,2913.751,26561,8689.105342353121,1,NEUTRAL,OVERBOUGHT,BULLISH,8.571
3607,2913.725,2928.826,2903.57,2926.774,27837,8689.105342353121,1,NEUTRAL,OVERBOUGHT,BULLISH,9.872
3608,2926.732,2930.458,2908.578,2915.819,26099,8689.105342353121,1,NEUTRAL,NEUTRAL,BULLISH,10.941
3609,2915.783,2919.423,2911.623,2914.009,16307,8689.105342353121,1,NEUTRAL,NEUTRAL,BULLISH,10.831
3610,2913.969,2916.142,2905.076,2908.174,16182,8689.105342353121,1,NEUTRAL,NEUTRAL,BEARISH,10.406
3611,2908.13,2908.782,2901.86,2906.545,14119,8689.105342353121,1,NEUTRAL,NEUTRAL,BEARISH,10.272
3612,2906.587,2909.506,2904.544,2905.229,11279,8689.105342353121,1,OVERSOLD,OVERSOLD,BEARISH,10.048
3613,2905.199,2912.661,2904.716,2911.256,10906,8689.105342353121,2,NEUTRAL,OVERSOLD,BEARISH,10.254
3614,2912.347,2917.051,2909.586,2916.187,10324,7902.539754192506,2,NEUTRAL,NEUTRAL,BEARISH,10.225
3615,2916.19,2918.312,2911.327,2912.156,18621,8181.563745856712,2,NEUTRAL,NEUTRAL,BEARISH,10.046
3616,2912.12,2914.551,2908.128,2910.982,17111,8181.563745856712,2,NEUTRAL,NEUTRAL,BEARISH,9.953
3617,2910.944,2912.667,2906.937,2909.848,11052,8181.563745856712,2,NEUTRAL,NEUTRAL,BEARISH,9.934
3618,2909.796,2915.429,2904.324,2908.432,16469,8181.563745856712,2,NEUTRAL,OVERSOLD,BEARISH,10.333
3619,2908.333,2910.643,2897.509,2897.822,12621,8181.563745856712,1,OVERSOLD,OVERSOLD,BEARISH,10.921
3620,2897.797,2915.472,2896.677,2911.28,14231,8181.563745856712,1,NEUTRAL,OVERSOLD,BEARISH,11.105
3621,2911.236,2911.417,2898.309,2903.049,11998,8181.563745856712,1,NEUTRAL,OVERSOLD,BEARISH,10.237
3622,2903.008,2904.747,2895.636,2904.027,12642,8181.563745856712,1,NEUTRAL,NEUTRAL,BEARISH,9.325
3623,2904.029,2907.713,2900.366,2906.665,16705,8181.563745856712,1,NEUTRAL,NEUTRAL,BEARISH,9.293
3624,2906.696,2908.58,2897.615,2903.639,20935,8181.563745856712,1,NEUTRAL,NEUTRAL,BEARISH,9.285
3625,2903.61,2909.225,2900.85,2908.026,23705,8181.563745856712,1,NEUTRAL,NEUTRAL,BEARISH,9.389
3626,2907.985,2910.642,2900.562,2904.484,16573,8181.563745856712,1,NEUTRAL,NEUTRAL,BEARISH,9.755
3627,2904.508,2906.874,2895.864,2895.932,11829,8181.563745856712,1,NEUTRAL,NEUTRAL,BEARISH,9.974
3628,2895.908,2896.147,2882.736,2886.077,17249,8181.563745856712,1,OVERSOLD,OVERSOLD,BEARISH,10.398
3629,2886.093,2889.499,2880.166,2885.581,12873,8181.563745856712,1,OVERSOLD,OVERSOLD,BEARISH,10.566
3630,2885.557,2890.953,2880.252,2885.494,13298,8181.563745856712,1,OVERSOLD,OVERSOLD,BEARISH,10.872
3631,2885.521,2890.177,2882.332,2884.685,12063,8181.563745856712,3,OVERSOLD,OVERSOLD,BEARISH,11.023
3632,2884.724,2890.979,2880.093,2890.612,21022,8161.279897044962,2,NEUTRAL,OVERSOLD,BEARISH,11.007
3633,2890.569,2900.486,2889.911,2899.005,10299,8161.279897044962,1,OVERBOUGHT,NEUTRAL,BEARISH,10.824
3634,2899.043,2899.389,2895.184,2897.687,11261,8161.279897044962,2,OVERBOUGHT,NEUTRAL,BEARISH,9.782
3635,2897.699,2902.827,2892.752,2902.302,16083,8161.279897044962,2,OVERBOUGHT,NEUTRAL,BULLISH,9.566
3636,2902.266,2903.563,2897.54,2901.009,9141,8161.279897044962,1,OVERBOUGHT,NEUTRAL,BULLISH,9.345
3637,2901.052,2912.418,2900.416,2911.705,15206,8161.279897044962,2,OVERBOUGHT,OVERBOUGHT,BULLISH,9.678
3638,2911.73,2915.464,2910.631,2913.668,13027,8161.279897044962,2,OVERBOUGHT,OVERBOUGHT,BULLISH,9.24
3639,2913.651,2916.051,2910.465,2913.057,9517,8161.279897044962,1,OVERBOUGHT,OVERBOUGHT,BULLISH,9.04
3640,2913.082,2922.262,2906.819,2918.211,19497,8161.279897044962,1,OVERBOUGHT,OVERBOUGHT,BULLISH,9.423
3641,2918.117,2920.938,2911.76,2914.104,16336,8161.279897044962,1,OVERBOUGHT,OVERBOUGHT,BULLISH,9.293
3642,2914.142,2919.902,2913.932,2916.875,11406,8161.279897044962,1,NEUTRAL,OVERBOUGHT,BULLISH,8.761
3643,2916.833,2920.519,2914.071,2917.776,15295,8161.279897044962,2,NEUTRAL,OVERBOUGHT,BULLISH,8.555
3644,2917.773,2921.385,2915.188,2918.403,13194,8161.279897044962,2,NEUTRAL,OVERBOUGHT,BULLISH,8.233
3645,2918.365,2919.589,2914.414,2915.551,9962,8161.279897044962,3,NEUTRAL,OVERBOUGHT,BULLISH,8.043
3646,2915.589,2917.269,2910.866,2914.927,11810,8186.439748120046,2,NEUTRAL,OVERBOUGHT,BULLISH,7.722
3647,2914.866,2919.995,2913.916,2914.941,11894,8186.439748120046,2,NEUTRAL,OVERBOUGHT,BULLISH,7.401
3648,2914.977,2916.507,2912.074,2916.045,11721,8186.439748120046,2,NEUTRAL,OVERBOUGHT,BULLISH,7.417
3649,2916.096,2921.105,2908.904,2914.499,16585,8186.439748120046,2,OVERSOLD,OVERBOUGHT,BULLISH,7.569
3650,2914.458,2922.222,2913.914,2922.075,8961,8186.439748120046,1,OVERBOUGHT,OVERBOUGHT,BULLISH,7.733
3651,2922.105,2925.372,2913.73,2914.772,9747,8186.439748120046,1,NEUTRAL,OVERBOUGHT,BULLISH,7.707
3652,2914.738,2916.968,2912.638,2915.304,13797,8186.439748120046,2,NEUTRAL,NEUTRAL,BULLISH,7.671
3653,2915.308,2923.073,2912.056,2917.579,16019,8186.439748120046,1,NEUTRAL,NEUTRAL,BULLISH,8.059
3654,2917.544,2918.823,2906.027,2915.583,21542,8186.439748120046,1,NEUTRAL,NEUTRAL,BEARISH,7.87
3655,2915.545,2922.485,2914.272,2921.858,14156,8186.439748120046,1,NEUTRAL,NEUTRAL,BULLISH,7.801
3656,2921.899,2929.444,2921.295,2928.355,14603,8186.439748120046,1,OVERBOUGHT,OVERBOUGHT,BULLISH,7.956
3657,2928.457,2939.232,2927.89,2936.155,16640,8186.439748120046,1,OVERBOUGHT,OVERBOUGHT,BULLISH,8.306
3658,2936.131,2940.545,2935.842,2936.097,9836,8186.439748120046,1,OVERBOUGHT,OVERBOUGHT,BULLISH,8.199
3659,2936.093,2937.462,2930.931,2931.322,13680,8186.439748120046,2,OVERBOUGHT,OVERBOUGHT,BULLISH,8.296
3660,2931.289,2939.353,2930.784,2938.039,11220,8186.439748120046,3,OVERBOUGHT,OVERBOUGHT,BULLISH,8.451
3661,2938.025,2941.482,2936.511,2937.906,11358,8233.35024829909,2,OVERBOUGHT,OVERBOUGHT,BULLISH,8.372
3662,2937.914,2947.124,2937.465,2945.636,12922,8233.35024829909,2,OVERBOUGHT,OVERBOUGHT,BULLISH,8.745
3663,2945.601,2946.152,2938.18,2940.046,11297,8233.35024829909,2,NEUTRAL,OVERBOUGHT,BULLISH,8.443
3664,2940.084,2940.348,2932.92,2935.252,14219,8233.35024829909,2,NEUTRAL,OVERBOUGHT,BULLISH,8.38
3665,2935.287,2948.885,2934.768,2947.729,14155,8233.35024829909,2,NEUTRAL,OVERBOUGHT,BULLISH,8.557
3666,2947.725,2948.604,2942.084,2946.333,13081,8233.35024829909,2,NEUTRAL,OVERBOUGHT,BULLISH,8.713
3667,2946.371,2949.124,2940.958,2942.42,13816,8233.35024829909,1,NEUTRAL,OVERBOUGHT,BULLISH,8.51
3668,2942.377,2952.489,2938.935,2950.358,16411,8233.35024829909,1,NEUTRAL,OVERBOUGHT,BULLISH,8.564
3669,2950.317,2971.165,2949.802,2969.861,18634,8233.35024829909,1,OVERBOUGHT,OVERBOUGHT,BULLISH,9.503
3670,2969.886,2978.486,2966.456,2977.772,24552,8233.35024829909,1,OVERBOUGHT,OVERBOUGHT,BULLISH,9.78
3671,2977.797,2985.322,2976.579,2980.086,16164,8233.35024829909,1,OVERBOUGHT,OVERBOUGHT,BULLISH,9.595
3672,2980.12,2982.246,2976.363,2979.48,11872,8233.35024829909,1,OVERBOUGHT,OVERBOUGHT,BULLISH,9.679
3673,2979.455,2985.474,2979.06,2982.973,16809,8233.35024829909,2,OVERBOUGHT,OVERBOUGHT,BULLISH,9.671
3674,2982.997,2989.915,2981.253,2987.279,9141,8233.35024829909,2,OVERBOUGHT,OVERBOUGHT,BULLISH,9.677
3675,2987.207,2989.3,2984.759,2986.759,9857,8244.368478619812,2,OVERBOUGHT,OVERBOUGHT,BULLISH,9.647
3676,2986.795,2990.174,2981.743,2987.87,14072,8244.368478619812,1,OVERBOUGHT,OVERBOUGHT,BULLISH,9.559
3677,2987.83,2992.96,2983.871,2992.631,14452,8244.368478619812,2,OVERBOUGHT,OVERBOUGHT,BULLISH,9.639
3678,2992.654,2993.928,2981.863,2986.401,14462,8244.368478619812,2,NEUTRAL,OVERBOUGHT,BULLISH,9.97
3679,2986.358,2987.644,2980.787,2986.892,14923,8244.368478619812,2,NEUTRAL,OVERBOUGHT,BULLISH,9.451
3680,2986.921,2999.446,2985.179,2998.81,13552,8244.368478619812,2,OVERBOUGHT,OVERBOUGHT,BULLISH,10.005
3681,2998.768,3004.895,2986.578,2993.205,12804,8244.368478619812,1,NEUTRAL,OVERBOUGHT,BULLISH,10.73
3682,2993.311,2999.161,2993.281,2993.503,10092,8244.368478619812,1,NEUTRAL,OVERBOUGHT,BULLISH,10.187
3683,2993.477,2999.673,2993.306,2993.845,10855,8244.368478619812,1,NEUTRAL,OVERBOUGHT,BEARISH,9.116
3684,2993.805,2996.116,2983.211,2986.038,19988,8244.368478619812,1,NEUTRAL,NEUTRAL,BEARISH,9.178
3685,2985.874,2993.381,2981.919,2985.348,21595,8244.368478619812,1,OVERSOLD,NEUTRAL,BEARISH,9.373
3686,2985.383,2986.47,2978.421,2984.607,16656,8244.368478619812,1,OVERSOLD,OVERSOLD,BEARISH,9.527
3687,2984.569,2989.965,2982.909,2989.702,9152,8244.368478619812,1,NEUTRAL,NEUTRAL,BEARISH,9.573
3688,2989.656,2990.43,2983.213,2983.409,12998,8244.368478619812,2,OVERSOLD,OVERSOLD,BEARISH,9.47
3689,2983.38,2988.756,2981.633,2986.37,8784,8244.368478619812,2,NEUTRAL,NEUTRAL,BEARISH,9.654
3690,2987.601,2994.118,2986.054,2990.061,7886,7490.48417906872,2,NEUTRAL,NEUTRAL,BEARISH,9.628
3691,2990.03,2993.091,2986.36,2990.83,14302,7370.894415982809,2,NEUTRAL,NEUTRAL,BEARISH,9.46
3692,2990.84,2992.024,2985.22,2986.917,10181,7370.894415982809,2,NEUTRAL,NEUTRAL,BEARISH,9.084
3693,2986.943,2987.894,2982.158,2986.026,8544,7370.894415982809,2,NEUTRAL,NEUTRAL,BEARISH,9.004
3694,2986.077,2990.73,2984.087,2985.489,10946,7370.894415982809,2,NEUTRAL,OVERSOLD,BEARISH,8.459
3695,2985.548,2996.93,2983.053,2995.623,10729,7370.894415982809,2,NEUTRAL,NEUTRAL,BEARISH,8.142
3696,2995.643,3001.217,2994.776,2997.475,11305,7370.894415982809,2,NEUTRAL,NEUTRAL,BEARISH,8.177
3697,2997.515,2997.909,2984.718,2987.184,15149,7370.894415982809,1,NEUTRAL,NEUTRAL,BEARISH,8.664
3698,2987.217,2991.389,2985.961,2988.393,16000,7370.894415982809,1,NEUTRAL,NEUTRAL,BEARISH,8.13
3699,2988.369,3000.512,2987.105,2998.685,12548,7370.894415982809,1,NEUTRAL,NEUTRAL,BEARISH,8.269
3700,2998.658,2999.309,2992.923,2997.096,9139,7370.894415982809,1,NEUTRAL,OVERBOUGHT,BEARISH,8.15
3701,2997.155,2999.389,2993.027,2997.86,12964,7370.894415982809,2,NEUTRAL,OVERBOUGHT,BEARISH,8.101
3702,2997.855,3000.838,2996.69,3000.173,10650,7370.894415982809,2,OVERBOUGHT,OVERBOUGHT,BEARISH,7.882
3703,3000.147,3003.531,2999.583,3001.496,11949,7377.313201762224,4,OVERBOUGHT,OVERBOUGHT,BEARISH,7.655
3704,3001.42,3008.46,2999.49,3005.751,9608,7377.313201762224,1,OVERBOUGHT,OVERBOUGHT,BULLISH,7.719
3705,3005.713,3015.054,3002.773,3011.333,13733,7377.313201762224,2,OVERBOUGHT,OVERBOUGHT,BULLISH,8.116
3706,3011.34,3017.11,3006.066,3012.038,11744,7377.313201762224,2,OVERBOUGHT,OVERBOUGHT,BULLISH,8.419
3707,3012.056,3017.765,3010.626,3015.746,7950,7377.313201762224,1,OVERBOUGHT,OVERBOUGHT,BULLISH,8.519
3708,3015.761,3027.308,3014.443,3026.614,14585,7377.313201762224,2,OVERBOUGHT,OVERBOUGHT,BULLISH,8.963
3709,3026.653,3028.54,3018.141,3020.292,7642,7377.313201762224,1,OVERBOUGHT,OVERBOUGHT,BULLISH,8.715
3710,3020.216,3029.461,3019.59,3026.839,13703,7377.313201762224,2,OVERBOUGHT,OVERBOUGHT,BULLISH,8.96
3711,3026.842,3035.843,3026.779,3034.29,10563,7377.313201762224,1,OVERBOUGHT,OVERBOUGHT,BULLISH,8.665
3712,3034.33,3038.334,3026.186,3033.245,19491,7377.313201762224,1,OVERBOUGHT,OVERBOUGHT,BULLISH,9.145
3713,3033.194,3033.194,3024.72,3027.89,18750,7377.313201762224,1,NEUTRAL,OVERBOUGHT,BULLISH,8.796
3714,3027.939,3032.607,3025.183,3031.758,11468,7377.313201762224,1,OVERBOUGHT,OVERBOUGHT,BULLISH,8.871
3715,3031.719,3036.948,3030.453,3036.003,8070,7377.313201762224,1,OVERBOUGHT,OVERBOUGHT,BULLISH,8.88
3716,3036.048,3036.312,3029.777,3032.599,8222,7377.313201762224,1,NEUTRAL,OVERBOUGHT,BULLISH,9.051
3717,3032.606,3037.935,3032.455,3035.615,10340,7377.313201762224,2,NEUTRAL,OVERBOUGHT,BULLISH,9.16
3718,3035.643,3035.974,3031.512,3031.774,7879,7377.313201762224,3,NEUTRAL,OVERBOUGHT,BULLISH,8.838
3719,3031.801,3033.993,3027.32,3029.362,8790,7376.894484134075,2,NEUTRAL,OVERBOUGHT,BEARISH,8.437
3720,3029.406,3039.029,3028.98,3036.325,11439,7376.894484134075,2,NEUTRAL,OVERBOUGHT,BEARISH,8.366
3721,3036.291,3045.362,3034.256,3044.504,11569,7376.894484134075,2,OVERBOUGHT,OVERBOUGHT,BEARISH,8.65
3722,3044.503,3044.734,3034.482,3042.096,10746,7376.894484134075,1,NEUTRAL,OVERBOUGHT,BEARISH,8.463
3723,3042.176,3042.899,3035.617,3035.896,9011,7376.894484134075,1,NEUTRAL,OVERBOUGHT,BEARISH,8.24
3724,3035.949,3037.074,3024.732,3025.156,9269,7376.894484134075,1,NEUTRAL,NEUTRAL,BEARISH,8.417
3725,3025.129,3031.347,3022.744,3030.406,7429,7376.894484134075,1,NEUTRAL,NEUTRAL,BEARISH,8.384
3726,3030.483,3039.949,3028.32,3038.955,11561,7376.894484134075,2,NEUTRAL,NEUTRAL,BEARISH,8.347
3727,3038.931,3041.155,3036.218,3037.127,7585,7376.894484134075,1,NEUTRAL,NEUTRAL,BEARISH,8.091
3728,3037.226,3038.287,3027.69,3033.38,14983,7376.894484134075,1,NEUTRAL,NEUTRAL,BEARISH,8.317
3729,3033.344,3033.344,3025.845,3027.585,11887,7376.894484134075,1,NEUTRAL,NEUTRAL,BEARISH,8.392
3730,3027.556,3033.099,3026.802,3031.458,7997,7376.894484134075,1,NEUTRAL,NEUTRAL,BEARISH,8.375
3731,3031.482,3038.347,3029.363,3030.371,14687,7376.894484134075,2,OVERSOLD,NEUTRAL,BEARISH,8.625
3732,3030.378,3048.715,3029.993,3046.769,16357,7376.894484134075,1,NEUTRAL,NEUTRAL,BEARISH,9.643
3733,3046.809,3051.996,3040.99,3047.858,13264,7376.894484134075,1,OVERBOUGHT,OVERBOUGHT,BEARISH,9.953
3734,3047.818,3050.635,3044.205,3050.141,7938,7376.894484134075,2,OVERBOUGHT,OVERBOUGHT,BULLISH,9.694
3735,3050.141,3055.489,3048.794,3053.185,9541,7442.118818978449,2,OVERBOUGHT,OVERBOUGHT,BULLISH,9.379
3736,3053.222,3056.2,3049.409,3049.654,12338,7442.118818978449,1,OVERBOUGHT,OVERBOUGHT,BULLISH,9.132
3737,3049.626,3052.191,3045.028,3045.694,8691,7442.118818978449,1,NEUTRAL,OVERBOUGHT,BULLISH,9.124
3738,3045.637,3057.459,3045.41,3052.478,14230,7442.118818978449,2,NEUTRAL,OVERBOUGHT,BULLISH,9.103
3739,3052.523,3053.604,3044.873,3046.794,9014,7442.118818978449,1,NEUTRAL,OVERBOUGHT,BEARISH,9.112
3740,3046.837,3051.475,3045.675,3049.134,7634,7442.118818978449,1,NEUTRAL,OVERBOUGHT,BEARISH,8.696
3741,3048.999,3048.999,3041.78,3042.232,8503,7442.118818978449,1,NEUTRAL,NEUTRAL,BEARISH,8.868
3742,3042.268,3043.968,3038.61,3041.815,8089,7442.118818978449,1,NEUTRAL,NEUTRAL,BEARISH,8.494
3743,3041.781,3046.241,3040.527,3041.489,7898,7442.118818978449,1,OVERSOLD,NEUTRAL,BEARISH,8.364
3744,3041.484,3041.484,3025.626,3034.181,14419,7442.118818978449,1,OVERSOLD,NEUTRAL,BEARISH,9.047
3745,3034.157,3035.095,3029.27,3034.433,10125,7442.118818978449,1,OVERSOLD,NEUTRAL,BEARISH,8.821
3746,3034.467,3042.279,3033.358,3040.885,11985,7442.118818978449,1,NEUTRAL,NEUTRAL,BEARISH,8.121
3747,3040.927,3041.069,3029.883,3032.828,16466,7442.118818978449,1,OVERSOLD,NEUTRAL,BEARISH,8.134
3748,3032.652,3040.852,3030.643,3040.224,12807,7442.118818978449,1,NEUTRAL,NEUTRAL,BEARISH,8.404
3749,3040.188,3041.903,3037.559,3040.765,9017,7442.118818978449,1,NEUTRAL,NEUTRAL,BEARISH,8.236
3750,3040.802,3043.229,3033.884,3038.308,8853,7442.118818978449,1,NEUTRAL,NEUTRAL,BEARISH,8.419
3751,3038.346,3045.382,3034.82,3043.221,12973,7442.118818978449,2,NEUTRAL,NEUTRAL,BEARISH,8.661
3752,3043.196,3046.094,3043.172,3044.628,9156,7442.118818978449,2,OVERBOUGHT,NEUTRAL,BEARISH,8.01
3753,3044.988,3047.435,3042.269,3042.763,8353,7501.920994948756,3,NEUTRAL,NEUTRAL,BEARISH,7.755
3754,3042.826,3044.577,3035.9,3035.921,7753,7501.920994948756,1,NEUTRAL,NEUTRAL,BEARISH,7.96
3755,3035.896,3037.043,3029.974,3030.585,13708,7501.920994948756,2,NEUTRAL,NEUTRAL,BEARISH,7.94
3756,3030.539,3032.018,3021.553,3028.048,13318,7501.920994948756,2,OVERSOLD,NEUTRAL,BEARISH,8.305
3757,3028.086,3033.983,3027.451,3029.84,8060,7501.920994948756,1,OVERSOLD,OVERSOLD,BEARISH,8.363
3758,3029.766,3034.767,3027.049,3032.974,14271,7501.920994948756,2,OVERSOLD,NEUTRAL,BEARISH,7.781
3759,3032.907,3033.486,3027.843,3030.852,12974,7501.920994948756,2,NEUTRAL,NEUTRAL,BEARISH,7.768
3760,3030.816,3038.128,3028.888,3034.02,17278,7501.920994948756,2,NEUTRAL,NEUTRAL,BEARISH,7.791
3761,3033.976,3036.851,3004.17,3006.615,28084,7501.920994948756,1,OVERSOLD,OVERSOLD,BEARISH,9.327
3762,3006.583,3016.718,2999.385,3015.712,27357,7501.920994948756,1,NEUTRAL,OVERSOLD,BEARISH,9.835
3763,3015.712,3017.888,3009.99,3011.072,12723,7501.920994948756,1,OVERSOLD,OVERSOLD,BEARISH,10.089
3764,3011.037,3017.04,3010.66,3015.165,10047,7501.920994948756,1,NEUTRAL,NEUTRAL,BEARISH,9.878
3765,3015.184,3021.588,3012.845,3017.431,13381,7501.920994948756,2,NEUTRAL,NEUTRAL,BEARISH,9.748
3766,3017.407,3024.274,3015.931,3023.493,10555,7501.920994948756,2,OVERBOUGHT,NEUTRAL,BEARISH,10.135
3767,3023.441,3026.292,3017.075,3018.471,13230,6866.214994353366,3,NEUTRAL,NEUTRAL,BEARISH,10.424
3768,3018.513,3025.616,3018.281,3020.961,9938,6866.214994353366,1,OVERBOUGHT,NEUTRAL,BEARISH,10.328
3769,3020.987,3024.477,3013.646,3016.283,9116,6866.214994353366,1,NEUTRAL,NEUTRAL,BEARISH,10.597
3770,3016.328,3020.081,3015.676,3019.493,10938,6866.214994353366,2,NEUTRAL,NEUTRAL,BEARISH,10.164
3771,3019.453,3025.716,3017.319,3025.042,11931,6866.214994353366,2,NEUTRAL,NEUTRAL,BULLISH,10.297
3772,3025.003,3028.903,3020.971,3022.361,8096,6866.214994353366,1,NEUTRAL,NEUTRAL,BULLISH,10.313
3773,3022.329,3028.951,3021.839,3028.827,8135,6866.214994353366,1,NEUTRAL,NEUTRAL,BULLISH,10.418
3774,3028.853,3030.992,3022.683,3023.614,7375,6866.214994353366,1,NEUTRAL,NEUTRAL,BULLISH,10.351
3775,3023.662,3033.226,3023.436,3028.089,8117,6866.214994353366,1,NEUTRAL,OVERBOUGHT,BULLISH,8.716
3776,3028.067,3029.222,3022.388,3024.227,14466,6866.214994353366,2,NEUTRAL,OVERBOUGHT,BULLISH,7.966
3777,3024.187,3028.302,3019.165,3022.485,13091,6866.214994353366,1,NEUTRAL,NEUTRAL,BULLISH,8.055
3778,3022.464,3024.112,3007.951,3012.134,16597,6866.214994353366,1,OVERSOLD,NEUTRAL,BULLISH,8.753
3779,3012.092,3015.332,3005.745,3014.036,13073,6866.214994353366,1,OVERSOLD,NEUTRAL,BEARISH,8.814
3780,3014.06,3015.604,3008.038,3009.757,8570,6866.214994353366,1,OVERSOLD,OVERSOLD,BEARISH,8.758
3781,3009.731,3009.948,3005.764,3007.03,8045,6866.214994353366,1,OVERSOLD,OVERSOLD,BEARISH,8.399
3782,3007.071,3008.083,3002.465,3006.761,8687,6866.214994353366,1,OVERSOLD,OVERSOLD,BEARISH,8.276
3783,3006.807,3014.63,3005.012,3011.868,8593,6866.214994353366,2,NEUTRAL,OVERSOLD,BEARISH,8.189
3784,3011.722,3014.945,3008.983,3014.177,9080,6800.408804414949,3,NEUTRAL,OVERSOLD,BEARISH,8.3
3785,3014.15,3014.589,3007.545,3009.143,12315,6800.408804414949,2,NEUTRAL,NEUTRAL,BEARISH,8.204
3786,3009.14,3016.498,3008.57,3015.27,9544,6800.408804414949,2,OVERBOUGHT,NEUTRAL,BEARISH,8.204
3787,3015.204,3021.06,3014.295,3017.779,10735,6800.408804414949,2,OVERBOUGHT,NEUTRAL,BULLISH,8.179
3788,3017.808,3021.933,3010.521,3021.32,13055,6800.408804414949,2,OVERBOUGHT,NEUTRAL,BULLISH,8.4
3789,3021.273,3024.866,3018.987,3023.541,11642,6800.408804414949,2,OVERBOUGHT,NEUTRAL,BULLISH,8.121
3790,3023.543,3026.436,3014.132,3021.798,16524,6800.408804414949,2,OVERBOUGHT,OVERBOUGHT,BULLISH,8.512
3791,3021.75,3030.637,3020.821,3028.813,13298,6800.408804414949,1,OVERBOUGHT,OVERBOUGHT,BULLISH,8.56
3792,3028.803,3035.977,3024.954,3024.981,15748,6800.408804414949,1,NEUTRAL,OVERBOUGHT,BULLISH,8.193
3793,3024.955,3028.049,3017.946,3021.561,12159,6800.408804414949,1,NEUTRAL,OVERBOUGHT,BULLISH,8.23
3794,3021.592,3025.531,3021.406,3023.192,7012,6800.408804414949,1,NEUTRAL,NEUTRAL,BULLISH,7.984
3795,3023.241,3023.341,3019.83,3022.636,6851,6800.408804414949,1,NEUTRAL,NEUTRAL,BULLISH,7.936
3796,3022.594,3022.861,3017.721,3019.59,9252,6800.408804414949,2,OVERSOLD,NEUTRAL,BULLISH,7.902
3797,3019.616,3022.497,3017.786,3018.125,10122,6764.853997645271,4,OVERSOLD,NEUTRAL,BULLISH,7.552
3798,3018.142,3025.515,3016.394,3024.766,8585,6764.853997645271,1,NEUTRAL,NEUTRAL,BULLISH,7.777
3799,3024.79,3027.135,3022.823,3024.249,7261,6764.853997645271,1,NEUTRAL,NEUTRAL,BULLISH,7.582
3800,3024.206,3024.206,3016.477,3017.542,6791,6764.853997645271,1,NEUTRAL,NEUTRAL,BULLISH,7.571
3801,3017.578,3024.082,3013.218,3022.843,11019,6764.853997645271,2,NEUTRAL,NEUTRAL,BULLISH,7.864
3802,3022.819,3026.352,3022.087,3026.158,7695,6764.853997645271,1,NEUTRAL,NEUTRAL,BULLISH,7.353
3803,3026.125,3032.042,3023.61,3023.998,12483,6764.853997645271,2,NEUTRAL,NEUTRAL,BULLISH,7.536
3804,3024.033,3024.182,3017.543,3018.674,7252,6764.853997645271,1,NEUTRAL,NEUTRAL,BULLISH,7.131
3805,3018.704,3030.36,3016.886,3027.555,12633,6764.853997645271,2,OVERBOUGHT,NEUTRAL,BULLISH,7.392
3806,3027.54,3029.994,3025.289,3027.163,7991,6764.853997645271,1,NEUTRAL,NEUTRAL,BULLISH,6.941
3807,3027.135,3027.485,3015.873,3016.718,12354,6764.853997645271,1,NEUTRAL,NEUTRAL,BEARISH,7.049
3808,3016.689,3021.669,3014.903,3017.482,10890,6764.853997645271,1,NEUTRAL,NEUTRAL,BEARISH,7.237
3809,3017.443,3018.898,3012.325,3015.878,10565,6764.853997645271,1,NEUTRAL,OVERSOLD,BEARISH,7.456
3810,3015.911,3020.046,3015.157,3015.645,7156,6764.853997645271,1,OVERSOLD,OVERSOLD,BEARISH,7.438
3811,3015.686,3020.861,3015.209,3018.209,11260,6764.853997645271,2,OVERSOLD,OVERSOLD,BEARISH,7.505
3812,3018.254,3021.855,3015.766,3018.966,8577,6764.853997645271,2,NEUTRAL,OVERSOLD,BEARISH,7.289
3813,3020.487,3021.762,3017.558,3021.623,8003,6764.853997645271,2,OVERBOUGHT,NEUTRAL,BEARISH,7.281
3814,3021.563,3028.32,3021.522,3023.564,12534,6951.082188345722,2,OVERBOUGHT,NEUTRAL,BULLISH,7.212
3815,3023.583,3032.81,3023.265,3031.651,7918,6951.082188345722,1,OVERBOUGHT,NEUTRAL,BULLISH,7.117
3816,3031.655,3038.61,3029.686,3034.064,11921,6951.082188345722,2,OVERBOUGHT,OVERBOUGHT,BULLISH,7.45
3817,3034.1,3035.907,3026.699,3029.938,16061,6951.082188345722,2,OVERBOUGHT,OVERBOUGHT,BULLISH,7.506
3818,3029.913,3036.742,3029.214,3035.85,9823,6951.082188345722,1,OVERBOUGHT,OVERBOUGHT,BULLISH,7.569
3819,3035.866,3038.054,3033.757,3036.155,9167,6951.082188345722,1,OVERBOUGHT,OVERBOUGHT,BULLISH,6.914
3820,3036.119,3055.898,3034.601,3051.424,18922,6951.082188345722,2,OVERBOUGHT,OVERBOUGHT,BULLISH,8.099
3821,3051.465,3055.644,3048.856,3054.566,9211,6951.082188345722,1,OVERBOUGHT,OVERBOUGHT,BULLISH,7.754
3822,3054.548,3055.976,3047.142,3050.066,10973,6951.082188345722,1,OVERBOUGHT,OVERBOUGHT,BULLISH,7.902
3823,3050.036,3052.173,3033.403,3040.613,20852,6951.082188345722,1,NEUTRAL,OVERBOUGHT,BULLISH,8.773
3824,3040.638,3059.885,3040.638,3057.634,20970,6951.082188345722,1,OVERBOUGHT,OVERBOUGHT,BULLISH,9.8
3825,3057.668,3059.195,3051.373,3052.204,19390,6951.082188345722,1,NEUTRAL,OVERBOUGHT,BULLISH,9.955
3826,3052.123,3054.222,3047.787,3048.388,12794,6951.082188345722,1,NEUTRAL,OVERBOUGHT,BULLISH,9.98
3827,3048.372,3053.259,3047.841,3052.835,9109,6951.082188345722,1,NEUTRAL,OVERBOUGHT,BULLISH,10.067
3828,3052.889,3057.83,3052.713,3057.468,11264,6951.082188345722,2,OVERBOUGHT,OVERBOUGHT,BULLISH,9.947
3829,3057.438,3057.638,3054.144,3055.71,8377,6951.082188345722,3,NEUTRAL,OVERBOUGHT,BULLISH,9.515
3830,3055.726,3063.476,3054.993,3061.977,7162,7138.510868820733,1,OVERBOUGHT,OVERBOUGHT,BULLISH,9.483
3831,3061.937,3074.058,3061.841,3073.905,10811,7138.510868820733,1,OVERBOUGHT,OVERBOUGHT,BULLISH,9.698
3832,3073.874,3077.544,3070.061,3071.898,9624,7138.510868820733,1,OVERBOUGHT,OVERBOUGHT,BULLISH,9.695
3833,3071.847,3076.702,3069.645,3075.267,7437,7138.510868820733,1,OVERBOUGHT,OVERBOUGHT,BULLISH,9.892
3834,3075.25,3081.987,3072.446,3077.833,12337,7138.510868820733,2,OVERBOUGHT,OVERBOUGHT,BULLISH,9.052
3835,3077.809,3084.938,3076.649,3084.7,9494,7138.510868820733,1,OVERBOUGHT,OVERBOUGHT,BULLISH,9.159
3836,3084.626,3086.017,3077.783,3079.348,7764,7138.510868820733,1,NEUTRAL,OVERBOUGHT,BULLISH,9.117
3837,3079.302,3081.235,3066.153,3072.949,9007,7138.510868820733,1,NEUTRAL,OVERBOUGHT,BULLISH,8.853
3838,3073.0,3076.235,3067.365,3074.271,14830,7138.510868820733,2,NEUTRAL,OVERBOUGHT,BULLISH,8.11
3839,3074.233,3079.925,3074.071,3076.371,7524,7138.510868820733,1,NEUTRAL,OVERBOUGHT,BULLISH,7.97
3840,3076.344,3081.869,3072.495,3077.456,11703,7138.510868820733,1,OVERSOLD,OVERBOUGHT,BEARISH,8.18
3841,3077.383,3084.136,3070.752,3083.497,22255,7138.510868820733,1,NEUTRAL,OVERBOUGHT,BEARISH,8.749
3842,3083.469,3086.831,3068.026,3069.937,30068,7138.510868820733,1,NEUTRAL,OVERBOUGHT,BEARISH,9.726
3843,3069.911,3085.724,3067.255,3083.707,16676,7138.510868820733,1,NEUTRAL,OVERBOUGHT,BEARISH,10.796
3844,3083.677,3086.718,3080.41,3083.879,9961,7138.510868820733,1,NEUTRAL,OVERBOUGHT,BEARISH,10.641
3845,3083.839,3085.984,3076.112,3077.431,9244,7138.510868820733,1,NEUTRAL,OVERBOUGHT,BEARISH,10.473
3846,3077.473,3080.516,3073.497,3079.683,7341,7138.510868820733,1,NEUTRAL,NEUTRAL,BEARISH,10.44
3847,3079.658,3085.955,3079.437,3085.146,10820,7138.510868820733,2,OVERBOUGHT,OVERBOUGHT,BEARISH,10.401
3848,3092.531,3097.834,3088.585,3090.003,7769,6511.370944806061,1,NEUTRAL,OVERBOUGHT,BEARISH,10.626
3849,3090.0,3090.912,3077.412,3079.115,15106,6990.537997681674,2,NEUTRAL,NEUTRAL,BEARISH,10.998
3850,3079.079,3095.449,3076.79,3094.757,16983,6990.537997681674,1,OVERBOUGHT,NEUTRAL,BEARISH,11.743
3851,3094.747,3107.289,3093.852,3106.648,19116,6990.537997681674,1,OVERBOUGHT,OVERBOUGHT,BULLISH,11.626
3852,3106.694,3111.695,3105.147,3107.138,13484,6990.537997681674,1,OVERBOUGHT,OVERBOUGHT,BULLISH,11.46
3853,3107.072,3115.938,3105.925,3113.29,7491,6990.537997681674,1,OVERBOUGHT,OVERBOUGHT,BULLISH,11.757
3854,3113.251,3120.089,3107.573,3116.585,10472,6990.537997681674,1,OVERBOUGHT,OVERBOUGHT,BULLISH,11.981
3855,3116.486,3128.165,3113.435,3119.177,15814,6990.537997681674,1,OVERBOUGHT,OVERBOUGHT,BULLISH,12.077
3856,3119.205,3125.435,3118.605,3124.523,13799,6990.537997681674,1,OVERBOUGHT,OVERBOUGHT,BULLISH,11.222
3857,3124.477,3127.156,3120.919,3122.168,9249,6990.537997681674,1,OVERBOUGHT,OVERBOUGHT,BULLISH,10.348
3858,3122.208,3123.32,3111.82,3114.882,9677,6990.537997681674,1,NEUTRAL,OVERBOUGHT,BULLISH,10.719
3859,3114.876,3123.688,3111.829,3118.439,10564,6990.537997681674,1,NEUTRAL,OVERBOUGHT,BULLISH,10.861
3860,3118.464,3119.675,3113.37,3119.48,9201,6990.537997681674,1,NEUTRAL,OVERBOUGHT,BULLISH,10.81
3861,3119.471,3126.766,3118.095,3124.488,14027,6990.537997681674,1,NEUTRAL,OVERBOUGHT,BULLISH,10.964
3862,3124.445,3124.762,3099.753,3113.478,33061,6990.537997681674,1,NEUTRAL,OVERBOUGHT,BEARISH,11.844
3863,3113.43,3123.625,3110.87,3123.117,26026,6990.537997681674,1,NEUTRAL,OVERBOUGHT,BEARISH,11.791
3864,3123.168,3127.236,3112.888,3113.807,16032,6990.537997681674,1,NEUTRAL,OVERBOUGHT,BEARISH,11.483
3865,3113.847,3120.648,3111.637,3117.567,10309,6990.537997681674,1,NEUTRAL,OVERBOUGHT,BEARISH,11.167
3866,3117.526,3120.315,3115.822,3117.905,8534,6990.537997681674,1,NEUTRAL,NEUTRAL,BEARISH,11.02
3867,3117.908,3124.652,3117.312,3124.36,13639,6990.537997681674,2,NEUTRAL,OVERBOUGHT,BEARISH,10.829
3868,3124.32,3126.447,3120.024,3120.581,9955,6990.537997681674,3,NEUTRAL,OVERBOUGHT,BEARISH,10.394
3869,3120.569,3138.232,3120.2,3135.386,25103,7407.133585204054,2,OVERBOUGHT,OVERBOUGHT,BEARISH,10.63
3870,3135.422,3145.702,3132.955,3145.131,15143,7407.133585204054,1,OVERBOUGHT,OVERBOUGHT,BULLISH,11.052
3871,3145.089,3147.335,3142.553,3146.028,9661,7407.133585204054,1,OVERBOUGHT,OVERBOUGHT,BULLISH,10.948
3872,3146.0,3149.059,3130.495,3132.07,20090,7407.133585204054,2,NEUTRAL,OVERBOUGHT,BULLISH,11.453
3873,3132.078,3138.11,3126.53,3133.728,22315,7407.133585204054,1,NEUTRAL,OVERBOUGHT,BEARISH,11.433
3874,3133.702,3137.696,3124.131,3127.638,13324,7407.133585204054,1,NEUTRAL,NEUTRAL,BEARISH,11.951
3875,3127.594,3135.652,3126.392,3130.909,10009,7407.133585204054,1,OVERSOLD,NEUTRAL,BEARISH,11.994
3876,3130.953,3138.997,3130.077,3132.412,16602,7407.133585204054,2,OVERSOLD,NEUTRAL,BEARISH,10.844
3877,3132.374,3135.854,3128.655,3130.319,9268,7407.133585204054,1,NEUTRAL,NEUTRAL,BEARISH,10.447
3878,3130.354,3134.567,3127.689,3133.235,11432,7407.133585204054,1,NEUTRAL,NEUTRAL,BEARISH,9.914
3879,3133.287,3137.095,3128.182,3133.821,18685,7407.133585204054,1,OVERBOUGHT,NEUTRAL,BEARISH,9.907
3880,3133.783,3135.447,3123.639,3128.694,23557,7407.133585204054,1,NEUTRAL,NEUTRAL,BEARISH,10.429
3881,3128.737,3133.03,3113.401,3113.725,19720,7407.133585204054,1,OVERSOLD,NEUTRAL,BEARISH,11.307
3882,3113.69,3116.834,3100.761,3106.653,23656,7407.133585204054,1,OVERSOLD,OVERSOLD,BEARISH,11.996
3883,3106.69,3114.52,3105.671,3113.641,9651,7407.133585204054,1,OVERSOLD,OVERSOLD,BEARISH,11.341
3884,3113.613,3119.013,3113.289,3118.723,11925,7407.133585204054,2,NEUTRAL,OVERSOLD,BEARISH,10.839
3885,3118.681,3120.866,3107.742,3111.381,8372,7407.133585204054,2,OVERSOLD,OVERSOLD,BEARISH,11.435
3886,3111.418,3123.761,3111.242,3122.897,12421,7971.454196137001,2,NEUTRAL,NEUTRAL,BEARISH,11.003
3887,3122.883,3135.376,3121.348,3133.117,17196,7971.454196137001,1,OVERBOUGHT,NEUTRAL,BEARISH,11.178
3888,3133.189,3135.703,3128.559,3128.61,10721,7971.454196137001,1,NEUTRAL,OVERBOUGHT,BEARISH,10.719
3889,3128.581,3132.12,3115.548,3116.192,14052,7971.454196137001,2,NEUTRAL,NEUTRAL,BEARISH,11.241
3890,3116.156,3119.193,3108.623,3117.978,13753,7971.454196137001,1,NEUTRAL,NEUTRAL,BEARISH,11.359
3891,3117.982,3119.681,3113.976,3116.541,9201,7971.454196137001,1,NEUTRAL,NEUTRAL,BEARISH,11.253
3892,3116.575,3126.039,3112.175,3125.314,8346,7971.454196137001,1,NEUTRAL,NEUTRAL,BEARISH,11.752
3893,3125.275,3133.878,3123.34,3131.316,10765,7971.454196137001,1,NEUTRAL,NEUTRAL,BEARISH,11.868
3894,3131.227,3131.568,3110.052,3114.412,19539,7971.454196137001,2,NEUTRAL,NEUTRAL,BEARISH,12.561
3895,3114.438,3123.889,3114.296,3121.23,10033,7971.454196137001,1,NEUTRAL,NEUTRAL,BEARISH,11.844
3896,3121.314,3127.437,3117.046,3122.451,10908,7971.454196137001,1,NEUTRAL,NEUTRAL,BEARISH,11.438
3897,3122.377,3132.156,3116.597,3122.233,22552,7971.454196137001,1,NEUTRAL,NEUTRAL,BEARISH,11.918
3898,3122.199,3129.388,3119.383,3124.859,13526,7971.454196137001,1,NEUTRAL,NEUTRAL,BEARISH,12.223
3899,3124.826,3128.189,3120.806,3125.909,10648,7971.454196137001,1,OVERBOUGHT,NEUTRAL,BEARISH,11.813
3900,3125.935,3134.396,3125.935,3131.47,11397,7971.454196137001,1,OVERBOUGHT,NEUTRAL,BULLISH,11.525
3901,3131.377,3131.405,3120.837,3123.541,9891,7971.454196137001,1,NEUTRAL,NEUTRAL,BULLISH,11.283
3902,3123.582,3127.32,3118.666,3124.388,13727,7971.454196137001,2,NEUTRAL,NEUTRAL,BULLISH,11.391
3903,3124.358,3141.774,3104.795,3134.072,49522,7971.454196137001,1,NEUTRAL,NEUTRAL,BULLISH,12.848
3904,3130.015,3148.072,3122.557,3145.789,33664,7971.454196137001,1,OVERBOUGHT,OVERBOUGHT,BULLISH,13.916
3905,3145.814,3167.792,3145.814,3162.702,22360,7971.454196137001,1,OVERBOUGHT,OVERBOUGHT,BULLISH,15.08
3906,3162.555,3164.812,3140.717,3151.32,32082,9190.863320314429,1,OVERBOUGHT,OVERBOUGHT,BULLISH,15.811
3907,3151.345,3163.01,3147.902,3153.397,35946,9190.863320314429,1,OVERBOUGHT,OVERBOUGHT,BULLISH,16.137
3908,3153.425,3155.355,3142.241,3145.192,17011,9190.863320314429,1,NEUTRAL,OVERBOUGHT,BULLISH,15.537
3909,3145.152,3152.207,3144.679,3148.066,16088,9190.863320314429,1,NEUTRAL,NEUTRAL,BULLISH,15.39
3910,3148.02,3149.66,3139.083,3140.371,10086,9190.863320314429,1,OVERSOLD,NEUTRAL,BULLISH,15.403
3911,3140.425,3141.021,3124.006,3131.888,22043,9190.863320314429,1,OVERSOLD,NEUTRAL,BEARISH,15.507
3912,3131.924,3134.169,3116.392,3127.782,25955,9190.863320314429,1,OVERSOLD,NEUTRAL,BEARISH,16.062
3913,3127.84,3130.177,3119.781,3128.957,17973,9190.863320314429,1,OVERSOLD,NEUTRAL,BEARISH,16.277
3914,3129.011,3132.066,3126.015,3129.007,12094,9190.863320314429,1,OVERSOLD,NEUTRAL,BEARISH,16.103
3915,3129.125,3129.603,3121.488,3121.568,15511,9190.863320314429,1,OVERSOLD,NEUTRAL,BEARISH,15.923
3916,3121.603,3122.972,3089.165,3095.556,31344,9190.863320314429,1,OVERSOLD,OVERSOLD,BEARISH,17.72
3917,3095.509,3100.037,3085.061,3093.188,28934,9190.863320314429,1,OVERSOLD,OVERSOLD,BEARISH,16.148
3918,3093.193,3094.763,3061.916,3076.261,35728,9190.863320314429,1,OVERSOLD,OVERSOLD,BEARISH,16.672
3919,3076.233,3093.478,3054.052,3086.124,52383,9190.863320314429,1,OVERSOLD,OVERSOLD,BEARISH,17.917
3920,3086.698,3135.605,3086.053,3128.939,47134,9190.863320314429,1,NEUTRAL,NEUTRAL,BEARISH,19.735
3921,3128.968,3129.563,3103.896,3110.558,32970,9190.863320314429,1,NEUTRAL,NEUTRAL,BEARISH,20.489
3922,3110.604,3114.282,3101.799,3107.551,17127,9190.863320314429,1,NEUTRAL,NEUTRAL,BEARISH,20.444
3923,3107.533,3109.928,3099.949,3109.5,13299,9190.863320314429,1,OVERBOUGHT,NEUTRAL,BEARISH,20.619
3924,3109.542,3113.296,3101.532,3107.583,17312,9190.863320314429,2,NEUTRAL,NEUTRAL,BEARISH,20.704
3925,3107.567,3119.962,3107.2,3115.387,11171,9190.863320314429,2,OVERSOLD,NEUTRAL,BEARISH,20.4
3926,3115.423,3116.274,3106.014,3110.542,16507,10366.681892982897,2,NEUTRAL,NEUTRAL,BULLISH,19.863
3927,3110.508,3115.792,3109.102,3109.875,10468,10366.681892982897,1,NEUTRAL,OVERBOUGHT,BULLISH,19.598
3928,3109.867,3112.974,3091.197,3096.727,16646,10366.681892982897,1,OVERSOLD,NEUTRAL,BEARISH,20.722
3929,3096.691,3099.098,3086.989,3098.409,16576,10366.681892982897,1,NEUTRAL,NEUTRAL,BEARISH,21.007
3930,3098.438,3105.014,3095.992,3100.157,10687,10366.681892982897,1,OVERSOLD,NEUTRAL,BEARISH,19.237
3931,3100.119,3108.908,3098.82,3108.908,10683,10366.681892982897,1,NEUTRAL,NEUTRAL,BULLISH,18.888
3932,3108.882,3109.931,3100.471,3101.083,10860,10366.681892982897,1,NEUTRAL,NEUTRAL,BULLISH,17.217
3933,3100.978,3103.473,3091.993,3092.85,17808,10366.681892982897,1,NEUTRAL,NEUTRAL,BEARISH,15.221
3934,3092.824,3094.121,3078.448,3084.201,17304,10366.681892982897,1,OVERSOLD,OVERSOLD,BEARISH,12.801
3935,3084.175,3095.913,3083.869,3090.725,13974,10366.681892982897,1,NEUTRAL,OVERSOLD,BEARISH,11.828
3936,3090.749,3116.18,3090.501,3110.273,29636,10366.681892982897,1,NEUTRAL,NEUTRAL,BULLISH,12.77
3937,3110.23,3136.725,3095.552,3110.242,48610,10366.681892982897,1,NEUTRAL,NEUTRAL,BULLISH,14.999
3938,3110.248,3111.835,3069.359,3071.138,50186,10366.681892982897,1,NEUTRAL,NEUTRAL,BEARISH,17.192
3939,3071.176,3087.424,3059.6,3061.74,47971,10366.681892982897,1,NEUTRAL,OVERSOLD,BEARISH,18.268
3940,3061.858,3061.858,3026.903,3038.414,54658,10366.681892982897,1,OVERSOLD,OVERSOLD,BEARISH,20.032
3941,3038.455,3050.522,3016.939,3021.908,51816,10366.681892982897,1,OVERSOLD,OVERSOLD,BEARISH,21.953
3942,3021.944,3036.782,3017.578,3030.875,29197,10366.681892982897,1,OVERSOLD,OVERSOLD,BEARISH,21.769
3943,3030.909,3032.932,3015.556,3025.754,25475,10366.681892982897,1,OVERSOLD,OVERSOLD,BEARISH,22.145
3944,3025.714,3027.883,3017.896,3025.483,15144,10366.681892982897,1,OVERSOLD,OVERSOLD,BEARISH,22.214
3945,3025.508,3040.929,3021.97,3036.464,20045,10366.681892982897,1,NEUTRAL,OVERSOLD,BEARISH,22.848
3946,3036.423,3040.902,2999.824,3009.903,27356,9564.105046032146,2,NEUTRAL,OVERSOLD,BEARISH,25.106
3947,3009.929,3017.124,2977.024,2999.944,28246,9564.105046032146,1,OVERSOLD,OVERSOLD,BEARISH,27.151
3948,2999.954,3009.706,2970.689,2978.978,34179,11376.0117083148,1,OVERSOLD,OVERSOLD,BEARISH,28.818
3949,2978.939,3055.714,2972.065,3038.425,75921,11376.0117083148,1,NEUTRAL,OVERSOLD,BEARISH,33.933
3950,3038.383,3055.804,3024.274,3025.844,37103,11376.0117083148,1,NEUTRAL,OVERSOLD,BEARISH,34.351
3951,3025.82,3034.077,3017.11,3018.884,22959,11376.0117083148,1,NEUTRAL,NEUTRAL,BEARISH,32.622
3952,3018.951,3035.68,3018.951,3035.47,14261,11376.0117083148,1,NEUTRAL,NEUTRAL,BULLISH,30.788
3953,3035.425,3044.629,3024.9,3032.003,20501,11376.0117083148,1,OVERBOUGHT,NEUTRAL,BULLISH,30.209
3954,3031.959,3033.584,3016.667,3029.887,29298,11376.0117083148,1,NEUTRAL,NEUTRAL,BULLISH,28.921
3955,3029.928,3030.798,3013.2,3018.569,37963,11376.0117083148,1,NEUTRAL,NEUTRAL,BULLISH,27.779
3956,3018.527,3035.525,3017.652,3031.224,24182,11376.0117083148,1,NEUTRAL,NEUTRAL,BULLISH,27.684
3957,3031.425,3033.449,3019.527,3025.163,20048,11376.0117083148,1,NEUTRAL,NEUTRAL,BULLISH,27.437
3958,3025.192,3036.473,3024.1,3031.415,21976,11376.0117083148,1,NEUTRAL,NEUTRAL,BULLISH,27.608
3959,3031.372,3046.148,3030.221,3031.321,24822,11376.0117083148,1,NEUTRAL,NEUTRAL,BULLISH,27.391
3960,3031.369,3032.943,3014.735,3031.164,37221,11376.0117083148,1,OVERBOUGHT,OVERBOUGHT,BULLISH,25.758
3961,3031.079,3034.213,3002.122,3015.48,49791,11376.0117083148,1,OVERSOLD,NEUTRAL,BULLISH,25.186
3962,3015.431,3038.018,2996.453,2999.309,75891,11376.0117083148,1,OVERSOLD,NEUTRAL,BULLISH,25.368
3963,2999.351,3004.853,2979.826,2987.491,42409,11376.0117083148,1,OVERSOLD,NEUTRAL,BEARISH,21.18
3964,2987.526,2987.849,2969.864,2970.629,26182,11376.0117083148,1,OVERSOLD,OVERSOLD,BEARISH,20.213
3965,2970.654,2975.218,2956.302,2970.05,35161,11376.0117083148,1,OVERSOLD,OVERSOLD,BEARISH,20.352
3966,2970.085,2976.717,2963.985,2965.824,17036,11376.0117083148,1,OVERSOLD,OVERSOLD,BEARISH,20.062
3967,2965.778,2982.08,2965.332,2976.636,16471,11376.0117083148,1,OVERSOLD,OVERSOLD,BEARISH,19.849
3968,2976.704,2988.636,2969.926,2986.678,15281,11376.0117083148,2,NEUTRAL,OVERSOLD,BEARISH,19.977
3969,2986.678,2992.659,2978.548,2985.399,23161,11615.60186307847,2,OVERBOUGHT,OVERSOLD,BEARISH,19.728
3970,2985.357,3003.183,2983.566,2999.716,27921,11615.60186307847,1,OVERBOUGHT,NEUTRAL,BULLISH,19.852
3971,2999.843,3004.873,2998.275,3000.864,13821,11615.60186307847,1,OVERBOUGHT,NEUTRAL,BULLISH,19.329
3972,3000.909,3001.059,2993.062,2994.741,12426,11615.60186307847,1,OVERBOUGHT,NEUTRAL,BULLISH,19.017
3973,2994.716,3008.36,2990.88,3005.599,23861,11615.60186307847,2,OVERBOUGHT,NEUTRAL,BULLISH,19.128
3974,3005.651,3015.779,3002.462,3013.25,18546,11615.60186307847,1,OVERBOUGHT,NEUTRAL,BULLISH,18.778
3975,3013.276,3013.914,3001.99,3003.607,20435,11615.60186307847,1,NEUTRAL,NEUTRAL,BULLISH,17.338
3976,3003.579,3009.302,2994.795,3006.824,24133,11615.60186307847,2,NEUTRAL,OVERBOUGHT,BULLISH,15.405
3977,3006.862,3019.502,3004.11,3017.379,18534,11615.60186307847,2,OVERBOUGHT,OVERBOUGHT,BULLISH,14.717
3978,3017.456,3019.434,3002.358,3002.509,17424,11615.60186307847,1,NEUTRAL,OVERBOUGHT,BULLISH,14.652
3979,3002.573,3022.746,3002.544,3010.414,27450,11615.60186307847,1,NEUTRAL,OVERBOUGHT,BULLISH,14.746
3980,3010.319,3018.178,3005.888,3006.181,20339,11615.60186307847,1,NEUTRAL,OVERBOUGHT,BULLISH,14.715
3981,3006.215,3012.395,3001.222,3001.545,14141,11615.60186307847,1,NEUTRAL,OVERBOUGHT,BULLISH,14.316
3982,3001.596,3001.596,2984.324,2986.021,16599,11615.60186307847,1,OVERSOLD,NEUTRAL,BULLISH,14.214
3983,2986.062,2987.368,2974.596,2985.158,18452,11615.60186307847,1,OVERSOLD,NEUTRAL,BULLISH,14.118
3984,2985.049,2992.38,2979.367,2983.636,11769,11615.60186307847,1,OVERSOLD,OVERSOLD,BEARISH,13.646
3985,2983.598,2987.565,2976.701,2982.305,15481,11615.60186307847,2,OVERSOLD,OVERSOLD,BEARISH,13.951
3986,2984.367,2990.869,2969.978,2978.398,16391,11615.60186307847,2,OVERSOLD,OVERSOLD,BEARISH,14.872
3987,2978.425,2987.058,2974.776,2980.345,18342,12327.838193578931,1,OVERSOLD,OVERSOLD,BEARISH,14.501
3988,2980.393,3009.858,2972.457,3008.771,32669,12327.838193578931,1,OVERBOUGHT,NEUTRAL,BULLISH,16.221
3989,3008.715,3011.253,2999.897,3002.984,15830,12327.838193578931,1,OVERBOUGHT,NEUTRAL,BULLISH,16.18
3990,3002.923,3014.175,2999.481,3012.337,26309,12327.838193578931,2,OVERBOUGHT,OVERBOUGHT,BULLISH,16.194
3991,3012.37,3020.537,3005.502,3015.45,18215,12327.838193578931,1,OVERBOUGHT,OVERBOUGHT,BULLISH,16.168
3992,3015.489,3040.918,3014.561,3039.09,22937,12327.838193578931,1,OVERBOUGHT,OVERBOUGHT,BULLISH,16.831
3993,3039.06,3052.419,3034.366,3041.091,21214,12327.838193578931,1,OVERBOUGHT,OVERBOUGHT,BULLISH,16.675
3994,3041.05,3051.205,3038.14,3044.048,14632,12327.838193578931,1,OVERBOUGHT,OVERBOUGHT,BULLISH,16.731
3995,3043.951,3049.68,3038.195,3042.884,23318,12327.838193578931,2,OVERBOUGHT,OVERBOUGHT,BULLISH,16.753
3996,3042.91,3068.139,3036.074,3066.596,27629,12327.838193578931,1,OVERBOUGHT,OVERBOUGHT,BULLISH,17.81
3997,3066.631,3073.049,3042.626,3047.418,29408,12327.838193578931,1,NEUTRAL,OVERBOUGHT,BULLISH,19.07
3998,3047.446,3077.986,3047.256,3075.336,33300,12327.838193578931,1,OVERBOUGHT,OVERBOUGHT,BULLISH,20.336
3999,3075.286,3084.64,3068.387,3070.576,21524,12327.838193578931,1,NEUTRAL,OVERBOUGHT,BULLISH,20.721
4000,3070.494,3087.778,3065.283,3086.288,15863,12327.838193578931,1,OVERBOUGHT,OVERBOUGHT,BULLISH,20.835
4001,3086.33,3099.069,3051.123,3059.983,58597,12327.838193578931,2,NEUTRAL,OVERBOUGHT,BULLISH,23.383
4002,3059.942,3073.556,3048.521,3067.141,29189,12327.838193578931,1,NEUTRAL,OVERBOUGHT,BULLISH,22.499
4003,3067.216,3099.665,3064.241,3093.548,22384,12327.838193578931,1,NEUTRAL,OVERBOUGHT,BULLISH,24.219
4004,3093.515,3095.551,3071.437,3080.057,18272,12327.838193578931,2,NEUTRAL,OVERBOUGHT,BULLISH,24.891
4005,3080.052,3101.404,3079.567,3097.201,25311,12578.65122276189,2,NEUTRAL,OVERBOUGHT,BULLISH,25.377
4006,3097.171,3100.613,3078.448,3094.078,23975,12578.65122276189,1,OVERBOUGHT,OVERBOUGHT,BULLISH,25.078
4007,3094.069,3120.389,3093.894,3119.296,22525,12578.65122276189,1,OVERBOUGHT,OVERBOUGHT,BULLISH,25.681
4008,3119.256,3131.797,3115.295,3125.403,14852,12578.65122276189,1,OVERBOUGHT,OVERBOUGHT,BULLISH,25.926
4009,3125.365,3132.57,3112.725,3122.424,21008,12578.65122276189,2,OVERBOUGHT,OVERBOUGHT,BULLISH,26.523
4010,3122.387,3126.345,3106.611,3108.703,28198,12578.65122276189,2,NEUTRAL,OVERBOUGHT,BULLISH,25.643
4011,3108.704,3115.783,3104.686,3105.075,14016,12578.65122276189,1,NEUTRAL,OVERBOUGHT,BULLISH,24.262
4012,3105.075,3122.605,3103.182,3120.046,21883,12578.65122276189,2,NEUTRAL,OVERBOUGHT,BULLISH,23.455
4013,3120.096,3133.993,3113.158,3123.114,35164,12578.65122276189,2,NEUTRAL,OVERBOUGHT,BULLISH,23.782
4014,3123.139,3136.625,3116.039,3116.956,26652,12578.65122276189,1,NEUTRAL,OVERBOUGHT,BULLISH,23.646
4015,3116.918,3154.884,3116.827,3154.647,27927,12578.65122276189,1,OVERBOUGHT,OVERBOUGHT,BULLISH,22.939
4016,3154.621,3174.993,3154.437,3157.996,23060,12578.65122276189,1,OVERBOUGHT,OVERBOUGHT,BULLISH,22.619
4017,3158.014,3167.287,3153.956,3158.572,22103,12578.65122276189,1,OVERBOUGHT,OVERBOUGHT,BULLISH,21.041
4018,3158.538,3165.538,3151.545,3162.772,14769,12578.65122276189,1,OVERBOUGHT,OVERBOUGHT,BULLISH,20.318
4019,3162.774,3176.428,3158.001,3170.773,22587,12578.65122276189,2,OVERBOUGHT,OVERBOUGHT,BULLISH,20.075
4020,3170.749,3190.332,3168.493,3188.888,14715,12578.65122276189,2,OVERBOUGHT,OVERBOUGHT,BULLISH,20.051
4021,3188.926,3217.907,3183.054,3205.6,35636,12901.466185673455,2,OVERBOUGHT,OVERBOUGHT,BULLISH,20.648
4022,3205.55,3219.465,3201.018,3207.168,31315,12901.466185673455,1,OVERBOUGHT,OVERBOUGHT,BULLISH,20.787
4023,3207.209,3219.899,3205.993,3217.394,16484,12901.466185673455,1,OVERBOUGHT,OVERBOUGHT,BULLISH,20.363
4024,3217.354,3220.133,3208.455,3208.601,20060,12901.466185673455,2,OVERBOUGHT,OVERBOUGHT,BULLISH,19.788
4025,3208.581,3219.251,3187.126,3195.798,24415,12901.466185673455,1,NEUTRAL,OVERBOUGHT,BULLISH,21.29
4026,3195.773,3209.574,3190.225,3197.219,22714,12901.466185673455,1,NEUTRAL,OVERBOUGHT,BULLISH,21.284
4027,3197.243,3213.128,3193.912,3212.406,17196,12901.466185673455,1,NEUTRAL,OVERBOUGHT,BULLISH,21.169
4028,3212.43,3227.449,3208.511,3215.96,21818,12901.466185673455,1,NEUTRAL,OVERBOUGHT,BULLISH,21.051
4029,3215.984,3230.145,3211.935,3227.776,15526,12901.466185673455,1,OVERBOUGHT,OVERBOUGHT,BULLISH,19.633
4030,3227.741,3237.815,3210.091,3212.572,18476,12901.466185673455,1,NEUTRAL,OVERBOUGHT,BEARISH,20.145
4031,3212.642,3224.701,3211.495,3213.872,17627,12901.466185673455,1,NEUTRAL,OVERBOUGHT,BEARISH,20.137
4032,3213.91,3234.017,3211.033,3233.669,21819,12901.466185673455,1,OVERBOUGHT,OVERBOUGHT,BEARISH,20.779
4033,3233.65,3244.158,3219.64,3224.108,31688,12901.466185673455,1,NEUTRAL,OVERBOUGHT,BEARISH,21.214
4034,3224.117,3237.819,3222.909,3230.264,27823,12901.466185673455,1,NEUTRAL,OVERBOUGHT,BEARISH,20.719
4035,3230.226,3242.093,3229.404,3240.602,15636,12901.466185673455,1,OVERBOUGHT,OVERBOUGHT,BEARISH,19.136
4036,3240.601,3245.436,3219.561,3223.263,16033,12901.466185673455,1,NEUTRAL,OVERBOUGHT,BEARISH,19.666
4037,3223.318,3235.558,3223.318,3233.951,15028,12901.466185673455,1,NEUTRAL,OVERBOUGHT,BEARISH,19.551
4038,3234.0,3238.305,3227.462,3231.084,17737,12901.466185673455,2,NEUTRAL,OVERBOUGHT,BEARISH,19.492
4039,3231.057,3238.968,3213.589,3221.333,15311,11751.290834656937,2,NEUTRAL,OVERBOUGHT,BEARISH,19.01
4040,3221.374,3227.234,3216.864,3221.016,19344,11688.965517070561,2,OVERSOLD,NEUTRAL,BEARISH,18.368
4041,3221.04,3243.601,3215.38,3239.702,22027,11688.965517070561,1,NEUTRAL,NEUTRAL,BEARISH,19.012
4042,3239.673,3245.757,3229.538,3232.001,14171,11688.965517070561,1,NEUTRAL,NEUTRAL,BEARISH,18.817
4043,3231.956,3235.8,3226.137,3227.431,15972,11688.965517070561,2,NEUTRAL,NEUTRAL,BEARISH,18.207
4044,3227.39,3238.157,3221.386,3231.059,22319,11688.965517070561,2,NEUTRAL,NEUTRAL,BEARISH,17.424
4045,3231.086,3233.725,3216.566,3227.023,24186,11688.965517070561,2,NEUTRAL,NEUTRAL,BEARISH,17.707
4046,3227.02,3231.742,3206.323,3215.266,26753,11688.965517070561,2,OVERSOLD,NEUTRAL,BEARISH,17.881
4047,3215.235,3227.71,3200.514,3206.788,31404,11688.965517070561,2,OVERSOLD,OVERSOLD,BEARISH,18.072
4048,3206.744,3210.684,3193.552,3204.628,30940,11688.965517070561,1,OVERSOLD,OVERSOLD,BEARISH,18.231
4049,3204.56,3215.725,3196.365,3198.051,24809,11688.965517070561,2,OVERSOLD,OVERSOLD,BEARISH,18.707
4050,3198.089,3216.602,3197.637,3214.045,18930,11688.965517070561,2,NEUTRAL,OVERSOLD,BEARISH,18.214
4051,3214.138,3214.871,3201.379,3212.699,13664,11688.965517070561,2,NEUTRAL,OVERSOLD,BEARISH,18.299
4052,3212.745,3215.245,3207.342,3211.862,17652,11309.568007508286,4,NEUTRAL,NEUTRAL,BEARISH,18.089
4053,3211.827,3225.98,3209.977,3223.662,13299,11309.568007508286,1,OVERBOUGHT,NEUTRAL,BEARISH,17.42
4054,3223.705,3228.966,3218.719,3228.304,15424,11309.568007508286,2,OVERBOUGHT,NEUTRAL,BEARISH,17.411
4055,3228.345,3232.704,3220.817,3224.644,14259,11309.568007508286,2,OVERBOUGHT,NEUTRAL,BEARISH,16.244
4056,3224.685,3228.756,3217.361,3225.623,17000,11309.568007508286,2,OVERBOUGHT,NEUTRAL,BEARISH,15.899
4057,3225.65,3232.139,3221.116,3222.458,17556,11309.568007508286,2,OVERBOUGHT,NEUTRAL,BEARISH,15.997
4058,3222.569,3226.895,3216.776,3220.164,13925,11309.568007508286,2,NEUTRAL,NEUTRAL,BEARISH,15.521
4059,3220.192,3226.323,3211.575,3213.122,24947,11309.568007508286,2,OVERSOLD,NEUTRAL,BEARISH,15.349
4060,3213.147,3226.861,3213.147,3222.683,15250,11309.568007508286,1,NEUTRAL,NEUTRAL,BEARISH,14.515
4061,3222.682,3224.079,3217.059,3221.473,13034,11309.568007508286,2,NEUTRAL,NEUTRAL,BEARISH,13.074
4062,3221.396,3231.877,3220.338,3229.793,16163,11309.568007508286,3,NEUTRAL,OVERBOUGHT,BEARISH,12.674
4063,3229.831,3251.826,3226.428,3251.78,17864,11309.568007508286,3,OVERBOUGHT,OVERBOUGHT,BULLISH,13.106
4064,3251.804,3268.064,3251.59,3264.5,15969,11404.490102031306,1,OVERBOUGHT,OVERBOUGHT,BULLISH,12.928
4065,3264.473,3275.104,3256.014,3270.263,18968,11404.490102031306,1,OVERBOUGHT,OVERBOUGHT,BULLISH,13.327
4066,3270.216,3281.75,3266.135,3281.401,19685,11404.490102031306,2,OVERBOUGHT,OVERBOUGHT,BULLISH,13.878
4067,3281.401,3291.782,3269.347,3289.765,19884,11404.490102031306,2,OVERBOUGHT,OVERBOUGHT,BULLISH,14.338
4068,3289.814,3300.703,3285.986,3300.41,24919,11404.490102031306,2,OVERBOUGHT,OVERBOUGHT,BULLISH,14.657
4069,3300.458,3317.821,3288.588,3307.048,23033,11404.490102031306,1,OVERBOUGHT,OVERBOUGHT,BULLISH,15.896
4070,3307.092,3310.906,3299.598,3304.074,19157,11404.490102031306,2,OVERBOUGHT,OVERBOUGHT,BULLISH,15.89
4071,3304.175,3313.72,3293.164,3306.842,16090,11404.490102031306,1,OVERBOUGHT,OVERBOUGHT,BULLISH,16.571
4072,3306.798,3313.42,3302.436,3307.343,14977,11404.490102031306,1,OVERBOUGHT,OVERBOUGHT,BULLISH,16.633
4073,3307.359,3316.499,3296.86,3311.587,20612,11404.490102031306,1,OVERBOUGHT,OVERBOUGHT,BULLISH,16.982
4074,3311.648,3319.62,3306.147,3308.425,20995,11404.490102031306,1,NEUTRAL,OVERBOUGHT,BULLISH,16.963
4075,3308.538,3328.212,3305.294,3325.328,16273,11404.490102031306,1,OVERBOUGHT,OVERBOUGHT,BULLISH,18.098
4076,3325.288,3333.003,3321.433,3327.249,12371,11404.490102031306,1,OVERBOUGHT,OVERBOUGHT,BULLISH,18.101
4077,3327.277,3340.734,3324.466,3338.31,21091,11404.490102031306,2,OVERBOUGHT,OVERBOUGHT,BULLISH,17.449
4078,3338.399,3342.665,3334.437,3342.198,14701,11404.490102031306,2,OVERBOUGHT,OVERBOUGHT,BULLISH,16.86
4079,3343.801,3357.758,3343.035,3350.133,16625,11404.490102031306,2,OVERBOUGHT,OVERBOUGHT,BULLISH,16.607
4080,3350.168,3351.299,3342.027,3345.428,12422,11542.70136215531,1,OVERBOUGHT,OVERBOUGHT,BULLISH,16.154
4081,3345.353,3356.281,3320.801,3323.912,34804,11542.70136215531,1,NEUTRAL,OVERBOUGHT,BULLISH,17.086
4082,3323.888,3340.669,3321.086,3340.392,17571,11542.70136215531,1,NEUTRAL,OVERBOUGHT,BULLISH,17.434
4083,3340.367,3344.57,3337.404,3341.485,18581,11542.70136215531,2,NEUTRAL,NEUTRAL,BEARISH,15.857
4084,3341.531,3345.47,3325.204,3328.931,25515,11542.70136215531,2,NEUTRAL,NEUTRAL,BEARISH,16.497
4085,3328.899,3330.073,3314.279,3323.323,17859,11542.70136215531,1,NEUTRAL,NEUTRAL,BEARISH,16.157
4086,3323.36,3326.897,3312.657,3321.603,19558,11542.70136215531,2,NEUTRAL,NEUTRAL,BEARISH,16.39
4087,3321.593,3334.172,3321.053,3327.371,19533,11542.70136215531,2,OVERSOLD,NEUTRAL,BEARISH,15.924
4088,3327.322,3342.433,3322.144,3328.196,17159,11542.70136215531,1,OVERSOLD,NEUTRAL,BEARISH,16.411
4089,3328.22,3332.025,3311.956,3315.081,24940,11542.70136215531,1,OVERSOLD,NEUTRAL,BEARISH,16.207
4090,3315.055,3315.055,3283.822,3291.38,38188,11542.70136215531,1,OVERSOLD,OVERSOLD,BEARISH,17.614
4091,3291.412,3304.843,3290.596,3296.431,19360,11542.70136215531,1,OVERSOLD,OVERSOLD,BEARISH,17.469
4092,3296.335,3318.709,3294.904,3316.089,14287,11542.70136215531,1,NEUTRAL,OVERSOLD,BEARISH,18.582
4093,3316.142,3322.519,3314.309,3316.43,16317,11542.70136215531,2,NEUTRAL,NEUTRAL,BEARISH,18.057
4094,3316.404,3328.807,3310.985,3327.671,12443,11542.70136215531,2,NEUTRAL,NEUTRAL,BEARISH,18.668
4095,3331.849,3353.153,3331.288,3345.962,13355,10537.24170861671,1,OVERBOUGHT,NEUTRAL,BEARISH,17.954
4096,3345.971,3370.665,3343.395,3368.678,26825,10709.35757763734,2,OVERBOUGHT,OVERBOUGHT,BULLISH,18.503
4097,3368.718,3378.54,3367.271,3377.496,20496,10709.35757763734,1,OVERBOUGHT,OVERBOUGHT,BULLISH,18.796
4098,3377.533,3384.981,3374.194,3384.798,12979,10709.35757763734,1,OVERBOUGHT,OVERBOUGHT,BULLISH,18.119
4099,3384.757,3385.294,3369.598,3376.349,19117,10709.35757763734,2,OVERBOUGHT,OVERBOUGHT,BULLISH,18.112
4100,3376.359,3385.867,3375.877,3385.379,11685,10709.35757763734,1,OVERBOUGHT,OVERBOUGHT,BULLISH,17.808
4101,3385.338,3393.195,3382.468,3392.163,12895,10709.35757763734,1,OVERBOUGHT,OVERBOUGHT,BULLISH,17.637
4102,3392.138,3396.017,3381.82,3385.058,11794,10709.35757763734,1,NEUTRAL,OVERBOUGHT,BULLISH,17.202
4103,3385.031,3397.028,3383.677,3394.893,18244,10709.35757763734,2,NEUTRAL,OVERBOUGHT,BULLISH,16.722
4104,3394.901,3405.924,3386.401,3404.443,20586,10709.35757763734,2,OVERBOUGHT,OVERBOUGHT,BULLISH,15.884
4105,3404.515,3415.743,3398.008,3414.86,15444,10709.35757763734,1,OVERBOUGHT,OVERBOUGHT,BULLISH,16.133
4106,3414.828,3426.785,3405.142,3420.522,27560,10709.35757763734,1,OVERBOUGHT,OVERBOUGHT,BULLISH,15.979
4107,3420.423,3430.279,3408.889,3416.707,23775,10709.35757763734,1,OVERBOUGHT,OVERBOUGHT,BULLISH,16.92
4108,3416.751,3426.144,3407.934,3422.941,17836,10709.35757763734,1,OVERBOUGHT,OVERBOUGHT,BULLISH,16.948
4109,3422.897,3424.043,3410.246,3414.596,11954,10709.35757763734,1,NEUTRAL,OVERBOUGHT,BULLISH,16.113
4110,3414.648,3422.928,3405.988,3422.507,11482,10709.35757763734,1,NEUTRAL,OVERBOUGHT,BULLISH,15.375
4111,3422.554,3430.547,3417.436,3423.458,16980,10709.35757763734,2,NEUTRAL,OVERBOUGHT,BULLISH,15.507
4112,3423.486,3435.874,3419.628,3431.058,13544,10709.35757763734,2,OVERBOUGHT,OVERBOUGHT,BULLISH,15.897
4113,3431.096,3444.267,3429.37,3434.548,13365,10709.35757763734,1,OVERBOUGHT,OVERBOUGHT,BULLISH,15.84
4114,3434.524,3435.457,3412.18,3425.491,25685,11860.013998814737,1,NEUTRAL,OVERBOUGHT,BEARISH,16.789
4115,3425.503,3455.035,3421.55,3452.935,25941,11860.013998814737,1,OVERBOUGHT,OVERBOUGHT,BULLISH,18.414
4116,3452.981,3476.065,3442.45,3473.092,22485,11860.013998814737,1,OVERBOUGHT,OVERBOUGHT,BULLISH,19.801
4117,3473.062,3494.773,3472.085,3487.776,20694,11860.013998814737,1,OVERBOUGHT,OVERBOUGHT,BULLISH,20.468
4118,3487.894,3488.525,3479.516,3484.412,13310,11860.013998814737,1,OVERBOUGHT,OVERBOUGHT,BULLISH,19.717
4119,3484.52,3495.554,3473.467,3494.319,18611,11860.013998814737,1,OVERBOUGHT,OVERBOUGHT,BULLISH,20.028
4120,3494.344,3500.033,3475.208,3479.727,33079,11860.013998814737,1,OVERBOUGHT,OVERBOUGHT,BULLISH,20.255
4121,3479.756,3480.663,3460.861,3468.67,27118,11860.013998814737,1,NEUTRAL,OVERBOUGHT,BULLISH,20.142
4122,3468.656,3472.65,3443.151,3443.965,19427,11860.013998814737,1,OVERSOLD,NEUTRAL,BEARISH,20.948
4123,3444.02,3458.76,3443.989,3454.619,17976,11860.013998814737,1,OVERSOLD,NEUTRAL,BEARISH,21.02
4124,3454.619,3468.278,3451.339,3452.297,17019,11860.013998814737,1,OVERSOLD,NEUTRAL,BEARISH,21.02
4125,3452.301,3461.272,3448.08,3456.721,14020,11860.013998814737,1,OVERSOLD,NEUTRAL,BEARISH,21.025
4126,3456.706,3464.803,3424.256,3431.593,30942,11860.013998814737,1,OVERSOLD,NEUTRAL,BEARISH,22.761
4127,3431.619,3449.705,3408.597,3418.726,47290,11860.013998814737,1,OVERSOLD,OVERSOLD,BEARISH,24.633
4128,3418.704,3438.966,3418.034,3429.945,26117,11860.013998814737,1,OVERSOLD,OVERSOLD,BEARISH,24.466
4129,3430.043,3433.216,3410.299,3417.669,22735,11860.013998814737,1,OVERSOLD,OVERSOLD,BEARISH,23.711
4130,3417.62,3421.043,3371.994,3393.038,49323,11860.013998814737,1,OVERSOLD,OVERSOLD,BEARISH,24.813
4131,3392.991,3410.317,3386.082,3401.837,29071,11860.013998814737,1,OVERSOLD,OVERSOLD,BEARISH,24.924
4132,3401.879,3402.588,3373.195,3381.391,15379,11860.013998814737,1,OVERSOLD,OVERSOLD,BEARISH,26.38
4133,3381.488,3385.824,3366.718,3374.789,16415,11860.013998814737,1,OVERSOLD,OVERSOLD,BEARISH,26.167
4134,3374.818,3382.71,3315.828,3327.947,34700,11860.013998814737,2,OVERSOLD,OVERSOLD,BEARISH,29.171
4135,3327.993,3349.967,3326.849,3336.561,19653,11860.013998814737,1,OVERSOLD,OVERSOLD,BEARISH,29.408
4136,3336.607,3371.307,3334.617,3367.865,20797,12691.921395753016,1,NEUTRAL,OVERSOLD,BEARISH,29.922
4137,3367.949,3386.646,3359.01,3379.26,40005,12691.921395753016,1,NEUTRAL,OVERSOLD,BEARISH,30.839
4138,3379.252,3379.981,3348.721,3354.221,24828,12691.921395753016,1,NEUTRAL,NEUTRAL,BEARISH,31.862
4139,3354.141,3355.631,3329.203,3338.878,29047,12691.921395753016,1,NEUTRAL,OVERSOLD,BEARISH,32.807
4140,3338.944,3349.355,3315.929,3319.116,35055,12691.921395753016,2,NEUTRAL,OVERSOLD,BEARISH,32.299
4141,3319.14,3325.952,3291.789,3301.141,37665,12691.921395753016,1,OVERSOLD,OVERSOLD,BEARISH,31.802
4142,3301.184,3320.551,3301.184,3319.13,18494,12691.921395753016,1,OVERSOLD,OVERSOLD,BEARISH,31.694
4143,3319.185,3321.545,3305.439,3321.506,12831,12691.921395753016,1,OVERSOLD,OVERSOLD,BEARISH,31.207
4144,3321.589,3340.536,3317.239,3317.745,16404,12691.921395753016,1,NEUTRAL,OVERSOLD,BEARISH,29.368
4145,3317.718,3336.368,3316.661,3330.039,13665,12691.921395753016,1,NEUTRAL,OVERSOLD,BEARISH,29.044
4146,3330.084,3339.051,3321.675,3324.594,15676,12691.921395753016,1,OVERBOUGHT,NEUTRAL,BEARISH,28.186
4147,3324.677,3333.357,3310.587,3310.857,22535,12691.921395753016,1,NEUTRAL,OVERSOLD,BEARISH,28.448
4148,3310.821,3313.727,3271.164,3277.522,47407,12691.921395753016,1,OVERSOLD,OVERSOLD,BEARISH,26.711
4149,3277.472,3296.293,3260.042,3287.45,45046,12691.921395753016,1,OVERSOLD,OVERSOLD,BEARISH,27.649
4150,3287.49,3294.37,3269.103,3280.424,35487,12691.921395753016,1,OVERSOLD,OVERSOLD,BEARISH,26.833
4151,3280.386,3305.6,3279.135,3295.157,18869,12691.921395753016,1,NEUTRAL,OVERSOLD,BEARISH,26.749
4152,3295.043,3301.483,3277.823,3281.391,17468,12691.921395753016,1,NEUTRAL,OVERSOLD,BEARISH,26.206
4153,3281.35,3297.206,3277.891,3293.858,19286,12691.921395753016,2,NEUTRAL,OVERSOLD,BEARISH,25.698
4154,3293.943,3315.908,3283.903,3309.088,17518,12691.921395753016,2,NEUTRAL,NEUTRAL,BULLISH,25.597
4155,3309.143,3339.116,3308.248,3331.703,24551,12873.547929490822,2,OVERBOUGHT,NEUTRAL,BULLISH,25.361
4156,3331.679,3367.546,3330.792,3357.466,38701,12873.547929490822,1,OVERBOUGHT,OVERBOUGHT,BULLISH,26.6
4157,3357.44,3363.43,3335.746,3342.155,23145,12873.547929490822,1,OVERBOUGHT,OVERBOUGHT,BULLISH,27.427
4158,3342.13,3342.715,3320.548,3327.074,17654,12873.547929490822,1,NEUTRAL,OVERBOUGHT,BULLISH,27.347
4159,3326.906,3335.521,3320.467,3323.748,21007,12873.547929490822,2,NEUTRAL,NEUTRAL,BULLISH,27.014
4160,3323.711,3328.147,3314.742,3324.581,22366,12873.547929490822,1,NEUTRAL,NEUTRAL,BULLISH,26.731
4161,3324.554,3339.837,3323.096,3333.733,17945,12873.547929490822,1,OVERSOLD,NEUTRAL,BULLISH,26.3
4162,3333.686,3342.926,3325.428,3335.659,22878,12873.547929490822,2,NEUTRAL,NEUTRAL,BULLISH,24.51
4163,3335.709,3343.988,3325.627,3336.932,21822,12873.547929490822,2,OVERBOUGHT,NEUTRAL,BULLISH,23.232
4164,3336.948,3344.719,3335.423,3335.909,14350,12873.547929490822,1,OVERBOUGHT,NEUTRAL,BULLISH,22.091
4165,3335.934,3336.235,3312.524,3315.348,27816,12873.547929490822,1,NEUTRAL,NEUTRAL,BULLISH,21.894
4166,3315.376,3330.405,3306.739,3327.519,25605,12873.547929490822,1,NEUTRAL,NEUTRAL,BULLISH,21.895
4167,3327.486,3330.496,3319.515,3329.391,16490,12873.547929490822,1,NEUTRAL,NEUTRAL,BULLISH,21.299
4168,3329.365,3338.655,3322.437,3336.724,22044,12873.547929490822,2,NEUTRAL,NEUTRAL,BULLISH,20.172
4169,3336.711,3347.035,3333.42,3342.226,13410,12873.547929490822,2,NEUTRAL,NEUTRAL,BULLISH,18.939
4170,3342.266,3370.789,3338.128,3367.039,14023,12873.547929490822,2,OVERBOUGHT,NEUTRAL,BULLISH,18.647
4171,3367.071,3368.162,3346.946,3357.678,28051,12920.571142555187,2,OVERBOUGHT,OVERBOUGHT,BULLISH,18.185
4172,3357.653,3363.132,3342.906,3345.67,18189,12920.571142555187,1,NEUTRAL,OVERBOUGHT,BULLISH,18.046
4173,3345.769,3354.232,3322.632,3323.655,24986,12920.571142555187,2,NEUTRAL,NEUTRAL,BULLISH,19.228
4174,3323.681,3327.775,3316.342,3324.777,17305,12920.571142555187,1,NEUTRAL,NEUTRAL,BULLISH,19.087
4175,3324.829,3327.19,3287.012,3294.268,25386,12920.571142555187,1,OVERSOLD,OVERSOLD,BEARISH,20.761
4176,3294.149,3306.241,3287.493,3304.406,24246,12920.571142555187,1,OVERSOLD,OVERSOLD,BEARISH,20.851
4177,3304.359,3314.553,3303.105,3307.407,14164,12920.571142555187,1,OVERSOLD,OVERSOLD,BEARISH,20.357
4178,3307.381,3307.924,3291.928,3303.838,13828,12920.571142555187,1,OVERSOLD,OVERSOLD,BEARISH,20.836
4179,3303.864,3308.763,3291.956,3298.027,23675,12920.571142555187,2,OVERSOLD,OVERSOLD,BEARISH,20.342
4180,3298.019,3303.054,3287.911,3292.675,26390,12920.571142555187,2,NEUTRAL,OVERSOLD,BEARISH,19.734
4181,3292.644,3292.893,3265.072,3281.289,37960,12920.571142555187,1,OVERSOLD,OVERSOLD,BEARISH,20.936
4182,3281.138,3287.235,3274.602,3277.934,21770,12920.571142555187,1,OVERSOLD,OVERSOLD,BEARISH,20.68
4183,3278.019,3285.475,3270.133,3282.883,13204,12920.571142555187,1,OVERSOLD,OVERSOLD,BEARISH,20.804
4184,3282.882,3295.164,3280.338,3293.341,19837,12920.571142555187,2,NEUTRAL,OVERSOLD,BEARISH,19.53
4185,3293.291,3312.464,3287.86,3304.818,17093,12920.571142555187,2,NEUTRAL,OVERSOLD,BEARISH,19.772
4186,3304.856,3330.256,3304.569,3310.701,18673,11792.143732153107,2,OVERBOUGHT,NEUTRAL,BULLISH,20.162
4187,3310.708,3318.131,3298.606,3302.739,14555,11792.143732153107,1,OVERBOUGHT,NEUTRAL,BULLISH,19.299
4188,3302.791,3315.965,3301.594,3314.158,15761,11885.185598932178,1,OVERBOUGHT,NEUTRAL,BULLISH,19.509
4189,3314.14,3315.282,3279.148,3280.902,29578,11885.185598932178,1,NEUTRAL,NEUTRAL,BULLISH,19.22
4190,3280.937,3286.396,3268.102,3280.809,21177,11885.185598932178,1,OVERSOLD,NEUTRAL,BEARISH,19.188
4191,3280.784,3299.053,3280.372,3298.901,19098,11885.185598932178,2,NEUTRAL,NEUTRAL,BULLISH,19.705
4192,3298.913,3301.054,3281.838,3283.399,23974,11885.185598932178,2,NEUTRAL,NEUTRAL,BEARISH,19.935
4193,3283.427,3292.577,3277.645,3287.466,14394,11885.185598932178,1,NEUTRAL,NEUTRAL,BULLISH,19.801
4194,3287.437,3288.551,3274.477,3274.507,17838,11885.185598932178,2,NEUTRAL,OVERSOLD,BEARISH,19.724
4195,3274.54,3297.183,3273.268,3294.176,20930,11885.185598932178,2,NEUTRAL,NEUTRAL,BULLISH,19.445
4196,3294.225,3302.284,3292.676,3296.214,12685,11885.185598932178,1,NEUTRAL,NEUTRAL,BULLISH,19.229
4197,3296.179,3301.31,3286.851,3293.159,20956,11885.185598932178,1,NEUTRAL,NEUTRAL,BULLISH,19.166
4198,3293.166,3333.206,3293.105,3328.593,26457,11885.185598932178,1,OVERBOUGHT,NEUTRAL,BULLISH,20.972
4199,3328.568,3335.999,3319.096,3325.005,18374,11885.185598932178,1,OVERBOUGHT,OVERBOUGHT,BULLISH,20.421
4200,3325.046,3339.258,3324.496,3336.556,13263,11885.185598932178,1,OVERBOUGHT,OVERBOUGHT,BULLISH,19.641
4201,3336.581,3349.842,3333.221,3349.015,19614,11885.185598932178,2,OVERBOUGHT,OVERBOUGHT,BULLISH,19.434
4202,3349.05,3353.021,3342.333,3344.221,13071,11885.185598932178,2,OVERBOUGHT,OVERBOUGHT,BULLISH,19.171
4203,3345.965,3348.677,3332.362,3337.61,19288,11885.185598932178,2,NEUTRAL,OVERBOUGHT,BULLISH,17.755
4204,3337.643,3340.039,3322.768,3326.465,30232,11776.41395458943,2,NEUTRAL,OVERBOUGHT,BULLISH,17.682
4205,3326.441,3333.824,3319.336,3320.583,13697,11776.41395458943,1,NEUTRAL,NEUTRAL,BULLISH,17.382
4206,3320.601,3321.616,3308.016,3316.03,15416,11776.41395458943,1,OVERSOLD,NEUTRAL,BULLISH,16.981
4207,3316.057,3318.199,3305.084,3310.341,18594,11776.41395458943,2,OVERSOLD,NEUTRAL,BULLISH,16.851
4208,3310.349,3323.895,3308.746,3323.042,20720,11776.41395458943,2,NEUTRAL,NEUTRAL,BULLISH,16.928
4209,3323.066,3324.923,3308.654,3309.12,15653,11776.41395458943,2,OVERSOLD,NEUTRAL,BEARISH,16.382
4210,3309.007,3316.017,3306.159,3309.416,17572,11776.41395458943,2,NEUTRAL,NEUTRAL,BEARISH,16.4
4211,3309.359,3314.623,3300.416,3312.869,16145,11776.41395458943,1,NEUTRAL,NEUTRAL,BEARISH,16.382
4212,3312.798,3321.312,3299.784,3306.985,26502,11776.41395458943,1,NEUTRAL,OVERSOLD,BEARISH,15.055
4213,3307.01,3317.757,3299.649,3314.464,19961,11776.41395458943,1,NEUTRAL,OVERSOLD,BEARISH,15.141
4214,3314.579,3315.634,3305.233,3312.455,12711,11776.41395458943,1,NEUTRAL,OVERSOLD,BEARISH,14.83
4215,3312.477,3330.013,3312.181,3314.399,18835,11776.41395458943,2,NEUTRAL,OVERSOLD,BEARISH,14.916
4216,3314.368,3324.945,3313.26,3320.535,16220,11776.41395458943,2,NEUTRAL,NEUTRAL,BEARISH,14.988
4217,3320.51,3323.498,3310.949,3317.122,15576,11776.41395458943,3,OVERBOUGHT,NEUTRAL,BEARISH,14.719
4218,3317.122,3327.971,3307.799,3308.233,24245,11838.049133517423,2,NEUTRAL,NEUTRAL,BEARISH,14.926
4219,3308.207,3313.187,3303.763,3304.753,18882,11838.049133517423,2,NEUTRAL,OVERSOLD,BEARISH,14.564
4220,3304.765,3314.658,3301.326,3309.5,15206,11838.049133517423,2,NEUTRAL,OVERSOLD,BEARISH,14.545
4221,3309.532,3314.646,3303.144,3307.203,16331,11838.049133517423,2,OVERSOLD,OVERSOLD,BEARISH,14.43
4222,3307.242,3307.704,3280.266,3284.573,18342,11838.049133517423,1,OVERSOLD,OVERSOLD,BEARISH,15.307
4223,3284.496,3286.863,3271.84,3272.633,19906,11838.049133517423,2,OVERSOLD,OVERSOLD,BEARISH,15.218
4224,3272.634,3304.816,3266.901,3298.631,38408,11838.049133517423,2,NEUTRAL,OVERSOLD,BEARISH,17.223
4225,3298.68,3319.742,3296.205,3309.082,27300,11838.049133517423,1,NEUTRAL,NEUTRAL,BEARISH,17.889
4226,3308.858,3313.725,3292.863,3309.889,29553,11838.049133517423,1,NEUTRAL,NEUTRAL,BEARISH,17.841
4227,3309.844,3314.688,3299.053,3307.955,19338,11838.049133517423,1,OVERBOUGHT,NEUTRAL,BEARISH,17.665
4228,3308.055,3314.279,3304.943,3305.324,20224,11838.049133517423,2,OVERBOUGHT,NEUTRAL,BULLISH,17.589
4229,3305.295,3307.754,3292.053,3295.818,18412,11838.049133517423,2,NEUTRAL,NEUTRAL,BEARISH,17.437
4230,3295.778,3297.987,3271.306,3274.043,20371,11838.049133517423,2,OVERSOLD,NEUTRAL,BEARISH,18.508
4231,3274.071,3285.419,3241.146,3246.641,38943,11977.310327150684,2,OVERSOLD,OVERSOLD,BEARISH,20.774
4232,3246.603,3251.359,3234.502,3238.862,18190,11977.310327150684,1,OVERSOLD,OVERSOLD,BEARISH,20.537
4233,3238.887,3251.637,3235.161,3241.505,14201,11977.310327150684,1,OVERSOLD,OVERSOLD,BEARISH,21.041
4234,3241.463,3242.628,3228.894,3229.496,15780,11977.310327150684,1,OVERSOLD,OVERSOLD,BEARISH,21.069
4235,3229.54,3231.994,3221.228,3226.772,13180,11977.310327150684,1,OVERSOLD,OVERSOLD,BEARISH,21.017
4236,3226.757,3238.822,3223.389,3236.714,13229,11977.310327150684,1,NEUTRAL,OVERSOLD,BEARISH,20.159
4237,3236.749,3243.149,3233.861,3235.671,14220,11977.310327150684,1,NEUTRAL,OVERSOLD,BEARISH,19.75
4238,3235.709,3236.876,3226.093,3235.145,18868,11977.310327150684,2,NEUTRAL,OVERSOLD,BEARISH,17.812
4239,3235.169,3236.276,3213.618,3222.982,19933,11977.310327150684,2,NEUTRAL,OVERSOLD,BEARISH,17.749
4240,3223.007,3227.153,3203.334,3205.502,13793,11977.310327150684,1,OVERSOLD,OVERSOLD,BEARISH,17.96
4241,3205.465,3232.721,3201.862,3226.683,24841,11977.310327150684,1,NEUTRAL,OVERSOLD,BEARISH,19.047
4242,3226.79,3233.32,3218.794,3224.801,24636,11977.310327150684,1,NEUTRAL,OVERSOLD,BEARISH,19.418
4243,3225.024,3231.564,3214.307,3219.048,27892,11977.310327150684,1,NEUTRAL,OVERSOLD,BEARISH,19.529
4244,3219.16,3221.818,3205.044,3216.462,15164,11977.310327150684,1,NEUTRAL,OVERSOLD,BEARISH,18.822
4245,3216.434,3220.778,3208.912,3214.545,20319,11977.310327150684,2,NEUTRAL,OVERSOLD,BEARISH,16.507
4246,3214.52,3229.72,3212.825,3228.25,15736,11977.310327150684,2,NEUTRAL,NEUTRAL,BULLISH,16.51
4247,3228.238,3243.531,3228.039,3237.985,15536,11977.310327150684,2,NEUTRAL,NEUTRAL,BULLISH,16.439
4248,3238.011,3244.301,3227.533,3231.277,20184,11950.824422977603,2,NEUTRAL,NEUTRAL,BULLISH,16.656
4249,3231.306,3249.372,3231.306,3248.008,21863,11950.824422977603,2,OVERBOUGHT,OVERBOUGHT,BULLISH,17.18
4250,3248.049,3258.758,3245.816,3251.749,17492,11950.824422977603,2,OVERBOUGHT,OVERBOUGHT,BULLISH,17.002
4251,3251.777,3262.39,3246.327,3252.922,18772,11950.824422977603,2,OVERBOUGHT,OVERBOUGHT,BULLISH,17.486
4252,3252.944,3263.369,3251.59,3258.045,18199,11950.824422977603,2,OVERBOUGHT,OVERBOUGHT,BULLISH,17.557
4253,3258.1,3267.214,3255.161,3259.392,18399,11950.824422977603,2,OVERBOUGHT,OVERBOUGHT,BULLISH,16.799
4254,3259.473,3269.242,3249.847,3250.343,33438,11950.824422977603,2,NEUTRAL,OVERBOUGHT,BULLISH,16.483
4255,3250.317,3259.65,3239.49,3250.486,31097,11950.824422977603,1,NEUTRAL,OVERBOUGHT,BULLISH,15.719
4256,3250.525,3264.553,3242.133,3262.748,23947,11950.824422977603,1,NEUTRAL,OVERBOUGHT,BULLISH,16.283
4257,3262.776,3264.195,3230.228,3231.601,21551,11950.824422977603,1,OVERSOLD,NEUTRAL,BULLISH,17.476
4258,3231.604,3236.275,3222.721,3224.904,22304,11950.824422977603,1,OVERSOLD,NEUTRAL,BULLISH,17.246
4259,3224.954,3239.855,3223.543,3231.44,15138,11950.824422977603,1,NEUTRAL,NEUTRAL,BULLISH,17.564
4260,3231.479,3234.576,3224.268,3233.675,18877,11950.824422977603,2,NEUTRAL,OVERSOLD,BULLISH,17.093
4261,3233.703,3244.216,3232.627,3239.53,13553,10881.297493805132,2,OVERSOLD,NEUTRAL,BULLISH,16.815
4262,3239.601,3252.3,3238.864,3246.704,18805,10890.292970585597,2,OVERBOUGHT,NEUTRAL,BULLISH,16.577
4263,3246.753,3271.092,3246.545,3264.75,15110,10890.292970585597,1,OVERBOUGHT,NEUTRAL,BULLISH,17.038
4264,3264.72,3272.429,3259.654,3270.161,12306,10890.292970585597,1,OVERBOUGHT,OVERBOUGHT,BULLISH,17.026
4265,3270.208,3271.319,3253.107,3254.55,11844,10890.292970585597,1,OVERBOUGHT,OVERBOUGHT,BULLISH,17.179
4266,3254.447,3262.081,3253.616,3259.734,16512,10890.292970585597,2,NEUTRAL,OVERBOUGHT,BULLISH,16.942
4267,3259.628,3265.733,3256.775,3262.212,10922,10890.292970585597,1,NEUTRAL,OVERBOUGHT,BULLISH,16.721
4268,3262.24,3282.889,3258.676,3282.782,21370,10890.292970585597,2,NEUTRAL,OVERBOUGHT,BULLISH,17.065
4269,3282.827,3308.967,3282.157,3308.691,17427,10890.292970585597,1,OVERBOUGHT,OVERBOUGHT,BULLISH,17.54
4270,3308.754,3318.643,3308.549,3313.274,14071,10890.292970585597,1,OVERBOUGHT,OVERBOUGHT,BULLISH,16.66
4271,3313.233,3322.547,3311.343,3319.591,23741,10890.292970585597,2,OVERBOUGHT,OVERBOUGHT,BULLISH,15.034
4272,3319.555,3321.089,3311.87,3315.482,14979,10890.292970585597,1,OVERBOUGHT,OVERBOUGHT,BULLISH,14.724
4273,3315.143,3328.838,3309.852,3312.629,21902,10890.292970585597,1,OVERBOUGHT,OVERBOUGHT,BULLISH,14.915
4274,3312.633,3317.882,3309.006,3312.065,14715,10890.292970585597,1,NEUTRAL,OVERBOUGHT,BULLISH,14.813
4275,3312.028,3313.597,3305.577,3309.774,11500,10890.292970585597,1,NEUTRAL,OVERBOUGHT,BULLISH,14.558
4276,3309.797,3323.598,3309.14,3323.141,16841,10890.292970585597,2,NEUTRAL,OVERBOUGHT,BULLISH,14.631
4277,3323.223,3337.652,3322.778,3328.793,11611,10890.292970585597,1,OVERBOUGHT,OVERBOUGHT,BULLISH,13.94
4278,3328.76,3338.052,3327.426,3330.662,12614,10890.292970585597,2,OVERBOUGHT,OVERBOUGHT,BULLISH,13.787
4279,3330.688,3335.084,3323.139,3329.569,19625,11345.368243228237,2,OVERBOUGHT,OVERBOUGHT,BULLISH,13.339
4280,3329.618,3381.765,3329.618,3379.645,39249,11345.368243228237,1,OVERBOUGHT,OVERBOUGHT,BULLISH,16.463
4281,3379.601,3387.099,3356.451,3358.407,25934,11345.368243228237,1,OVERBOUGHT,OVERBOUGHT,BULLISH,18.012
4282,3358.487,3372.425,3352.407,3360.401,19643,11345.368243228237,1,OVERBOUGHT,OVERBOUGHT,BULLISH,17.712
4283,3360.395,3366.213,3356.066,3363.248,11615,11345.368243228237,1,OVERBOUGHT,OVERBOUGHT,BULLISH,16.522
4284,3363.279,3364.017,3350.152,3362.038,15450,11345.368243228237,1,OVERBOUGHT,OVERBOUGHT,BULLISH,16.792
4285,3361.99,3367.984,3358.76,3364.654,13014,11345.368243228237,1,OVERSOLD,OVERBOUGHT,BULLISH,16.65
4286,3364.722,3379.648,3364.722,3371.2,14191,11345.368243228237,1,OVERBOUGHT,OVERBOUGHT,BULLISH,17.063
4287,3371.313,3383.152,3368.547,3377.161,13082,11345.368243228237,1,OVERBOUGHT,OVERBOUGHT,BULLISH,16.75
4288,3377.206,3383.816,3371.432,3383.58,20485,11345.368243228237,2,OVERBOUGHT,OVERBOUGHT,BULLISH,17.0
4289,3383.541,3392.407,3373.101,3391.025,26903,11345.368243228237,2,OVERBOUGHT,OVERBOUGHT,BULLISH,17.806
4290,3391.005,3397.638,3387.824,3391.781,23979,11345.368243228237,1,OVERBOUGHT,OVERBOUGHT,BULLISH,17.475
4291,3391.747,3398.013,3378.227,3386.302,21371,11345.368243228237,1,OVERBOUGHT,OVERBOUGHT,BULLISH,17.826
4292,3386.175,3399.895,3385.266,3395.083,11769,11345.368243228237,1,OVERBOUGHT,OVERBOUGHT,BULLISH,18.111
4293,3395.135,3411.657,3394.673,3408.85,12923,11345.368243228237,1,OVERBOUGHT,OVERBOUGHT,BULLISH,18.471
4294,3408.802,3417.839,3407.439,3414.054,12256,11345.368243228237,1,OVERBOUGHT,OVERBOUGHT,BULLISH,15.486
4295,3414.081,3424.059,3410.231,3423.139,16576,11345.368243228237,2,OVERBOUGHT,OVERBOUGHT,BULLISH,14.285
4296,3423.115,3435.016,3380.545,3381.489,42406,11345.368243228237,2,NEUTRAL,OVERBOUGHT,BEARISH,16.746
4297,3381.518,3404.778,3376.84,3400.723,22383,11345.368243228237,1,NEUTRAL,NEUTRAL,BEARISH,18.016
4298,3400.765,3401.666,3360.747,3379.612,33569,11682.575235936658,1,NEUTRAL,NEUTRAL,BEARISH,19.949
4299,3379.569,3385.204,3360.068,3374.737,30585,11682.575235936658,1,OVERSOLD,NEUTRAL,BEARISH,21.085
4300,3374.739,3393.909,3371.935,3390.613,20242,11682.575235936658,1,NEUTRAL,OVERSOLD,BEARISH,21.584
4301,3390.568,3392.635,3370.039,3375.541,14778,11682.575235936658,1,NEUTRAL,OVERSOLD,BEARISH,22.155
4302,3375.519,3389.548,3374.962,3387.906,22837,11682.575235936658,2,NEUTRAL,NEUTRAL,BEARISH,22.312
4303,3387.909,3395.827,3387.389,3392.418,12083,11682.575235936658,1,NEUTRAL,NEUTRAL,BEARISH,21.536
4304,3392.463,3397.4,3378.198,3382.803,22219,11682.575235936658,2,NEUTRAL,NEUTRAL,BEARISH,22.206
4305,3382.803,3393.409,3369.186,3391.389,24655,11682.575235936658,2,NEUTRAL,NEUTRAL,BEARISH,22.523
4306,3391.437,3393.82,3383.695,3390.907,23267,11682.575235936658,2,OVERBOUGHT,NEUTRAL,BEARISH,22.201
4307,3390.87,3398.099,3381.226,3394.47,21596,11682.575235936658,1,NEUTRAL,NEUTRAL,BEARISH,22.194
4308,3394.445,3394.681,3375.662,3385.888,20685,11682.575235936658,1,NEUTRAL,NEUTRAL,BEARISH,22.809
4309,3385.839,3389.576,3381.943,3385.27,13626,11682.575235936658,1,NEUTRAL,NEUTRAL,BEARISH,22.367
4310,3385.224,3389.888,3378.834,3385.194,19054,11682.575235936658,2,OVERSOLD,NEUTRAL,BEARISH,19.265
4311,3385.15,3398.001,3376.028,3384.565,30482,11682.575235936658,1,OVERSOLD,NEUTRAL,BEARISH,18.839
4312,3384.652,3387.008,3363.692,3371.832,26226,11682.575235936658,1,OVERSOLD,NEUTRAL,BEARISH,17.582
4313,3371.959,3374.566,3363.791,3369.978,15675,11682.575235936658,2,OVERSOLD,NEUTRAL,BEARISH,16.556
4314,3369.974,3386.927,3369.661,3380.569,17601,12105.33394362523,2,NEUTRAL,NEUTRAL,BEARISH,16.22
4315,3380.595,3409.704,3378.97,3408.631,23433,12105.33394362523,1,OVERBOUGHT,NEUTRAL,BEARISH,16.801
4316,3408.662,3414.851,3402.08,3402.08,17132,12105.33394362523,1,NEUTRAL,OVERBOUGHT,BEARISH,16.672
4317,3402.064,3408.473,3395.739,3396.864,13224,12105.33394362523,1,OVERBOUGHT,OVERBOUGHT,BEARISH,16.978
4318,3396.839,3399.417,3382.026,3382.125,12170,12105.33394362523,1,NEUTRAL,NEUTRAL,BEARISH,16.849
4319,3382.174,3384.272,3354.883,3355.404,22200,12105.33394362523,1,NEUTRAL,NEUTRAL,BEARISH,17.218
4320,3355.442,3361.968,3320.199,3329.836,37686,12105.33394362523,1,OVERSOLD,OVERSOLD,BEARISH,19.478
4321,3329.801,3349.278,3327.167,3342.928,20186,12105.33394362523,1,OVERSOLD,OVERSOLD,BEARISH,19.853
4322,3342.882,3344.249,3337.059,3339.371,12419,12105.33394362523,1,OVERSOLD,OVERSOLD,BEARISH,19.008
4323,3339.335,3344.359,3331.176,3331.992,12133,12105.33394362523,1,OVERSOLD,OVERSOLD,BEARISH,19.404
4324,3331.994,3346.695,3330.39,3342.54,12254,12105.33394362523,1,NEUTRAL,OVERSOLD,BEARISH,19.779
4325,3342.498,3358.627,3339.196,3356.137,24419,12105.33394362523,2,OVERBOUGHT,OVERSOLD,BEARISH,19.597
4326,3356.119,3369.602,3354.646,3356.076,20959,12105.33394362523,1,NEUTRAL,NEUTRAL,BEARISH,19.0
4327,3356.103,3362.988,3350.762,3356.533,22316,12105.33394362523,1,OVERBOUGHT,NEUTRAL,BEARISH,19.104
4328,3356.562,3360.072,3326.804,3330.399,28702,12105.33394362523,1,NEUTRAL,OVERSOLD,BEARISH,20.247
4329,3330.371,3330.371,3304.343,3310.29,26546,12105.33394362523,1,OVERSOLD,OVERSOLD,BEARISH,19.913
4330,3310.325,3311.204,3297.806,3308.272,20214,12105.33394362523,1,OVERSOLD,OVERSOLD,BEARISH,19.958
4331,3308.381,3310.992,3288.697,3306.384,23257,12105.33394362523,2,OVERSOLD,OVERSOLD,BEARISH,20.641
4332,3306.434,3323.957,3303.828,3323.879,18087,12105.33394362523,2,OVERSOLD,OVERSOLD,BEARISH,20.836
4333,3323.808,3324.01,3308.806,3322.136,19129,12025.579917248224,2,NEUTRAL,NEUTRAL,BEARISH,19.823
4334,3322.115,3322.558,3286.67,3291.343,27130,12025.579917248224,1,NEUTRAL,OVERSOLD,BEARISH,19.403
4335,3291.229,3308.604,3274.664,3308.264,26358,12025.579917248224,1,NEUTRAL,OVERSOLD,BEARISH,20.248
4336,3308.218,3313.395,3299.622,3308.106,16092,12025.579917248224,1,NEUTRAL,OVERSOLD,BEARISH,20.718
4337,3308.099,3330.345,3308.099,3321.433,25132,12025.579917248224,2,NEUTRAL,NEUTRAL,BEARISH,21.365
4338,3321.55,3326.837,3315.226,3325.496,13063,12025.579917248224,1,NEUTRAL,NEUTRAL,BULLISH,21.03
4339,3325.431,3332.264,3320.217,3328.514,22048,12025.579917248224,2,OVERBOUGHT,NEUTRAL,BULLISH,20.503
4340,3328.542,3329.938,3321.979,3323.337,14539,12025.579917248224,2,OVERBOUGHT,NEUTRAL,BULLISH,20.003
4341,3323.232,3338.371,3323.232,3332.962,14029,12025.579917248224,1,OVERBOUGHT,NEUTRAL,BULLISH,20.211
4342,3333.066,3340.396,3328.669,3330.719,29036,12025.579917248224,2,NEUTRAL,NEUTRAL,BULLISH,18.672
4343,3330.77,3341.241,3320.298,3337.165,20615,12025.579917248224,1,OVERBOUGHT,OVERBOUGHT,BULLISH,18.307
4344,3337.134,3346.044,3336.134,3345.04,13643,12025.579917248224,1,OVERBOUGHT,OVERBOUGHT,BULLISH,18.058
4345,3345.143,3347.556,3336.016,3340.927,18164,12025.579917248224,2,OVERBOUGHT,OVERBOUGHT,BULLISH,17.29
4346,3340.987,3343.004,3325.441,3328.802,13982,12025.579917248224,2,NEUTRAL,OVERBOUGHT,BULLISH,17.106
4347,3328.76,3330.295,3266.71,3272.689,20033,11008.762782272204,2,OVERSOLD,NEUTRAL,BEARISH,20.562
4348,3272.696,3288.852,3265.847,3287.534,17478,11008.762782272204,1,OVERSOLD,NEUTRAL,BEARISH,19.642
4349,3287.506,3289.998,3272.158,3279.172,18206,11541.95997761136,1,OVERSOLD,OVERSOLD,BEARISH,18.492
4350,3279.199,3282.238,3258.751,3271.896,31445,11541.95997761136,1,OVERSOLD,OVERSOLD,BEARISH,19.186
4351,3271.869,3279.95,3269.53,3272.041,16278,11541.95997761136,1,OVERSOLD,OVERSOLD,BEARISH,18.341
4352,3271.994,3284.784,3270.461,3283.25,11887,11541.95997761136,1,NEUTRAL,OVERSOLD,BEARISH,18.535
4353,3283.214,3283.662,3268.46,3276.094,20033,11541.95997761136,2,NEUTRAL,OVERSOLD,BEARISH,18.76
4354,3276.133,3281.651,3272.971,3277.442,14621,11541.95997761136,1,NEUTRAL,OVERSOLD,BEARISH,18.812
4355,3277.489,3277.737,3216.105,3222.647,50923,11541.95997761136,1,OVERSOLD,OVERSOLD,BEARISH,22.133
4356,3222.718,3234.398,3220.604,3231.418,28890,11541.95997761136,1,OVERSOLD,OVERSOLD,BEARISH,22.28
4357,3231.385,3231.385,3212.993,3215.262,16375,11541.95997761136,1,OVERSOLD,OVERSOLD,BEARISH,22.1
4358,3215.236,3219.502,3207.693,3208.062,16702,11541.95997761136,1,OVERSOLD,OVERSOLD,BEARISH,22.236
4359,3208.062,3229.399,3207.758,3224.794,18155,11541.95997761136,1,OVERSOLD,OVERSOLD,BEARISH,22.958
4360,3224.822,3234.309,3220.323,3233.584,17888,11541.95997761136,1,NEUTRAL,OVERSOLD,BEARISH,22.702
4361,3233.543,3248.58,3231.741,3240.727,34509,11541.95997761136,1,NEUTRAL,OVERSOLD,BEARISH,19.363
4362,3240.703,3247.733,3233.447,3237.545,27643,11541.95997761136,1,OVERBOUGHT,NEUTRAL,BEARISH,18.74
4363,3237.588,3244.002,3232.737,3239.237,15160,11541.95997761136,1,OVERBOUGHT,NEUTRAL,BULLISH,18.271
4364,3239.206,3240.138,3223.261,3224.236,12955,11541.95997761136,1,NEUTRAL,NEUTRAL,BULLISH,17.799
4365,3224.256,3230.062,3220.295,3229.662,18185,11541.95997761136,2,NEUTRAL,NEUTRAL,BULLISH,17.752
4366,3229.703,3238.872,3228.845,3234.271,15365,11541.95997761136,2,NEUTRAL,OVERSOLD,BULLISH,17.445
4367,3239.778,3241.807,3229.864,3236.88,13356,11541.95997761136,2,NEUTRAL,NEUTRAL,BULLISH,17.212
4368,3236.906,3243.423,3215.861,3225.166,31767,11486.828868632498,2,NEUTRAL,NEUTRAL,BULLISH,18.561
4369,3225.203,3241.349,3223.155,3228.921,15914,11486.828868632498,1,NEUTRAL,NEUTRAL,BULLISH,15.458
4370,3228.855,3253.566,3228.193,3252.551,19279,11486.828868632498,2,OVERBOUGHT,NEUTRAL,BULLISH,16.285
4371,3252.575,3260.747,3251.157,3256.562,11517,11486.828868632498,1,OVERBOUGHT,OVERBOUGHT,BULLISH,15.654
4372,3256.534,3265.659,3247.355,3262.183,13022,11486.828868632498,1,OVERBOUGHT,OVERBOUGHT,BULLISH,16.118
4373,3262.21,3264.958,3250.382,3255.569,20481,11486.828868632498,2,OVERBOUGHT,OVERBOUGHT,BULLISH,15.613
4374,3255.497,3256.614,3250.531,3252.834,15036,11486.828868632498,2,OVERBOUGHT,OVERBOUGHT,BULLISH,15.049
4375,3252.799,3258.576,3237.302,3241.778,31076,11486.828868632498,2,NEUTRAL,NEUTRAL,BULLISH,15.366
4376,3241.742,3246.929,3227.224,3227.544,27284,11486.828868632498,1,OVERSOLD,NEUTRAL,BULLISH,15.753
4377,3227.572,3248.714,3225.472,3242.666,20048,11486.828868632498,1,NEUTRAL,NEUTRAL,BULLISH,16.608
4378,3242.686,3255.827,3242.017,3253.325,13909,11486.828868632498,1,NEUTRAL,NEUTRAL,BULLISH,16.389
4379,3253.293,3257.818,3242.044,3247.003,18648,11486.828868632498,2,NEUTRAL,NEUTRAL,BULLISH,16.818
4380,3247.052,3251.207,3245.692,3249.324,12174,11486.828868632498,2,NEUTRAL,NEUTRAL,BULLISH,16.496
4381,3249.355,3257.165,3248.043,3254.426,12959,11486.828868632498,3,OVERBOUGHT,NEUTRAL,BULLISH,16.295
4382,3254.388,3254.658,3237.202,3238.942,28209,11632.230087492897,2,NEUTRAL,NEUTRAL,BULLISH,15.573
4383,3238.847,3241.451,3229.098,3232.792,13826,11632.230087492897,1,OVERSOLD,NEUTRAL,BULLISH,15.155
4384,3232.762,3233.732,3222.565,3224.028,20066,11632.230087492897,2,OVERSOLD,OVERSOLD,BULLISH,14.141
4385,3223.985,3236.701,3221.57,3228.747,20340,11632.230087492897,2,OVERSOLD,OVERSOLD,BEARISH,14.537
4386,3228.775,3238.874,3224.243,3238.085,12309,11632.230087492897,1,NEUTRAL,OVERSOLD,BULLISH,14.274
4387,3237.99,3243.897,3230.413,3232.551,14323,11632.230087492897,1,NEUTRAL,OVERSOLD,BULLISH,14.196
4388,3232.598,3236.536,3229.094,3232.297,12091,11632.230087492897,1,NEUTRAL,NEUTRAL,BULLISH,14.293
4389,3232.224,3239.149,3219.436,3220.142,19289,11632.230087492897,2,NEUTRAL,OVERSOLD,BEARISH,14.182
4390,3220.105,3222.52,3184.11,3184.754,33142,11632.230087492897,1,OVERSOLD,OVERSOLD,BEARISH,15.518
4391,3184.797,3198.333,3174.9,3191.406,39441,11632.230087492897,1,OVERSOLD,OVERSOLD,BEARISH,15.531
4392,3191.374,3194.272,3179.328,3181.823,22778,11632.230087492897,1,OVERSOLD,OVERSOLD,BEARISH,15.612
4393,3181.791,3186.701,3179.043,3182.674,16205,11632.230087492897,1,OVERSOLD,OVERSOLD,BEARISH,15.033
4394,3182.629,3190.941,3173.685,3188.543,14662,11632.230087492897,1,OVERSOLD,OVERSOLD,BEARISH,15.871
4395,3188.51,3190.537,3180.869,3181.925,11719,11632.230087492897,1,NEUTRAL,OVERSOLD,BEARISH,15.91
4396,3181.958,3183.024,3167.957,3180.587,18893,11632.230087492897,2,OVERSOLD,OVERSOLD,BEARISH,15.74
4397,3180.613,3187.312,3177.078,3186.008,15032,11632.230087492897,3,NEUTRAL,OVERSOLD,BEARISH,15.588
4398,3185.934,3192.743,3171.238,3172.483,25356,11758.204206144366,2,NEUTRAL,OVERSOLD,BEARISH,16.327
4399,3172.451,3175.586,3150.081,3154.223,20196,11758.204206144366,1,OVERSOLD,OVERSOLD,BEARISH,17.068
4400,3154.194,3157.036,3148.315,3150.594,11819,11758.204206144366,1,OVERSOLD,OVERSOLD,BEARISH,16.646
4401,3150.546,3152.579,3123.339,3128.977,24915,11758.204206144366,2,OVERSOLD,OVERSOLD,BEARISH,17.771
4402,3128.964,3153.892,3120.649,3149.896,21583,11758.204206144366,1,OVERSOLD,OVERSOLD,BEARISH,19.614
4403,3149.848,3151.965,3130.565,3142.318,18520,11758.204206144366,1,OVERSOLD,OVERSOLD,BEARISH,19.735
4404,3142.244,3164.334,3139.079,3162.614,13958,11758.204206144366,1,NEUTRAL,NEUTRAL,BEARISH,18.795
4405,3162.577,3171.646,3159.344,3165.273,11821,11758.204206144366,1,NEUTRAL,NEUTRAL,BEARISH,18.0
4406,3165.307,3180.019,3164.118,3179.18,21957,11758.204206144366,2,OVERBOUGHT,NEUTRAL,BULLISH,18.068
4407,3179.141,3189.913,3177.507,3188.79,16933,11758.204206144366,1,OVERBOUGHT,OVERBOUGHT,BULLISH,18.407
4408,3188.83,3199.788,3185.17,3192.14,26998,11758.204206144366,1,OVERBOUGHT,OVERBOUGHT,BULLISH,18.219
4409,3192.176,3207.164,3190.439,3205.336,22779,11758.204206144366,1,OVERBOUGHT,OVERBOUGHT,BULLISH,18.723
4410,3205.294,3220.088,3204.578,3219.74,13742,11758.204206144366,1,OVERBOUGHT,OVERBOUGHT,BULLISH,18.755
4411,3219.78,3229.185,3215.873,3221.212,18616,11758.204206144366,2,OVERBOUGHT,OVERBOUGHT,BULLISH,18.975
4412,3221.251,3232.723,3219.75,3232.037,14934,11758.204206144366,2,OVERBOUGHT,OVERBOUGHT,BULLISH,18.365
4413,3231.901,3252.132,3231.094,3251.038,14994,11758.204206144366,2,OVERBOUGHT,OVERBOUGHT,BULLISH,18.046
4414,3251.081,3251.234,3236.489,3237.15,11798,11758.204206144366,1,OVERBOUGHT,OVERBOUGHT,BULLISH,18.476
4415,3237.175,3244.029,3232.013,3243.153,16010,11881.00618651157,1,OVERBOUGHT,OVERBOUGHT,BULLISH,17.246
4416,3243.223,3244.615,3214.907,3222.23,21817,11881.00618651157,1,NEUTRAL,OVERBOUGHT,BULLISH,16.993
4417,3222.198,3227.474,3212.804,3215.485,14787,11881.00618651157,1,NEUTRAL,OVERBOUGHT,BULLISH,16.513
4418,3215.422,3217.43,3206.505,3211.969,13637,11881.00618651157,1,OVERSOLD,NEUTRAL,BULLISH,15.489
4419,3211.92,3222.519,3211.729,3218.54,20700,11881.00618651157,2,OVERSOLD,NEUTRAL,BULLISH,15.381
4420,3218.515,3231.343,3212.838,3214.899,13603,11881.00618651157,1,OVERSOLD,NEUTRAL,BULLISH,15.567
4421,3214.864,3217.978,3205.378,3207.681,13863,11881.00618651157,1,OVERSOLD,NEUTRAL,BULLISH,15.581
4422,3207.572,3212.954,3195.518,3209.211,21815,11881.00618651157,2,NEUTRAL,NEUTRAL,BEARISH,15.782
4423,3209.307,3211.145,3168.921,3176.063,19283,11881.00618651157,1,OVERSOLD,OVERSOLD,BEARISH,17.604
4424,3176.118,3179.288,3154.231,3163.115,21558,11881.00618651157,1,OVERSOLD,OVERSOLD,BEARISH,18.286
4425,3163.149,3182.086,3154.878,3177.431,25586,11881.00618651157,1,OVERSOLD,OVERSOLD,BEARISH,19.278
4426,3177.472,3186.693,3169.409,3180.685,29421,11881.00618651157,1,OVERSOLD,OVERSOLD,BEARISH,19.586
4427,3180.675,3188.606,3165.997,3173.342,24523,11881.00618651157,1,OVERSOLD,OVERSOLD,BEARISH,19.698
4428,3173.366,3185.185,3172.703,3183.479,13826,11881.00618651157,1,NEUTRAL,OVERSOLD,BEARISH,19.537
4429,3183.514,3192.16,3180.432,3189.388,19534,11881.00618651157,2,OVERBOUGHT,NEUTRAL,BEARISH,19.516
4430,3189.411,3195.763,3184.804,3192.583,14507,11881.00618651157,2,OVERBOUGHT,NEUTRAL,BEARISH,18.177
4431,3192.553,3240.839,3192.13,3239.282,23715,10863.402422716817,2,OVERBOUGHT,NEUTRAL,BULLISH,20.608
4432,3239.291,3245.26,3226.552,3234.91,13666,10863.402422716817,1,OVERBOUGHT,OVERBOUGHT,BULLISH,21.164
4433,3234.947,3249.812,3233.486,3246.513,16598,10889.21727134696,1,OVERBOUGHT,OVERBOUGHT,BULLISH,21.56
4434,3246.479,3246.822,3214.577,3218.453,25182,10889.21727134696,1,NEUTRAL,OVERBOUGHT,BULLISH,22.541
4435,3218.473,3230.112,3217.069,3228.604,14301,10889.21727134696,1,NEUTRAL,OVERBOUGHT,BULLISH,22.573
4436,3228.65,3230.547,3208.04,3212.27,12458,10889.21727134696,1,NEUTRAL,NEUTRAL,BULLISH,22.935
4437,3212.229,3224.276,3206.584,3223.986,18776,10889.21727134696,2,NEUTRAL,OVERBOUGHT,BULLISH,21.183
4438,3223.956,3231.694,3220.26,3224.253,14661,10889.21727134696,1,NEUTRAL,NEUTRAL,BULLISH,20.21
4439,3224.211,3234.64,3224.074,3232.335,13625,10889.21727134696,1,NEUTRAL,OVERBOUGHT,BULLISH,19.021
4440,3232.361,3244.961,3229.973,3244.348,11704,10889.21727134696,1,NEUTRAL,OVERBOUGHT,BULLISH,18.857
4441,3244.362,3247.571,3233.576,3242.046,11669,10889.21727134696,1,OVERBOUGHT,OVERBOUGHT,BULLISH,18.242
4442,3242.025,3248.535,3234.159,3243.82,16837,10889.21727134696,2,OVERBOUGHT,OVERBOUGHT,BULLISH,18.377
4443,3243.817,3244.444,3228.836,3229.35,12914,10889.21727134696,1,NEUTRAL,OVERBOUGHT,BULLISH,18.654
4444,3229.308,3241.661,3224.556,3229.999,23026,10889.21727134696,1,NEUTRAL,OVERBOUGHT,BULLISH,19.093
4445,3229.951,3236.24,3217.216,3233.939,19122,10889.21727134696,1,OVERSOLD,NEUTRAL,BULLISH,16.973
4446,3233.937,3239.811,3229.603,3231.662,12440,10889.21727134696,1,OVERSOLD,NEUTRAL,BULLISH,16.365
4447,3231.687,3234.278,3225.598,3226.413,17189,10889.21727134696,2,OVERSOLD,NEUTRAL,BEARISH,15.819
4448,3226.459,3235.866,3225.166,3233.01,11808,10889.21727134696,2,NEUTRAL,NEUTRAL,BEARISH,14.28
4449,3233.056,3233.791,3219.097,3222.532,14917,10889.21727134696,3,NEUTRAL,NEUTRAL,BEARISH,14.398
4450,3222.561,3224.249,3214.091,3222.823,11145,10943.307689948837,1,OVERSOLD,NEUTRAL,BEARISH,13.516
4451,3222.807,3232.803,3220.539,3221.119,14866,10943.307689948837,1,OVERSOLD,NEUTRAL,BEARISH,13.129
4452,3221.143,3223.056,3206.439,3206.639,14982,10943.307689948837,1,OVERSOLD,OVERSOLD,BEARISH,13.499
4453,3206.678,3214.184,3204.535,3211.45,11085,10943.307689948837,1,OVERSOLD,OVERSOLD,BEARISH,13.433
4454,3211.394,3219.823,3209.88,3213.759,18424,10943.307689948837,2,NEUTRAL,OVERSOLD,BEARISH,13.073
4455,3213.724,3219.258,3208.615,3209.793,11468,10943.307689948837,1,OVERSOLD,OVERSOLD,BEARISH,12.833
4456,3209.84,3235.914,3207.946,3235.859,20799,10943.307689948837,2,NEUTRAL,NEUTRAL,BEARISH,13.804
4457,3235.955,3239.366,3230.498,3236.436,12015,10943.307689948837,1,OVERBOUGHT,NEUTRAL,BEARISH,13.323
4458,3236.403,3241.651,3231.891,3241.236,12981,10943.307689948837,2,OVERBOUGHT,OVERBOUGHT,BULLISH,12.798
4459,3241.139,3250.856,3234.403,3242.867,12600,10943.307689948837,1,OVERBOUGHT,OVERBOUGHT,BULLISH,12.615
4460,3242.749,3261.727,3232.804,3261.035,23827,10943.307689948837,1,OVERBOUGHT,OVERBOUGHT,BULLISH,13.951
4461,3261.233,3285.886,3260.678,3282.499,34866,10943.307689948837,1,OVERBOUGHT,OVERBOUGHT,BULLISH,15.132
4462,3282.596,3283.586,3273.342,3277.239,17032,10943.307689948837,1,OVERBOUGHT,OVERBOUGHT,BULLISH,15.099
4463,3277.212,3287.838,3275.232,3286.428,17559,10943.307689948837,2,OVERBOUGHT,OVERBOUGHT,BULLISH,14.95
4464,3286.453,3295.172,3284.189,3294.078,14872,10943.307689948837,2,OVERBOUGHT,OVERBOUGHT,BULLISH,15.009
4465,3294.13,3304.144,3289.243,3296.885,17237,10943.307689948837,2,OVERBOUGHT,OVERBOUGHT,BULLISH,15.198
4466,3296.808,3304.278,3288.53,3303.386,20779,11030.167275033074,2,OVERBOUGHT,OVERBOUGHT,BULLISH,15.135
4467,3303.426,3314.709,3285.42,3294.597,24971,11030.167275033074,1,OVERBOUGHT,OVERBOUGHT,BULLISH,16.538
4468,3294.566,3305.273,3289.306,3301.736,14651,11030.167275033074,1,OVERBOUGHT,OVERBOUGHT,BULLISH,16.969
4469,3301.733,3309.743,3299.164,3302.143,16645,11030.167275033074,2,NEUTRAL,OVERBOUGHT,BULLISH,16.964
4470,3302.104,3319.643,3298.404,3316.441,12300,11030.167275033074,1,OVERBOUGHT,OVERBOUGHT,BULLISH,16.483
4471,3316.415,3320.736,3310.737,3319.985,14047,11030.167275033074,1,OVERBOUGHT,OVERBOUGHT,BULLISH,16.564
4472,3319.948,3320.035,3307.757,3309.906,11647,11030.167275033074,1,OVERBOUGHT,OVERBOUGHT,BULLISH,16.744
4473,3309.933,3313.554,3303.946,3313.554,19517,11030.167275033074,2,NEUTRAL,OVERBOUGHT,BULLISH,16.255
4474,3313.59,3318.294,3306.539,3311.249,19521,11030.167275033074,2,NEUTRAL,OVERBOUGHT,BULLISH,15.029
4475,3311.255,3312.664,3290.693,3302.621,22210,11030.167275033074,1,OVERSOLD,OVERBOUGHT,BEARISH,14.798
4476,3302.648,3309.535,3295.439,3303.622,22020,11030.167275033074,1,OVERSOLD,NEUTRAL,BEARISH,15.073
4477,3303.547,3307.764,3295.27,3304.364,19048,11030.167275033074,1,NEUTRAL,NEUTRAL,BEARISH,15.065
4478,3304.36,3315.211,3303.53,3311.978,13545,11030.167275033074,1,NEUTRAL,NEUTRAL,BEARISH,15.115
4479,3312.012,3316.353,3302.758,3316.318,24134,11030.167275033074,2,NEUTRAL,OVERBOUGHT,BEARISH,15.021
4480,3316.394,3324.897,3311.928,3318.382,18349,11030.167275033074,2,OVERBOUGHT,OVERBOUGHT,BEARISH,14.823
4481,3318.423,3321.078,3313.192,3317.967,13339,11030.167275033074,2,OVERBOUGHT,OVERBOUGHT,BEARISH,13.294
4482,3317.96,3326.302,3317.26,3323.774,17066,11181.052137728337,2,OVERBOUGHT,OVERBOUGHT,BEARISH,12.799
4483,3323.78,3342.942,3320.376,3338.147,19019,11181.052137728337,1,OVERBOUGHT,OVERBOUGHT,BEARISH,13.656
4484,3338.095,3344.73,3336.582,3341.2,12820,11181.052137728337,1,OVERBOUGHT,OVERBOUGHT,BULLISH,12.721
4485,3341.236,3345.43,3332.704,3338.646,16642,11181.052137728337,2,OVERBOUGHT,OVERBOUGHT,BULLISH,12.915
4486,3338.614,3339.502,3325.545,3326.403,20635,11181.052137728337,2,NEUTRAL,OVERBOUGHT,BEARISH,13.035
4487,3326.511,3331.268,3322.608,3327.621,12471,11181.052137728337,1,NEUTRAL,OVERBOUGHT,BEARISH,12.968
4488,3327.636,3329.874,3310.167,3311.246,15725,11181.052137728337,1,OVERSOLD,NEUTRAL,BEARISH,13.536
4489,3311.2,3313.942,3304.139,3304.779,13701,11181.052137728337,1,OVERSOLD,NEUTRAL,BEARISH,12.666
4490,3304.7,3307.466,3288.511,3289.694,16194,11181.052137728337,1,OVERSOLD,OVERSOLD,BEARISH,13.013
4491,3289.669,3314.721,3282.977,3314.33,19207,11181.052137728337,1,NEUTRAL,OVERSOLD,BEARISH,14.388
4492,3314.305,3314.526,3300.907,3304.181,21619,11181.052137728337,1,NEUTRAL,OVERSOLD,BEARISH,14.527
4493,3304.134,3315.775,3286.88,3287.816,29425,11181.052137728337,1,NEUTRAL,NEUTRAL,BEARISH,15.62
4494,3287.774,3304.565,3279.252,3296.967,22340,11181.052137728337,1,NEUTRAL,OVERSOLD,BEARISH,16.501
4495,3297.021,3298.804,3281.474,3294.675,19787,11181.052137728337,1,NEUTRAL,OVERSOLD,BEARISH,17.176
4496,3294.722,3304.86,3291.119,3301.597,11450,11181.052137728337,1,NEUTRAL,OVERSOLD,BEARISH,17.512
4497,3301.582,3301.743,3290.167,3296.66,11405,11181.052137728337,1,NEUTRAL,OVERSOLD,BEARISH,16.727
4498,3296.628,3298.881,3288.982,3290.264,15399,11181.052137728337,2,NEUTRAL,OVERSOLD,BEARISH,16.852
4499,3290.296,3302.013,3289.593,3300.146,14861,11181.052137728337,3,NEUTRAL,OVERSOLD,BEARISH,16.83
4500,3300.172,3308.908,3286.942,3301.0,17182,11319.701934135162,1,NEUTRAL,NEUTRAL,BEARISH,17.402
4501,3301.031,3306.532,3295.907,3305.177,17398,11319.701934135162,1,NEUTRAL,NEUTRAL,BEARISH,17.542
4502,3305.237,3305.376,3290.949,3296.862,11553,11319.701934135162,1,NEUTRAL,NEUTRAL,BEARISH,17.165
4503,3296.826,3316.186,3296.519,3313.667,16187,11319.701934135162,2,OVERBOUGHT,NEUTRAL,BEARISH,17.87
4504,3313.562,3325.685,3312.539,3323.926,11457,11319.701934135162,1,OVERBOUGHT,OVERBOUGHT,BULLISH,17.455
4505,3323.825,3332.01,3322.995,3331.015,12530,11319.701934135162,1,OVERBOUGHT,OVERBOUGHT,BULLISH,15.831
4506,3331.075,3334.502,3322.548,3326.336,19035,11319.701934135162,2,OVERBOUGHT,OVERBOUGHT,BULLISH,15.712
4507,3326.394,3334.027,3323.352,3328.662,17705,11319.701934135162,2,OVERBOUGHT,OVERBOUGHT,BULLISH,14.411
4508,3328.609,3349.74,3324.505,3347.966,28577,11319.701934135162,1,OVERBOUGHT,OVERBOUGHT,BULLISH,14.405
4509,3348.018,3360.474,3344.809,3356.937,34972,11319.701934135162,1,OVERBOUGHT,OVERBOUGHT,BULLISH,14.287
4510,3356.981,3364.62,3337.153,3340.067,38168,11319.701934135162,1,NEUTRAL,OVERBOUGHT,BULLISH,15.267
4511,3340.019,3359.645,3336.631,3359.185,23963,11319.701934135162,1,OVERBOUGHT,OVERBOUGHT,BULLISH,16.084
4512,3359.227,3362.489,3352.073,3361.655,15298,11319.701934135162,1,OVERBOUGHT,OVERBOUGHT,BULLISH,16.121
4513,3361.687,3365.93,3356.348,3362.668,19714,11319.701934135162,2,NEUTRAL,OVERBOUGHT,BULLISH,15.918
4514,3362.687,3365.876,3358.282,3360.785,14037,11319.701934135162,2,NEUTRAL,OVERBOUGHT,BULLISH,14.892
4515,3360.743,3361.7,3341.349,3344.326,19954,10332.531908661973,2,NEUTRAL,OVERBOUGHT,BULLISH,15.586
4516,3344.376,3350.712,3331.39,3342.011,22705,10004.659822122738,2,OVERSOLD,OVERBOUGHT,BULLISH,15.936
4517,3342.051,3347.706,3335.554,3344.967,15666,10004.659822122738,1,OVERSOLD,NEUTRAL,BULLISH,15.399
4518,3344.934,3356.859,3343.241,3348.214,12253,10004.659822122738,1,OVERSOLD,NEUTRAL,BEARISH,15.433
4519,3348.174,3351.116,3344.278,3349.914,15191,10004.659822122738,2,OVERSOLD,NEUTRAL,BEARISH,15.277
4520,3349.89,3351.906,3337.043,3337.229,18997,10004.659822122738,2,NEUTRAL,NEUTRAL,BEARISH,15.485
4521,3337.211,3339.67,3331.001,3334.74,19325,10004.659822122738,2,NEUTRAL,NEUTRAL,BEARISH,15.342
4522,3334.764,3336.184,3323.485,3328.536,11564,10004.659822122738,1,OVERSOLD,OVERSOLD,BEARISH,14.446
4523,3328.531,3335.094,3326.35,3334.39,17803,10004.659822122738,3,OVERSOLD,OVERSOLD,BEARISH,13.952
4524,3334.427,3341.624,3331.255,3337.211,17901,10004.659822122738,2,OVERSOLD,OVERSOLD,BEARISH,12.731
4525,3337.223,3343.639,3336.877,3341.184,12508,10004.659822122738,3,NEUTRAL,NEUTRAL,BEARISH,11.57
4526,3341.19,3350.029,3340.949,3345.097,18055,10042.263648587237,4,OVERBOUGHT,NEUTRAL,BEARISH,11.474
4527,3345.116,3347.33,3331.73,3335.905,11429,10042.263648587237,1,NEUTRAL,NEUTRAL,BEARISH,11.904
4528,3335.936,3347.251,3335.014,3341.217,14928,10042.263648587237,2,NEUTRAL,NEUTRAL,BEARISH,12.236
4529,3341.188,3341.485,3315.992,3323.425,21924,10042.263648587237,2,NEUTRAL,NEUTRAL,BEARISH,12.603
4530,3323.401,3328.356,3305.006,3308.492,20239,10042.263648587237,1,OVERSOLD,OVERSOLD,BEARISH,12.891
4531,3308.524,3312.556,3292.535,3296.244,19905,10042.263648587237,1,OVERSOLD,OVERSOLD,BEARISH,13.453
4532,3296.214,3310.344,3296.015,3298.62,15454,10042.263648587237,1,OVERSOLD,OVERSOLD,BEARISH,13.504
4533,3298.568,3309.687,3294.586,3296.274,13592,10042.263648587237,1,OVERSOLD,OVERSOLD,BEARISH,14.094
4534,3296.247,3299.66,3290.642,3293.264,13462,10042.263648587237,1,OVERSOLD,OVERSOLD,BEARISH,13.677
4535,3293.31,3298.192,3287.724,3288.373,11257,10042.263648587237,1,OVERSOLD,OVERSOLD,BEARISH,13.805
4536,3288.399,3297.959,3287.989,3293.792,12690,10042.263648587237,1,NEUTRAL,OVERSOLD,BEARISH,13.61
4537,3293.752,3304.926,3292.268,3295.273,19267,10042.263648587237,1,NEUTRAL,OVERSOLD,BEARISH,13.89
4538,3295.046,3303.267,3285.089,3299.883,16259,10042.263648587237,1,NEUTRAL,OVERSOLD,BEARISH,14.448
4539,3299.842,3303.061,3289.609,3293.605,11576,10042.263648587237,1,NEUTRAL,OVERSOLD,BEARISH,14.925
4540,3293.612,3304.375,3292.969,3301.329,13398,10042.263648587237,2,OVERBOUGHT,OVERSOLD,BEARISH,15.092
4541,3301.363,3308.008,3299.119,3304.38,10367,10042.263648587237,2,OVERBOUGHT,OVERSOLD,BEARISH,14.612
4542,3304.356,3310.957,3297.621,3309.402,15691,10042.263648587237,3,OVERBOUGHT,NEUTRAL,BULLISH,14.691
4543,3309.431,3315.77,3298.538,3301.783,18411,10058.524253483693,2,NEUTRAL,NEUTRAL,BULLISH,14.101
4544,3301.821,3313.625,3300.262,3302.393,12650,10058.524253483693,1,NEUTRAL,NEUTRAL,BULLISH,13.387
4545,3302.419,3304.051,3291.674,3297.761,12158,10058.524253483693,1,NEUTRAL,NEUTRAL,BULLISH,12.841
4546,3297.721,3310.258,3294.383,3307.232,17657,10058.524253483693,2,NEUTRAL,NEUTRAL,BULLISH,12.952
4547,3307.247,3322.393,3298.328,3319.249,21003,10058.524253483693,2,NEUTRAL,NEUTRAL,BULLISH,13.592
4548,3319.3,3323.823,3315.147,3321.592,10518,10058.524253483693,1,OVERBOUGHT,OVERBOUGHT,BULLISH,13.567
4549,3321.629,3325.551,3311.763,3313.357,13981,10058.524253483693,2,NEUTRAL,OVERBOUGHT,BULLISH,13.805
4550,3313.342,3315.123,3305.319,3312.335,18055,10058.524253483693,2,OVERBOUGHT,OVERBOUGHT,BULLISH,13.793
4551,3312.292,3316.438,3297.414,3305.229,19440,10058.524253483693,1,NEUTRAL,NEUTRAL,BULLISH,14.247
4552,3305.184,3309.018,3300.392,3302.61,14294,10058.524253483693,1,OVERSOLD,NEUTRAL,BULLISH,13.565
4553,3302.635,3302.748,3292.51,3296.094,11561,10058.524253483693,1,OVERSOLD,NEUTRAL,BULLISH,13.336
4554,3296.125,3299.189,3288.56,3296.756,14927,10058.524253483693,2,OVERSOLD,OVERSOLD,BEARISH,13.28
4555,3296.808,3303.065,3293.866,3296.983,15523,10058.524253483693,2,OVERSOLD,OVERSOLD,BEARISH,13.302
4556,3297.006,3297.34,3276.427,3286.568,15831,10058.524253483693,2,OVERSOLD,OVERSOLD,BEARISH,13.843
4557,3286.54,3287.765,3250.273,3259.895,29103,10058.524253483693,1,OVERSOLD,OVERSOLD,BEARISH,15.291
4558,3259.921,3268.976,3253.825,3265.066,24130,10163.986229342388,1,OVERSOLD,OVERSOLD,BEARISH,15.418
4559,3265.027,3265.9,3245.439,3263.544,24667,10163.986229342388,1,OVERSOLD,OVERSOLD,BEARISH,15.996
4560,3263.527,3275.459,3260.997,3270.052,14831,10163.986229342388,1,OVERSOLD,OVERSOLD,BEARISH,15.895
4561,3270.01,3280.165,3268.062,3274.545,11682,10163.986229342388,1,NEUTRAL,OVERSOLD,BEARISH,15.04
4562,3274.635,3275.439,3265.986,3272.477,18002,10163.986229342388,2,OVERBOUGHT,NEUTRAL,BEARISH,15.096
4563,3272.479,3276.412,3268.051,3271.677,10531,10163.986229342388,1,OVERBOUGHT,NEUTRAL,BEARISH,14.708
4564,3271.716,3287.505,3271.716,3286.561,10408,10163.986229342388,1,OVERBOUGHT,NEUTRAL,BEARISH,15.139
4565,3286.517,3289.286,3276.262,3282.103,15743,10163.986229342388,2,OVERBOUGHT,NEUTRAL,BULLISH,14.71
4566,3282.138,3300.796,3281.864,3296.633,10783,10163.986229342388,1,OVERBOUGHT,NEUTRAL,BULLISH,15.446
4567,3296.629,3305.549,3295.374,3299.719,10274,10163.986229342388,1,OVERBOUGHT,OVERBOUGHT,BULLISH,15.442
4568,3299.844,3317.551,3298.55,3316.467,17692,10163.986229342388,1,OVERBOUGHT,OVERBOUGHT,BULLISH,16.04
4569,3316.414,3322.051,3310.208,3312.724,21380,10163.986229342388,1,OVERBOUGHT,OVERBOUGHT,BULLISH,16.228
4570,3312.682,3319.532,3304.801,3310.332,18534,10163.986229342388,1,OVERBOUGHT,OVERBOUGHT,BULLISH,15.787
4571,3310.382,3321.981,3309.77,3321.578,11213,10163.986229342388,1,OVERBOUGHT,OVERBOUGHT,BULLISH,13.981
4572,3321.664,3331.225,3319.797,3322.273,10824,10163.986229342388,1,OVERBOUGHT,OVERBOUGHT,BULLISH,13.715
4573,3322.258,3325.849,3317.57,3321.275,16629,10163.986229342388,2,NEUTRAL,OVERBOUGHT,BULLISH,12.845
4574,3321.269,3321.539,3315.234,3317.534,10361,10163.986229342388,2,NEUTRAL,OVERBOUGHT,BULLISH,12.262
4575,3320.033,3321.095,3312.854,3315.503,10297,10163.986229342388,2,NEUTRAL,OVERBOUGHT,BULLISH,11.987
4576,3315.498,3322.742,3308.077,3309.913,22812,10244.844683690731,2,OVERSOLD,OVERBOUGHT,BULLISH,12.359
4577,3309.959,3312.188,3294.969,3297.253,15431,10244.844683690731,1,OVERSOLD,NEUTRAL,BULLISH,12.992
4578,3297.279,3302.308,3291.219,3296.174,16057,10244.844683690731,2,OVERSOLD,NEUTRAL,BEARISH,12.653
4579,3296.189,3304.994,3290.181,3301.851,21597,10244.844683690731,2,OVERSOLD,NEUTRAL,BEARISH,12.781
4580,3301.806,3301.806,3287.37,3295.002,11813,10244.844683690731,1,OVERSOLD,NEUTRAL,BEARISH,12.463
4581,3294.975,3299.274,3291.58,3295.673,17457,10244.844683690731,2,OVERSOLD,OVERSOLD,BEARISH,12.286
4582,3295.634,3300.669,3288.62,3294.055,15863,10244.844683690731,2,NEUTRAL,OVERSOLD,BEARISH,11.789
4583,3294.054,3306.829,3282.785,3304.019,29293,10244.844683690731,1,NEUTRAL,OVERSOLD,BEARISH,12.661
4584,3303.985,3308.311,3275.196,3276.784,28803,10244.844683690731,1,OVERSOLD,OVERSOLD,BEARISH,13.974
4585,3276.739,3287.376,3271.526,3282.705,25469,10244.844683690731,1,NEUTRAL,OVERSOLD,BEARISH,14.234
4586,3282.73,3292.817,3275.962,3288.676,18163,10244.844683690731,1,NEUTRAL,OVERSOLD,BEARISH,14.621
4587,3288.616,3295.778,3283.957,3293.391,14381,10244.844683690731,1,NEUTRAL,NEUTRAL,BEARISH,14.874
4588,3293.356,3295.042,3289.817,3293.823,16507,10244.844683690731,2,NEUTRAL,NEUTRAL,BEARISH,14.797
4589,3293.784,3295.834,3288.642,3289.665,10666,10244.844683690731,2,OVERBOUGHT,NEUTRAL,BEARISH,14.722
4590,3303.113,3315.076,3299.873,3313.149,9634,9336.62138048209,1,OVERBOUGHT,NEUTRAL,BULLISH,15.49
4591,3313.143,3316.742,3303.212,3311.418,18898,9377.482836309193,2,OVERBOUGHT,OVERBOUGHT,BULLISH,15.226
4592,3311.454,3313.802,3301.409,3303.576,10982,9377.482836309193,1,NEUTRAL,OVERBOUGHT,BULLISH,15.32
4593,3303.561,3311.588,3303.267,3308.743,15106,9377.482836309193,2,NEUTRAL,OVERBOUGHT,BULLISH,14.856
4594,3308.806,3325.771,3308.791,3323.704,14730,9377.482836309193,2,OVERBOUGHT,OVERBOUGHT,BULLISH,15.038
4595,3323.686,3345.466,3323.686,3344.458,13048,9377.482836309193,1,OVERBOUGHT,OVERBOUGHT,BULLISH,16.044
4596,3344.485,3359.037,3343.135,3352.562,15272,9377.482836309193,1,OVERBOUGHT,OVERBOUGHT,BULLISH,16.319
4597,3352.655,3356.424,3350.008,3352.101,9395,9377.482836309193,1,OVERBOUGHT,OVERBOUGHT,BULLISH,15.06
4598,3352.07,3352.502,3344.361,3348.629,17809,9377.482836309193,2,OVERBOUGHT,OVERBOUGHT,BULLISH,13.276
4599,3348.593,3360.152,3346.11,3356.324,10050,9377.482836309193,1,OVERBOUGHT,OVERBOUGHT,BULLISH,13.147
4600,3356.296,3363.587,3353.928,3355.465,12451,9377.482836309193,1,OVERBOUGHT,OVERBOUGHT,BULLISH,12.633
4601,3355.509,3376.267,3350.319,3371.107,19049,9377.482836309193,1,OVERBOUGHT,OVERBOUGHT,BULLISH,13.642
4602,3370.947,3379.064,3367.624,3376.002,23572,9377.482836309193,1,OVERBOUGHT,OVERBOUGHT,BULLISH,14.086
4603,3376.042,3378.865,3369.796,3374.294,12946,9377.482836309193,1,OVERBOUGHT,OVERBOUGHT,BULLISH,14.22
4604,3374.319,3379.25,3369.285,3374.355,17271,9377.482836309193,2,OVERBOUGHT,OVERBOUGHT,BULLISH,13.117
4605,3374.384,3382.346,3370.74,3381.539,13111,9377.482836309193,2,OVERBOUGHT,OVERBOUGHT,BULLISH,12.979
4606,3381.499,3391.422,3378.364,3389.939,11231,9377.482836309193,2,OVERBOUGHT,OVERBOUGHT,BULLISH,13.027
4607,3389.979,3392.238,3373.76,3375.747,18189,9376.123359835303,2,NEUTRAL,OVERBOUGHT,BULLISH,13.752
4608,3375.794,3376.152,3363.197,3372.632,21405,9376.123359835303,1,NEUTRAL,OVERBOUGHT,BULLISH,13.461
4609,3372.577,3378.031,3364.421,3368.802,13382,9376.123359835303,1,NEUTRAL,NEUTRAL,BULLISH,12.878
4610,3368.805,3369.677,3359.685,3361.087,10767,9376.123359835303,1,OVERSOLD,NEUTRAL,BEARISH,12.456
4611,3361.174,3367.715,3356.244,3365.028,16961,9376.123359835303,2,OVERSOLD,NEUTRAL,BEARISH,12.817
4612,3364.91,3367.319,3351.149,3358.847,12546,9376.123359835303,1,OVERSOLD,NEUTRAL,BEARISH,13.39
4613,3358.809,3361.314,3352.499,3359.648,12473,9376.123359835303,1,OVERSOLD,NEUTRAL,BEARISH,13.017
4614,3359.752,3364.905,3354.962,3356.812,16166,9376.123359835303,2,OVERSOLD,OVERSOLD,BEARISH,13.037
4615,3356.882,3360.518,3353.305,3359.294,13003,9376.123359835303,2,NEUTRAL,OVERSOLD,BEARISH,11.699
4616,3359.323,3363.123,3349.03,3359.349,13272,9376.123359835303,1,OVERSOLD,OVERSOLD,BEARISH,11.888
4617,3359.399,3363.095,3340.992,3345.698,19603,9376.123359835303,1,OVERSOLD,OVERSOLD,BEARISH,12.819
4618,3345.751,3350.17,3333.053,3346.526,19702,9376.123359835303,1,OVERSOLD,OVERSOLD,BEARISH,13.33
4619,3346.495,3351.524,3344.069,3350.304,9867,9376.123359835303,1,NEUTRAL,OVERSOLD,BEARISH,13.034
4620,3350.368,3354.629,3344.633,3353.171,13787,9376.123359835303,2,NEUTRAL,OVERSOLD,BEARISH,12.815
4621,3353.089,3355.537,3350.431,3353.345,12423,9376.123359835303,3,NEUTRAL,NEUTRAL,BEARISH,11.86
4622,3355.807,3361.657,3349.812,3350.152,18436,9347.266373184322,3,OVERBOUGHT,NEUTRAL,BEARISH,11.781
4623,3350.187,3372.386,3346.452,3370.932,14352,9347.266373184322,1,OVERBOUGHT,NEUTRAL,BEARISH,12.661
4624,3370.898,3372.627,3358.298,3359.246,15605,9347.266373184322,2,NEUTRAL,NEUTRAL,BEARISH,12.971
4625,3359.236,3361.52,3347.999,3351.075,16986,9347.266373184322,2,NEUTRAL,NEUTRAL,BEARISH,13.117
4626,3351.059,3358.428,3348.955,3355.638,10646,9347.266373184322,1,NEUTRAL,NEUTRAL,BEARISH,12.639
4627,3355.753,3365.217,3351.703,3362.769,17520,9347.266373184322,2,NEUTRAL,NEUTRAL,BEARISH,12.974
4628,3362.805,3364.972,3347.34,3350.87,16967,9347.266373184322,2,OVERSOLD,NEUTRAL,BEARISH,13.524
4629,3350.906,3352.062,3343.72,3346.577,9475,9347.266373184322,1,NEUTRAL,NEUTRAL,BEARISH,13.604
4630,3346.613,3360.826,3344.33,3358.887,17675,9347.266373184322,1,NEUTRAL,NEUTRAL,BEARISH,13.776
4631,3358.924,3362.827,3350.847,3352.841,16584,9347.266373184322,1,NEUTRAL,NEUTRAL,BEARISH,13.053
4632,3352.808,3384.709,3351.191,3377.424,21106,9347.266373184322,1,NEUTRAL,NEUTRAL,BULLISH,14.224
4633,3377.394,3378.978,3369.613,3371.763,13253,9347.266373184322,1,NEUTRAL,NEUTRAL,BULLISH,14.361
4634,3371.724,3380.902,3370.832,3379.206,13859,9347.266373184322,2,OVERBOUGHT,OVERBOUGHT,BULLISH,14.366
4635,3379.149,3382.217,3371.946,3373.614,10834,9347.266373184322,2,NEUTRAL,OVERBOUGHT,BULLISH,14.735
4636,3373.566,3379.08,3370.508,3378.042,12453,9347.266373184322,3,OVERBOUGHT,OVERBOUGHT,BULLISH,14.501
4637,3378.099,3381.728,3372.234,3380.276,10440,9722.590210658831,1,NEUTRAL,OVERBOUGHT,BULLISH,13.327
4638,3380.255,3384.183,3370.591,3373.708,12512,9722.590210658831,1,NEUTRAL,OVERBOUGHT,BULLISH,13.274
4639,3373.739,3377.408,3368.172,3369.674,14952,9722.590210658831,2,OVERSOLD,OVERBOUGHT,BULLISH,12.968
4640,3369.683,3372.505,3361.18,3364.281,16499,9722.590210658831,2,OVERSOLD,NEUTRAL,BEARISH,13.101
4641,3364.24,3374.534,3363.72,3371.304,15670,9722.590210658831,2,NEUTRAL,NEUTRAL,BEARISH,12.908
4642,3371.266,3391.324,3369.641,3389.565,22081,9722.590210658831,2,NEUTRAL,OVERBOUGHT,BULLISH,13.197
4643,3389.534,3400.457,3388.202,3399.949,13059,9722.590210658831,1,OVERBOUGHT,OVERBOUGHT,BULLISH,13.477
4644,3399.898,3403.592,3391.575,3392.293,13870,9722.590210658831,1,OVERBOUGHT,OVERBOUGHT,BULLISH,13.157
4645,3392.327,3400.197,3377.584,3383.084,26110,9722.590210658831,1,NEUTRAL,OVERBOUGHT,BULLISH,13.916
4646,3383.122,3388.453,3371.133,3378.173,42067,9722.590210658831,1,NEUTRAL,NEUTRAL,BULLISH,12.759
4647,3378.247,3383.256,3363.859,3367.645,34469,9722.590210658831,1,OVERSOLD,NEUTRAL,BEARISH,13.476
4648,3367.61,3372.943,3339.37,3344.773,33604,9722.590210658831,1,OVERSOLD,OVERSOLD,BEARISH,15.154
4649,3344.681,3356.501,3339.811,3354.165,17757,9722.590210658831,1,OVERSOLD,OVERSOLD,BEARISH,15.613
4650,3354.123,3356.216,3348.894,3353.607,17477,9722.590210658831,2,OVERSOLD,OVERSOLD,BEARISH,15.524
4651,3353.652,3361.404,3352.83,3356.885,11364,9722.590210658831,1,OVERSOLD,OVERSOLD,BEARISH,15.458
4652,3356.861,3363.592,3351.987,3358.982,11721,9722.590210658831,2,NEUTRAL,OVERSOLD,BEARISH,15.316
4653,3359.085,3364.103,3357.216,3359.357,12660,9853.851460437354,2,OVERBOUGHT,OVERSOLD,BEARISH,15.148
4654,3359.33,3368.542,3356.133,3363.776,12157,9853.851460437354,1,OVERBOUGHT,NEUTRAL,BEARISH,15.226
4655,3363.754,3371.811,3359.339,3369.747,15451,9853.851460437354,2,OVERBOUGHT,NEUTRAL,BEARISH,15.344
4656,3369.666,3375.685,3362.223,3366.046,15558,9853.851460437354,2,OVERBOUGHT,NEUTRAL,BEARISH,14.757
4657,3365.964,3366.967,3356.083,3360.632,10673,9853.851460437354,1,NEUTRAL,NEUTRAL,BEARISH,14.659
4658,3360.682,3362.368,3352.826,3359.374,10610,9853.851460437354,1,NEUTRAL,NEUTRAL,BEARISH,14.482
4659,3359.419,3367.782,3352.703,3356.712,17069,9853.851460437354,2,NEUTRAL,NEUTRAL,BEARISH,13.944
4660,3356.725,3364.329,3355.903,3358.292,15108,9853.851460437354,2,OVERSOLD,NEUTRAL,BEARISH,13.309
4661,3358.308,3364.421,3343.539,3353.389,29562,9853.851460437354,1,OVERSOLD,NEUTRAL,BEARISH,13.415
4662,3353.365,3361.043,3342.46,3343.265,35414,9853.851460437354,1,OVERSOLD,NEUTRAL,BEARISH,12.344
4663,3343.308,3345.028,3316.269,3326.069,37618,9853.851460437354,1,OVERSOLD,OVERSOLD,BEARISH,13.206
4664,3326.124,3336.772,3323.311,3332.223,18323,9853.851460437354,1,OVERSOLD,OVERSOLD,BEARISH,13.645
4665,3332.182,3332.774,3320.824,3322.775,11538,9853.851460437354,1,OVERSOLD,OVERSOLD,BEARISH,13.886
4666,3322.762,3326.8,3313.676,3317.477,16533,9853.851460437354,2,OVERSOLD,OVERSOLD,BEARISH,13.994
4667,3317.473,3318.975,3307.053,3311.702,13410,9853.851460437354,2,OVERSOLD,OVERSOLD,BEARISH,14.354
4668,3317.819,3321.215,3309.24,3318.038,14524,8973.024337221099,2,NEUTRAL,OVERSOLD,BEARISH,14.323
4669,3318.082,3318.699,3298.181,3305.496,14579,8910.0617019302,1,OVERSOLD,OVERSOLD,BEARISH,14.898
4670,3305.423,3309.456,3295.08,3295.964,15629,8910.0617019302,1,OVERSOLD,OVERSOLD,BEARISH,14.963
4671,3295.999,3307.593,3293.428,3305.534,12348,8910.0617019302,1,NEUTRAL,OVERSOLD,BEARISH,15.197
4672,3305.568,3313.506,3304.213,3311.729,14336,8910.0617019302,2,NEUTRAL,OVERSOLD,BEARISH,15.18
4673,3311.683,3324.911,3309.589,3324.327,16029,8910.0617019302,2,NEUTRAL,OVERSOLD,BEARISH,15.197
4674,3324.363,3328.652,3321.539,3324.238,9181,8910.0617019302,1,OVERBOUGHT,NEUTRAL,BULLISH,15.103
4675,3324.269,3325.685,3316.83,3318.617,15227,8910.0617019302,2,OVERBOUGHT,NEUTRAL,BULLISH,14.244
4676,3318.669,3321.31,3312.063,3317.456,14253,8910.0617019302,2,OVERBOUGHT,NEUTRAL,BULLISH,13.577
4677,3317.412,3322.432,3312.953,3320.048,10487,8910.0617019302,1,NEUTRAL,NEUTRAL,BULLISH,12.2
4678,3319.998,3321.748,3310.698,3319.333,16712,8910.0617019302,1,OVERSOLD,NEUTRAL,BULLISH,12.028
4679,3319.305,3326.839,3316.124,3320.808,13948,8910.0617019302,1,NEUTRAL,NEUTRAL,BULLISH,11.94
4680,3320.855,3332.07,3320.35,3328.665,9131,8910.0617019302,1,OVERBOUGHT,OVERBOUGHT,BULLISH,11.839
4681,3328.668,3338.24,3327.475,3333.694,14522,8910.0617019302,2,OVERBOUGHT,OVERBOUGHT,BULLISH,11.757
4682,3333.705,3337.054,3325.894,3327.241,10698,8910.0617019302,2,NEUTRAL,OVERBOUGHT,BULLISH,11.698
4683,3327.201,3329.5,3321.583,3326.766,12406,8910.0617019302,3,NEUTRAL,OVERBOUGHT,BULLISH,10.798
4684,3326.809,3326.851,3314.554,3316.578,11101,8966.147095397166,1,NEUTRAL,NEUTRAL,BULLISH,10.65
4685,3316.651,3319.938,3302.929,3306.264,16800,8966.147095397166,1,OVERSOLD,NEUTRAL,BULLISH,10.853
4686,3306.227,3310.391,3301.917,3309.3,11593,8966.147095397166,1,OVERSOLD,OVERSOLD,BULLISH,10.795
4687,3309.293,3310.43,3302.789,3307.318,13799,8966.147095397166,2,OVERSOLD,OVERSOLD,BULLISH,10.246
4688,3307.328,3319.206,3306.813,3317.623,12788,8966.147095397166,1,NEUTRAL,OVERSOLD,BULLISH,10.623
4689,3317.712,3331.322,3315.504,3325.374,12937,8966.147095397166,1,NEUTRAL,NEUTRAL,BULLISH,11.12
4690,3325.349,3332.201,3324.002,3330.18,11593,8966.147095397166,1,OVERBOUGHT,NEUTRAL,BULLISH,11.046
4691,3330.09,3334.834,3326.194,3329.798,14529,8966.147095397166,2,OVERBOUGHT,OVERBOUGHT,BULLISH,10.986
4692,3329.825,3342.587,3328.406,3333.78,15026,8966.147095397166,2,OVERBOUGHT,OVERBOUGHT,BULLISH,11.209
4693,3333.817,3340.279,3328.2,3337.199,11204,8966.147095397166,1,OVERBOUGHT,OVERBOUGHT,BULLISH,11.307
4694,3337.129,3349.153,3335.525,3343.628,15748,8966.147095397166,1,OVERBOUGHT,OVERBOUGHT,BULLISH,11.443
4695,3343.591,3343.727,3325.446,3328.617,19207,8966.147095397166,1,NEUTRAL,OVERBOUGHT,BULLISH,11.98
4696,3328.54,3329.346,3323.165,3326.692,13548,8966.147095397166,1,NEUTRAL,NEUTRAL,BULLISH,11.624
4697,3326.653,3327.758,3319.944,3324.763,14977,8966.147095397166,2,NEUTRAL,NEUTRAL,BULLISH,11.617
4698,3324.67,3334.536,3319.358,3328.716,13227,8966.147095397166,2,NEUTRAL,NEUTRAL,BULLISH,11.823
4699,3328.757,3328.958,3320.724,3324.422,10546,8966.147095397166,2,OVERSOLD,NEUTRAL,BULLISH,11.196
4700,3324.461,3328.14,3315.517,3327.862,9352,8966.147095397166,1,NEUTRAL,NEUTRAL,BULLISH,11.492
4701,3327.936,3335.204,3325.008,3332.45,11127,9187.894991073626,1,NEUTRAL,NEUTRAL,BULLISH,11.675
4702,3332.35,3337.467,3327.612,3328.605,9842,9187.894991073626,1,NEUTRAL,NEUTRAL,BULLISH,11.493
4703,3328.546,3341.566,3327.078,3339.416,13892,9187.894991073626,2,NEUTRAL,NEUTRAL,BULLISH,11.398
4704,3339.387,3343.147,3335.522,3339.704,13187,9187.894991073626,2,OVERBOUGHT,NEUTRAL,BULLISH,11.357
4705,3339.697,3340.233,3332.476,3337.234,9599,9187.894991073626,1,OVERBOUGHT,NEUTRAL,BULLISH,11.294
4706,3337.255,3348.531,3335.165,3344.572,16572,9187.894991073626,2,OVERBOUGHT,OVERBOUGHT,BULLISH,11.236
4707,3344.526,3344.701,3331.238,3333.759,11517,9187.894991073626,1,NEUTRAL,NEUTRAL,BULLISH,11.335
4708,3333.817,3336.798,3326.11,3333.072,17195,9187.894991073626,2,NEUTRAL,NEUTRAL,BULLISH,11.125
4709,3333.152,3360.764,3327.196,3336.728,30443,9187.894991073626,1,NEUTRAL,NEUTRAL,BULLISH,12.217
4710,3336.732,3344.491,3327.882,3330.022,30807,9187.894991073626,1,NEUTRAL,NEUTRAL,BULLISH,12.962
4711,3329.907,3341.28,3328.542,3337.564,17282,9187.894991073626,1,NEUTRAL,NEUTRAL,BULLISH,13.313
4712,3337.606,3342.764,3329.557,3333.267,13698,9187.894991073626,1,NEUTRAL,NEUTRAL,BEARISH,13.173
4713,3333.247,3334.492,3319.22,3324.278,20628,9187.894991073626,2,NEUTRAL,NEUTRAL,BEARISH,13.675
4714,3324.303,3347.342,3323.804,3343.9,19304,9187.894991073626,1,NEUTRAL,NEUTRAL,BULLISH,14.455
4715,3343.827,3349.268,3342.312,3346.849,10069,9187.894991073626,1,NEUTRAL,NEUTRAL,BULLISH,14.224
4716,3346.876,3369.788,3346.522,3368.948,14676,9187.894991073626,2,OVERBOUGHT,OVERBOUGHT,BULLISH,15.182
4717,3368.984,3373.534,3357.635,3365.376,11230,9187.894991073626,1,OVERBOUGHT,OVERBOUGHT,BULLISH,15.282
4718,3365.405,3371.364,3362.12,3365.865,14164,9423.05578557455,1,OVERBOUGHT,OVERBOUGHT,BULLISH,15.398
4719,3365.89,3376.896,3362.401,3371.117,15535,9423.05578557455,1,OVERBOUGHT,OVERBOUGHT,BULLISH,15.879
4720,3371.072,3377.804,3368.946,3374.674,10363,9423.05578557455,1,OVERBOUGHT,OVERBOUGHT,BULLISH,15.557
4721,3374.649,3376.612,3369.43,3370.371,12504,9423.05578557455,2,NEUTRAL,OVERBOUGHT,BULLISH,15.109
4722,3370.442,3375.783,3365.254,3375.026,16549,9423.05578557455,2,OVERBOUGHT,OVERBOUGHT,BULLISH,15.097
4723,3374.982,3375.196,3338.536,3346.168,21399,9423.05578557455,1,OVERSOLD,OVERBOUGHT,BULLISH,15.318
4724,3346.192,3361.157,3346.192,3356.789,16758,9423.05578557455,1,NEUTRAL,NEUTRAL,BULLISH,15.202
4725,3356.709,3367.962,3355.332,3365.354,11647,9423.05578557455,1,NEUTRAL,NEUTRAL,BULLISH,15.195
4726,3365.45,3385.913,3362.532,3382.487,14594,9423.05578557455,1,NEUTRAL,OVERBOUGHT,BULLISH,15.921
4727,3382.577,3388.581,3373.175,3379.285,13700,9423.05578557455,1,NEUTRAL,OVERBOUGHT,BULLISH,15.931
4728,3379.252,3390.391,3376.337,3388.008,17737,9423.05578557455,1,OVERBOUGHT,OVERBOUGHT,BULLISH,15.254
4729,3388.123,3399.045,3379.389,3392.026,26593,9423.05578557455,1,OVERBOUGHT,OVERBOUGHT,BULLISH,16.161
4730,3392.055,3393.14,3382.938,3383.821,23964,9423.05578557455,1,OVERBOUGHT,OVERBOUGHT,BULLISH,15.228
4731,3383.903,3390.287,3377.784,3385.876,17444,9423.05578557455,1,NEUTRAL,OVERBOUGHT,BULLISH,14.985
4732,3385.906,3391.374,3380.961,3383.79,11899,9423.05578557455,1,NEUTRAL,OVERBOUGHT,BULLISH,15.068
4733,3383.759,3386.304,3378.097,3385.904,14498,9423.05578557455,2,NEUTRAL,OVERBOUGHT,BULLISH,14.619
4734,3385.858,3389.396,3379.633,3383.339,13805,9423.05578557455,3,OVERSOLD,OVERBOUGHT,BULLISH,14.684
4735,3383.346,3419.987,3382.584,3416.859,51695,9877.498885361101,2,OVERBOUGHT,OVERBOUGHT,BULLISH,16.843
4736,3416.944,3433.429,3413.974,3427.655,27579,9877.498885361101,1,OVERBOUGHT,OVERBOUGHT,BULLISH,17.48
4737,3427.539,3444.171,3424.783,3441.434,18726,9877.498885361101,1,OVERBOUGHT,OVERBOUGHT,BULLISH,16.246
4738,3441.405,3444.4,3423.805,3425.557,19921,9877.498885361101,1,OVERBOUGHT,OVERBOUGHT,BULLISH,16.647
4739,3425.543,3430.31,3422.611,3425.305,11133,9877.498885361101,1,OVERBOUGHT,OVERBOUGHT,BULLISH,16.295
4740,3425.336,3428.83,3417.976,3425.995,13308,9877.498885361101,1,NEUTRAL,OVERBOUGHT,BULLISH,15.4
4741,3426.096,3428.693,3408.376,3416.206,16411,9877.498885361101,1,NEUTRAL,NEUTRAL,BULLISH,15.751
4742,3416.229,3419.0,3407.879,3414.933,14568,9877.498885361101,1,OVERSOLD,NEUTRAL,BULLISH,15.541
4743,3414.863,3426.064,3414.308,3424.446,10973,9877.498885361101,1,NEUTRAL,NEUTRAL,BULLISH,14.977
4744,3424.345,3427.328,3420.025,3424.255,11985,9877.498885361101,1,NEUTRAL,NEUTRAL,BEARISH,14.77
4745,3424.293,3427.684,3411.595,3415.818,14582,9877.498885361101,1,NEUTRAL,NEUTRAL,BEARISH,15.026
4746,3415.858,3423.043,3412.496,3422.217,11801,9877.498885361101,1,NEUTRAL,NEUTRAL,BEARISH,15.036
4747,3422.207,3438.205,3421.726,3436.641,13360,9877.498885361101,1,OVERBOUGHT,OVERBOUGHT,BEARISH,15.626
4748,3436.608,3446.819,3433.933,3437.003,22774,9877.498885361101,1,OVERBOUGHT,OVERBOUGHT,BEARISH,15.849
4749,3436.912,3439.879,3423.727,3427.856,24662,9877.498885361101,1,NEUTRAL,OVERBOUGHT,BEARISH,14.332
4750,3427.824,3430.391,3420.906,3426.206,17731,9877.498885361101,1,NEUTRAL,NEUTRAL,BEARISH,13.619
4751,3426.258,3431.114,3419.203,3430.047,9893,9877.498885361101,1,NEUTRAL,NEUTRAL,BEARISH,13.085
4752,3430.04,3439.473,3427.411,3436.555,20700,9877.498885361101,2,NEUTRAL,NEUTRAL,BEARISH,12.476
4753,3436.544,3438.191,3428.965,3433.449,15488,9877.498885361101,2,NEUTRAL,NEUTRAL,BEARISH,12.585
4754,3440.955,3451.251,3438.591,3448.312,13411,9035.748991517188,1,OVERBOUGHT,OVERBOUGHT,BEARISH,13.081
4755,3448.425,3450.167,3439.542,3444.141,11528,9035.748991517188,1,OVERBOUGHT,OVERBOUGHT,BEARISH,12.389
4756,3444.166,3451.224,3434.314,3436.111,15289,9268.034801848884,1,NEUTRAL,OVERBOUGHT,BEARISH,12.802
4757,3436.135,3443.228,3433.208,3441.51,15584,9268.034801848884,1,NEUTRAL,OVERBOUGHT,BEARISH,12.678
4758,3441.515,3446.399,3437.889,3438.432,10573,9268.034801848884,1,NEUTRAL,NEUTRAL,BEARISH,12.765
4759,3438.392,3439.654,3429.244,3431.428,9754,9268.034801848884,1,OVERSOLD,NEUTRAL,BEARISH,12.359
4760,3431.496,3433.261,3417.786,3421.614,20553,9268.034801848884,2,OVERSOLD,NEUTRAL,BEARISH,12.711
4761,3421.649,3421.649,3412.999,3418.243,15220,9268.034801848884,1,OVERSOLD,OVERSOLD,BEARISH,12.152
4762,3418.192,3419.843,3409.459,3412.619,13094,9268.034801848884,1,OVERSOLD,OVERSOLD,BEARISH,11.973
4763,3412.624,3418.536,3409.773,3413.919,10026,9268.034801848884,1,OVERSOLD,OVERSOLD,BEARISH,11.445
4764,3413.955,3421.339,3410.609,3421.028,16827,9268.034801848884,2,NEUTRAL,OVERSOLD,BEARISH,11.534
4765,3421.001,3422.697,3410.826,3415.0,9379,9268.034801848884,1,NEUTRAL,OVERSOLD,BEARISH,11.531
4766,3415.043,3417.81,3411.048,3415.685,11993,9268.034801848884,1,NEUTRAL,OVERSOLD,BEARISH,11.153
4767,3415.648,3418.128,3382.725,3388.131,32897,9268.034801848884,1,OVERSOLD,OVERSOLD,BEARISH,13.023
4768,3388.229,3399.436,3387.376,3396.944,27341,9268.034801848884,1,NEUTRAL,OVERSOLD,BEARISH,12.612
4769,3396.898,3405.724,3396.898,3404.626,14072,9268.034801848884,1,NEUTRAL,OVERSOLD,BEARISH,12.484
4770,3404.534,3404.992,3391.09,3392.593,16915,9268.034801848884,2,NEUTRAL,OVERSOLD,BEARISH,12.269
4771,3392.561,3394.076,3382.79,3384.094,15349,9268.034801848884,2,OVERSOLD,OVERSOLD,BEARISH,12.359
4772,3384.015,3398.517,3383.294,3395.465,10618,9268.034801848884,2,NEUTRAL,OVERSOLD,BEARISH,12.839
4773,3395.451,3402.977,3393.021,3402.769,9910,9268.034801848884,1,NEUTRAL,OVERSOLD,BEARISH,12.807
4774,3402.815,3403.256,3391.455,3394.191,14465,9444.876725482323,1,NEUTRAL,NEUTRAL,BEARISH,12.544
4775,3394.219,3402.469,3393.321,3393.689,11520,9444.876725482323,1,NEUTRAL,NEUTRAL,BEARISH,12.58
4776,3393.7,3400.444,3388.309,3390.069,10576,9444.876725482323,1,NEUTRAL,OVERSOLD,BEARISH,12.705
4777,3390.02,3392.591,3373.463,3387.583,15775,9444.876725482323,1,NEUTRAL,OVERSOLD,BEARISH,13.445
4778,3387.557,3396.289,3387.06,3392.641,14954,9444.876725482323,2,OVERSOLD,OVERSOLD,BEARISH,13.338
4779,3392.652,3392.652,3381.074,3385.529,11260,9444.876725482323,1,OVERSOLD,NEUTRAL,BEARISH,13.317
4780,3385.484,3391.923,3383.134,3387.783,10064,9444.876725482323,1,NEUTRAL,NEUTRAL,BEARISH,13.462
4781,3387.784,3388.651,3377.77,3378.876,9959,9444.876725482323,1,OVERSOLD,OVERSOLD,BEARISH,11.71
4782,3378.823,3385.976,3375.675,3385.598,12434,9444.876725482323,1,NEUTRAL,OVERSOLD,BEARISH,11.584
4783,3385.577,3398.711,3385.327,3398.089,11850,9444.876725482323,1,NEUTRAL,NEUTRAL,BULLISH,11.91
4784,3398.106,3400.203,3388.22,3388.635,11308,9444.876725482323,1,NEUTRAL,NEUTRAL,BULLISH,11.773
4785,3388.65,3391.59,3383.518,3386.689,16506,9444.876725482323,1,NEUTRAL,NEUTRAL,BULLISH,11.543
4786,3386.693,3397.536,3385.842,3390.69,20625,9444.876725482323,1,NEUTRAL,NEUTRAL,BULLISH,11.291
4787,3390.656,3392.056,3366.079,3385.032,27172,9444.876725482323,1,NEUTRAL,NEUTRAL,BULLISH,12.436
4788,3385.01,3388.286,3372.409,3379.284,14662,9444.876725482323,1,OVERSOLD,NEUTRAL,BULLISH,12.727
4789,3379.386,3385.934,3376.651,3382.89,12074,9444.876725482323,1,NEUTRAL,NEUTRAL,BULLISH,12.736
4790,3382.897,3391.34,3381.301,3390.258,10396,9444.876725482323,1,NEUTRAL,NEUTRAL,BULLISH,12.587
4791,3390.27,3392.499,3382.296,3385.71,16089,9444.876725482323,2,NEUTRAL,NEUTRAL,BULLISH,11.949
4792,3385.675,3396.217,3383.634,3388.854,10132,9444.876725482323,2,NEUTRAL,NEUTRAL,BULLISH,12.189
4793,3388.903,3390.32,3382.918,3385.853,14199,9518.174180198293,2,NEUTRAL,NEUTRAL,BULLISH,11.891
4794,3385.883,3388.688,3378.653,3379.022,9855,9518.174180198293,1,NEUTRAL,NEUTRAL,BULLISH,11.98
4795,3378.962,3391.524,3370.655,3390.96,16342,9518.174180198293,2,NEUTRAL,NEUTRAL,BULLISH,12.693
4796,3390.928,3400.011,3384.215,3386.407,17813,9518.174180198293,2,NEUTRAL,NEUTRAL,BULLISH,13.086
4797,3386.426,3386.874,3379.4,3382.381,9747,9518.174180198293,1,NEUTRAL,NEUTRAL,BULLISH,12.663
4798,3382.344,3388.415,3377.037,3383.611,15969,9518.174180198293,2,NEUTRAL,NEUTRAL,BULLISH,12.62
4799,3383.604,3385.533,3375.433,3380.193,15190,9518.174180198293,2,NEUTRAL,NEUTRAL,BULLISH,12.765
4800,3380.238,3389.918,3378.918,3386.582,19986,9518.174180198293,2,NEUTRAL,NEUTRAL,BULLISH,12.715
4801,3386.647,3396.852,3385.618,3392.333,13187,9518.174180198293,1,NEUTRAL,NEUTRAL,BULLISH,11.662
4802,3392.288,3392.447,3373.833,3386.892,23934,9518.174180198293,1,NEUTRAL,NEUTRAL,BULLISH,11.858
4803,3386.924,3392.853,3381.18,3392.68,10193,9518.174180198293,1,NEUTRAL,NEUTRAL,BULLISH,12.029
4804,3392.731,3394.683,3384.291,3385.333,13050,9518.174180198293,2,NEUTRAL,NEUTRAL,BULLISH,12.054
4805,3385.394,3395.827,3378.326,3379.067,24894,9518.174180198293,1,NEUTRAL,NEUTRAL,BULLISH,12.575
4806,3379.109,3379.244,3362.867,3366.818,25041,9518.174180198293,1,OVERSOLD,OVERSOLD,BEARISH,12.846
4807,3366.771,3379.89,3362.474,3375.178,14495,9518.174180198293,2,NEUTRAL,OVERSOLD,BEARISH,13.561
4808,3375.166,3383.364,3370.664,3379.416,14359,9343.22505192544,2,NEUTRAL,OVERSOLD,BEARISH,13.752
4809,3379.474,3387.968,3374.516,3374.895,13843,9343.22505192544,1,NEUTRAL,NEUTRAL,BEARISH,13.222
4810,3374.87,3379.478,3369.684,3373.609,13881,9343.22505192544,2,NEUTRAL,NEUTRAL,BEARISH,12.793
4811,3373.609,3375.326,3360.187,3364.477,13868,9343.22505192544,2,NEUTRAL,OVERSOLD,BEARISH,13.341
4812,3364.52,3364.818,3347.456,3357.345,22755,9343.22505192544,1,OVERSOLD,OVERSOLD,BEARISH,13.768
4813,3357.446,3369.182,3350.693,3365.954,14922,9343.22505192544,1,OVERSOLD,OVERSOLD,BEARISH,14.367
4814,3365.968,3371.651,3362.21,3368.645,10660,9343.22505192544,1,NEUTRAL,NEUTRAL,BEARISH,14.256
4815,3368.679,3379.05,3363.635,3374.998,16704,9343.22505192544,2,NEUTRAL,NEUTRAL,BEARISH,14.555
4816,3375.046,3375.55,3363.784,3367.958,15825,9343.22505192544,2,NEUTRAL,NEUTRAL,BEARISH,14.065
4817,3367.996,3372.963,3361.497,3369.573,11766,9343.22505192544,1,OVERBOUGHT,NEUTRAL,BEARISH,14.051
4818,3369.547,3371.005,3361.574,3364.65,9989,9343.22505192544,1,NEUTRAL,NEUTRAL,BEARISH,13.982
4819,3364.624,3371.922,3362.182,3369.26,10614,9343.22505192544,1,NEUTRAL,NEUTRAL,BULLISH,13.428
4820,3369.223,3374.14,3361.986,3365.623,14953,9343.22505192544,3,OVERSOLD,NEUTRAL,BULLISH,13.126
4821,3365.628,3370.445,3363.627,3368.174,14424,9189.06869777381,2,NEUTRAL,NEUTRAL,BULLISH,12.369
4822,3368.181,3368.289,3356.08,3356.516,10648,9189.06869777381,1,OVERSOLD,NEUTRAL,BEARISH,12.334
4823,3356.476,3360.653,3351.623,3352.479,10498,9189.06869777381,1,OVERSOLD,OVERSOLD,BEARISH,12.018
4824,3352.51,3356.353,3344.625,3355.507,11598,9189.06869777381,1,OVERSOLD,OVERSOLD,BEARISH,12.156
4825,3355.539,3357.656,3342.73,3344.74,14465,9189.06869777381,2,OVERSOLD,OVERSOLD,BEARISH,12.141
4826,3344.773,3348.714,3340.345,3345.266,10412,9189.06869777381,1,OVERSOLD,OVERSOLD,BEARISH,11.499
4827,3345.222,3355.316,3343.382,3347.691,9552,9189.06869777381,1,OVERSOLD,OVERSOLD,BEARISH,11.031
4828,3347.657,3359.224,3346.681,3355.243,15449,9189.06869777381,2,NEUTRAL,OVERSOLD,BEARISH,11.252
4829,3355.301,3357.928,3346.54,3347.051,15123,9189.06869777381,2,NEUTRAL,OVERSOLD,BEARISH,10.964
4830,3347.094,3350.723,3341.887,3344.444,13478,9189.06869777381,1,NEUTRAL,OVERSOLD,BEARISH,10.755
4831,3344.563,3373.885,3342.988,3370.333,17640,9189.06869777381,1,OVERBOUGHT,NEUTRAL,BULLISH,12.143
4832,3370.331,3374.477,3365.211,3369.235,14870,9189.06869777381,1,OVERBOUGHT,NEUTRAL,BULLISH,12.131
4833,3369.278,3373.365,3365.835,3371.518,14573,9189.06869777381,2,OVERBOUGHT,OVERBOUGHT,BULLISH,11.973
4834,3371.461,3371.806,3364.606,3366.72,10385,9189.06869777381,2,OVERBOUGHT,OVERBOUGHT,BULLISH,11.62
4835,3366.748,3388.96,3364.69,3379.142,25236,8418.371678938209,3,OVERBOUGHT,OVERBOUGHT,BULLISH,12.866
4836,3379.143,3380.631,3371.173,3372.755,10000,8418.371678938209,1,NEUTRAL,OVERBOUGHT,BULLISH,12.67
4837,3372.776,3373.551,3358.389,3365.716,13745,8627.582312690125,1,NEUTRAL,NEUTRAL,BULLISH,13.108
4838,3365.762,3368.093,3351.846,3355.307,16014,8627.582312690125,1,NEUTRAL,NEUTRAL,BULLISH,13.43
4839,3355.263,3366.398,3354.759,3363.372,15656,8627.582312690125,2,NEUTRAL,NEUTRAL,BULLISH,13.196
4840,3363.385,3365.061,3346.971,3356.776,14723,8627.582312690125,2,OVERSOLD,NEUTRAL,BULLISH,13.89
4841,3356.874,3359.838,3352.644,3357.578,9170,8627.582312690125,1,OVERSOLD,NEUTRAL,BULLISH,13.551
4842,3357.614,3362.382,3351.642,3361.863,15564,8627.582312690125,2,NEUTRAL,NEUTRAL,BULLISH,13.423
4843,3361.808,3368.98,3361.571,3367.724,14787,8627.582312690125,2,OVERBOUGHT,NEUTRAL,BULLISH,13.138
4844,3367.838,3382.055,3367.838,3380.596,10450,8627.582312690125,1,OVERBOUGHT,NEUTRAL,BULLISH,13.531
4845,3380.667,3381.012,3355.868,3360.462,14004,8627.582312690125,1,NEUTRAL,NEUTRAL,BULLISH,13.12
4846,3360.425,3387.768,3359.726,3380.59,19267,8627.582312690125,1,NEUTRAL,NEUTRAL,BULLISH,14.461
4847,3380.514,3386.768,3369.812,3386.366,20685,8627.582312690125,1,NEUTRAL,NEUTRAL,BULLISH,15.134
4848,3386.402,3389.82,3384.496,3387.24,9735,8627.582312690125,1,NEUTRAL,OVERBOUGHT,BULLISH,15.0
4849,3387.2,3393.565,3380.473,3389.774,15004,8627.582312690125,1,NEUTRAL,OVERBOUGHT,BULLISH,14.202
4850,3389.813,3391.573,3375.607,3382.526,16294,8627.582312690125,1,OVERBOUGHT,OVERBOUGHT,BULLISH,14.667
4851,3382.553,3387.755,3376.81,3378.635,9783,8627.582312690125,1,NEUTRAL,OVERBOUGHT,BULLISH,14.366
4852,3378.665,3382.142,3367.229,3368.358,13179,8627.582312690125,2,OVERSOLD,NEUTRAL,BULLISH,14.27
4853,3365.986,3366.026,3350.409,3355.464,12562,8627.582312690125,1,OVERSOLD,NEUTRAL,BEARISH,14.721
4854,3355.435,3357.332,3341.462,3344.235,14140,8627.582312690125,1,OVERSOLD,OVERSOLD,BEARISH,14.563
4855,3344.27,3355.22,3333.168,3351.064,16852,8821.01494957678,1,OVERSOLD,OVERSOLD,BEARISH,15.624
4856,3351.054,3354.415,3342.201,3347.775,17483,8821.01494957678,1,OVERSOLD,OVERSOLD,BEARISH,15.729
4857,3347.724,3352.948,3345.84,3351.894,8987,8821.01494957678,1,OVERSOLD,OVERSOLD,BEARISH,15.708
4858,3351.903,3357.912,3347.05,3348.605,12852,8821.01494957678,2,NEUTRAL,OVERSOLD,BEARISH,15.46
4859,3348.534,3348.744,3326.552,3332.044,14204,8821.01494957678,1,NEUTRAL,OVERSOLD,BEARISH,15.249
4860,3332.08,3333.123,3316.022,3322.736,18864,8821.01494957678,1,OVERSOLD,OVERSOLD,BEARISH,14.467
4861,3322.814,3331.754,3316.536,3329.645,17061,8821.01494957678,1,OVERSOLD,OVERSOLD,BEARISH,14.343
4862,3329.658,3332.32,3324.631,3327.323,10473,8821.01494957678,1,OVERSOLD,OVERSOLD,BEARISH,14.512
4863,3327.298,3328.755,3317.893,3318.575,9296,8821.01494957678,1,OVERSOLD,OVERSOLD,BEARISH,14.353
4864,3318.602,3328.955,3317.829,3321.214,15865,8821.01494957678,2,NEUTRAL,OVERSOLD,BEARISH,14.007
4865,3321.181,3321.181,3304.515,3314.737,18928,8821.01494957678,1,NEUTRAL,OVERSOLD,BEARISH,14.418
4866,3314.694,3317.953,3295.339,3301.966,26144,8821.01494957678,1,OVERSOLD,OVERSOLD,BEARISH,14.968
4867,3302.009,3310.279,3298.666,3304.519,18006,8821.01494957678,1,OVERSOLD,OVERSOLD,BEARISH,14.516
4868,3304.589,3317.066,3299.787,3313.261,13506,8821.01494957678,1,NEUTRAL,OVERSOLD,BEARISH,14.616
4869,3313.296,3321.223,3311.276,3317.926,14974,8821.01494957678,2,NEUTRAL,OVERSOLD,BEARISH,13.752
4870,3317.921,3325.184,3315.663,3323.479,12184,8821.01494957678,2,NEUTRAL,NEUTRAL,BEARISH,13.559
4871,3323.526,3324.882,3320.842,3324.142,10128,8821.01494957678,3,OVERBOUGHT,NEUTRAL,BULLISH,13.34
4872,3324.139,3334.887,3323.627,3334.572,14966,8614.124636918674,2,OVERBOUGHT,NEUTRAL,BULLISH,13.369
4873,3334.678,3335.209,3327.197,3328.295,11427,8614.124636918674,2,OVERBOUGHT,NEUTRAL,BULLISH,12.356
4874,3328.284,3333.742,3325.797,3331.625,8941,8614.124636918674,2,OVERBOUGHT,OVERBOUGHT,BULLISH,11.702
4875,3331.609,3337.096,3326.751,3330.631,14243,8614.124636918674,2,NEUTRAL,OVERBOUGHT,BULLISH,11.354
4876,3330.656,3332.414,3321.397,3325.283,15089,8614.124636918674,2,NEUTRAL,OVERBOUGHT,BULLISH,11.591
4877,3325.292,3329.569,3322.111,3322.667,14263,8614.124636918674,2,OVERSOLD,OVERBOUGHT,BULLISH,11.348
4878,3322.66,3329.499,3318.164,3320.609,8649,8614.124636918674,1,OVERSOLD,NEUTRAL,BULLISH,11.363
4879,3320.611,3321.621,3311.894,3314.539,12772,8614.124636918674,1,OVERSOLD,NEUTRAL,BULLISH,10.865
4880,3314.436,3326.368,3312.284,3323.404,11153,8614.124636918674,1,NEUTRAL,NEUTRAL,BULLISH,10.256
4881,3323.458,3335.147,3321.603,3334.802,15305,8614.124636918674,2,NEUTRAL,NEUTRAL,BULLISH,10.394
4882,3334.823,3335.418,3324.727,3331.583,13968,8614.124636918674,2,NEUTRAL,OVERBOUGHT,BULLISH,9.923
4883,3331.544,3336.068,3330.347,3332.385,9418,8614.124636918674,2,NEUTRAL,OVERBOUGHT,BULLISH,9.621
4884,3335.125,3340.158,3331.264,3339.028,9374,8614.124636918674,2,OVERBOUGHT,OVERBOUGHT,BULLISH,9.577
4885,3338.987,3339.381,3329.181,3330.222,16982,8577.688163561339,2,NEUTRAL,OVERBOUGHT,BULLISH,10.017
4886,3330.183,3343.223,3329.209,3337.991,13016,8577.688163561339,2,NEUTRAL,OVERBOUGHT,BULLISH,10.213
4887,3338.026,3338.25,3332.364,3334.218,10970,8577.688163561339,2,NEUTRAL,OVERBOUGHT,BULLISH,10.061
4888,3334.155,3347.239,3330.967,3346.051,15944,8577.688163561339,2,NEUTRAL,OVERBOUGHT,BULLISH,10.656
4889,3346.066,3350.37,3338.68,3340.533,17156,8577.688163561339,2,NEUTRAL,OVERBOUGHT,BULLISH,10.752
4890,3340.535,3344.121,3331.469,3332.921,13503,8577.688163561339,2,NEUTRAL,OVERBOUGHT,BULLISH,10.869
4891,3332.937,3344.056,3321.59,3322.06,15612,8577.688163561339,1,OVERSOLD,NEUTRAL,BULLISH,11.941
4892,3322.116,3328.7,3309.947,3319.925,28319,8577.688163561339,1,NEUTRAL,NEUTRAL,BEARISH,12.471
4893,3319.891,3323.898,3311.896,3318.411,16555,8577.688163561339,1,OVERSOLD,OVERSOLD,BEARISH,12.633
4894,3318.436,3324.928,3318.436,3324.808,9308,8577.688163561339,1,OVERSOLD,OVERSOLD,BEARISH,12.093
4895,3324.881,3336.501,3323.729,3332.718,15480,8577.688163561339,2,NEUTRAL,NEUTRAL,BEARISH,12.038
4896,3332.69,3334.914,3328.265,3331.301,11257,8577.688163561339,2,OVERBOUGHT,NEUTRAL,BULLISH,11.749
4897,3331.407,3332.327,3316.229,3318.758,13455,8577.688163561339,3,NEUTRAL,NEUTRAL,BEARISH,12.49
4898,3318.767,3322.012,3313.226,3316.427,17640,8718.93214798407,2,NEUTRAL,NEUTRAL,BEARISH,12.483
4899,3316.498,3320.335,3308.511,3308.891,8934,8718.93214798407,1,OVERSOLD,OVERSOLD,BEARISH,12.599
4900,3308.798,3310.995,3292.557,3294.318,11826,8718.93214798407,1,OVERSOLD,OVERSOLD,BEARISH,12.915
4901,3294.364,3300.941,3289.244,3297.103,19095,8718.93214798407,2,OVERSOLD,OVERSOLD,BEARISH,13.33
4902,3297.354,3299.92,3286.871,3294.888,13541,8718.93214798407,1,OVERSOLD,OVERSOLD,BEARISH,13.1
4903,3294.938,3295.377,3283.394,3284.458,13141,8718.93214798407,1,OVERSOLD,OVERSOLD,BEARISH,13.12
4904,3284.502,3291.132,3281.778,3289.427,11467,8718.93214798407,1,OVERSOLD,OVERSOLD,BEARISH,12.885
4905,3289.327,3289.83,3282.072,3282.797,9799,8718.93214798407,1,OVERSOLD,OVERSOLD,BEARISH,11.834
4906,3282.819,3290.959,3276.009,3281.389,18924,8718.93214798407,2,OVERSOLD,OVERSOLD,BEARISH,11.563
4907,3281.358,3282.303,3269.409,3270.028,19699,8718.93214798407,1,OVERSOLD,OVERSOLD,BEARISH,11.626
4908,3270.06,3274.422,3255.821,3274.143,28381,8718.93214798407,1,NEUTRAL,OVERSOLD,BEARISH,12.49
4909,3274.231,3278.103,3263.58,3272.407,19640,8718.93214798407,1,OVERSOLD,OVERSOLD,BEARISH,12.615
4910,3272.445,3277.565,3270.922,3274.655,12481,8718.93214798407,1,NEUTRAL,OVERSOLD,BEARISH,12.614
4911,3274.574,3282.802,3272.7,3277.353,16747,8718.93214798407,2,NEUTRAL,OVERSOLD,BEARISH,12.186
4912,3277.402,3278.39,3268.34,3270.578,15393,8718.93214798407,2,NEUTRAL,OVERSOLD,BEARISH,12.276
4913,3270.616,3275.5,3247.921,3263.811,22991,7999.291784683999,2,OVERSOLD,OVERSOLD,BEARISH,13.402
4914,3263.784,3270.95,3262.825,3263.806,9664,7999.291784683999,1,OVERSOLD,OVERSOLD,BEARISH,12.665
4915,3263.775,3269.786,3262.637,3264.626,9122,7970.212408364888,1,OVERSOLD,OVERSOLD,BEARISH,12.34
4916,3264.587,3275.962,3259.456,3273.862,14137,7970.212408364888,1,NEUTRAL,NEUTRAL,BEARISH,12.587
4917,3273.901,3283.293,3273.614,3280.186,9992,7970.212408364888,1,OVERBOUGHT,NEUTRAL,BULLISH,12.422
4918,3280.215,3286.282,3276.964,3285.686,12453,7970.212408364888,2,OVERBOUGHT,OVERBOUGHT,BULLISH,12.42
4919,3285.573,3295.551,3284.635,3292.123,15324,7970.212408364888,2,OVERBOUGHT,OVERBOUGHT,BULLISH,12.645
4920,3292.153,3296.85,3288.122,3289.186,15203,7970.212408364888,2,OVERBOUGHT,OVERBOUGHT,BULLISH,12.201
4921,3289.188,3289.188,3277.453,3287.791,10453,7970.212408364888,1,OVERBOUGHT,OVERBOUGHT,BULLISH,12.118
4922,3287.828,3288.833,3274.488,3277.932,14149,7970.212408364888,2,NEUTRAL,OVERBOUGHT,BULLISH,11.814
4923,3277.993,3288.981,3277.993,3282.089,8891,7970.212408364888,1,NEUTRAL,OVERBOUGHT,BULLISH,11.566
4924,3282.048,3287.062,3277.955,3284.791,12079,7970.212408364888,1,NEUTRAL,NEUTRAL,BULLISH,11.742
4925,3284.709,3289.576,3279.178,3287.627,11664,7970.212408364888,1,NEUTRAL,OVERBOUGHT,BULLISH,11.763
4926,3287.601,3290.761,3283.619,3289.625,8999,7970.212408364888,1,NEUTRAL,OVERBOUGHT,BULLISH,11.555
4927,3289.669,3298.607,3289.073,3294.048,13814,7970.212408364888,2,OVERBOUGHT,OVERBOUGHT,BULLISH,10.267
4928,3294.061,3309.45,3292.639,3308.534,12896,7970.212408364888,2,OVERBOUGHT,OVERBOUGHT,BULLISH,10.887
4929,3308.502,3314.602,3302.302,3311.423,9850,7970.212408364888,2,OVERBOUGHT,OVERBOUGHT,BULLISH,11.255
4930,3311.449,3314.839,3308.556,3314.722,12093,7954.712020266645,2,OVERBOUGHT,OVERBOUGHT,BULLISH,10.525
4931,3314.663,3320.968,3313.872,3317.842,9519,7954.712020266645,1,OVERBOUGHT,OVERBOUGHT,BULLISH,10.34
4932,3317.798,3322.683,3314.344,3321.161,14219,7954.712020266645,2,OVERBOUGHT,OVERBOUGHT,BULLISH,10.27
4933,3321.173,3332.368,3318.893,3328.707,12260,7954.712020266645,2,OVERBOUGHT,OVERBOUGHT,BULLISH,10.453
4934,3328.753,3334.567,3325.009,3331.3,7959,7954.712020266645,1,OVERBOUGHT,OVERBOUGHT,BULLISH,10.512
4935,3331.358,3339.931,3330.678,3339.497,9826,7954.712020266645,1,OVERBOUGHT,OVERBOUGHT,BULLISH,10.335
4936,3339.501,3348.07,3336.753,3345.8,15675,7954.712020266645,2,OVERBOUGHT,OVERBOUGHT,BULLISH,10.119
4937,3345.782,3353.082,3344.359,3349.017,15094,7954.712020266645,2,OVERBOUGHT,OVERBOUGHT,BULLISH,9.953
4938,3348.99,3358.015,3348.283,3354.683,12923,7954.712020266645,1,OVERBOUGHT,OVERBOUGHT,BULLISH,9.997
4939,3354.643,3355.52,3344.518,3351.512,15355,7954.712020266645,1,OVERBOUGHT,OVERBOUGHT,BULLISH,10.04
4940,3351.595,3354.405,3343.583,3345.678,15014,7954.712020266645,1,NEUTRAL,OVERBOUGHT,BULLISH,10.303
4941,3345.793,3346.684,3336.981,3340.228,13888,7954.712020266645,1,NEUTRAL,OVERBOUGHT,BULLISH,10.315
4942,3340.215,3343.523,3337.533,3341.723,8091,7954.712020266645,1,NEUTRAL,OVERBOUGHT,BULLISH,9.542
4943,3341.738,3342.197,3336.831,3337.967,11890,7954.712020266645,2,OVERSOLD,NEUTRAL,BULLISH,9.047
4944,3337.987,3340.363,3336.771,3338.959,8730,7954.712020266645,2,OVERSOLD,NEUTRAL,BEARISH,8.855
4945,3337.692,3343.826,3336.814,3338.152,10472,7954.712020266645,2,OVERSOLD,NEUTRAL,BEARISH,8.849
4946,3338.186,3344.999,3334.557,3339.009,9461,7895.791034209505,1,NEUTRAL,NEUTRAL,BEARISH,8.999
4947,3339.044,3342.877,3330.975,3332.194,10049,7895.791034209505,1,OVERSOLD,NEUTRAL,BEARISH,8.887
4948,3332.234,3338.225,3328.509,3336.737,8574,7895.791034209505,1,NEUTRAL,NEUTRAL,BEARISH,8.898
4949,3336.732,3342.063,3334.893,3340.084,10772,7895.791034209505,2,NEUTRAL,OVERSOLD,BEARISH,8.749
4950,3340.09,3343.951,3329.884,3333.507,14643,7895.791034209505,2,NEUTRAL,OVERSOLD,BEARISH,8.946
4951,3333.399,3336.836,3327.587,3334.571,9166,7895.791034209505,1,NEUTRAL,OVERSOLD,BEARISH,8.983
4952,3334.605,3342.298,3332.853,3341.636,13398,7895.791034209505,2,OVERBOUGHT,NEUTRAL,BEARISH,8.963
4953,3341.686,3347.752,3339.708,3342.199,11602,7895.791034209505,2,NEUTRAL,NEUTRAL,BEARISH,8.751
4954,3342.214,3351.128,3337.733,3346.621,14231,7895.791034209505,1,NEUTRAL,NEUTRAL,BEARISH,8.935
4955,3346.595,3346.62,3334.9,3337.44,14970,7895.791034209505,1,NEUTRAL,NEUTRAL,BEARISH,9.079
4956,3337.479,3343.599,3333.842,3342.961,9995,7895.791034209505,1,NEUTRAL,NEUTRAL,BEARISH,9.348
4957,3342.998,3343.803,3338.677,3341.021,9209,7895.791034209505,1,NEUTRAL,NEUTRAL,BEARISH,9.331
4958,3340.943,3350.572,3340.943,3349.622,12479,7895.791034209505,2,NEUTRAL,OVERBOUGHT,BEARISH,9.762
4959,3349.656,3359.519,3348.486,3358.258,9721,7895.791034209505,2,NEUTRAL,OVERBOUGHT,BULLISH,10.05
4960,3358.302,3365.726,3355.54,3361.937,8850,7895.791034209505,2,OVERBOUGHT,OVERBOUGHT,BULLISH,10.031
4961,3361.958,3362.315,3348.754,3349.395,8945,7895.791034209505,1,NEUTRAL,OVERBOUGHT,BULLISH,10.15
4962,3349.42,3349.895,3341.88,3345.975,15465,7858.4299833324085,2,NEUTRAL,NEUTRAL,BEARISH,10.028
4963,3345.994,3351.471,3345.487,3347.509,10941,7858.4299833324085,2,NEUTRAL,NEUTRAL,BEARISH,9.944
4964,3347.437,3360.459,3347.384,3359.279,11220,7858.4299833324085,2,NEUTRAL,NEUTRAL,BEARISH,9.873
4965,3359.345,3363.677,3352.628,3353.077,15277,7858.4299833324085,2,NEUTRAL,NEUTRAL,BEARISH,10.001
4966,3353.096,3358.383,3343.772,3345.687,14257,7858.4299833324085,2,NEUTRAL,NEUTRAL,BEARISH,10.37
4967,3345.673,3355.368,3342.981,3346.073,12968,7858.4299833324085,2,NEUTRAL,NEUTRAL,BEARISH,10.681
4968,3346.041,3352.308,3311.535,3324.487,29260,7858.4299833324085,1,OVERSOLD,NEUTRAL,BEARISH,12.636
4969,3324.519,3338.551,3322.071,3332.223,21252,7858.4299833324085,1,OVERSOLD,NEUTRAL,BEARISH,12.976
4970,3332.228,3334.704,3323.441,3324.643,15335,7858.4299833324085,1,OVERSOLD,OVERSOLD,BEARISH,13.084
4971,3324.636,3331.477,3323.022,3328.045,8682,7858.4299833324085,1,OVERSOLD,NEUTRAL,BEARISH,13.321
4972,3328.106,3334.862,3325.676,3329.141,10677,7858.4299833324085,2,OVERSOLD,OVERSOLD,BEARISH,13.29
4973,3329.069,3330.286,3323.57,3329.07,10239,7858.4299833324085,4,NEUTRAL,NEUTRAL,BEARISH,12.981
4974,3329.036,3332.025,3325.867,3328.996,9896,7494.412842062656,2,NEUTRAL,NEUTRAL,BEARISH,12.694
4975,3328.948,3334.281,3326.429,3327.333,12823,7494.412842062656,2,OVERBOUGHT,NEUTRAL,BEARISH,12.286
4976,3327.29,3342.259,3326.143,3340.817,10721,7494.412842062656,2,OVERBOUGHT,NEUTRAL,BEARISH,12.865
4977,3340.81,3345.127,3338.371,3342.64,11781,7494.412842062656,2,OVERBOUGHT,NEUTRAL,BEARISH,12.92
4978,3342.664,3344.258,3336.384,3342.804,12762,7494.412842062656,2,OVERBOUGHT,NEUTRAL,BULLISH,12.548
4979,3342.803,3343.06,3331.466,3336.799,12592,7494.412842062656,2,NEUTRAL,NEUTRAL,BULLISH,12.587
4980,3336.779,3337.832,3331.328,3333.931,11463,7494.412842062656,2,NEUTRAL,NEUTRAL,BEARISH,12.008
4981,3333.888,3338.059,3330.866,3333.212,12937,7494.412842062656,2,OVERSOLD,NEUTRAL,BEARISH,11.637
4982,3333.21,3341.918,3330.797,3333.457,12074,6828.238603136054,3,OVERSOLD,NEUTRAL,BEARISH,9.519
4983,3333.505,3334.51,3321.677,3326.505,14561,6995.7238155357945,2,OVERSOLD,NEUTRAL,BEARISH,9.259
4984,3326.528,3327.691,3306.618,3316.554,15341,6995.7238155357945,1,OVERSOLD,NEUTRAL,BEARISH,9.959
4985,3316.587,3317.783,3305.982,3308.943,9504,6995.7238155357945,1,OVERSOLD,OVERSOLD,BEARISH,10.198
4986,3308.903,3315.354,3307.07,3310.848,7834,6995.7238155357945,1,OVERSOLD,OVERSOLD,BEARISH,10.134
4987,3310.892,3312.415,3305.219,3307.706,8100,6995.7238155357945,1,OVERSOLD,OVERSOLD,BEARISH,10.168
4988,3307.719,3315.104,3307.009,3313.467,8294,6995.7238155357945,1,OVERSOLD,OVERSOLD,BEARISH,10.307
4989,3313.422,3315.245,3308.292,3309.878,9251,6995.7238155357945,1,NEUTRAL,OVERSOLD,BEARISH,10.242
4990,3309.827,3313.248,3300.64,3302.217,9412,6995.7238155357945,1,NEUTRAL,OVERSOLD,BEARISH,9.992
4991,3302.247,3312.774,3301.228,3310.173,8231,6995.7238155357945,1,NEUTRAL,OVERSOLD,BEARISH,10.334
4992,3310.112,3311.929,3306.103,3308.924,7606,6995.7238155357945,1,NEUTRAL,OVERSOLD,BEARISH,10.188
4993,3308.941,3310.745,3296.296,3302.079,11334,6995.7238155357945,1,OVERSOLD,OVERSOLD,BEARISH,10.392
4994,3302.114,3307.641,3299.774,3301.91,12397,6995.7238155357945,1,NEUTRAL,OVERSOLD,BEARISH,10.489
4995,3301.94,3312.723,3300.376,3309.551,15121,6995.7238155357945,1,NEUTRAL,OVERSOLD,BEARISH,10.857
4996,3309.661,3317.077,3306.199,3316.297,13795,6995.7238155357945,1,NEUTRAL,NEUTRAL,BULLISH,10.84
4997,3316.333,3321.396,3313.224,3318.094,10637,6995.7238155357945,1,NEUTRAL,NEUTRAL,BULLISH,10.507
4998,3318.049,3328.091,3316.089,3327.367,15900,6995.7238155357945,2,OVERBOUGHT,OVERBOUGHT,BULLISH,9.859
4999,3327.404,3335.818,3327.31,3332.018,8398,6995.7238155357945,1,OVERBOUGHT,OVERBOUGHT,BULLISH,9.624
5000,3331.911,3340.438,3328.439,3336.981,12073,6995.7238155357945,2,OVERBOUGHT,OVERBOUGHT,BULLISH,9.889
5001,3337.025,3345.823,3335.393,3339.804,9052,6995.7238155357945,2,OVERBOUGHT,OVERBOUGHT,BULLISH,10.12
5002,3339.8,3340.135,3331.122,3334.261,14755,7106.297737865719,2,OVERBOUGHT,OVERBOUGHT,BULLISH,10.186
5003,3334.23,3336.971,3329.717,3334.805,10241,7106.297737865719,1,OVERBOUGHT,OVERBOUGHT,BULLISH,10.207
5004,3334.839,3338.035,3332.838,3334.472,7181,7106.297737865719,1,NEUTRAL,OVERBOUGHT,BULLISH,9.678
5005,3334.413,3335.477,3327.304,3329.612,10395,7106.297737865719,2,OVERSOLD,OVERBOUGHT,BULLISH,9.437
5006,3329.556,3336.57,3329.486,3335.704,12476,7106.297737865719,2,NEUTRAL,OVERBOUGHT,BULLISH,9.527
5007,3335.752,3339.5,3330.509,3333.912,7341,7106.297737865719,1,NEUTRAL,OVERBOUGHT,BULLISH,9.137
5008,3333.877,3333.877,3323.192,3323.673,9756,7106.297737865719,1,OVERSOLD,NEUTRAL,BULLISH,9.341
5009,3323.612,3326.736,3321.088,3322.038,7547,7106.297737865719,1,OVERSOLD,NEUTRAL,BULLISH,8.862
5010,3322.055,3327.484,3319.94,3324.964,12260,7106.297737865719,2,NEUTRAL,NEUTRAL,BEARISH,8.624
5011,3325.014,3329.864,3324.701,3328.206,7738,7106.297737865719,1,NEUTRAL,NEUTRAL,BEARISH,8.409
5012,3328.201,3328.632,3314.716,3315.27,15579,7106.297737865719,1,OVERSOLD,OVERSOLD,BEARISH,8.546
5013,3315.236,3315.908,3294.284,3296.625,20637,7106.297737865719,1,OVERSOLD,OVERSOLD,BEARISH,9.483
5014,3296.662,3300.313,3287.023,3298.241,15278,7106.297737865719,1,OVERSOLD,OVERSOLD,BEARISH,9.575
5015,3298.249,3301.572,3295.938,3300.481,9861,7106.297737865719,1,OVERSOLD,OVERSOLD,BEARISH,9.232
5016,3300.446,3310.426,3299.282,3306.355,13685,7106.297737865719,1,OVERSOLD,OVERSOLD,BEARISH,9.384
5017,3306.304,3308.159,3300.601,3305.401,7226,7106.297737865719,1,NEUTRAL,NEUTRAL,BEARISH,9.406
5018,3305.438,3306.163,3299.326,3301.488,9148,7106.297737865719,2,NEUTRAL,NEUTRAL,BEARISH,9.523
5019,3303.13,3304.074,3297.199,3302.277,10223,7106.297737865719,2,NEUTRAL,NEUTRAL,BEARISH,9.431
5020,3302.322,3308.003,3301.815,3307.119,7391,7138.777318386444,1,OVERBOUGHT,NEUTRAL,BEARISH,9.367
5021,3307.109,3307.286,3299.262,3301.833,9240,7138.777318386444,1,NEUTRAL,NEUTRAL,BEARISH,9.297
5022,3301.818,3303.02,3286.295,3288.57,10411,7138.777318386444,1,OVERSOLD,OVERSOLD,BEARISH,9.726
5023,3288.536,3294.76,3284.933,3293.25,8897,7138.777318386444,1,NEUTRAL,OVERSOLD,BEARISH,10.025
5024,3293.244,3297.875,3288.964,3289.441,13310,7138.777318386444,2,OVERSOLD,OVERSOLD,BEARISH,10.123
5025,3289.484,3292.795,3285.495,3292.194,9590,7138.777318386444,1,OVERSOLD,OVERSOLD,BEARISH,10.275
5026,3292.314,3296.019,3288.207,3291.852,9917,7138.777318386444,1,OVERSOLD,OVERSOLD,BEARISH,9.839
5027,3291.822,3292.677,3282.656,3285.04,9176,7138.777318386444,1,NEUTRAL,OVERSOLD,BEARISH,9.01
5028,3285.082,3295.987,3284.331,3295.552,13224,7138.777318386444,2,NEUTRAL,OVERSOLD,BEARISH,8.894
5029,3295.504,3295.989,3283.168,3284.936,7775,7138.777318386444,1,NEUTRAL,OVERSOLD,BEARISH,9.407
5030,3284.969,3297.553,3284.969,3296.365,10143,7138.777318386444,1,NEUTRAL,NEUTRAL,BEARISH,9.512
5031,3296.329,3305.283,3291.823,3300.198,15059,7138.777318386444,1,NEUTRAL,NEUTRAL,BULLISH,9.934
5032,3300.167,3312.916,3299.562,3312.275,12315,7138.777318386444,1,OVERBOUGHT,OVERBOUGHT,BULLISH,10.399
5033,3312.311,3312.889,3306.354,3309.606,8023,7138.777318386444,1,NEUTRAL,OVERBOUGHT,BULLISH,10.375
5034,3309.555,3314.616,3307.913,3309.498,11869,7138.777318386444,2,OVERBOUGHT,OVERBOUGHT,BULLISH,10.412
5035,3309.57,3316.874,3308.081,3315.605,11218,7138.777318386444,2,OVERBOUGHT,OVERBOUGHT,BULLISH,10.467
5036,3315.645,3321.176,3311.557,3319.464,7198,7138.777318386444,2,OVERBOUGHT,OVERBOUGHT,BULLISH,9.959
5037,3319.471,3322.0,3315.653,3317.746,11116,7089.869954730592,2,NEUTRAL,OVERBOUGHT,BULLISH,9.711
5038,3317.683,3326.415,3316.401,3322.181,7811,7089.869954730592,1,OVERBOUGHT,OVERBOUGHT,BULLISH,9.789
5039,3322.085,3323.679,3315.362,3315.758,10465,7089.869954730592,2,NEUTRAL,OVERBOUGHT,BULLISH,9.862
5040,3315.682,3325.055,3314.773,3321.308,9761,7089.869954730592,2,NEUTRAL,OVERBOUGHT,BULLISH,10.039
5041,3321.149,3329.486,3319.867,3321.047,13620,7089.869954730592,2,NEUTRAL,OVERBOUGHT,BULLISH,10.01
5042,3321.071,3330.278,3319.862,3326.474,12248,7089.869954730592,2,NEUTRAL,OVERBOUGHT,BULLISH,9.921
5043,3326.507,3330.318,3318.331,3320.411,15185,7089.869954730592,2,NEUTRAL,OVERBOUGHT,BULLISH,9.862
5044,3320.424,3326.089,3317.966,3323.783,9885,7089.869954730592,1,NEUTRAL,OVERBOUGHT,BULLISH,9.541
5045,3323.746,3329.472,3311.935,3312.836,17976,7089.869954730592,1,NEUTRAL,NEUTRAL,BULLISH,9.832
5046,3312.786,3321.609,3310.017,3314.977,13312,7089.869954730592,1,NEUTRAL,NEUTRAL,BULLISH,9.706
5047,3314.949,3321.515,3314.558,3319.725,7241,7089.869954730592,1,NEUTRAL,NEUTRAL,BULLISH,9.736
5048,3319.711,3320.003,3312.108,3317.278,12206,7089.869954730592,2,NEUTRAL,NEUTRAL,BULLISH,9.821
5049,3317.291,3325.91,3316.431,3324.826,10817,7089.869954730592,2,NEUTRAL,NEUTRAL,BULLISH,9.87
5050,3324.851,3326.476,3321.837,3323.261,7842,7089.869954730592,2,OVERBOUGHT,NEUTRAL,BULLISH,9.515
5051,3323.157,3336.154,3322.918,3330.627,14104,7156.390276502282,2,OVERBOUGHT,OVERBOUGHT,BULLISH,10.007
5052,3330.58,3331.579,3325.297,3329.583,9536,7156.390276502282,1,OVERBOUGHT,OVERBOUGHT,BULLISH,9.74
5053,3329.552,3336.038,3327.173,3333.765,10958,7156.390276502282,2,OVERBOUGHT,OVERBOUGHT,BULLISH,9.779
5054,3333.751,3341.676,3329.489,3334.02,13712,7156.390276502282,2,OVERBOUGHT,OVERBOUGHT,BULLISH,9.915
5055,3334.051,3343.827,3332.076,3332.567,9284,7156.390276502282,1,OVERBOUGHT,OVERBOUGHT,BULLISH,10.068
5056,3332.52,3342.264,3331.086,3341.833,8544,7156.390276502282,1,OVERBOUGHT,OVERBOUGHT,BULLISH,10.122
5057,3341.789,3343.804,3332.867,3333.087,9400,7156.390276502282,1,NEUTRAL,OVERBOUGHT,BULLISH,10.047
5058,3333.119,3348.248,3332.669,3345.011,14357,7156.390276502282,2,NEUTRAL,OVERBOUGHT,BULLISH,10.58
5059,3345.053,3350.275,3342.048,3347.507,8054,7156.390276502282,1,NEUTRAL,OVERBOUGHT,BULLISH,9.915
5060,3347.526,3357.102,3344.356,3355.081,12720,7156.390276502282,1,OVERBOUGHT,OVERBOUGHT,BULLISH,9.997
5061,3355.127,3359.26,3350.031,3351.916,19208,7156.390276502282,1,NEUTRAL,OVERBOUGHT,BULLISH,10.159
5062,3351.889,3363.882,3350.189,3361.167,16754,7156.390276502282,1,OVERBOUGHT,OVERBOUGHT,BULLISH,10.573
5063,3361.124,3368.736,3356.854,3358.915,12145,7156.390276502282,1,OVERBOUGHT,OVERBOUGHT,BULLISH,10.745
5064,3358.884,3359.717,3352.804,3353.809,8871,7156.390276502282,1,NEUTRAL,OVERBOUGHT,BULLISH,10.908
5065,3353.779,3354.085,3349.178,3353.345,7244,7156.390276502282,1,NEUTRAL,OVERBOUGHT,BULLISH,10.313
5066,3353.38,3359.796,3353.264,3356.411,11806,7156.390276502282,2,NEUTRAL,NEUTRAL,BULLISH,10.33
5067,3356.459,3371.157,3353.583,3369.31,13386,6545.793583502065,2,NEUTRAL,OVERBOUGHT,BULLISH,10.953
5068,3369.355,3374.017,3366.358,3367.772,8221,6545.793583502065,1,NEUTRAL,OVERBOUGHT,BULLISH,10.629
5069,3367.731,3373.318,3364.886,3367.628,9191,6597.341019993932,1,OVERBOUGHT,OVERBOUGHT,BULLISH,10.392
5070,3367.582,3370.164,3357.017,3358.812,11582,6597.341019993932,1,NEUTRAL,OVERBOUGHT,BULLISH,10.533
5071,3358.758,3359.593,3353.865,3357.393,7365,6597.341019993932,1,NEUTRAL,NEUTRAL,BEARISH,10.161
5072,3357.435,3361.737,3353.735,3359.794,12023,6597.341019993932,2,OVERSOLD,NEUTRAL,BEARISH,9.619
5073,3359.742,3360.446,3353.706,3357.649,7361,6597.341019993932,1,OVERSOLD,NEUTRAL,BEARISH,9.513
5074,3357.613,3369.697,3356.638,3368.882,8337,6597.341019993932,1,NEUTRAL,NEUTRAL,BEARISH,9.536
5075,3368.834,3375.078,3366.581,3371.948,9136,6597.341019993932,1,OVERBOUGHT,OVERBOUGHT,BEARISH,9.483
5076,3371.956,3372.594,3365.355,3365.875,7001,6597.341019993932,1,NEUTRAL,OVERBOUGHT,BEARISH,9.022
5077,3365.973,3374.647,3364.034,3372.01,11658,6597.341019993932,2,OVERBOUGHT,OVERBOUGHT,BEARISH,8.932
5078,3372.02,3373.042,3363.917,3364.169,7041,6597.341019993932,1,NEUTRAL,OVERBOUGHT,BEARISH,9.09
5079,3364.192,3366.604,3349.354,3350.103,12970,6597.341019993932,1,OVERSOLD,NEUTRAL,BEARISH,9.971
5080,3350.136,3359.073,3347.139,3355.258,13289,6597.341019993932,1,OVERSOLD,OVERSOLD,BEARISH,10.357
5081,3355.19,3356.311,3340.954,3343.045,12976,6597.341019993932,1,OVERSOLD,OVERSOLD,BEARISH,10.199
5082,3343.097,3349.77,3342.437,3345.105,8581,6597.341019993932,1,OVERSOLD,OVERSOLD,BEARISH,10.175
5083,3345.044,3351.693,3343.082,3351.044,11699,6597.341019993932,2,NEUTRAL,OVERSOLD,BEARISH,10.188
5084,3351.026,3351.194,3343.179,3344.125,10078,6597.341019993932,2,NEUTRAL,OVERSOLD,BEARISH,9.822
5085,3344.103,3346.556,3341.217,3345.337,9801,6597.341019993932,3,NEUTRAL,OVERSOLD,BEARISH,9.794
5086,3345.299,3350.648,3344.758,3346.585,10540,6671.082351423081,2,NEUTRAL,OVERSOLD,BEARISH,9.643
5087,3346.568,3358.324,3345.737,3357.841,11741,6671.082351423081,2,OVERBOUGHT,OVERSOLD,BEARISH,10.061
5088,3357.853,3365.166,3357.581,3362.237,10019,6671.082351423081,2,OVERBOUGHT,NEUTRAL,BEARISH,9.67
5089,3362.202,3364.18,3357.637,3358.096,7005,6671.082351423081,1,OVERBOUGHT,NEUTRAL,BEARISH,9.53
5090,3358.189,3365.629,3356.52,3361.025,15227,6671.082351423081,2,OVERBOUGHT,NEUTRAL,BEARISH,9.664
5091,3361.06,3364.686,3358.623,3363.37,6890,6671.082351423081,1,OVERBOUGHT,NEUTRAL,BULLISH,9.339
5092,3363.343,3366.356,3353.985,3354.932,12699,6671.082351423081,2,NEUTRAL,NEUTRAL,BEARISH,9.571
5093,3354.892,3360.385,3346.428,3348.884,15372,6671.082351423081,1,OVERSOLD,NEUTRAL,BEARISH,9.335
5094,3348.85,3352.431,3334.37,3346.489,20423,6671.082351423081,1,OVERSOLD,NEUTRAL,BEARISH,9.773
5095,3346.46,3352.17,3342.431,3347.989,13826,6671.082351423081,1,OVERSOLD,NEUTRAL,BEARISH,9.372
5096,3348.022,3349.921,3325.363,3328.996,15933,6671.082351423081,1,OVERSOLD,OVERSOLD,BEARISH,10.602
5097,3328.957,3330.29,3320.218,3329.274,11041,6671.082351423081,1,OVERSOLD,OVERSOLD,BEARISH,10.706
5098,3329.298,3331.936,3325.786,3328.877,12065,6671.082351423081,2,OVERSOLD,OVERSOLD,BEARISH,10.573
5099,3328.842,3331.221,3324.788,3325.267,8031,6671.082351423081,2,OVERSOLD,OVERSOLD,BEARISH,10.651
5100,3325.035,3332.596,3325.035,3330.612,11256,6990.284825890725,3,OVERSOLD,OVERSOLD,BEARISH,10.771
5101,3330.613,3335.001,3328.821,3330.966,7324,6990.284825890725,1,NEUTRAL,OVERSOLD,BEARISH,10.313
5102,3330.974,3335.117,3325.053,3334.33,10639,6990.284825890725,2,NEUTRAL,OVERSOLD,BEARISH,10.49
5103,3334.281,3339.897,3332.818,3338.143,9577,6990.284825890725,2,OVERBOUGHT,NEUTRAL,BEARISH,10.528
5104,3338.118,3342.002,3335.931,3337.809,11639,6990.284825890725,2,OVERBOUGHT,NEUTRAL,BEARISH,10.311
5105,3337.824,3343.072,3337.695,3340.058,10626,6990.284825890725,2,OVERBOUGHT,NEUTRAL,BEARISH,10.262
5106,3340.022,3340.427,3333.72,3339.259,12376,6990.284825890725,2,OVERBOUGHT,NEUTRAL,BULLISH,9.858
5107,3339.219,3341.031,3331.022,3334.494,12462,6990.284825890725,1,NEUTRAL,NEUTRAL,BULLISH,9.576
5108,3334.531,3339.428,3321.938,3326.819,14663,6990.284825890725,1,OVERSOLD,NEUTRAL,BEARISH,9.535
5109,3326.855,3342.666,3319.529,3338.162,20215,6990.284825890725,1,NEUTRAL,NEUTRAL,BULLISH,10.492
5110,3338.116,3377.523,3336.042,3343.553,68240,6990.284825890725,1,NEUTRAL,NEUTRAL,BULLISH,11.701
5111,3343.524,3355.152,3338.886,3349.054,23780,6990.284825890725,1,NEUTRAL,NEUTRAL,BULLISH,12.143
5112,3349.076,3357.274,3348.744,3354.816,9489,6990.284825890725,1,OVERBOUGHT,NEUTRAL,BULLISH,12.313
5113,3354.777,3357.41,3346.014,3347.08,13285,6990.284825890725,2,OVERBOUGHT,NEUTRAL,BULLISH,12.668
5114,3347.116,3352.247,3346.185,3349.595,7665,6990.284825890725,2,OVERBOUGHT,NEUTRAL,BULLISH,12.561
5115,3349.594,3350.223,3339.642,3340.821,8992,6979.837064694783,2,NEUTRAL,NEUTRAL,BULLISH,12.875
5116,3340.914,3344.492,3337.204,3343.905,7343,6979.837064694783,1,NEUTRAL,NEUTRAL,BULLISH,12.677
5117,3343.877,3344.645,3336.241,3341.486,10765,6979.837064694783,2,OVERSOLD,NEUTRAL,BULLISH,12.771
5118,3341.511,3344.726,3335.878,3339.325,9394,6979.837064694783,2,OVERSOLD,NEUTRAL,BULLISH,12.97
5119,3339.328,3339.738,3328.215,3335.472,9259,6979.837064694783,1,OVERSOLD,NEUTRAL,BULLISH,13.409
5120,3335.439,3336.191,3325.208,3325.886,8328,6979.837064694783,1,OVERSOLD,OVERSOLD,BEARISH,13.714
5121,3325.925,3332.523,3324.697,3325.608,11535,6979.837064694783,2,OVERSOLD,OVERSOLD,BEARISH,13.558
5122,3325.508,3331.111,3322.358,3324.254,13329,6979.837064694783,2,OVERSOLD,OVERSOLD,BEARISH,12.934
5123,3324.261,3328.637,3309.883,3313.107,18320,6979.837064694783,1,OVERSOLD,OVERSOLD,BEARISH,12.621
5124,3313.151,3321.891,3311.072,3319.015,19131,6979.837064694783,1,OVERSOLD,OVERSOLD,BEARISH,10.431
5125,3319.037,3335.16,3318.279,3334.143,11448,6979.837064694783,1,NEUTRAL,OVERSOLD,BEARISH,10.475
5126,3334.183,3338.427,3331.302,3336.707,8647,6979.837064694783,1,NEUTRAL,NEUTRAL,BEARISH,10.374
5127,3336.675,3341.098,3335.378,3337.444,11833,6979.837064694783,2,NEUTRAL,NEUTRAL,BULLISH,9.969
5128,3337.445,3340.771,3335.594,3339.763,8872,6979.837064694783,2,OVERBOUGHT,NEUTRAL,BULLISH,9.906
5129,3339.779,3344.009,3337.409,3343.339,7666,6979.837064694783,2,OVERBOUGHT,OVERBOUGHT,BULLISH,9.621
5130,3343.339,3343.448,3338.003,3339.872,8396,6860.9398839302,2,OVERBOUGHT,OVERBOUGHT,BULLISH,9.49
5131,3339.9,3343.035,3335.352,3337.698,7667,6860.9398839302,1,NEUTRAL,OVERBOUGHT,BULLISH,9.438
5132,3337.666,3344.261,3334.038,3334.6,11561,6860.9398839302,2,NEUTRAL,OVERBOUGHT,BULLISH,9.537
5133,3334.598,3340.402,3333.382,3333.433,9869,6860.9398839302,2,OVERSOLD,OVERBOUGHT,BULLISH,9.215
5134,3333.469,3342.729,3331.801,3342.043,7163,6860.9398839302,1,NEUTRAL,OVERBOUGHT,BULLISH,9.211
5135,3342.004,3350.398,3340.67,3347.467,11791,6860.9398839302,2,NEUTRAL,OVERBOUGHT,BULLISH,9.347
5136,3347.504,3354.882,3347.421,3351.349,12012,6860.9398839302,2,OVERBOUGHT,OVERBOUGHT,BULLISH,9.255
5137,3351.324,3361.236,3350.819,3359.916,15269,6860.9398839302,2,OVERBOUGHT,OVERBOUGHT,BULLISH,8.659
5138,3359.954,3360.346,3352.181,3355.534,12918,6860.9398839302,1,OVERBOUGHT,OVERBOUGHT,BULLISH,8.469
5139,3355.565,3359.141,3351.137,3354.707,11213,6860.9398839302,1,OVERBOUGHT,OVERBOUGHT,BULLISH,7.835
5140,3354.706,3356.413,3352.288,3353.654,8011,6860.9398839302,1,NEUTRAL,OVERBOUGHT,BULLISH,7.621
5141,3353.629,3357.531,3351.196,3353.732,7250,6860.9398839302,1,NEUTRAL,OVERBOUGHT,BULLISH,7.665
5142,3353.75,3353.75,3350.112,3351.365,9973,6860.9398839302,2,OVERSOLD,OVERBOUGHT,BULLISH,7.555
5143,3351.348,3352.778,3347.668,3350.395,8149,6860.9398839302,2,OVERSOLD,NEUTRAL,BULLISH,7.449
5144,3348.767,3350.115,3345.015,3349.128,7784,6238.405926730498,2,OVERSOLD,NEUTRAL,BULLISH,7.444
5145,3349.168,3358.641,3347.656,3356.425,11823,6276.117267041879,2,NEUTRAL,NEUTRAL,BULLISH,7.68
5146,3356.478,3357.403,3351.063,3351.286,9964,6276.117267041879,2,NEUTRAL,NEUTRAL,BULLISH,7.403
5147,3351.275,3369.701,3350.618,3366.661,12506,6276.117267041879,2,OVERBOUGHT,OVERBOUGHT,BULLISH,8.264
5148,3366.689,3370.785,3365.377,3368.384,6701,6276.117267041879,1,OVERBOUGHT,OVERBOUGHT,BULLISH,7.87
5149,3368.34,3370.492,3363.875,3364.763,6546,6276.117267041879,1,OVERBOUGHT,OVERBOUGHT,BULLISH,7.648
5150,3364.8,3366.92,3362.674,3366.071,11238,6276.117267041879,2,NEUTRAL,OVERBOUGHT,BULLISH,7.418
5151,3366.108,3375.594,3362.801,3375.302,11727,6276.117267041879,2,OVERBOUGHT,OVERBOUGHT,BULLISH,7.588
5152,3375.271,3388.606,3374.531,3387.23,10436,6276.117267041879,1,OVERBOUGHT,OVERBOUGHT,BULLISH,8.01
5153,3387.261,3395.321,3383.658,3388.613,14618,6276.117267041879,1,OVERBOUGHT,OVERBOUGHT,BULLISH,8.271
5154,3388.544,3401.575,3386.141,3400.316,15658,6276.117267041879,1,OVERBOUGHT,OVERBOUGHT,BULLISH,9.079
5155,3400.283,3401.022,3395.597,3397.994,10628,6276.117267041879,1,OVERBOUGHT,OVERBOUGHT,BULLISH,9.014
5156,3397.983,3399.032,3393.731,3395.595,7951,6276.117267041879,1,OVERBOUGHT,OVERBOUGHT,BULLISH,9.133
5157,3395.587,3395.829,3391.468,3395.35,11661,6276.117267041879,2,OVERBOUGHT,OVERBOUGHT,BULLISH,9.079
5158,3395.43,3399.787,3395.077,3398.837,6483,6276.117267041879,1,OVERBOUGHT,OVERBOUGHT,BULLISH,9.031
5159,3398.744,3402.783,3393.208,3396.532,11285,6276.117267041879,3,NEUTRAL,OVERBOUGHT,BULLISH,8.931
5160,3396.54,3397.665,3390.448,3394.481,7656,6400.737051133129,1,NEUTRAL,OVERBOUGHT,BULLISH,8.993
5161,3394.526,3395.843,3385.106,3385.964,9363,6400.737051133129,1,OVERSOLD,OVERBOUGHT,BULLISH,8.397
5162,3385.952,3391.955,3385.241,3391.566,6494,6400.737051133129,1,NEUTRAL,OVERBOUGHT,BEARISH,8.491
5163,3391.524,3393.715,3387.942,3391.162,9457,6400.737051133129,2,OVERSOLD,NEUTRAL,BEARISH,8.43
5164,3391.197,3391.934,3384.366,3384.691,13127,6400.737051133129,2,OVERSOLD,NEUTRAL,BEARISH,8.668
5165,3384.818,3390.111,3383.24,3389.017,12225,6400.737051133129,2,NEUTRAL,NEUTRAL,BEARISH,8.245
5166,3388.973,3390.658,3384.528,3387.059,10394,6400.737051133129,2,NEUTRAL,NEUTRAL,BEARISH,7.677
5167,3387.115,3407.896,3386.653,3407.643,16549,6400.737051133129,2,OVERBOUGHT,NEUTRAL,BEARISH,8.361
5168,3407.592,3420.204,3406.397,3412.328,19286,6400.737051133129,1,OVERBOUGHT,NEUTRAL,BULLISH,8.245
5169,3412.377,3427.758,3405.025,3426.368,21039,6400.737051133129,1,OVERBOUGHT,OVERBOUGHT,BULLISH,9.481
5170,3426.37,3430.614,3423.665,3426.597,13671,6400.737051133129,1,OVERBOUGHT,OVERBOUGHT,BULLISH,9.599
5171,3426.64,3432.925,3426.245,3432.169,8870,6400.737051133129,1,OVERBOUGHT,OVERBOUGHT,BULLISH,9.765
5172,3432.212,3433.507,3426.521,3429.236,8658,6400.737051133129,1,OVERBOUGHT,OVERBOUGHT,BULLISH,9.927
5173,3429.254,3432.496,3427.892,3431.738,11821,6400.737051133129,2,OVERBOUGHT,OVERBOUGHT,BULLISH,9.572
5174,3431.683,3432.676,3427.46,3427.943,7549,6400.737051133129,2,NEUTRAL,OVERBOUGHT,BULLISH,9.429
5175,3427.926,3438.98,3426.283,3428.862,15648,6614.4247922950535,2,NEUTRAL,OVERBOUGHT,BULLISH,9.569
5176,3428.852,3430.692,3420.959,3421.114,13042,6614.4247922950535,1,OVERSOLD,OVERBOUGHT,BULLISH,9.785
5177,3421.071,3425.099,3419.154,3423.065,7970,6614.4247922950535,1,NEUTRAL,OVERBOUGHT,BEARISH,9.797
5178,3422.991,3428.716,3422.853,3423.153,6879,6614.4247922950535,1,OVERSOLD,OVERBOUGHT,BEARISH,9.676
5179,3423.063,3425.301,3416.322,3420.379,11820,6614.4247922950535,2,OVERSOLD,NEUTRAL,BEARISH,9.826
5180,3420.357,3425.232,3419.497,3425.012,8462,6614.4247922950535,1,NEUTRAL,OVERBOUGHT,BEARISH,9.798
5181,3424.973,3429.702,3419.865,3420.72,7476,6614.4247922950535,1,NEUTRAL,NEUTRAL,BEARISH,8.983
5182,3420.754,3428.744,3420.579,3428.376,7092,6614.4247922950535,1,NEUTRAL,NEUTRAL,BEARISH,8.58
5183,3428.412,3433.855,3421.159,3422.712,13284,6614.4247922950535,2,NEUTRAL,NEUTRAL,BEARISH,7.863
5184,3422.675,3429.782,3420.305,3428.18,6924,6614.4247922950535,1,NEUTRAL,NEUTRAL,BEARISH,8.044
5185,3428.17,3430.0,3419.868,3420.025,10554,6614.4247922950535,1,NEUTRAL,NEUTRAL,BEARISH,8.29
5186,3419.993,3420.626,3405.576,3413.346,19336,6614.4247922950535,1,NEUTRAL,NEUTRAL,BEARISH,8.866
5187,3413.304,3419.847,3410.614,3413.562,10623,6614.4247922950535,1,OVERSOLD,OVERSOLD,BEARISH,9.197
5188,3413.486,3415.874,3398.134,3398.134,11501,6614.4247922950535,1,OVERSOLD,OVERSOLD,BEARISH,10.092
5189,3398.106,3398.106,3381.402,3387.379,27106,6614.4247922950535,1,OVERSOLD,OVERSOLD,BEARISH,10.38
5190,3387.344,3394.887,3385.636,3393.197,11417,6614.4247922950535,1,OVERSOLD,OVERSOLD,BEARISH,10.345
5191,3393.233,3395.92,3388.503,3390.081,12791,6614.4247922950535,2,OVERSOLD,OVERSOLD,BEARISH,10.451
5192,3390.122,3392.51,3386.123,3386.696,7535,6614.4247922950535,2,OVERSOLD,OVERSOLD,BEARISH,10.488
5193,3386.768,3393.259,3386.497,3391.478,9227,6687.47957398124,2,NEUTRAL,OVERSOLD,BEARISH,10.33
5194,3391.505,3393.438,3384.027,3387.651,11713,6687.47957398124,1,NEUTRAL,OVERSOLD,BEARISH,10.592
5195,3387.678,3388.94,3380.834,3383.836,10095,6687.47957398124,1,OVERSOLD,OVERSOLD,BEARISH,10.469
5196,3383.872,3386.052,3374.728,3383.762,9540,6687.47957398124,1,NEUTRAL,OVERSOLD,BEARISH,10.694
5197,3383.666,3385.389,3374.405,3379.265,12208,6687.47957398124,2,OVERSOLD,OVERSOLD,BEARISH,10.572
5198,3379.218,3379.575,3369.926,3376.045,8789,6687.47957398124,1,OVERSOLD,OVERSOLD,BEARISH,10.584
5199,3375.924,3377.597,3365.982,3367.757,8035,6687.47957398124,1,OVERSOLD,OVERSOLD,BEARISH,10.69
5200,3367.767,3374.727,3365.82,3369.718,7558,6687.47957398124,1,OVERSOLD,OVERSOLD,BEARISH,10.251
5201,3369.678,3370.146,3362.021,3363.627,7234,6687.47957398124,1,OVERSOLD,OVERSOLD,BEARISH,10.172
5202,3363.647,3367.199,3361.253,3362.296,11733,6687.47957398124,2,OVERSOLD,OVERSOLD,BEARISH,9.33
5203,3362.254,3365.514,3352.536,3353.469,12517,6687.47957398124,1,OVERSOLD,OVERSOLD,BEARISH,9.062
5204,3353.504,3372.159,3351.315,3366.744,19269,6687.47957398124,1,NEUTRAL,OVERSOLD,BEARISH,9.89
5205,3366.653,3377.421,3365.667,3373.666,11950,6687.47957398124,1,NEUTRAL,OVERSOLD,BEARISH,10.199
5206,3373.556,3375.204,3370.349,3372.541,8357,6687.47957398124,1,NEUTRAL,NEUTRAL,BEARISH,10.09
5207,3372.515,3373.702,3366.267,3370.032,11987,6687.47957398124,2,NEUTRAL,NEUTRAL,BULLISH,10.138
5208,3370.092,3373.477,3367.385,3370.478,9043,6687.47957398124,2,OVERBOUGHT,NEUTRAL,BULLISH,9.901
5209,3370.517,3371.26,3365.131,3368.799,7636,6687.47957398124,2,NEUTRAL,NEUTRAL,BULLISH,9.76
5210,3368.74,3373.578,3366.676,3372.22,8733,6650.8545351893745,2,NEUTRAL,NEUTRAL,BULLISH,9.444
5211,3372.238,3372.783,3362.49,3363.214,12337,6650.8545351893745,2,OVERSOLD,NEUTRAL,BULLISH,9.395
5212,3363.178,3363.58,3357.819,3360.994,9939,6650.8545351893745,2,OVERSOLD,NEUTRAL,BULLISH,9.117
5213,3361.027,3362.418,3354.664,3359.373,11893,6650.8545351893745,2,OVERSOLD,NEUTRAL,BULLISH,8.841
5214,3359.369,3360.171,3344.551,3345.49,12392,6650.8545351893745,2,OVERSOLD,OVERSOLD,BEARISH,9.321
5215,3345.495,3348.928,3340.959,3342.836,11291,6650.8545351893745,2,OVERSOLD,OVERSOLD,BEARISH,9.309
5216,3342.898,3345.196,3336.312,3340.724,15358,6650.8545351893745,2,OVERSOLD,OVERSOLD,BEARISH,9.519
5217,3340.705,3347.498,3336.811,3343.977,15977,6650.8545351893745,1,OVERSOLD,OVERSOLD,BEARISH,9.356
5218,3343.935,3344.961,3330.523,3331.751,16402,6650.8545351893745,1,OVERSOLD,OVERSOLD,BEARISH,8.898
5219,3331.793,3335.938,3324.928,3327.896,15586,6650.8545351893745,1,OVERSOLD,OVERSOLD,BEARISH,8.845
5220,3327.851,3331.465,3326.161,3329.705,7379,6650.8545351893745,1,OVERSOLD,OVERSOLD,BEARISH,8.877
5221,3329.671,3339.396,3329.614,3338.699,10173,6650.8545351893745,2,NEUTRAL,OVERSOLD,BEARISH,9.045
5222,3338.776,3340.284,3336.187,3336.826,7954,6650.8545351893745,2,NEUTRAL,OVERSOLD,BEARISH,8.902
5223,3329.144,3335.345,3323.817,3329.603,8532,6080.685849298323,1,NEUTRAL,OVERSOLD,BEARISH,9.394
5224,3329.587,3337.465,3329.428,3333.683,7406,6080.685849298323,1,NEUTRAL,OVERSOLD,BEARISH,9.475
5225,3333.675,3336.09,3327.64,3333.426,7750,6189.076879523879,1,NEUTRAL,OVERSOLD,BULLISH,9.343
5226,3333.334,3338.8,3329.85,3331.992,10845,6189.076879523879,1,OVERSOLD,OVERSOLD,BULLISH,9.571
5227,3331.939,3343.316,3330.57,3343.246,11239,6189.076879523879,2,NEUTRAL,NEUTRAL,BULLISH,9.927
5228,3343.199,3344.233,3338.029,3343.398,9985,6189.076879523879,2,OVERBOUGHT,NEUTRAL,BULLISH,9.255
5229,3343.333,3345.352,3335.755,3340.2,7118,6189.076879523879,1,NEUTRAL,NEUTRAL,BULLISH,9.371
5230,3340.13,3341.896,3333.785,3334.882,8021,6189.076879523879,1,NEUTRAL,NEUTRAL,BULLISH,9.316
5231,3334.879,3338.791,3332.382,3335.965,6620,6189.076879523879,1,NEUTRAL,NEUTRAL,BULLISH,9.01
5232,3335.978,3340.78,3335.884,3337.732,6691,6189.076879523879,1,OVERSOLD,NEUTRAL,BULLISH,8.329
5233,3337.744,3338.839,3334.166,3335.856,7054,6189.076879523879,1,OVERSOLD,NEUTRAL,BULLISH,7.876
5234,3335.9,3338.369,3325.508,3328.472,16900,6189.076879523879,2,OVERSOLD,NEUTRAL,BULLISH,8.416
5235,3328.479,3330.688,3301.777,3302.314,18340,6189.076879523879,1,OVERSOLD,OVERSOLD,BEARISH,9.782
5236,3302.344,3314.817,3301.77,3307.981,18920,6189.076879523879,1,OVERSOLD,OVERSOLD,BEARISH,10.422
5237,3307.942,3317.168,3306.555,3314.764,9539,6189.076879523879,1,OVERSOLD,OVERSOLD,BEARISH,10.25
5238,3314.736,3315.053,3308.82,3310.749,12117,6189.076879523879,2,OVERSOLD,OVERSOLD,BEARISH,10.122
5239,3310.738,3318.89,3310.186,3317.161,9578,6189.076879523879,2,NEUTRAL,OVERSOLD,BEARISH,10.14
5240,3317.195,3318.409,3311.901,3314.614,8870,6189.076879523879,2,OVERBOUGHT,OVERSOLD,BEARISH,9.965
5241,3314.626,3315.903,3307.843,3311.6,10519,6282.129081473985,2,NEUTRAL,OVERSOLD,BEARISH,9.631
5242,3311.612,3320.861,3308.473,3318.918,8852,6282.129081473985,1,NEUTRAL,NEUTRAL,BULLISH,10.072
5243,3318.947,3320.337,3311.203,3312.576,11497,6282.129081473985,2,NEUTRAL,OVERSOLD,BULLISH,10.039
5244,3312.58,3320.045,3308.99,3319.874,10339,6282.129081473985,2,NEUTRAL,NEUTRAL,BULLISH,10.249
5245,3319.905,3322.43,3316.25,3316.975,10070,6282.129081473985,1,NEUTRAL,NEUTRAL,BULLISH,10.233
5246,3317.017,3318.691,3311.294,3317.133,9268,6282.129081473985,1,NEUTRAL,NEUTRAL,BULLISH,10.412
5247,3317.139,3329.976,3316.603,3326.385,8352,6282.129081473985,1,NEUTRAL,NEUTRAL,BULLISH,11.033
5248,3326.347,3328.285,3320.831,3324.475,8856,6282.129081473985,1,OVERBOUGHT,NEUTRAL,BULLISH,10.647
5249,3324.574,3326.418,3314.884,3315.278,12843,6282.129081473985,2,NEUTRAL,NEUTRAL,BULLISH,9.406
5250,3315.249,3324.53,3315.229,3323.225,9428,6282.129081473985,1,NEUTRAL,NEUTRAL,BULLISH,9.138
5251,3323.2,3324.231,3312.842,3317.486,16602,6282.129081473985,1,NEUTRAL,NEUTRAL,BULLISH,9.194
5252,3317.446,3329.635,3311.89,3328.9,14723,6282.129081473985,1,NEUTRAL,NEUTRAL,BULLISH,10.016
5253,3328.933,3334.142,3319.566,3320.751,11247,6282.129081473985,1,NEUTRAL,NEUTRAL,BULLISH,10.435
5254,3320.751,3324.784,3319.072,3323.152,7336,6282.129081473985,1,NEUTRAL,NEUTRAL,BULLISH,10.378
5255,3323.12,3330.906,3322.95,3325.807,11136,6282.129081473985,2,NEUTRAL,NEUTRAL,BULLISH,10.371
5256,3325.892,3328.767,3322.68,3326.46,9232,6282.129081473985,2,NEUTRAL,NEUTRAL,BULLISH,9.921
5257,3327.751,3333.673,3325.956,3330.206,10585,6547.315200698686,3,NEUTRAL,OVERBOUGHT,BULLISH,9.82
5258,3330.104,3333.256,3321.876,3323.295,8513,6547.315200698686,1,NEUTRAL,NEUTRAL,BULLISH,9.843
5259,3323.351,3332.349,3323.351,3329.373,6892,6547.315200698686,1,NEUTRAL,OVERBOUGHT,BULLISH,10.048
5260,3329.356,3329.905,3325.772,3327.245,9008,6547.315200698686,2,NEUTRAL,NEUTRAL,BULLISH,9.815
5261,3327.172,3330.633,3323.058,3326.99,11826,6547.315200698686,2,NEUTRAL,OVERBOUGHT,BULLISH,9.401
5262,3327.101,3333.406,3325.601,3332.199,12352,6547.315200698686,2,NEUTRAL,OVERBOUGHT,BULLISH,9.426
5263,3332.169,3334.025,3326.622,3328.473,13836,6547.315200698686,2,NEUTRAL,OVERBOUGHT,BULLISH,9.131
5264,3328.515,3331.673,3323.966,3330.846,7358,6547.315200698686,1,NEUTRAL,OVERBOUGHT,BULLISH,9.017
5265,3330.829,3331.904,3310.565,3313.421,13937,6547.315200698686,1,OVERSOLD,NEUTRAL,BULLISH,9.728
5266,3313.446,3316.074,3298.428,3303.078,22287,6547.315200698686,1,OVERSOLD,NEUTRAL,BEARISH,9.721
5267,3303.105,3308.395,3301.166,3302.045,10135,6547.315200698686,1,OVERSOLD,OVERSOLD,BEARISH,9.196
5268,3302.115,3303.341,3288.575,3290.465,11909,6547.315200698686,1,OVERSOLD,OVERSOLD,BEARISH,9.843
5269,3290.378,3298.509,3289.874,3297.95,7064,6547.315200698686,1,OVERSOLD,OVERSOLD,BEARISH,9.891
5270,3297.99,3304.767,3279.474,3280.221,37545,6547.315200698686,2,OVERSOLD,OVERSOLD,BEARISH,11.263
5271,3280.178,3282.655,3268.034,3269.396,22299,6547.315200698686,1,OVERSOLD,OVERSOLD,BEARISH,11.756
5272,3269.334,3276.213,3268.965,3275.266,7656,6547.315200698686,1,OVERSOLD,OVERSOLD,BEARISH,11.461
5273,3274.201,3285.8,3274.201,3285.303,9747,6547.315200698686,2,NEUTRAL,OVERSOLD,BEARISH,11.643
5274,3285.257,3288.496,3282.802,3286.516,7898,6678.118514917857,1,NEUTRAL,OVERSOLD,BEARISH,11.754
5275,3286.543,3293.953,3285.056,3293.786,10802,6678.118514917857,1,NEUTRAL,NEUTRAL,BEARISH,11.849
5276,3293.838,3297.516,3290.476,3297.218,7229,6678.118514917857,1,OVERBOUGHT,NEUTRAL,BEARISH,11.794
5277,3297.252,3298.574,3293.434,3298.098,10601,6678.118514917857,2,OVERBOUGHT,NEUTRAL,BULLISH,11.632
5278,3298.065,3304.837,3294.646,3299.024,13298,6678.118514917857,2,OVERBOUGHT,NEUTRAL,BULLISH,11.81
5279,3299.027,3309.771,3298.013,3304.761,8508,6678.118514917857,1,OVERBOUGHT,NEUTRAL,BULLISH,11.126
5280,3304.682,3314.83,3303.557,3309.953,8589,6678.118514917857,1,OVERBOUGHT,OVERBOUGHT,BULLISH,10.67
5281,3309.914,3313.17,3304.822,3306.645,7785,6678.118514917857,1,OVERBOUGHT,OVERBOUGHT,BULLISH,10.75
5282,3306.703,3308.146,3293.782,3296.261,8519,6678.118514917857,1,NEUTRAL,OVERBOUGHT,BULLISH,10.722
5283,3296.269,3307.776,3295.146,3306.111,9974,6678.118514917857,1,NEUTRAL,OVERBOUGHT,BULLISH,11.007
5284,3306.086,3311.163,3303.919,3307.642,11083,6678.118514917857,1,NEUTRAL,OVERBOUGHT,BULLISH,9.718
5285,3307.677,3310.479,3300.588,3301.413,18659,6678.118514917857,1,NEUTRAL,OVERBOUGHT,BULLISH,9.38
5286,3301.369,3303.205,3291.3,3296.121,15287,6678.118514917857,1,NEUTRAL,NEUTRAL,BULLISH,9.712
5287,3296.092,3299.136,3291.316,3295.545,10690,6678.118514917857,1,NEUTRAL,NEUTRAL,BULLISH,9.442
5288,3295.437,3297.325,3289.586,3294.988,9799,6678.118514917857,1,OVERSOLD,NEUTRAL,BULLISH,9.589
5289,3295.014,3298.45,3294.023,3295.006,7573,6678.118514917857,1,OVERSOLD,NEUTRAL,BULLISH,9.269
5290,3295.043,3297.129,3290.485,3291.029,11427,6678.118514917857,2,OVERSOLD,OVERSOLD,BULLISH,9.241
5291,3290.989,3295.172,3289.583,3295.01,7451,6678.118514917857,2,NEUTRAL,OVERSOLD,BULLISH,9.273
5292,3294.999,3295.138,3286.399,3290.356,11901,6928.242148417744,2,NEUTRAL,OVERSOLD,BEARISH,9.169
5293,3290.304,3293.535,3281.566,3283.643,8514,6928.242148417744,1,OVERSOLD,OVERSOLD,BEARISH,9.184
5294,3283.616,3292.488,3283.269,3291.718,7765,6928.242148417744,1,NEUTRAL,OVERSOLD,BEARISH,9.038
5295,3291.713,3297.14,3290.08,3292.088,11634,6928.242148417744,2,NEUTRAL,OVERSOLD,BEARISH,8.946
5296,3292.094,3300.47,3290.523,3292.397,13018,6928.242148417744,2,NEUTRAL,NEUTRAL,BULLISH,8.63
5297,3292.359,3293.384,3285.223,3286.861,8098,6928.242148417744,1,NEUTRAL,NEUTRAL,BEARISH,8.311
5298,3286.823,3294.476,3285.271,3294.265,7144,6928.242148417744,1,OVERBOUGHT,NEUTRAL,BULLISH,8.451
5299,3294.248,3303.104,3292.753,3298.36,12984,6928.242148417744,2,NEUTRAL,NEUTRAL,BULLISH,8.484
5300,3298.397,3345.261,3296.811,3341.208,35694,6928.242148417744,2,OVERBOUGHT,OVERBOUGHT,BULLISH,11.094
5301,3341.182,3354.631,3338.842,3342.09,32475,6928.242148417744,1,OVERBOUGHT,OVERBOUGHT,BULLISH,11.663
5302,3342.194,3355.088,3341.295,3345.94,24556,6928.242148417744,1,OVERBOUGHT,OVERBOUGHT,BULLISH,12.096
5303,3345.937,3351.32,3341.573,3348.567,13259,6928.242148417744,1,OVERBOUGHT,OVERBOUGHT,BULLISH,12.476
5304,3348.532,3349.377,3340.532,3347.365,11213,6928.242148417744,1,OVERBOUGHT,OVERBOUGHT,BULLISH,12.633
5305,3347.284,3349.434,3345.586,3348.22,8660,6928.242148417744,1,OVERBOUGHT,OVERBOUGHT,BULLISH,12.509
5306,3348.249,3361.325,3345.882,3357.185,16186,6928.242148417744,2,OVERBOUGHT,OVERBOUGHT,BULLISH,12.988
5307,3357.239,3364.563,3357.028,3359.084,12010,6317.564324758911,2,OVERBOUGHT,OVERBOUGHT,BULLISH,12.671
5308,3359.126,3362.378,3350.113,3352.197,13197,6323.601849385047,2,NEUTRAL,OVERBOUGHT,BULLISH,12.888
5309,3352.149,3353.677,3345.006,3352.315,9168,6323.601849385047,1,NEUTRAL,OVERBOUGHT,BULLISH,13.004
5310,3352.204,3360.889,3350.171,3360.255,11322,6323.601849385047,2,OVERBOUGHT,OVERBOUGHT,BULLISH,13.059
5311,3360.259,3362.215,3355.442,3357.553,8914,6323.601849385047,2,NEUTRAL,OVERBOUGHT,BULLISH,12.96
5312,3357.567,3362.671,3353.532,3362.631,7394,6323.601849385047,1,NEUTRAL,OVERBOUGHT,BULLISH,12.955
5313,3362.589,3362.589,3351.685,3355.809,8529,6323.601849385047,1,NEUTRAL,OVERBOUGHT,BULLISH,12.997
5314,3355.842,3359.802,3354.081,3358.448,6509,6323.601849385047,1,NEUTRAL,OVERBOUGHT,BULLISH,9.945
5315,3358.407,3361.811,3352.886,3357.795,11707,6323.601849385047,2,NEUTRAL,OVERBOUGHT,BULLISH,9.455
5316,3357.854,3370.759,3357.642,3370.263,7683,6323.601849385047,1,OVERBOUGHT,OVERBOUGHT,BULLISH,9.407
5317,3370.262,3371.527,3360.965,3367.79,9887,6323.601849385047,1,NEUTRAL,OVERBOUGHT,BULLISH,9.465
5318,3367.808,3385.353,3367.031,3383.241,13889,6323.601849385047,1,OVERBOUGHT,OVERBOUGHT,BULLISH,10.142
5319,3383.288,3384.641,3371.828,3374.062,11494,6323.601849385047,1,NEUTRAL,OVERBOUGHT,BULLISH,10.782
5320,3374.02,3376.08,3370.647,3374.306,9142,6323.601849385047,1,OVERBOUGHT,OVERBOUGHT,BULLISH,10.067
5321,3374.305,3378.153,3370.571,3370.967,6801,6323.601849385047,1,NEUTRAL,NEUTRAL,BEARISH,10.071
5322,3370.976,3376.857,3370.691,3375.817,9707,6323.601849385047,2,NEUTRAL,OVERBOUGHT,BEARISH,9.635
5323,3375.806,3377.165,3373.415,3373.878,6964,6323.601849385047,2,OVERSOLD,NEUTRAL,BEARISH,9.283
5324,3375.404,3379.703,3373.687,3377.407,6344,6323.601849385047,2,NEUTRAL,OVERBOUGHT,BEARISH,8.948
5325,3377.383,3382.398,3375.858,3379.061,10933,6313.3262764277415,2,NEUTRAL,OVERBOUGHT,BEARISH,8.931
5326,3378.963,3381.427,3372.057,3372.057,10291,6313.3262764277415,2,NEUTRAL,OVERBOUGHT,BEARISH,8.947
5327,3372.107,3374.15,3367.702,3373.988,9499,6313.3262764277415,2,NEUTRAL,NEUTRAL,BEARISH,8.626
5328,3374.022,3375.531,3365.655,3373.651,12972,6313.3262764277415,2,NEUTRAL,NEUTRAL,BEARISH,8.923
5329,3373.572,3374.607,3358.825,3359.679,12325,6313.3262764277415,2,OVERSOLD,NEUTRAL,BEARISH,9.413
5330,3359.644,3361.784,3352.942,3353.22,7207,6313.3262764277415,1,OVERSOLD,OVERSOLD,BEARISH,9.107
5331,3353.23,3354.363,3349.803,3351.408,6967,6313.3262764277415,1,OVERSOLD,OVERSOLD,BEARISH,8.679
5332,3351.408,3366.991,3349.866,3366.113,10215,6313.3262764277415,1,NEUTRAL,OVERSOLD,BEARISH,8.593
5333,3366.147,3379.704,3365.837,3373.726,12130,6313.3262764277415,1,NEUTRAL,NEUTRAL,BEARISH,8.668
5334,3373.786,3386.593,3370.464,3385.354,16956,6313.3262764277415,1,OVERBOUGHT,OVERBOUGHT,BEARISH,9.432
5335,3385.386,3390.033,3382.134,3389.49,8273,6313.3262764277415,1,OVERBOUGHT,OVERBOUGHT,BEARISH,9.455
5336,3389.527,3390.402,3376.89,3382.015,8530,6313.3262764277415,1,OVERBOUGHT,OVERBOUGHT,BEARISH,9.98
5337,3382.055,3382.845,3378.382,3380.091,10343,6313.3262764277415,2,OVERBOUGHT,OVERBOUGHT,BEARISH,10.031
5338,3380.01,3381.388,3378.101,3380.799,6742,6313.3262764277415,2,NEUTRAL,OVERBOUGHT,BEARISH,9.836
5339,3381.515,3385.34,3378.095,3383.531,10601,6286.993615180654,3,NEUTRAL,OVERBOUGHT,BEARISH,9.886
5340,3383.415,3383.691,3373.046,3376.154,7643,6286.993615180654,1,OVERSOLD,OVERBOUGHT,BEARISH,9.977
5341,3376.041,3378.43,3373.422,3374.587,9690,6286.993615180654,2,OVERSOLD,NEUTRAL,BEARISH,9.874
5342,3374.59,3376.459,3370.644,3374.256,8330,6286.993615180654,2,OVERSOLD,NEUTRAL,BEARISH,9.584
5343,3374.323,3378.65,3368.953,3373.617,11462,6286.993615180654,2,OVERSOLD,NEUTRAL,BEARISH,9.15
5344,3373.509,3374.697,3364.758,3365.179,6718,6286.993615180654,1,OVERSOLD,NEUTRAL,BEARISH,9.228
5345,3365.172,3367.806,3358.091,3358.919,6360,6286.993615180654,1,OVERSOLD,NEUTRAL,BEARISH,9.596
5346,3358.872,3365.444,3358.196,3363.595,6784,6286.993615180654,1,OVERSOLD,OVERSOLD,BEARISH,8.891
5347,3363.595,3369.299,3360.141,3367.52,13681,6286.993615180654,2,NEUTRAL,OVERSOLD,BEARISH,8.554
5348,3367.506,3373.526,3365.072,3371.709,13714,6286.993615180654,1,NEUTRAL,OVERSOLD,BEARISH,8.006
5349,3371.659,3379.331,3369.426,3379.306,9620,6286.993615180654,1,OVERBOUGHT,NEUTRAL,BEARISH,8.149
5350,3379.241,3379.975,3370.044,3377.431,9805,6286.993615180654,1,OVERBOUGHT,NEUTRAL,BEARISH,7.894
5351,3377.392,3379.467,3372.94,3376.003,6825,6286.993615180654,1,OVERBOUGHT,NEUTRAL,BEARISH,8.041
5352,3376.043,3377.648,3368.983,3371.618,11192,6286.993615180654,2,NEUTRAL,NEUTRAL,BEARISH,8.425
5353,3371.626,3373.201,3367.133,3369.079,8806,6286.993615180654,2,NEUTRAL,NEUTRAL,BEARISH,8.341
5354,3371.635,3374.796,3367.59,3370.155,9447,6286.993615180654,2,OVERSOLD,NEUTRAL,BEARISH,8.095
5355,3370.205,3374.828,3365.222,3372.336,8488,6712.0815248459885,1,OVERSOLD,NEUTRAL,BEARISH,8.424
5356,3372.297,3382.53,3370.195,3382.311,9325,6712.0815248459885,1,NEUTRAL,OVERBOUGHT,BEARISH,8.89
5357,3382.324,3384.16,3376.461,3379.696,11743,6712.0815248459885,2,OVERBOUGHT,OVERBOUGHT,BULLISH,8.747
5358,3379.732,3380.982,3371.648,3375.564,12081,6712.0815248459885,2,NEUTRAL,OVERBOUGHT,BULLISH,8.704
5359,3375.589,3387.807,3374.943,3387.667,8005,6712.0815248459885,1,OVERBOUGHT,OVERBOUGHT,BULLISH,8.929
5360,3387.673,3397.504,3386.258,3396.155,9903,6712.0815248459885,1,OVERBOUGHT,OVERBOUGHT,BULLISH,9.214
5361,3396.189,3396.603,3372.421,3378.107,17626,6712.0815248459885,1,NEUTRAL,OVERBOUGHT,BULLISH,10.287
5362,3378.153,3381.246,3373.255,3376.761,11304,6712.0815248459885,1,NEUTRAL,NEUTRAL,BULLISH,10.254
5363,3376.739,3378.812,3371.765,3372.925,7246,6712.0815248459885,1,NEUTRAL,NEUTRAL,BEARISH,10.05
5364,3372.949,3383.308,3371.73,3378.229,11454,6712.0815248459885,1,NEUTRAL,NEUTRAL,BEARISH,10.168
5365,3378.199,3389.798,3375.31,3380.823,11763,6712.0815248459885,1,OVERSOLD,NEUTRAL,BEARISH,10.736
5366,3380.763,3393.833,3380.139,3384.917,18423,6712.0815248459885,1,NEUTRAL,NEUTRAL,BULLISH,11.096
5367,3384.883,3390.362,3375.261,3387.799,30370,6712.0815248459885,1,OVERBOUGHT,NEUTRAL,BULLISH,11.741
5368,3387.831,3390.844,3384.43,3390.102,9355,6712.0815248459885,1,OVERBOUGHT,NEUTRAL,BULLISH,11.684
5369,3390.185,3393.01,3384.314,3392.185,14451,6712.0815248459885,2,OVERBOUGHT,OVERBOUGHT,BULLISH,11.619
5370,3392.179,3400.872,3387.276,3399.659,17296,6712.0815248459885,2,OVERBOUGHT,OVERBOUGHT,BULLISH,11.709
5371,3399.712,3401.873,3392.528,3396.399,10352,6712.0815248459885,1,OVERBOUGHT,OVERBOUGHT,BULLISH,11.827
5372,3401.918,3408.99,3389.025,3405.178,28799,6712.0815248459885,1,OVERBOUGHT,OVERBOUGHT,BULLISH,12.586
5373,3405.174,3407.028,3396.626,3400.47,10026,6712.0815248459885,1,NEUTRAL,OVERBOUGHT,BULLISH,12.41
5374,3400.432,3402.356,3387.667,3389.9,20649,7493.363443114625,1,NEUTRAL,OVERBOUGHT,BULLISH,12.656
5375,3389.943,3390.942,3381.087,3383.411,21775,7493.363443114625,1,OVERSOLD,NEUTRAL,BEARISH,11.633
5376,3383.37,3389.986,3383.135,3388.369,10865,7493.363443114625,1,NEUTRAL,NEUTRAL,BEARISH,11.552
5377,3388.395,3397.785,3383.582,3395.817,13534,7493.363443114625,1,NEUTRAL,NEUTRAL,BEARISH,12.063
5378,3395.817,3399.272,3393.472,3394.363,7540,7493.363443114625,1,NEUTRAL,NEUTRAL,BEARISH,11.65
5379,3394.31,3396.048,3390.168,3392.296,8862,7493.363443114625,1,NEUTRAL,NEUTRAL,BEARISH,11.035
5380,3392.269,3397.676,3388.739,3393.447,12108,7493.363443114625,1,OVERBOUGHT,NEUTRAL,BEARISH,10.695
5381,3393.494,3404.271,3392.185,3401.993,19962,7493.363443114625,1,OVERBOUGHT,NEUTRAL,BEARISH,10.48
5382,3402.074,3402.631,3394.156,3394.372,12406,7493.363443114625,1,NEUTRAL,NEUTRAL,BEARISH,10.627
5383,3394.416,3401.41,3393.952,3400.646,12441,7493.363443114625,1,NEUTRAL,NEUTRAL,BEARISH,10.539
5384,3400.688,3401.003,3384.318,3385.135,14270,7493.363443114625,1,NEUTRAL,NEUTRAL,BEARISH,10.759
5385,3385.163,3388.669,3380.361,3386.249,17046,7493.363443114625,1,NEUTRAL,NEUTRAL,BEARISH,10.685
5386,3386.206,3401.944,3385.121,3391.621,29734,7493.363443114625,1,NEUTRAL,OVERSOLD,BEARISH,10.461
5387,3391.646,3401.643,3387.578,3400.247,26029,7493.363443114625,1,NEUTRAL,NEUTRAL,BEARISH,10.722
5388,3400.189,3401.263,3381.105,3390.573,21284,7493.363443114625,1,NEUTRAL,NEUTRAL,BEARISH,11.113
5389,3390.601,3395.265,3388.673,3395.248,10443,7493.363443114625,1,NEUTRAL,NEUTRAL,BEARISH,10.88
5390,3395.284,3400.654,3393.509,3397.492,7497,7493.363443114625,1,NEUTRAL,NEUTRAL,BEARISH,10.901
5391,3397.493,3399.553,3379.802,3379.802,9291,7493.363443114625,1,NEUTRAL,NEUTRAL,BEARISH,11.297
5392,3381.732,3404.267,3376.445,3395.431,58529,7493.363443114625,1,NEUTRAL,NEUTRAL,BEARISH,12.87
5393,3395.401,3400.83,3392.28,3398.566,16431,7493.363443114625,1,NEUTRAL,NEUTRAL,BEARISH,13.061
5394,3398.618,3401.819,3390.643,3395.282,16221,6835.491527897359,2,NEUTRAL,OVERBOUGHT,BEARISH,13.221
5395,3395.343,3397.014,3381.518,3381.561,15403,7042.357414129357,2,NEUTRAL,NEUTRAL,BEARISH,13.465
5396,3381.6,3383.93,3367.699,3377.495,14694,7042.357414129357,1,NEUTRAL,NEUTRAL,BEARISH,14.019
5397,3377.486,3379.967,3369.634,3377.224,9735,7042.357414129357,1,OVERSOLD,OVERSOLD,BEARISH,14.224
5398,3377.171,3380.212,3374.057,3375.891,12193,7042.357414129357,2,OVERSOLD,OVERSOLD,BEARISH,13.472
5399,3375.853,3380.107,3373.968,3377.08,7097,7042.357414129357,1,OVERSOLD,OVERSOLD,BEARISH,13.317
5400,3377.109,3377.28,3363.716,3365.869,11429,7042.357414129357,1,OVERSOLD,OVERSOLD,BEARISH,13.084
5401,3365.828,3366.372,3357.097,3360.069,14832,7042.357414129357,1,OVERSOLD,OVERSOLD,BEARISH,12.742
5402,3360.112,3365.825,3358.817,3361.9,10235,7042.357414129357,1,OVERSOLD,OVERSOLD,BEARISH,11.803
5403,3361.871,3363.687,3352.926,3353.29,9471,7042.357414129357,1,OVERSOLD,OVERSOLD,BEARISH,12.1
5404,3353.313,3363.797,3353.066,3358.474,8042,7042.357414129357,1,OVERSOLD,OVERSOLD,BEARISH,12.357
5405,3358.462,3358.913,3349.852,3355.23,11189,7042.357414129357,1,OVERSOLD,OVERSOLD,BEARISH,11.593
5406,3355.226,3357.594,3344.347,3356.821,14182,7042.357414129357,1,NEUTRAL,OVERSOLD,BEARISH,10.552
5407,3356.788,3362.902,3348.301,3358.665,14146,7042.357414129357,1,NEUTRAL,OVERSOLD,BEARISH,10.984
5408,3358.62,3359.406,3341.409,3346.287,13224,7042.357414129357,1,NEUTRAL,OVERSOLD,BEARISH,11.471
5409,3346.314,3352.24,3344.832,3349.405,8240,7042.357414129357,1,OVERSOLD,OVERSOLD,BEARISH,10.894
5410,3349.502,3358.834,3341.273,3357.628,21035,7042.357414129357,2,NEUTRAL,OVERSOLD,BEARISH,10.989
5411,3357.623,3358.701,3350.467,3351.694,12080,7042.357414129357,2,NEUTRAL,OVERSOLD,BEARISH,10.839
5412,3351.662,3351.829,3342.167,3347.03,10001,7042.357414129357,2,NEUTRAL,OVERSOLD,BEARISH,11.089
5413,3347.026,3355.747,3346.174,3354.41,10498,7192.251946117037,2,NEUTRAL,OVERSOLD,BEARISH,11.334
5414,3354.465,3357.431,3346.212,3349.739,9036,7192.251946117037,1,NEUTRAL,OVERSOLD,BEARISH,11.167
5415,3349.847,3355.393,3347.989,3349.39,11071,7192.251946117037,2,NEUTRAL,NEUTRAL,BULLISH,11.033
5416,3349.437,3355.765,3348.605,3354.51,11124,7192.251946117037,2,NEUTRAL,NEUTRAL,BULLISH,11.044
5417,3354.617,3354.897,3342.242,3345.388,10561,7192.251946117037,1,NEUTRAL,NEUTRAL,BULLISH,11.179
5418,3345.414,3358.149,3343.799,3355.539,8875,7192.251946117037,1,NEUTRAL,NEUTRAL,BULLISH,11.438
5419,3355.512,3355.863,3344.46,3345.589,12413,7192.251946117037,2,NEUTRAL,NEUTRAL,BULLISH,11.605
5420,3345.556,3350.585,3336.068,3347.499,15583,7192.251946117037,2,NEUTRAL,NEUTRAL,BULLISH,11.696
5421,3347.464,3358.031,3338.556,3349.849,22336,7192.251946117037,1,NEUTRAL,NEUTRAL,BULLISH,12.044
5422,3349.81,3357.113,3340.026,3345.633,29350,7192.251946117037,1,NEUTRAL,NEUTRAL,BULLISH,11.979
5423,3345.658,3346.629,3331.08,3337.417,19254,7192.251946117037,1,OVERSOLD,NEUTRAL,BULLISH,12.561
5424,3337.384,3359.254,3336.856,3349.8,16221,7192.251946117037,1,NEUTRAL,NEUTRAL,BULLISH,12.906
5425,3349.887,3351.296,3345.83,3349.448,8239,7192.251946117037,1,NEUTRAL,NEUTRAL,BULLISH,12.708
5426,3349.412,3350.86,3346.378,3349.024,11257,7192.251946117037,2,NEUTRAL,NEUTRAL,BULLISH,12.338
5427,3348.983,3350.032,3345.531,3348.056,8436,7192.251946117037,2,NEUTRAL,NEUTRAL,BULLISH,11.976
5428,3350.832,3353.762,3342.678,3343.625,12646,7076.0374750582705,3,NEUTRAL,NEUTRAL,BULLISH,11.966
5429,3343.649,3352.017,3342.787,3350.81,8167,7076.0374750582705,1,NEUTRAL,NEUTRAL,BULLISH,12.097
5430,3350.797,3354.457,3346.596,3349.593,11856,7076.0374750582705,2,NEUTRAL,NEUTRAL,BULLISH,12.147
5431,3349.615,3352.329,3345.677,3349.218,9483,7076.0374750582705,2,NEUTRAL,NEUTRAL,BULLISH,11.718
5432,3349.257,3357.532,3348.878,3357.071,7187,7076.0374750582705,1,OVERBOUGHT,OVERBOUGHT,BULLISH,11.311
5433,3357.105,3361.004,3353.895,3354.723,7523,7076.0374750582705,1,OVERBOUGHT,OVERBOUGHT,BULLISH,11.005
5434,3354.688,3363.46,3352.869,3360.197,8112,7076.0374750582705,1,OVERBOUGHT,OVERBOUGHT,BULLISH,10.724
5435,3360.258,3367.03,3358.612,3366.014,11253,7076.0374750582705,2,OVERBOUGHT,OVERBOUGHT,BULLISH,9.934
5436,3366.043,3367.121,3358.834,3362.29,7304,7076.0374750582705,1,OVERBOUGHT,OVERBOUGHT,BULLISH,9.306
5437,3362.314,3363.815,3355.47,3358.171,9375,7076.0374750582705,1,NEUTRAL,OVERBOUGHT,BULLISH,8.791
5438,3358.118,3365.979,3354.128,3365.024,11037,7076.0374750582705,1,NEUTRAL,OVERBOUGHT,BULLISH,8.038
5439,3365.029,3370.735,3361.03,3363.124,10760,7076.0374750582705,1,NEUTRAL,OVERBOUGHT,BULLISH,8.341
5440,3363.158,3363.742,3354.348,3357.746,8163,7076.0374750582705,1,NEUTRAL,OVERBOUGHT,BULLISH,8.692
5441,3357.778,3360.92,3352.658,3353.696,9359,7076.0374750582705,2,NEUTRAL,NEUTRAL,BULLISH,8.96
5442,3353.646,3358.744,3349.9,3357.812,8310,7076.0374750582705,2,NEUTRAL,NEUTRAL,BULLISH,8.8
5443,3357.856,3363.461,3355.633,3362.702,9396,7076.0374750582705,3,NEUTRAL,NEUTRAL,BULLISH,8.7
5444,3362.748,3374.859,3362.743,3369.621,7925,7158.42676314796,1,NEUTRAL,NEUTRAL,BULLISH,9.007
5445,3369.516,3370.928,3365.066,3367.421,8577,7158.42676314796,1,OVERBOUGHT,OVERBOUGHT,BULLISH,8.951
5446,3367.44,3369.273,3355.404,3360.464,14001,7158.42676314796,2,NEUTRAL,NEUTRAL,BULLISH,9.323
5447,3360.496,3361.845,3356.146,3358.838,10625,7158.42676314796,2,NEUTRAL,NEUTRAL,BULLISH,9.222
5448,3358.814,3362.41,3355.939,3362.071,7605,7158.42676314796,1,NEUTRAL,NEUTRAL,BULLISH,8.928
5449,3362.112,3366.483,3343.591,3345.984,11853,7158.42676314796,1,OVERSOLD,NEUTRAL,BEARISH,9.962
5450,3345.958,3350.318,3341.447,3346.108,11811,7158.42676314796,1,OVERSOLD,OVERSOLD,BEARISH,10.004
5451,3346.188,3359.155,3345.063,3356.562,8723,7158.42676314796,1,NEUTRAL,OVERSOLD,BEARISH,10.414
5452,3356.587,3359.106,3352.072,3355.4,11984,7158.42676314796,2,NEUTRAL,NEUTRAL,BEARISH,10.07
5453,3355.431,3358.393,3342.001,3350.634,16264,7158.42676314796,1,NEUTRAL,NEUTRAL,BEARISH,10.548
5454,3350.566,3356.096,3343.733,3344.127,19172,7158.42676314796,1,NEUTRAL,OVERSOLD,BEARISH,10.76
5455,3344.098,3346.675,3334.223,3340.613,17160,7158.42676314796,1,NEUTRAL,OVERSOLD,BEARISH,11.059
5456,3340.659,3342.88,3335.352,3341.796,9462,7158.42676314796,1,OVERSOLD,OVERSOLD,BEARISH,10.965
5457,3341.757,3342.097,3329.766,3334.385,10309,7158.42676314796,1,OVERSOLD,OVERSOLD,BEARISH,11.287
5458,3334.346,3339.397,3331.825,3338.32,10578,7158.42676314796,2,OVERSOLD,OVERSOLD,BEARISH,10.959
5459,3338.313,3341.066,3334.469,3335.312,7184,7158.42676314796,2,OVERSOLD,OVERSOLD,BEARISH,11.012
5460,3337.796,3337.796,3332.168,3335.551,7354,7158.42676314796,2,NEUTRAL,OVERSOLD,BEARISH,10.423
5461,3335.58,3340.259,3332.372,3339.608,12875,7021.7154841179945,2,NEUTRAL,OVERSOLD,BEARISH,10.579
5462,3339.625,3344.893,3336.721,3343.45,9711,7021.7154841179945,2,OVERBOUGHT,OVERSOLD,BEARISH,10.701
5463,3343.412,3348.747,3341.982,3343.893,10283,7021.7154841179945,2,OVERBOUGHT,NEUTRAL,BEARISH,9.549
5464,3343.857,3346.561,3340.137,3346.147,12900,7021.7154841179945,2,OVERBOUGHT,NEUTRAL,BULLISH,9.374
5465,3346.107,3348.268,3338.336,3341.259,7341,7021.7154841179945,1,NEUTRAL,NEUTRAL,BULLISH,9.077
5466,3341.156,3344.936,3336.243,3337.687,13286,7021.7154841179945,2,NEUTRAL,NEUTRAL,BULLISH,9.195
5467,3337.725,3344.177,3333.592,3342.642,18451,7021.7154841179945,2,NEUTRAL,NEUTRAL,BULLISH,8.781
5468,3342.7,3345.969,3332.856,3335.409,13896,7021.7154841179945,1,NEUTRAL,NEUTRAL,BULLISH,8.834
5469,3335.441,3343.652,3335.128,3341.806,9719,7021.7154841179945,1,NEUTRAL,NEUTRAL,BULLISH,8.554
5470,3341.771,3345.133,3335.772,3338.163,12359,7021.7154841179945,2,NEUTRAL,NEUTRAL,BULLISH,8.685
5471,3338.202,3338.946,3334.687,3336.051,8774,7021.7154841179945,2,NEUTRAL,NEUTRAL,BULLISH,8.108
5472,3336.028,3339.596,3334.387,3335.213,7756,7021.7154841179945,2,NEUTRAL,OVERSOLD,BEARISH,7.939
5473,3334.569,3335.381,3323.503,3327.087,10050,6392.86162848771,2,NEUTRAL,OVERSOLD,BEARISH,8.316
5474,3327.08,3342.811,3326.773,3340.615,8937,6306.597028949197,1,NEUTRAL,NEUTRAL,BULLISH,9.06
5475,3340.581,3347.47,3339.55,3346.874,8641,6306.597028949197,1,NEUTRAL,NEUTRAL,BULLISH,9.062
5476,3346.864,3351.786,3342.403,3347.156,10830,6306.597028949197,2,NEUTRAL,OVERBOUGHT,BULLISH,9.149
5477,3347.112,3358.417,3346.629,3349.611,12814,6306.597028949197,2,OVERBOUGHT,OVERBOUGHT,BULLISH,9.508
5478,3349.584,3351.113,3346.003,3349.516,6332,6306.597028949197,1,OVERBOUGHT,OVERBOUGHT,BULLISH,9.414
5479,3349.472,3355.648,3347.193,3349.022,6951,6306.597028949197,1,OVERBOUGHT,OVERBOUGHT,BULLISH,9.308
5480,3349.052,3351.721,3344.577,3348.152,11368,6306.597028949197,2,NEUTRAL,OVERBOUGHT,BULLISH,9.198
5481,3348.124,3351.441,3344.475,3345.456,9240,6306.597028949197,2,NEUTRAL,NEUTRAL,BULLISH,8.939
5482,3345.5,3348.839,3343.117,3344.723,6863,6306.597028949197,1,OVERSOLD,NEUTRAL,BULLISH,8.411
5483,3344.792,3344.996,3335.713,3336.874,9817,6306.597028949197,1,OVERSOLD,NEUTRAL,BULLISH,8.465
5484,3336.899,3338.685,3332.341,3334.362,9010,6306.597028949197,1,OVERSOLD,NEUTRAL,BEARISH,8.25
5485,3334.397,3336.826,3331.709,3334.356,11317,6306.597028949197,2,OVERSOLD,NEUTRAL,BEARISH,8.311
5486,3334.281,3334.827,3331.436,3331.923,7904,6306.597028949197,2,OVERSOLD,OVERSOLD,BEARISH,8.181
5487,3331.967,3334.647,3330.179,3334.408,8497,6306.597028949197,3,OVERSOLD,OVERSOLD,BEARISH,7.652
5488,3334.409,3339.205,3326.022,3335.114,11985,6273.468740477845,2,NEUTRAL,OVERSOLD,BEARISH,7.448
5489,3335.197,3335.75,3330.107,3333.011,9544,6273.468740477845,1,NEUTRAL,OVERSOLD,BEARISH,7.285
5490,3333.0,3341.663,3329.5,3337.787,11666,6273.468740477845,2,NEUTRAL,OVERSOLD,BEARISH,7.484
5491,3337.745,3340.66,3334.4,3336.165,9598,6273.468740477845,2,NEUTRAL,NEUTRAL,BEARISH,7.089
5492,3336.189,3341.821,3334.479,3340.695,12008,6273.468740477845,2,OVERBOUGHT,NEUTRAL,BULLISH,7.249
5493,3340.739,3340.973,3336.427,3339.286,9251,6273.468740477845,2,NEUTRAL,NEUTRAL,BULLISH,6.969
5494,3339.264,3345.328,3339.219,3339.767,9800,6273.468740477845,2,OVERBOUGHT,NEUTRAL,BULLISH,6.895
5495,3339.768,3340.544,3334.292,3334.722,7248,6273.468740477845,1,NEUTRAL,NEUTRAL,BULLISH,6.844
5496,3334.767,3339.336,3325.706,3333.99,12707,6273.468740477845,1,NEUTRAL,NEUTRAL,BULLISH,7.409
5497,3334.028,3336.95,3320.853,3325.307,12836,6273.468740477845,1,OVERSOLD,NEUTRAL,BEARISH,7.896
5498,3325.334,3326.733,3321.568,3322.669,8528,6273.468740477845,1,OVERSOLD,OVERSOLD,BEARISH,7.812
5499,3322.711,3324.435,3317.016,3317.493,6399,6273.468740477845,1,OVERSOLD,OVERSOLD,BEARISH,7.976
5500,3317.488,3320.036,3314.853,3317.531,6510,6273.468740477845,1,OVERSOLD,OVERSOLD,BEARISH,8.104
5501,3317.505,3320.197,3315.491,3315.965,8580,6273.468740477845,2,OVERSOLD,OVERSOLD,BEARISH,8.121
5502,3315.923,3317.637,3312.771,3314.231,9519,6273.468740477845,3,OVERSOLD,OVERSOLD,BEARISH,7.527
5503,3314.241,3317.776,3311.476,3315.31,13584,6205.324892178368,2,OVERSOLD,OVERSOLD,BEARISH,7.574
5504,3315.273,3317.107,3312.385,3314.045,6239,6205.324892178368,1,OVERSOLD,OVERSOLD,BEARISH,7.043
5505,3314.011,3320.996,3314.011,3318.732,9303,6205.324892178368,2,NEUTRAL,OVERSOLD,BEARISH,7.094
5506,3318.736,3326.01,3318.144,3322.964,10888,6205.324892178368,2,OVERBOUGHT,OVERSOLD,BEARISH,7.132
5507,3322.939,3327.525,3320.886,3324.921,10871,6205.324892178368,2,OVERBOUGHT,NEUTRAL,BULLISH,7.281
5508,3324.936,3327.913,3323.529,3326.542,10208,6205.324892178368,2,OVERBOUGHT,NEUTRAL,BULLISH,7.158
5509,3326.5,3332.935,3325.719,3332.325,6740,6205.324892178368,1,OVERBOUGHT,NEUTRAL,BULLISH,7.227
5510,3332.248,3344.901,3332.06,3342.895,10031,6205.324892178368,1,OVERBOUGHT,OVERBOUGHT,BULLISH,7.171
5511,3342.869,3348.42,3338.887,3344.903,10544,6205.324892178368,1,OVERBOUGHT,OVERBOUGHT,BULLISH,6.702
5512,3344.944,3350.322,3339.948,3346.956,9461,6205.324892178368,1,OVERBOUGHT,OVERBOUGHT,BULLISH,7.074
5513,3346.936,3346.946,3338.863,3340.594,6706,6205.324892178368,1,OVERBOUGHT,OVERBOUGHT,BULLISH,7.122
5514,3340.703,3348.135,3340.658,3346.972,9602,6205.324892178368,2,OVERBOUGHT,OVERBOUGHT,BULLISH,7.29
5515,3347.026,3349.263,3344.02,3348.821,8860,6205.324892178368,2,NEUTRAL,OVERBOUGHT,BULLISH,7.329
5516,3348.773,3352.092,3347.468,3349.72,6812,6205.324892178368,2,NEUTRAL,OVERBOUGHT,BULLISH,7.312
5517,3349.72,3349.72,3341.452,3342.307,8262,6146.932838955032,2,NEUTRAL,OVERBOUGHT,BULLISH,7.452
5518,3342.36,3346.348,3340.375,3344.656,11066,6146.932838955032,2,NEUTRAL,OVERBOUGHT,BULLISH,7.541
5519,3344.596,3344.819,3337.908,3338.291,7887,6146.932838955032,2,OVERSOLD,OVERBOUGHT,BULLISH,7.536
5520,3338.264,3340.635,3334.283,3336.678,10275,6146.932838955032,2,OVERSOLD,NEUTRAL,BULLISH,7.428
5521,3336.629,3341.527,3335.338,3339.652,9545,6146.932838955032,2,OVERSOLD,NEUTRAL,BULLISH,7.396
5522,3339.608,3342.191,3327.491,3328.409,11787,6146.932838955032,2,OVERSOLD,NEUTRAL,BEARISH,8.133
5523,3328.389,3334.391,3325.126,3333.569,7223,6146.932838955032,1,OVERSOLD,NEUTRAL,BEARISH,8.279
5524,3333.676,3345.119,3333.642,3341.888,11590,6146.932838955032,1,NEUTRAL,NEUTRAL,BEARISH,8.187
5525,3341.924,3347.68,3336.011,3339.367,13871,6146.932838955032,1,NEUTRAL,NEUTRAL,BEARISH,8.339
5526,3339.407,3348.081,3337.901,3344.122,11918,6146.932838955032,1,NEUTRAL,NEUTRAL,BEARISH,8.326
5527,3344.225,3346.212,3337.571,3343.634,9372,6146.932838955032,1,OVERBOUGHT,NEUTRAL,BULLISH,8.365
5528,3343.621,3343.972,3336.992,3337.067,9973,6146.932838955032,2,NEUTRAL,NEUTRAL,BEARISH,8.325
5529,3337.107,3341.948,3336.544,3338.823,7363,6146.932838955032,2,NEUTRAL,NEUTRAL,BEARISH,8.336
5530,3338.863,3340.64,3337.356,3338.411,7623,6146.932838955032,3,NEUTRAL,NEUTRAL,BEARISH,8.24
5531,3338.367,3340.225,3333.759,3334.101,10195,6188.9193939751885,2,OVERSOLD,NEUTRAL,BEARISH,8.112
5532,3334.13,3336.219,3331.605,3331.976,9621,6188.9193939751885,2,OVERSOLD,NEUTRAL,BEARISH,8.015
5533,3331.963,3332.724,3327.183,3330.072,8308,6188.9193939751885,2,OVERSOLD,NEUTRAL,BEARISH,7.917
5534,3330.074,3335.026,3325.734,3327.465,11870,6188.9193939751885,2,OVERSOLD,OVERSOLD,BEARISH,8.127
5535,3327.5,3331.628,3325.332,3330.14,10622,6188.9193939751885,2,OVERSOLD,OVERSOLD,BEARISH,8.134
5536,3330.179,3331.75,3327.647,3329.346,8980,6188.9193939751885,2,OVERSOLD,OVERSOLD,BEARISH,7.378
5537,3329.342,3329.99,3321.45,3323.54,10783,6188.9193939751885,1,OVERSOLD,OVERSOLD,BEARISH,7.326
5538,3323.498,3336.257,3323.149,3333.702,10901,6188.9193939751885,1,NEUTRAL,OVERSOLD,BEARISH,7.437
5539,3333.733,3376.788,3333.733,3373.882,37987,6188.9193939751885,1,OVERBOUGHT,NEUTRAL,BULLISH,9.681
5540,3373.846,3378.869,3367.327,3367.914,12970,6188.9193939751885,1,OVERBOUGHT,OVERBOUGHT,BULLISH,9.778
5541,3367.89,3374.209,3367.832,3370.588,8008,6188.9193939751885,1,OVERBOUGHT,OVERBOUGHT,BULLISH,9.617
5542,3370.549,3375.501,3370.465,3372.681,9923,6188.9193939751885,2,OVERBOUGHT,OVERBOUGHT,BULLISH,9.478
5543,3372.656,3373.658,3368.904,3372.299,7939,6188.9193939751885,2,OVERBOUGHT,OVERBOUGHT,BULLISH,9.431
5544,3368.744,3371.052,3365.862,3368.995,7171,5627.954848517234,2,NEUTRAL,OVERBOUGHT,BULLISH,9.657
5545,3369.08,3369.684,3360.69,3362.829,12155,5525.7488311981315,2,NEUTRAL,OVERBOUGHT,BULLISH,9.837
5546,3362.831,3368.076,3359.748,3367.263,8908,5525.7488311981315,2,NEUTRAL,OVERBOUGHT,BULLISH,10.102
5547,3367.263,3367.721,3363.028,3364.579,7399,5525.7488311981315,2,OVERSOLD,OVERBOUGHT,BULLISH,10.042
5548,3364.541,3369.888,3364.438,3366.226,8737,5525.7488311981315,2,NEUTRAL,OVERBOUGHT,BULLISH,9.767
5549,3366.229,3368.034,3361.927,3367.282,8103,5525.7488311981315,2,NEUTRAL,OVERBOUGHT,BULLISH,9.754
5550,3367.329,3371.514,3365.131,3370.594,8206,5525.7488311981315,2,OVERBOUGHT,OVERBOUGHT,BULLISH,9.917
5551,3370.592,3371.265,3362.185,3370.872,12849,5525.7488311981315,2,OVERBOUGHT,OVERBOUGHT,BULLISH,9.955
5552,3370.905,3375.465,3369.206,3374.245,8404,5525.7488311981315,1,OVERBOUGHT,OVERBOUGHT,BULLISH,9.466
5553,3374.285,3376.306,3371.847,3374.068,5623,5525.7488311981315,1,OVERBOUGHT,OVERBOUGHT,BULLISH,6.707
5554,3374.0,3374.824,3370.849,3371.161,8732,5525.7488311981315,2,NEUTRAL,OVERBOUGHT,BULLISH,6.167
5555,3371.156,3373.287,3365.199,3365.421,7827,5525.7488311981315,2,OVERSOLD,NEUTRAL,BEARISH,6.289
5556,3365.465,3367.153,3363.695,3364.294,5643,5525.7488311981315,2,OVERSOLD,NEUTRAL,BEARISH,6.176
5557,3364.26,3364.26,3351.716,3354.854,6729,5525.7488311981315,1,OVERSOLD,OVERSOLD,BEARISH,6.735
5558,3354.827,3386.488,3351.252,3383.264,21461,5639.106085369738,1,NEUTRAL,NEUTRAL,BEARISH,8.792
5559,3383.298,3384.919,3371.678,3376.709,11217,5639.106085369738,1,NEUTRAL,NEUTRAL,BEARISH,9.095
5560,3376.741,3379.048,3372.888,3375.359,6999,5639.106085369738,1,NEUTRAL,OVERBOUGHT,BEARISH,8.94
5561,3375.365,3375.504,3369.772,3372.201,5696,5639.106085369738,1,NEUTRAL,NEUTRAL,BEARISH,9.015
5562,3372.217,3379.072,3372.085,3376.558,10358,5639.106085369738,2,OVERBOUGHT,NEUTRAL,BEARISH,9.124
5563,3376.532,3377.693,3372.465,3376.268,5878,5639.106085369738,1,OVERSOLD,NEUTRAL,BEARISH,9.062
5564,3376.23,3379.121,3367.291,3376.726,8452,5639.106085369738,1,NEUTRAL,OVERBOUGHT,BEARISH,9.451
5565,3376.684,3379.913,3375.59,3376.693,5968,5639.106085369738,1,NEUTRAL,OVERBOUGHT,BEARISH,9.111
5566,3376.691,3378.556,3369.419,3372.012,7072,5639.106085369738,1,NEUTRAL,NEUTRAL,BEARISH,9.317
5567,3372.003,3380.36,3367.258,3377.467,12452,5639.106085369738,2,NEUTRAL,NEUTRAL,BEARISH,9.934
5568,3377.52,3379.769,3371.041,3372.062,8029,5639.106085369738,1,NEUTRAL,NEUTRAL,BEARISH,10.273
5569,3372.096,3378.092,3370.549,3375.778,11222,5639.106085369738,1,NEUTRAL,NEUTRAL,BEARISH,10.234
5570,3375.703,3379.54,3370.374,3379.285,10049,5639.106085369738,1,NEUTRAL,NEUTRAL,BEARISH,10.642
5571,3379.326,3389.457,3378.583,3386.688,7285,5639.106085369738,1,OVERBOUGHT,OVERBOUGHT,BEARISH,10.52
5572,3386.675,3387.737,3381.487,3381.714,10225,5639.106085369738,2,NEUTRAL,OVERBOUGHT,BEARISH,8.45
5573,3381.681,3390.841,3380.245,3389.658,8827,5639.106085369738,2,OVERBOUGHT,OVERBOUGHT,BULLISH,8.261
5574,3389.689,3393.583,3388.738,3391.027,6620,5639.106085369738,2,OVERBOUGHT,OVERBOUGHT,BULLISH,8.167
5575,3390.991,3393.554,3388.957,3389.579,8751,5628.07614073135,2,OVERBOUGHT,OVERBOUGHT,BULLISH,8.086
5576,3389.627,3390.025,3383.361,3386.299,6915,5628.07614073135,1,NEUTRAL,OVERBOUGHT,BULLISH,8.063
5577,3386.253,3387.106,3380.577,3380.633,8879,5628.07614073135,2,NEUTRAL,NEUTRAL,BEARISH,8.156
5578,3380.677,3381.244,3373.839,3377.202,10115,5628.07614073135,2,OVERSOLD,NEUTRAL,BEARISH,7.84
5579,3377.204,3381.954,3373.755,3381.393,11382,5628.07614073135,2,OVERSOLD,NEUTRAL,BEARISH,8.117
5580,3381.374,3385.041,3381.005,3384.489,5893,5628.07614073135,1,NEUTRAL,NEUTRAL,BEARISH,7.752
5581,3384.494,3385.49,3377.565,3378.177,5754,5628.07614073135,1,NEUTRAL,NEUTRAL,BEARISH,7.383
5582,3378.222,3379.183,3374.868,3375.593,6827,5628.07614073135,1,NEUTRAL,NEUTRAL,BEARISH,7.067
5583,3375.628,3382.898,3373.698,3381.123,13268,5628.07614073135,2,NEUTRAL,NEUTRAL,BEARISH,7.186
5584,3381.148,3384.797,3375.489,3377.804,11281,5628.07614073135,1,NEUTRAL,OVERSOLD,BEARISH,7.196
5585,3377.845,3386.958,3376.091,3386.357,8517,5628.07614073135,1,NEUTRAL,NEUTRAL,BEARISH,7.195
5586,3386.398,3390.42,3385.146,3387.898,6793,5628.07614073135,1,OVERBOUGHT,NEUTRAL,BEARISH,7.126
5587,3387.917,3398.783,3387.481,3395.419,7293,5628.07614073135,1,OVERBOUGHT,OVERBOUGHT,BULLISH,7.176
5588,3395.481,3397.499,3392.272,3394.541,9486,5628.07614073135,2,OVERBOUGHT,OVERBOUGHT,BULLISH,7.203
5589,3394.505,3398.217,3393.73,3397.256,7390,5628.07614073135,2,OVERBOUGHT,OVERBOUGHT,BULLISH,7.196
5590,3398.497,3399.502,3394.786,3395.819,7389,5628.07614073135,2,OVERBOUGHT,OVERBOUGHT,BULLISH,7.056
5591,3395.762,3398.075,3385.467,3386.053,13265,5645.045079709317,2,NEUTRAL,OVERBOUGHT,BULLISH,7.491
5592,3385.967,3391.355,3384.603,3391.355,5790,5645.045079709317,1,NEUTRAL,NEUTRAL,BULLISH,7.444
5593,3391.347,3392.46,3388.709,3390.214,8281,5645.045079709317,2,NEUTRAL,NEUTRAL,BEARISH,7.126
5594,3390.223,3395.724,3387.632,3395.334,10156,5645.045079709317,2,NEUTRAL,OVERBOUGHT,BULLISH,7.416
5595,3395.38,3397.696,3393.757,3395.752,6089,5645.045079709317,1,NEUTRAL,OVERBOUGHT,BULLISH,7.131
5596,3395.762,3401.065,3393.982,3400.71,6317,5645.045079709317,1,OVERBOUGHT,OVERBOUGHT,BULLISH,7.329
5597,3400.758,3401.634,3393.887,3397.036,10908,5645.045079709317,2,NEUTRAL,OVERBOUGHT,BULLISH,7.225
5598,3397.002,3407.658,3396.239,3404.153,6769,5645.045079709317,1,OVERBOUGHT,OVERBOUGHT,BULLISH,7.376
5599,3404.13,3408.791,3396.873,3397.246,11091,5645.045079709317,1,NEUTRAL,OVERBOUGHT,BULLISH,7.451
5600,3397.271,3410.415,3394.281,3407.28,13297,5645.045079709317,1,NEUTRAL,OVERBOUGHT,BULLISH,8.227
5601,3407.277,3413.476,3406.456,3412.287,8935,5645.045079709317,1,NEUTRAL,OVERBOUGHT,BULLISH,7.921
5602,3412.323,3413.159,3404.437,3410.901,7486,5645.045079709317,1,OVERBOUGHT,OVERBOUGHT,BULLISH,8.171
5603,3410.897,3417.77,3409.897,3415.5,6265,5645.045079709317,1,OVERBOUGHT,OVERBOUGHT,BULLISH,8.412
5604,3415.476,3420.239,3414.558,3419.973,9927,5645.045079709317,2,OVERBOUGHT,OVERBOUGHT,BULLISH,8.481
5605,3420.06,3423.212,3417.918,3422.07,5768,5645.045079709317,1,OVERBOUGHT,OVERBOUGHT,BULLISH,7.959
5606,3422.159,3422.521,3415.523,3416.882,6685,5645.045079709317,2,NEUTRAL,OVERBOUGHT,BULLISH,7.977
5607,3416.809,3417.885,3413.015,3413.442,7288,5654.913802276683,2,NEUTRAL,OVERBOUGHT,BULLISH,8.056
5608,3413.545,3413.667,3407.956,3409.976,6115,5654.913802276683,1,NEUTRAL,NEUTRAL,BULLISH,7.886
5609,3409.971,3413.981,3409.926,3410.864,9043,5654.913802276683,2,OVERSOLD,NEUTRAL,BEARISH,7.895
5610,3410.843,3411.543,3406.922,3410.265,8238,5654.913802276683,2,OVERSOLD,NEUTRAL,BEARISH,7.719
5611,3410.244,3412.688,3406.562,3412.197,10341,5654.913802276683,2,OVERSOLD,NEUTRAL,BEARISH,7.603
5612,3412.168,3414.879,3406.844,3407.43,10825,5654.913802276683,2,OVERSOLD,NEUTRAL,BEARISH,7.361
5613,3407.44,3411.266,3404.313,3410.725,9461,5654.913802276683,2,NEUTRAL,NEUTRAL,BEARISH,7.007
5614,3410.655,3416.888,3406.708,3416.487,8711,5654.913802276683,1,NEUTRAL,NEUTRAL,BEARISH,6.581
5615,3416.565,3429.027,3413.653,3428.691,10283,5654.913802276683,1,OVERBOUGHT,OVERBOUGHT,BULLISH,7.178
5616,3428.723,3441.07,3428.723,3440.947,14449,5654.913802276683,1,OVERBOUGHT,OVERBOUGHT,BULLISH,7.439
5617,3440.862,3447.665,3438.953,3445.494,10603,5654.913802276683,1,OVERBOUGHT,OVERBOUGHT,BULLISH,7.499
5618,3445.487,3449.363,3442.28,3449.165,8473,5654.913802276683,1,OVERBOUGHT,OVERBOUGHT,BULLISH,7.599
5619,3449.114,3450.149,3440.988,3443.725,7836,5654.913802276683,1,OVERBOUGHT,OVERBOUGHT,BULLISH,7.876
5620,3443.751,3445.675,3441.01,3442.882,5874,5654.913802276683,1,OVERBOUGHT,OVERBOUGHT,BULLISH,7.709
5621,3442.971,3453.924,3441.607,3452.573,7235,5654.913802276683,1,OVERBOUGHT,OVERBOUGHT,BULLISH,8.241
5622,3452.605,3452.734,3442.459,3450.202,10980,5155.128360790015,2,NEUTRAL,OVERBOUGHT,BULLISH,8.567
5623,3450.201,3450.856,3442.684,3444.039,10159,5317.350262936997,2,NEUTRAL,OVERBOUGHT,BULLISH,8.861
5624,3444.112,3459.3,3437.028,3457.22,10360,5317.350262936997,1,OVERBOUGHT,OVERBOUGHT,BULLISH,10.122
5625,3457.344,3484.797,3455.152,3483.531,22780,5317.350262936997,1,OVERBOUGHT,OVERBOUGHT,BULLISH,11.802
5626,3483.582,3486.107,3469.662,3474.523,12941,5317.350262936997,1,NEUTRAL,OVERBOUGHT,BULLISH,12.402
5627,3474.491,3479.419,3472.186,3475.134,6504,5317.350262936997,1,OVERBOUGHT,OVERBOUGHT,BULLISH,12.422
5628,3475.028,3482.79,3474.23,3477.234,8618,5317.350262936997,1,OVERBOUGHT,OVERBOUGHT,BULLISH,12.307
5629,3477.21,3489.928,3476.739,3479.239,10022,5317.350262936997,1,OVERBOUGHT,OVERBOUGHT,BULLISH,12.151
5630,3479.213,3481.047,3467.813,3477.814,10214,5317.350262936997,1,NEUTRAL,OVERBOUGHT,BULLISH,12.212
5631,3477.877,3479.873,3474.486,3476.921,7492,5317.350262936997,1,NEUTRAL,OVERBOUGHT,BULLISH,11.974
5632,3477.002,3477.151,3467.225,3469.407,7861,5317.350262936997,1,OVERSOLD,OVERBOUGHT,BULLISH,12.177
5633,3469.439,3473.93,3466.276,3470.566,8103,5317.350262936997,1,OVERSOLD,NEUTRAL,BEARISH,12.07
5634,3470.526,3473.451,3467.625,3470.009,7836,5317.350262936997,1,OVERSOLD,NEUTRAL,BEARISH,12.153
5635,3470.058,3471.66,3467.076,3469.461,6791,5317.350262936997,1,OVERSOLD,NEUTRAL,BEARISH,11.6
5636,3469.506,3479.133,3468.826,3475.327,8284,5317.350262936997,1,NEUTRAL,NEUTRAL,BEARISH,11.602
5637,3475.3,3481.28,3473.637,3475.635,7287,5317.350262936997,1,OVERBOUGHT,NEUTRAL,BEARISH,11.565
5638,3475.631,3479.166,3472.326,3477.322,8482,5317.350262936997,2,OVERBOUGHT,NEUTRAL,BEARISH,10.462
5639,3477.326,3480.401,3475.273,3475.326,9622,5317.350262936997,3,OVERBOUGHT,NEUTRAL,BEARISH,8.711
5640,3475.227,3481.516,3474.527,3479.211,5553,5317.350262936997,1,OVERBOUGHT,NEUTRAL,BEARISH,8.036
5641,3479.13,3485.137,3478.139,3479.209,8376,5791.554999800141,1,OVERBOUGHT,NEUTRAL,BEARISH,8.019
5642,3479.226,3508.741,3476.897,3497.812,17429,5791.554999800141,1,OVERBOUGHT,NEUTRAL,BEARISH,9.682
5643,3497.909,3500.845,3491.211,3496.296,11127,5791.554999800141,1,OVERBOUGHT,NEUTRAL,BULLISH,9.428
5644,3496.227,3496.227,3489.977,3495.044,7065,5791.554999800141,1,OVERBOUGHT,OVERBOUGHT,BULLISH,8.934
5645,3495.008,3498.322,3492.047,3493.312,12329,5791.554999800141,2,OVERBOUGHT,NEUTRAL,BULLISH,8.998
5646,3493.291,3495.734,3483.236,3485.684,10301,5791.554999800141,1,NEUTRAL,NEUTRAL,BEARISH,9.181
5647,3485.709,3488.363,3472.096,3476.857,13471,5791.554999800141,1,OVERSOLD,NEUTRAL,BEARISH,9.797
5648,3476.955,3481.435,3470.194,3477.603,11062,5791.554999800141,1,OVERSOLD,NEUTRAL,BEARISH,10.183
5649,3477.707,3480.367,3475.987,3476.731,8886,5791.554999800141,1,OVERSOLD,OVERSOLD,BEARISH,10.169
5650,3476.775,3485.926,3475.705,3485.649,9064,5791.554999800141,1,NEUTRAL,OVERSOLD,BEARISH,10.163
5651,3485.753,3490.116,3478.517,3489.737,10191,5791.554999800141,1,NEUTRAL,NEUTRAL,BEARISH,10.445
5652,3489.687,3494.072,3474.19,3482.187,19468,5791.554999800141,1,NEUTRAL,NEUTRAL,BEARISH,11.377
5653,3482.227,3493.565,3478.284,3489.304,23124,5791.554999800141,1,OVERBOUGHT,NEUTRAL,BEARISH,12.102
5654,3489.277,3514.171,3488.725,3511.05,20960,5791.554999800141,1,OVERBOUGHT,NEUTRAL,BEARISH,13.42
5655,3511.08,3520.3,3509.506,3520.3,14328,5791.554999800141,1,OVERBOUGHT,OVERBOUGHT,BULLISH,13.692
5656,3520.327,3528.752,3518.113,3527.772,11140,5791.554999800141,1,OVERBOUGHT,OVERBOUGHT,BULLISH,12.177
5657,3527.728,3530.38,3521.923,3529.371,8355,5791.554999800141,1,OVERBOUGHT,OVERBOUGHT,BULLISH,12.093
5658,3529.329,3532.068,3525.265,3528.301,7024,5791.554999800141,1,OVERBOUGHT,OVERBOUGHT,BULLISH,12.127
5659,3528.336,3540.094,3528.336,3536.941,8242,5791.554999800141,1,OVERBOUGHT,OVERBOUGHT,BULLISH,12.522
5660,3536.989,3537.707,3529.104,3529.317,9565,5791.554999800141,2,NEUTRAL,OVERBOUGHT,BULLISH,12.243
5661,3529.336,3546.95,3526.28,3536.1,18754,6176.8711902953655,2,NEUTRAL,OVERBOUGHT,BULLISH,12.558
5662,3536.146,3541.82,3531.858,3538.88,12716,6176.8711902953655,1,NEUTRAL,OVERBOUGHT,BULLISH,12.466
5663,3538.778,3545.994,3531.238,3531.815,10874,6176.8711902953655,1,NEUTRAL,OVERBOUGHT,BULLISH,13.208
5664,3531.787,3533.48,3529.272,3530.921,8524,6176.8711902953655,1,NEUTRAL,OVERBOUGHT,BULLISH,12.778
5665,3530.815,3538.319,3526.781,3529.999,13881,6176.8711902953655,2,NEUTRAL,OVERBOUGHT,BULLISH,12.774
5666,3529.958,3537.404,3529.802,3535.274,8428,6176.8711902953655,1,NEUTRAL,OVERBOUGHT,BEARISH,11.897
5667,3535.236,3537.074,3529.291,3533.842,8054,6176.8711902953655,1,NEUTRAL,OVERBOUGHT,BEARISH,11.361
5668,3533.874,3541.314,3533.774,3540.001,8696,6176.8711902953655,1,OVERBOUGHT,OVERBOUGHT,BEARISH,10.082
5669,3540.006,3541.951,3533.87,3534.332,7645,6176.8711902953655,1,NEUTRAL,OVERBOUGHT,BEARISH,9.888
5670,3534.375,3541.743,3532.292,3540.068,6994,6176.8711902953655,1,OVERBOUGHT,OVERBOUGHT,BEARISH,9.803
5671,3540.06,3549.594,3539.906,3547.551,9667,6176.8711902953655,1,OVERBOUGHT,OVERBOUGHT,BEARISH,9.891
5672,3547.535,3551.496,3541.357,3550.514,14836,6176.8711902953655,1,OVERBOUGHT,OVERBOUGHT,BEARISH,10.13
5673,3550.471,3561.449,3549.369,3553.762,22370,6176.8711902953655,1,OVERBOUGHT,OVERBOUGHT,BULLISH,10.15
5674,3553.63,3565.572,3551.474,3558.409,21093,6176.8711902953655,1,OVERBOUGHT,OVERBOUGHT,BULLISH,10.543
5675,3558.442,3567.404,3557.392,3563.953,10967,6176.8711902953655,1,OVERBOUGHT,OVERBOUGHT,BULLISH,9.781
5676,3563.95,3572.552,3562.225,3572.413,7705,6176.8711902953655,1,OVERBOUGHT,OVERBOUGHT,BULLISH,9.807
5677,3572.442,3575.998,3570.247,3574.309,6856,6176.8711902953655,1,OVERBOUGHT,OVERBOUGHT,BULLISH,9.164
5678,3574.348,3578.427,3565.393,3570.298,11031,6176.8711902953655,1,OVERBOUGHT,OVERBOUGHT,BULLISH,9.795
5679,3570.387,3571.633,3561.163,3563.559,11090,6176.8711902953655,1,NEUTRAL,OVERBOUGHT,BULLISH,9.718
5680,3563.527,3566.064,3558.825,3561.783,13586,6176.8711902953655,2,NEUTRAL,OVERBOUGHT,BEARISH,9.692
5681,3561.803,3561.826,3554.385,3560.292,7939,6176.8711902953655,1,OVERSOLD,NEUTRAL,BEARISH,9.668
5682,3560.341,3562.601,3552.033,3561.485,9413,6516.0104420132675,1,OVERSOLD,NEUTRAL,BEARISH,9.884
5683,3561.568,3563.473,3543.59,3546.202,15511,6516.0104420132675,1,OVERSOLD,NEUTRAL,BEARISH,10.727
5684,3546.229,3550.531,3526.345,3530.883,17055,6516.0104420132675,1,OVERSOLD,NEUTRAL,BEARISH,11.78
5685,3530.827,3531.778,3511.172,3529.147,15958,6516.0104420132675,1,OVERSOLD,OVERSOLD,BEARISH,12.56
5686,3529.182,3534.449,3525.39,3527.297,14359,6516.0104420132675,2,OVERSOLD,OVERSOLD,BEARISH,12.482
5687,3527.343,3541.655,3524.44,3536.065,11698,6516.0104420132675,1,OVERSOLD,OVERSOLD,BEARISH,12.849
5688,3536.108,3541.248,3532.614,3541.137,9610,6516.0104420132675,1,NEUTRAL,NEUTRAL,BEARISH,12.459
5689,3541.1,3545.55,3537.318,3541.242,8824,6516.0104420132675,1,OVERBOUGHT,NEUTRAL,BEARISH,12.332
5690,3541.204,3544.915,3536.688,3538.673,7701,6516.0104420132675,1,OVERBOUGHT,NEUTRAL,BEARISH,12.182
5691,3538.681,3547.001,3538.357,3540.834,7949,6516.0104420132675,1,OVERBOUGHT,NEUTRAL,BEARISH,12.388
5692,3540.873,3549.837,3536.558,3545.464,9593,6516.0104420132675,1,OVERBOUGHT,NEUTRAL,BEARISH,12.406
5693,3545.419,3553.912,3541.207,3548.316,14590,6516.0104420132675,1,OVERBOUGHT,NEUTRAL,BEARISH,12.566
5694,3548.235,3558.793,3539.71,3546.646,21268,6516.0104420132675,1,NEUTRAL,NEUTRAL,BEARISH,13.412
5695,3546.841,3546.841,3535.049,3545.936,19950,6516.0104420132675,1,OVERBOUGHT,NEUTRAL,BEARISH,13.722
5696,3545.976,3553.327,3542.347,3552.829,10044,6516.0104420132675,1,OVERBOUGHT,OVERBOUGHT,BEARISH,13.752
5697,3552.837,3556.227,3549.129,3552.567,7269,6516.0104420132675,1,OVERBOUGHT,OVERBOUGHT,BEARISH,12.839
5698,3552.536,3555.428,3542.526,3542.969,7339,6516.0104420132675,1,NEUTRAL,OVERBOUGHT,BEARISH,12.033
5699,3542.96,3551.047,3542.779,3549.8,11336,6516.0104420132675,2,NEUTRAL,OVERBOUGHT,BEARISH,11.151
5700,3549.836,3550.488,3539.909,3540.837,7889,6516.0104420132675,2,NEUTRAL,NEUTRAL,BEARISH,11.26
5701,3540.902,3556.504,3540.787,3552.145,15318,6838.553098329464,2,NEUTRAL,NEUTRAL,BEARISH,11.153
5702,3552.146,3556.472,3550.082,3552.413,9177,6838.553098329464,1,NEUTRAL,NEUTRAL,BEARISH,10.993
5703,3552.37,3555.389,3545.994,3550.771,7055,6838.553098329464,1,NEUTRAL,OVERBOUGHT,BULLISH,11.076
5704,3550.759,3559.244,3548.668,3558.421,10214,6838.553098329464,2,NEUTRAL,OVERBOUGHT,BULLISH,11.243
5705,3558.512,3561.15,3548.259,3552.553,13806,6838.553098329464,2,OVERBOUGHT,OVERBOUGHT,BULLISH,11.547
5706,3552.585,3554.361,3546.635,3548.197,8250,6838.553098329464,1,NEUTRAL,OVERBOUGHT,BULLISH,11.15
5707,3548.161,3549.921,3544.721,3545.996,7339,6838.553098329464,1,NEUTRAL,NEUTRAL,BEARISH,10.614
5708,3546.062,3553.714,3545.96,3551.797,12027,6838.553098329464,2,NEUTRAL,NEUTRAL,BEARISH,9.805
5709,3551.786,3555.201,3547.862,3553.228,6877,6838.553098329464,1,NEUTRAL,NEUTRAL,BEARISH,9.487
5710,3553.254,3586.859,3548.802,3580.248,32794,6838.553098329464,1,OVERBOUGHT,OVERBOUGHT,BULLISH,11.421
5711,3580.217,3595.25,3573.332,3594.47,33812,6838.553098329464,1,OVERBOUGHT,OVERBOUGHT,BULLISH,12.479
5712,3594.5,3597.923,3573.16,3590.188,29955,6838.553098329464,1,OVERBOUGHT,OVERBOUGHT,BULLISH,13.327
5713,3590.144,3595.493,3581.773,3592.005,16382,6838.553098329464,1,OVERBOUGHT,OVERBOUGHT,BULLISH,13.716
5714,3592.046,3600.076,3591.145,3595.223,10907,6838.553098329464,1,OVERBOUGHT,OVERBOUGHT,BULLISH,13.598
5715,3595.329,3597.442,3590.504,3596.35,10285,6838.553098329464,1,OVERBOUGHT,OVERBOUGHT,BULLISH,12.971
5716,3596.364,3597.321,3592.558,3595.462,7540,6838.553098329464,1,NEUTRAL,OVERBOUGHT,BULLISH,12.855
5717,3595.418,3596.018,3586.376,3586.597,12279,6838.553098329464,2,NEUTRAL,OVERBOUGHT,BULLISH,12.873
5718,3591.856,3596.716,3587.112,3592.113,15667,6281.230581028246,1,NEUTRAL,OVERBOUGHT,BULLISH,12.84
5719,3592.13,3594.05,3587.753,3591.151,8013,6281.230581028246,1,NEUTRAL,OVERBOUGHT,BULLISH,12.369
5720,3591.173,3594.362,3586.886,3594.241,9960,6539.946716168412,1,NEUTRAL,OVERBOUGHT,BULLISH,12.351
5721,3594.197,3597.212,3584.911,3589.421,16659,6539.946716168412,1,NEUTRAL,OVERBOUGHT,BULLISH,12.858
5722,3589.481,3594.439,3586.48,3590.686,11497,6539.946716168412,1,NEUTRAL,OVERBOUGHT,BEARISH,12.873
5723,3590.717,3592.191,3582.926,3583.61,6894,6539.946716168412,1,OVERSOLD,OVERBOUGHT,BEARISH,13.011
5724,3583.566,3591.538,3579.577,3591.099,12429,6539.946716168412,2,NEUTRAL,OVERBOUGHT,BEARISH,11.147
5725,3591.154,3598.831,3589.519,3598.021,8171,6539.946716168412,1,NEUTRAL,OVERBOUGHT,BEARISH,10.246
5726,3598.042,3613.646,3596.412,3609.483,10881,6539.946716168412,1,OVERBOUGHT,OVERBOUGHT,BULLISH,9.708
5727,3609.509,3617.345,3607.132,3611.31,9354,6539.946716168412,1,OVERBOUGHT,OVERBOUGHT,BULLISH,9.458
5728,3611.278,3614.95,3608.634,3613.703,7396,6539.946716168412,1,OVERBOUGHT,OVERBOUGHT,BULLISH,9.271
5729,3613.793,3622.496,3613.465,3616.917,8368,6539.946716168412,1,OVERBOUGHT,OVERBOUGHT,BULLISH,9.421
5730,3617.004,3620.006,3612.781,3619.954,7226,6539.946716168412,1,OVERBOUGHT,OVERBOUGHT,BULLISH,9.596
5731,3619.926,3626.128,3614.746,3624.149,11042,6539.946716168412,1,OVERBOUGHT,OVERBOUGHT,BULLISH,9.721
5732,3624.273,3636.905,3620.324,3633.361,21967,6539.946716168412,1,OVERBOUGHT,OVERBOUGHT,BULLISH,10.182
5733,3633.456,3640.956,3628.87,3640.67,17474,6539.946716168412,1,OVERBOUGHT,OVERBOUGHT,BULLISH,10.596
5734,3640.714,3646.316,3633.231,3639.259,14429,6539.946716168412,1,OVERBOUGHT,OVERBOUGHT,BULLISH,10.996
5735,3639.317,3641.746,3635.833,3640.569,8967,6539.946716168412,1,OVERBOUGHT,OVERBOUGHT,BULLISH,10.54
5736,3640.563,3641.153,3632.544,3633.423,7767,6539.946716168412,1,NEUTRAL,OVERBOUGHT,BULLISH,10.587
5737,3633.473,3637.696,3631.851,3636.528,11512,6539.946716168412,2,NEUTRAL,OVERBOUGHT,BULLISH,10.342
5738,3636.555,3637.945,3628.877,3629.477,8353,6539.946716168412,2,OVERSOLD,OVERBOUGHT,BULLISH,10.136
5739,3629.502,3640.893,3628.192,3638.541,13164,6992.642267009517,2,NEUTRAL,OVERBOUGHT,BEARISH,10.378
5740,3638.494,3647.402,3635.963,3646.405,11282,6992.642267009517,1,NEUTRAL,OVERBOUGHT,BULLISH,9.964
5741,3646.47,3654.597,3644.702,3647.575,11055,6992.642267009517,1,OVERBOUGHT,OVERBOUGHT,BULLISH,9.941
5742,3647.543,3651.984,3642.661,3645.838,9706,6992.642267009517,1,NEUTRAL,OVERBOUGHT,BULLISH,10.156
5743,3645.863,3659.299,3645.694,3655.269,13373,6992.642267009517,2,OVERBOUGHT,OVERBOUGHT,BULLISH,10.483
5744,3655.316,3656.371,3636.485,3647.471,20258,6992.642267009517,1,NEUTRAL,OVERBOUGHT,BEARISH,11.387
5745,3647.511,3650.937,3641.567,3644.363,10046,6992.642267009517,1,NEUTRAL,OVERBOUGHT,BEARISH,11.243
5746,3644.298,3651.014,3641.969,3648.139,11493,6992.642267009517,1,NEUTRAL,NEUTRAL,BEARISH,10.705
5747,3648.185,3656.712,3647.7,3653.664,8024,6992.642267009517,1,NEUTRAL,NEUTRAL,BEARISH,10.485
5748,3653.701,3656.012,3646.855,3648.0,13716,6992.642267009517,2,NEUTRAL,NEUTRAL,BEARISH,10.205
5749,3648.072,3655.41,3643.814,3647.499,12723,6992.642267009517,1,NEUTRAL,NEUTRAL,BEARISH,10.611
5750,3647.402,3668.322,3646.383,3666.057,20775,6992.642267009517,1,OVERBOUGHT,OVERBOUGHT,BEARISH,11.563
5751,3666.025,3674.523,3636.083,3645.065,48741,6992.642267009517,1,NEUTRAL,NEUTRAL,BEARISH,13.891
5752,3645.107,3646.426,3626.82,3645.441,22958,6992.642267009517,1,NEUTRAL,NEUTRAL,BEARISH,14.644
5753,3645.406,3649.434,3644.133,3644.922,8468,6992.642267009517,1,NEUTRAL,NEUTRAL,BEARISH,14.115
5754,3644.952,3646.425,3641.305,3642.752,7201,6992.642267009517,1,NEUTRAL,NEUTRAL,BEARISH,13.664
5755,3642.788,3645.155,3628.449,3629.362,14098,6992.642267009517,2,OVERSOLD,OVERSOLD,BEARISH,14.15
5756,3629.325,3635.818,3623.134,3635.422,12633,6992.642267009517,2,OVERSOLD,OVERSOLD,BEARISH,14.391
5757,3635.429,3640.825,3621.427,3623.872,17214,7094.6326860244835,2,OVERSOLD,OVERSOLD,BEARISH,14.804
5758,3623.908,3632.697,3620.18,3630.635,16022,7094.6326860244835,1,NEUTRAL,OVERSOLD,BEARISH,14.278
5759,3630.755,3638.253,3630.113,3636.275,9026,7094.6326860244835,1,NEUTRAL,OVERSOLD,BEARISH,14.19
5760,3636.231,3643.319,3633.118,3642.944,10804,7094.6326860244835,2,NEUTRAL,NEUTRAL,BEARISH,14.273
5761,3642.929,3647.585,3639.885,3643.637,14700,7094.6326860244835,2,NEUTRAL,NEUTRAL,BEARISH,14.179
5762,3643.675,3648.509,3641.157,3644.103,8736,7094.6326860244835,1,OVERBOUGHT,NEUTRAL,BEARISH,14.05
5763,3644.141,3647.638,3641.995,3645.844,7126,7094.6326860244835,1,OVERBOUGHT,NEUTRAL,BEARISH,13.625
5764,3645.858,3657.622,3644.968,3655.249,13521,7094.6326860244835,2,OVERBOUGHT,NEUTRAL,BEARISH,12.962
5765,3655.287,3656.392,3648.442,3649.282,7800,7094.6326860244835,1,NEUTRAL,NEUTRAL,BEARISH,10.784
5766,3649.298,3657.417,3640.379,3643.977,17767,7094.6326860244835,1,NEUTRAL,NEUTRAL,BEARISH,10.6
5767,3643.94,3654.046,3642.196,3651.201,16606,7094.6326860244835,1,NEUTRAL,OVERBOUGHT,BEARISH,11.068
5768,3651.225,3655.294,3643.873,3647.5,12601,7094.6326860244835,1,NEUTRAL,OVERBOUGHT,BEARISH,11.518
5769,3647.546,3648.654,3638.438,3644.453,10496,7094.6326860244835,1,OVERSOLD,OVERBOUGHT,BEARISH,11.055
5770,3644.393,3646.867,3639.886,3642.82,7534,7094.6326860244835,1,NEUTRAL,NEUTRAL,BEARISH,10.647
5771,3642.777,3649.72,3641.58,3645.276,10962,7094.6326860244835,2,NEUTRAL,NEUTRAL,BEARISH,9.843
5772,3645.313,3646.384,3635.064,3640.016,10744,7094.6326860244835,2,OVERSOLD,NEUTRAL,BEARISH,9.758
5773,3643.47,3645.552,3638.086,3644.883,8790,7094.6326860244835,2,NEUTRAL,NEUTRAL,BEARISH,9.709
5774,3644.916,3647.165,3642.549,3643.966,7962,7247.42957306977,1,NEUTRAL,NEUTRAL,BEARISH,9.31
5775,3643.938,3649.134,3639.812,3641.085,8569,7247.42957306977,1,NEUTRAL,NEUTRAL,BEARISH,9.426
5776,3641.047,3643.448,3634.142,3637.371,7283,7247.42957306977,1,OVERSOLD,OVERSOLD,BEARISH,9.566
5777,3637.396,3637.396,3629.859,3631.998,7486,7247.42957306977,1,OVERSOLD,OVERSOLD,BEARISH,9.701
5778,3632.064,3634.336,3623.356,3625.068,14028,7247.42957306977,2,OVERSOLD,OVERSOLD,BEARISH,9.582
5779,3625.112,3637.996,3622.666,3633.22,10199,7247.42957306977,1,NEUTRAL,OVERSOLD,BEARISH,10.109
5780,3633.253,3633.377,3623.807,3629.811,9602,7247.42957306977,1,OVERSOLD,OVERSOLD,BEARISH,9.575
5781,3629.845,3631.747,3614.136,3621.814,16337,7247.42957306977,2,OVERSOLD,OVERSOLD,BEARISH,9.987
5782,3621.916,3624.945,3615.398,3616.789,13925,7247.42957306977,2,OVERSOLD,OVERSOLD,BEARISH,9.853
5783,3616.756,3643.946,3613.082,3628.904,24193,7247.42957306977,1,NEUTRAL,OVERSOLD,BEARISH,11.328
5784,3628.936,3637.052,3618.325,3630.253,26937,7247.42957306977,1,NEUTRAL,NEUTRAL,BEARISH,12.167
5785,3630.202,3637.854,3626.176,3629.585,15964,7247.42957306977,1,NEUTRAL,NEUTRAL,BEARISH,12.42
5786,3629.609,3638.973,3629.598,3633.06,9219,7247.42957306977,1,OVERBOUGHT,NEUTRAL,BEARISH,12.282
5787,3633.102,3641.908,3633.102,3636.21,9060,7247.42957306977,1,OVERBOUGHT,NEUTRAL,BULLISH,12.38
5788,3636.184,3636.736,3631.806,3635.068,7524,7247.42957306977,1,OVERBOUGHT,NEUTRAL,BULLISH,12.403
5789,3635.104,3637.47,3630.298,3636.945,10876,7247.42957306977,2,OVERBOUGHT,NEUTRAL,BULLISH,12.249
5790,3636.909,3638.275,3631.519,3631.842,9612,7247.42957306977,3,NEUTRAL,NEUTRAL,BULLISH,12.067
5791,3631.81,3647.51,3630.526,3646.47,19182,7194.055328015506,2,OVERBOUGHT,OVERBOUGHT,BULLISH,12.742
5792,3646.427,3651.001,3644.682,3648.958,8119,7194.055328015506,1,OVERBOUGHT,OVERBOUGHT,BULLISH,12.409
5793,3648.93,3656.03,3646.57,3654.847,11124,7194.055328015506,2,OVERBOUGHT,OVERBOUGHT,BULLISH,11.99
5794,3654.843,3656.62,3648.295,3650.576,13141,7194.055328015506,2,OVERBOUGHT,OVERBOUGHT,BULLISH,11.901
5795,3650.576,3653.78,3647.799,3648.301,7547,7194.055328015506,1,OVERBOUGHT,OVERBOUGHT,BULLISH,11.07
5796,3648.279,3651.208,3639.7,3641.075,9549,7194.055328015506,1,NEUTRAL,OVERBOUGHT,BULLISH,11.21
5797,3641.048,3647.021,3637.707,3646.455,9275,7194.055328015506,1,NEUTRAL,OVERBOUGHT,BULLISH,9.671
5798,3646.424,3652.168,3646.287,3647.044,13064,7194.055328015506,2,NEUTRAL,NEUTRAL,BULLISH,8.753
5799,3647.076,3649.006,3638.242,3645.354,12538,7194.055328015506,1,NEUTRAL,NEUTRAL,BULLISH,8.688
5800,3645.394,3652.534,3643.285,3650.623,14445,7194.055328015506,1,NEUTRAL,NEUTRAL,BULLISH,8.678
5801,3650.677,3654.32,3647.326,3648.1,11000,7194.055328015506,1,OVERBOUGHT,NEUTRAL,BULLISH,8.546
5802,3648.144,3648.328,3641.896,3644.515,8597,7194.055328015506,1,NEUTRAL,NEUTRAL,BULLISH,8.653
5803,3644.539,3650.615,3642.707,3648.724,10523,7194.055328015506,2,NEUTRAL,NEUTRAL,BULLISH,8.705
5804,3648.696,3649.403,3643.511,3644.164,8308,7194.055328015506,2,NEUTRAL,NEUTRAL,BULLISH,8.644
5805,3644.204,3646.044,3639.721,3642.064,7639,6537.04212217276,2,OVERSOLD,NEUTRAL,BEARISH,7.882
5806,3642.136,3642.564,3631.98,3633.401,11304,6600.224618473767,2,OVERSOLD,OVERSOLD,BEARISH,8.187
5807,3633.432,3634.789,3626.541,3634.444,12428,6600.224618473767,1,OVERSOLD,OVERSOLD,BEARISH,8.1
5808,3634.377,3645.5,3634.327,3641.069,7281,6600.224618473767,1,NEUTRAL,OVERSOLD,BEARISH,8.304
5809,3641.007,3646.86,3640.073,3645.596,8712,6600.224618473767,2,NEUTRAL,NEUTRAL,BEARISH,8.361
5810,3645.624,3646.218,3636.617,3636.663,12689,6600.224618473767,2,NEUTRAL,NEUTRAL,BEARISH,8.225
5811,3636.623,3644.964,3633.74,3643.893,7820,6600.224618473767,1,NEUTRAL,NEUTRAL,BEARISH,8.361
5812,3643.9,3645.821,3640.812,3645.461,6918,6600.224618473767,1,NEUTRAL,NEUTRAL,BEARISH,8.299
5813,3645.436,3645.977,3635.683,3641.18,7314,6600.224618473767,1,NEUTRAL,NEUTRAL,BEARISH,8.266
5814,3641.211,3646.378,3639.097,3639.958,7087,6600.224618473767,1,NEUTRAL,NEUTRAL,BEARISH,8.125
5815,3639.946,3646.698,3639.048,3642.661,7001,6600.224618473767,1,NEUTRAL,NEUTRAL,BEARISH,8.172
5816,3642.686,3651.031,3636.946,3650.255,11040,6600.224618473767,1,NEUTRAL,OVERBOUGHT,BULLISH,8.718
5817,3650.226,3664.371,3646.821,3657.179,13816,6600.224618473767,1,OVERBOUGHT,OVERBOUGHT,BULLISH,9.407
5818,3657.147,3663.777,3653.827,3663.436,11958,6600.224618473767,1,OVERBOUGHT,OVERBOUGHT,BULLISH,9.697
5819,3663.468,3681.938,3662.936,3680.454,10538,6600.224618473767,1,OVERBOUGHT,OVERBOUGHT,BULLISH,10.603
5820,3680.497,3685.623,3674.77,3679.182,11568,6600.224618473767,1,OVERBOUGHT,OVERBOUGHT,BULLISH,10.622
5821,3679.209,3682.689,3678.541,3681.705,6854,6600.224618473767,1,OVERBOUGHT,OVERBOUGHT,BULLISH,10.329
5822,3681.704,3682.786,3675.833,3680.955,11257,6600.224618473767,2,OVERBOUGHT,OVERBOUGHT,BULLISH,10.028
5823,3680.912,3681.986,3676.301,3678.791,7245,6600.224618473767,2,OVERBOUGHT,OVERBOUGHT,BULLISH,9.949
5824,3678.888,3686.904,3676.131,3686.353,11175,6686.123861158805,2,OVERBOUGHT,OVERBOUGHT,BULLISH,10.033
5825,3686.391,3689.48,3677.081,3679.284,11817,6686.123861158805,1,NEUTRAL,OVERBOUGHT,BULLISH,10.117
5826,3679.245,3682.654,3674.711,3677.683,8405,6686.123861158805,1,NEUTRAL,OVERBOUGHT,BULLISH,10.326
5827,3677.718,3685.528,3676.983,3684.256,9735,6686.123861158805,2,NEUTRAL,OVERBOUGHT,BULLISH,10.201
5828,3684.217,3694.211,3680.325,3693.352,12827,6686.123861158805,2,OVERBOUGHT,OVERBOUGHT,BULLISH,10.673
5829,3693.322,3694.17,3686.309,3686.47,8404,6686.123861158805,1,NEUTRAL,OVERBOUGHT,BULLISH,10.688
5830,3686.431,3697.246,3686.134,3694.31,7508,6686.123861158805,1,OVERBOUGHT,OVERBOUGHT,BULLISH,10.476
5831,3694.28,3698.816,3692.967,3698.197,6914,6686.123861158805,1,OVERBOUGHT,OVERBOUGHT,BULLISH,9.64
5832,3698.173,3699.447,3690.542,3697.126,14010,6686.123861158805,2,OVERBOUGHT,OVERBOUGHT,BULLISH,9.565
5833,3697.203,3697.464,3686.452,3689.26,12186,6686.123861158805,1,NEUTRAL,OVERBOUGHT,BULLISH,8.995
5834,3689.221,3698.599,3685.12,3695.613,14975,6686.123861158805,1,NEUTRAL,OVERBOUGHT,BULLISH,9.182
5835,3695.583,3703.088,3685.705,3686.339,18437,6686.123861158805,1,NEUTRAL,NEUTRAL,BEARISH,10.127
5836,3686.374,3688.799,3678.868,3686.142,14609,6686.123861158805,1,OVERSOLD,NEUTRAL,BEARISH,10.34
5837,3686.21,3691.226,3684.613,3689.74,7467,6686.123861158805,1,NEUTRAL,NEUTRAL,BEARISH,10.407
5838,3689.715,3690.91,3686.297,3690.633,11291,6686.123861158805,2,NEUTRAL,NEUTRAL,BEARISH,9.966
5839,3690.59,3693.79,3687.718,3689.947,7571,6686.123861158805,2,NEUTRAL,NEUTRAL,BEARISH,9.515
5840,3691.231,3695.378,3689.843,3691.42,11313,7177.040636286537,3,OVERBOUGHT,NEUTRAL,BEARISH,9.343
5841,3691.374,3692.021,3676.03,3679.426,12517,7177.040636286537,1,NEUTRAL,NEUTRAL,BEARISH,9.874
5842,3679.466,3683.831,3674.218,3682.154,10135,7177.040636286537,1,OVERSOLD,NEUTRAL,BEARISH,9.569
5843,3682.162,3683.501,3679.88,3680.774,8791,7177.040636286537,2,OVERSOLD,OVERSOLD,BEARISH,9.266
5844,3680.78,3685.859,3675.833,3679.089,7749,7177.040636286537,1,OVERSOLD,OVERSOLD,BEARISH,9.189
5845,3679.229,3680.099,3670.37,3675.041,8945,7177.040636286537,1,OVERSOLD,OVERSOLD,BEARISH,9.466
5846,3675.01,3677.367,3666.591,3667.199,9449,7177.040636286537,1,OVERSOLD,OVERSOLD,BEARISH,9.6
5847,3667.155,3667.908,3662.489,3664.832,8589,7177.040636286537,1,OVERSOLD,OVERSOLD,BEARISH,9.2
5848,3664.785,3670.985,3660.354,3661.556,17255,7177.040636286537,2,OVERSOLD,OVERSOLD,BEARISH,8.997
5849,3661.547,3669.878,3659.843,3665.949,9424,7177.040636286537,1,OVERSOLD,OVERSOLD,BEARISH,8.472
5850,3665.987,3679.387,3665.57,3678.614,8740,7177.040636286537,1,NEUTRAL,OVERSOLD,BEARISH,8.749
5851,3678.691,3682.554,3672.781,3678.752,13809,7177.040636286537,1,OVERBOUGHT,NEUTRAL,BEARISH,8.975
5852,3678.743,3686.137,3676.847,3684.23,9981,7177.040636286537,1,OVERBOUGHT,NEUTRAL,BEARISH,9.309
5853,3684.237,3688.546,3682.772,3684.739,12106,7177.040636286537,2,OVERBOUGHT,NEUTRAL,BEARISH,9.288
5854,3684.771,3707.49,3646.097,3650.344,84583,7177.040636286537,2,NEUTRAL,NEUTRAL,BEARISH,13.278
5855,3650.442,3666.993,3646.368,3661.73,37985,7177.040636286537,1,NEUTRAL,NEUTRAL,BEARISH,13.609
5856,3661.757,3665.402,3655.582,3662.982,12864,7177.040636286537,2,NEUTRAL,OVERSOLD,BEARISH,13.624
5857,3662.952,3672.021,3658.066,3665.157,15693,7457.941528068772,2,NEUTRAL,OVERSOLD,BEARISH,14.362
5858,3665.226,3668.774,3651.826,3657.148,17826,7457.941528068772,1,OVERSOLD,OVERSOLD,BEARISH,14.856
5859,3657.102,3665.806,3655.506,3664.775,8511,7457.941528068772,1,OVERBOUGHT,OVERSOLD,BEARISH,14.897
5860,3664.752,3665.997,3653.437,3653.714,10491,7457.941528068772,2,NEUTRAL,OVERSOLD,BEARISH,15.024
5861,3653.717,3659.189,3649.374,3651.576,9058,7457.941528068772,1,NEUTRAL,OVERSOLD,BEARISH,15.338
5862,3651.598,3651.995,3633.83,3637.469,18938,7457.941528068772,1,OVERSOLD,OVERSOLD,BEARISH,15.876
5863,3637.5,3659.852,3635.454,3659.024,13073,7457.941528068772,1,NEUTRAL,OVERSOLD,BEARISH,16.902
5864,3658.899,3665.773,3653.644,3665.473,9510,7457.941528068772,1,NEUTRAL,OVERSOLD,BEARISH,16.782
5865,3665.431,3673.021,3664.552,3671.665,9650,7457.941528068772,1,NEUTRAL,NEUTRAL,BULLISH,16.689
5866,3671.635,3672.469,3665.441,3667.157,7541,7457.941528068772,1,NEUTRAL,NEUTRAL,BULLISH,16.527
5867,3667.202,3670.941,3664.436,3667.193,8018,7457.941528068772,1,OVERBOUGHT,NEUTRAL,BULLISH,16.579
5868,3667.233,3672.447,3662.863,3663.299,12910,7457.941528068772,1,NEUTRAL,NEUTRAL,BULLISH,12.879
5869,3663.346,3664.234,3627.744,3642.237,31487,7457.941528068772,1,OVERSOLD,NEUTRAL,BEARISH,14.012
5870,3642.12,3646.405,3634.237,3638.386,26061,7457.941528068772,1,OVERSOLD,NEUTRAL,BEARISH,14.18
5871,3638.428,3642.469,3636.733,3641.315,12739,7457.941528068772,1,OVERSOLD,OVERSOLD,BEARISH,13.593
5872,3641.346,3647.27,3640.874,3646.411,8844,7457.941528068772,1,OVERSOLD,NEUTRAL,BEARISH,12.839
5873,3646.368,3646.869,3643.287,3643.591,7739,7457.941528068772,1,OVERSOLD,NEUTRAL,BEARISH,12.359
5874,3643.598,3647.061,3640.506,3646.565,11412,7457.941528068772,2,NEUTRAL,NEUTRAL,BEARISH,11.93
5875,3646.611,3647.257,3637.711,3640.239,9707,7457.941528068772,3,NEUTRAL,NEUTRAL,BEARISH,11.911
5876,3640.242,3651.217,3632.203,3639.922,20932,7499.855826982856,2,NEUTRAL,NEUTRAL,BEARISH,11.971
5877,3639.859,3650.276,3638.827,3647.397,10334,7499.855826982856,1,NEUTRAL,NEUTRAL,BEARISH,11.047
5878,3647.288,3656.439,3645.286,3653.722,9367,7499.855826982856,1,OVERBOUGHT,NEUTRAL,BULLISH,10.977
5879,3653.66,3661.294,3651.439,3652.504,14754,7499.855826982856,2,NEUTRAL,NEUTRAL,BULLISH,11.076
5880,3652.495,3654.256,3643.269,3646.946,11727,7499.855826982856,1,NEUTRAL,NEUTRAL,BULLISH,11.359
5881,3647.003,3657.576,3644.462,3653.945,9009,7499.855826982856,1,OVERBOUGHT,NEUTRAL,BULLISH,11.831
5882,3653.874,3656.57,3649.553,3655.655,7642,7499.855826982856,1,NEUTRAL,NEUTRAL,BULLISH,11.647
5883,3655.614,3659.228,3655.042,3655.841,10968,7499.855826982856,2,NEUTRAL,OVERBOUGHT,BULLISH,9.34
5884,3655.799,3655.911,3645.676,3648.392,8318,7499.855826982856,1,NEUTRAL,OVERBOUGHT,BULLISH,9.202
5885,3648.421,3651.9,3644.59,3649.286,10354,7499.855826982856,1,NEUTRAL,NEUTRAL,BULLISH,9.314
5886,3649.242,3664.365,3643.763,3663.291,16556,7499.855826982856,1,NEUTRAL,OVERBOUGHT,BULLISH,10.329
5887,3663.279,3669.296,3656.376,3666.994,15548,7499.855826982856,1,OVERBOUGHT,OVERBOUGHT,BULLISH,10.996
5888,3667.03,3676.032,3665.274,3670.811,12867,7499.855826982856,1,OVERBOUGHT,OVERBOUGHT,BULLISH,11.296
5889,3670.71,3673.26,3666.602,3668.31,7812,7499.855826982856,1,OVERBOUGHT,OVERBOUGHT,BULLISH,11.09
5890,3668.273,3684.127,3668.09,3683.612,13699,7499.855826982856,2,OVERBOUGHT,OVERBOUGHT,BULLISH,10.877
5891,3683.653,3685.203,3680.846,3684.861,9666,7499.855826982856,2,OVERBOUGHT,OVERBOUGHT,BULLISH,10.371
5892,3687.969,3692.29,3683.776,3686.253,11982,6833.131462508299,2,OVERBOUGHT,OVERBOUGHT,BULLISH,10.182
5893,3686.263,3691.008,3685.678,3690.774,7327,7060.936402586874,1,OVERBOUGHT,OVERBOUGHT,BULLISH,9.859
5894,3690.737,3696.97,3686.689,3689.369,15951,7060.936402586874,1,OVERBOUGHT,OVERBOUGHT,BULLISH,9.809
5895,3689.348,3693.326,3685.466,3686.374,8855,7060.936402586874,1,NEUTRAL,OVERBOUGHT,BULLISH,9.433
5896,3686.332,3697.484,3685.885,3695.448,7420,7060.936402586874,1,OVERBOUGHT,OVERBOUGHT,BULLISH,9.76
5897,3695.419,3700.356,3690.108,3697.02,12242,7060.936402586874,2,OVERBOUGHT,OVERBOUGHT,BULLISH,10.193
5898,3697.054,3719.857,3695.467,3714.436,13668,7060.936402586874,1,OVERBOUGHT,OVERBOUGHT,BULLISH,11.205
5899,3714.36,3716.291,3708.584,3713.226,12120,7060.936402586874,1,OVERBOUGHT,OVERBOUGHT,BULLISH,11.233
5900,3713.193,3722.578,3712.314,3720.403,9002,7060.936402586874,1,OVERBOUGHT,OVERBOUGHT,BULLISH,10.495
5901,3720.448,3726.703,3719.268,3723.184,8192,7060.936402586874,1,OVERBOUGHT,OVERBOUGHT,BULLISH,10.103
5902,3723.265,3728.318,3721.093,3727.456,7854,7060.936402586874,1,OVERBOUGHT,OVERBOUGHT,BULLISH,9.85
5903,3727.418,3728.278,3721.211,3724.606,8698,7060.936402586874,1,OVERBOUGHT,OVERBOUGHT,BULLISH,9.88
5904,3724.643,3725.558,3712.03,3721.574,14397,7060.936402586874,1,OVERBOUGHT,OVERBOUGHT,BULLISH,9.7
5905,3721.62,3725.582,3713.732,3722.392,24169,7060.936402586874,1,NEUTRAL,OVERBOUGHT,BULLISH,10.236
5906,3722.317,3726.373,3716.771,3725.79,17375,7060.936402586874,1,NEUTRAL,OVERBOUGHT,BULLISH,10.313
5907,3725.83,3736.395,3723.511,3736.15,11045,7060.936402586874,1,OVERBOUGHT,OVERBOUGHT,BULLISH,10.853
5908,3736.109,3739.644,3735.201,3737.058,8446,7060.936402586874,1,OVERBOUGHT,OVERBOUGHT,BULLISH,10.436
5909,3737.104,3747.27,3737.104,3746.594,7604,7060.936402586874,1,OVERBOUGHT,OVERBOUGHT,BULLISH,10.604
5910,3746.56,3748.793,3742.433,3747.626,11843,7060.936402586874,2,OVERBOUGHT,OVERBOUGHT,BULLISH,10.23
5911,3747.592,3748.621,3738.273,3739.95,8259,7060.936402586874,2,OVERBOUGHT,OVERBOUGHT,BULLISH,10.237
5912,3740.037,3750.774,3738.959,3747.112,14544,7494.44642773733,2,OVERBOUGHT,OVERBOUGHT,BULLISH,9.339
5913,3747.167,3759.305,3745.665,3754.576,16003,7494.44642773733,1,OVERBOUGHT,OVERBOUGHT,BULLISH,9.762
5914,3754.615,3755.467,3736.722,3741.719,16377,7494.44642773733,1,NEUTRAL,OVERBOUGHT,BULLISH,10.368
5915,3741.68,3747.144,3739.004,3746.477,8647,7494.44642773733,1,NEUTRAL,OVERBOUGHT,BEARISH,10.418
5916,3746.489,3758.769,3743.065,3753.178,15060,7494.44642773733,2,NEUTRAL,OVERBOUGHT,BEARISH,11.024
5917,3753.145,3757.453,3751.287,3753.941,10998,7494.44642773733,1,NEUTRAL,OVERBOUGHT,BEARISH,10.96
5918,3753.912,3757.423,3748.896,3753.435,10191,7494.44642773733,1,NEUTRAL,OVERBOUGHT,BEARISH,10.603
5919,3753.329,3775.166,3752.965,3774.227,11836,7494.44642773733,1,OVERBOUGHT,OVERBOUGHT,BULLISH,11.342
5920,3774.281,3791.084,3774.182,3784.793,16065,7494.44642773733,1,OVERBOUGHT,OVERBOUGHT,BULLISH,11.863
5921,3784.839,3787.865,3780.824,3783.005,9166,7494.44642773733,1,OVERBOUGHT,OVERBOUGHT,BULLISH,11.446
5922,3783.03,3788.811,3779.67,3783.475,11311,7494.44642773733,1,OVERBOUGHT,OVERBOUGHT,BULLISH,11.782
5923,3783.52,3785.427,3777.352,3784.309,12785,7494.44642773733,1,OVERBOUGHT,OVERBOUGHT,BULLISH,11.629
5924,3784.345,3788.815,3774.265,3783.925,22796,7494.44642773733,1,OVERBOUGHT,OVERBOUGHT,BULLISH,12.214
5925,3783.87,3784.981,3767.654,3773.966,21399,7494.44642773733,1,OVERSOLD,OVERBOUGHT,BULLISH,12.712
5926,3774.005,3782.021,3772.771,3779.338,11416,7494.44642773733,1,NEUTRAL,OVERBOUGHT,BEARISH,12.529
5927,3779.382,3781.985,3765.035,3779.265,16108,7494.44642773733,1,NEUTRAL,OVERBOUGHT,BEARISH,12.766
5928,3779.283,3785.704,3775.704,3777.396,11943,7494.44642773733,1,NEUTRAL,OVERBOUGHT,BEARISH,12.141
5929,3777.436,3781.394,3756.209,3756.775,13733,7494.44642773733,1,OVERSOLD,NEUTRAL,BEARISH,13.359
5930,3756.735,3768.193,3751.856,3764.28,20455,7494.44642773733,1,NEUTRAL,NEUTRAL,BEARISH,13.404
5931,3764.251,3767.597,3761.561,3765.394,8613,7494.44642773733,2,OVERSOLD,NEUTRAL,BEARISH,13.394
5932,3765.456,3770.177,3758.844,3765.198,14838,7702.991212397267,2,OVERSOLD,NEUTRAL,BEARISH,13.595
5933,3765.207,3771.839,3755.015,3756.596,16569,7702.991212397267,1,OVERSOLD,OVERSOLD,BEARISH,13.211
5934,3756.557,3759.299,3750.597,3757.101,9584,7702.991212397267,1,NEUTRAL,OVERSOLD,BEARISH,12.625
5935,3757.125,3766.549,3752.271,3765.454,8641,7702.991212397267,1,NEUTRAL,OVERSOLD,BEARISH,13.142
5936,3765.422,3777.039,3763.218,3774.914,13897,7702.991212397267,2,NEUTRAL,NEUTRAL,BEARISH,13.476
5937,3774.956,3776.114,3769.045,3771.182,9267,7702.991212397267,1,NEUTRAL,NEUTRAL,BEARISH,13.404
5938,3771.25,3779.257,3770.622,3777.358,8184,7702.991212397267,1,OVERBOUGHT,NEUTRAL,BEARISH,12.982
5939,3777.391,3777.75,3763.09,3768.526,15357,7702.991212397267,2,NEUTRAL,NEUTRAL,BEARISH,12.791
5940,3768.413,3768.735,3759.764,3762.156,7711,7702.991212397267,1,NEUTRAL,NEUTRAL,BEARISH,12.772
5941,3762.189,3771.475,3759.629,3768.024,19967,7702.991212397267,2,NEUTRAL,NEUTRAL,BEARISH,12.407
5942,3767.999,3773.015,3759.055,3761.311,18247,7702.991212397267,1,NEUTRAL,NEUTRAL,BEARISH,12.69
5943,3761.319,3765.055,3749.359,3752.737,21259,7702.991212397267,1,OVERSOLD,NEUTRAL,BEARISH,12.012
5944,3752.763,3756.584,3739.614,3741.114,17037,7702.991212397267,1,OVERSOLD,OVERSOLD,BEARISH,12.057
5945,3741.151,3745.225,3732.199,3735.747,16208,7702.991212397267,1,OVERSOLD,OVERSOLD,BEARISH,12.556
5946,3735.778,3738.757,3732.317,3733.228,8727,7702.991212397267,1,OVERSOLD,OVERSOLD,BEARISH,12.207
5947,3733.186,3733.976,3722.702,3724.381,8986,7702.991212397267,1,OVERSOLD,OVERSOLD,BEARISH,11.811
5948,3724.406,3731.888,3717.427,3730.032,10209,7702.991212397267,1,OVERSOLD,OVERSOLD,BEARISH,12.222
5949,3730.098,3745.319,3729.941,3741.04,8909,7702.991212397267,2,NEUTRAL,OVERSOLD,BEARISH,12.3
5950,3741.022,3751.539,3739.023,3749.019,14549,8096.2857001054645,2,NEUTRAL,NEUTRAL,BEARISH,12.207
5951,3748.987,3750.497,3732.852,3736.086,13518,8096.2857001054645,1,NEUTRAL,NEUTRAL,BEARISH,12.963
5952,3735.979,3742.455,3729.422,3739.591,10747,8096.2857001054645,1,NEUTRAL,NEUTRAL,BEARISH,13.277
5953,3739.55,3740.726,3731.73,3738.097,13719,8096.2857001054645,2,NEUTRAL,NEUTRAL,BEARISH,12.872
5954,3738.067,3741.316,3734.108,3738.719,8163,8096.2857001054645,1,NEUTRAL,NEUTRAL,BEARISH,12.746
5955,3738.768,3748.362,3737.712,3741.037,10328,8096.2857001054645,1,NEUTRAL,NEUTRAL,BEARISH,12.661
5956,3741.074,3755.001,3740.002,3752.214,11831,8096.2857001054645,1,OVERBOUGHT,NEUTRAL,BULLISH,12.735
5957,3752.173,3761.648,3751.129,3756.374,13553,8096.2857001054645,1,OVERBOUGHT,NEUTRAL,BULLISH,12.365
5958,3756.396,3761.302,3750.386,3756.971,10314,8096.2857001054645,1,OVERBOUGHT,OVERBOUGHT,BULLISH,11.933
5959,3756.982,3760.911,3741.1,3753.056,22016,8096.2857001054645,2,OVERBOUGHT,OVERBOUGHT,BULLISH,12.418
5960,3753.018,3755.951,3730.542,3738.812,25380,8096.2857001054645,1,NEUTRAL,OVERBOUGHT,BULLISH,13.773
5961,3738.836,3745.555,3721.931,3733.715,33779,8096.2857001054645,1,OVERSOLD,NEUTRAL,BULLISH,14.655
5962,3733.768,3736.413,3723.567,3731.539,22988,8096.2857001054645,1,OVERSOLD,NEUTRAL,BEARISH,14.539
5963,3731.561,3738.799,3727.916,3735.828,14656,8096.2857001054645,1,OVERSOLD,NEUTRAL,BEARISH,14.218
5964,3735.92,3742.723,3732.664,3733.748,10427,8096.2857001054645,1,OVERSOLD,OVERSOLD,BEARISH,14.043
5965,3733.713,3744.21,3732.355,3741.826,12222,8096.2857001054645,1,NEUTRAL,NEUTRAL,BEARISH,13.629
5966,3741.864,3758.296,3736.518,3755.19,12342,8096.2857001054645,1,OVERBOUGHT,NEUTRAL,BULLISH,14.254
5967,3755.165,3756.724,3744.647,3746.523,10482,8096.2857001054645,1,OVERBOUGHT,NEUTRAL,BULLISH,14.474
5968,3746.56,3752.498,3745.975,3748.845,9434,8096.2857001054645,2,NEUTRAL,OVERBOUGHT,BULLISH,14.425
5969,3748.786,3749.94,3738.051,3744.717,8553,8096.2857001054645,1,NEUTRAL,NEUTRAL,BULLISH,14.513
5970,3744.676,3749.597,3740.194,3749.534,10918,8257.07991914304,1,NEUTRAL,NEUTRAL,BULLISH,14.114
5971,3749.639,3753.344,3737.715,3738.969,14050,8257.07991914304,1,OVERSOLD,NEUTRAL,BULLISH,14.479
5972,3739.017,3746.092,3734.464,3745.435,15096,8257.07991914304,2,NEUTRAL,NEUTRAL,BULLISH,14.53
5973,3745.474,3749.701,3741.92,3742.11,11141,8257.07991914304,2,NEUTRAL,NEUTRAL,BULLISH,13.67
5974,3742.061,3754.165,3741.492,3743.66,12734,8257.07991914304,1,NEUTRAL,NEUTRAL,BULLISH,12.761
5975,3743.608,3749.561,3739.207,3747.971,10348,8257.07991914304,1,NEUTRAL,NEUTRAL,BULLISH,11.813
5976,3747.991,3755.206,3747.025,3751.509,14886,8257.07991914304,2,OVERBOUGHT,NEUTRAL,BULLISH,11.48
5977,3751.527,3755.015,3742.903,3748.706,14895,8257.07991914304,2,NEUTRAL,OVERBOUGHT,BULLISH,11.567
5978,3748.662,3757.458,3746.53,3752.048,15810,8257.07991914304,1,OVERBOUGHT,OVERBOUGHT,BULLISH,11.629
5979,3752.092,3766.361,3751.304,3761.906,27116,8257.07991914304,1,OVERBOUGHT,OVERBOUGHT,BULLISH,11.858
5980,3761.846,3783.85,3761.571,3778.842,25337,8257.07991914304,1,OVERBOUGHT,OVERBOUGHT,BULLISH,11.894
5981,3778.835,3780.927,3772.974,3780.373,13764,8257.07991914304,1,OVERBOUGHT,OVERBOUGHT,BULLISH,11.599
5982,3780.332,3781.275,3771.419,3774.202,12469,8257.07991914304,1,OVERBOUGHT,OVERBOUGHT,BULLISH,11.837
5983,3774.193,3783.128,3774.032,3782.873,9330,8257.07991914304,1,OVERBOUGHT,OVERBOUGHT,BULLISH,11.638
5984,3782.908,3783.204,3774.61,3778.558,8603,8257.07991914304,1,OVERBOUGHT,OVERBOUGHT,BULLISH,11.58
5985,3778.55,3778.55,3764.617,3766.731,11793,8257.07991914304,1,NEUTRAL,OVERBOUGHT,BULLISH,11.46
5986,3766.762,3770.994,3760.05,3770.583,13126,7521.861990335766,2,NEUTRAL,OVERBOUGHT,BULLISH,11.411
5987,3770.487,3787.481,3763.935,3787.103,19122,8066.958467446646,2,NEUTRAL,OVERBOUGHT,BULLISH,12.537
5988,3787.066,3788.78,3767.846,3778.557,31581,8066.958467446646,1,NEUTRAL,OVERBOUGHT,BULLISH,13.127
5989,3778.531,3798.87,3777.583,3792.789,18212,8066.958467446646,1,NEUTRAL,OVERBOUGHT,BULLISH,13.908
5990,3792.825,3799.436,3792.144,3794.34,11773,8066.958467446646,1,OVERBOUGHT,OVERBOUGHT,BULLISH,13.844
5991,3794.355,3808.838,3792.447,3805.003,10638,8066.958467446646,1,OVERBOUGHT,OVERBOUGHT,BULLISH,14.15
5992,3804.974,3814.491,3801.306,3813.565,16850,8066.958467446646,1,OVERBOUGHT,OVERBOUGHT,BULLISH,14.311
5993,3813.682,3819.874,3810.953,3817.4,18770,8066.958467446646,1,OVERBOUGHT,OVERBOUGHT,BULLISH,13.873
5994,3817.36,3819.347,3805.007,3806.343,15153,8066.958467446646,1,NEUTRAL,OVERBOUGHT,BULLISH,13.306
5995,3806.381,3819.549,3806.381,3818.762,12264,8066.958467446646,1,OVERBOUGHT,OVERBOUGHT,BULLISH,13.681
5996,3818.753,3819.751,3806.908,3807.605,9310,8066.958467446646,1,NEUTRAL,OVERBOUGHT,BULLISH,13.894
5997,3807.631,3818.491,3806.499,3817.856,10208,8066.958467446646,1,NEUTRAL,OVERBOUGHT,BULLISH,14.101
5998,3817.93,3831.366,3816.377,3828.934,12251,8066.958467446646,1,NEUTRAL,OVERBOUGHT,BULLISH,14.558
5999,3828.865,3830.42,3811.621,3813.8,22535,8066.958467446646,1,NEUTRAL,OVERBOUGHT,BULLISH,14.905
6000,3813.831,3828.026,3809.189,3821.404,26232,8066.958467446646,1,NEUTRAL,OVERBOUGHT,BULLISH,15.469
6001,3821.407,3830.496,3816.663,3828.108,21180,8066.958467446646,1,OVERBOUGHT,OVERBOUGHT,BULLISH,14.775
6002,3828.153,3833.22,3820.889,3830.351,16498,8066.958467446646,1,NEUTRAL,OVERBOUGHT,BULLISH,14.16
6003,3830.345,3833.585,3828.195,3830.274,8615,8066.958467446646,1,NEUTRAL,OVERBOUGHT,BULLISH,13.025
6004,3830.31,3832.848,3823.959,3828.918,10522,8066.958467446646,1,OVERBOUGHT,OVERBOUGHT,BULLISH,13.139
6005,3828.976,3830.691,3823.343,3824.581,9190,8066.958467446646,1,NEUTRAL,OVERBOUGHT,BEARISH,12.493
6006,3824.585,3829.75,3822.605,3828.754,8694,8066.958467446646,1,NEUTRAL,OVERBOUGHT,BEARISH,12.062
6007,3828.792,3834.0,3825.626,3830.688,9833,8066.958467446646,2,NEUTRAL,OVERBOUGHT,BEARISH,12.023
6008,3830.641,3840.605,3828.041,3838.946,17478,8717.605280070775,2,OVERBOUGHT,OVERBOUGHT,BEARISH,11.896
6009,3838.879,3850.661,3837.969,3847.94,16257,8717.605280070775,1,OVERBOUGHT,OVERBOUGHT,BULLISH,11.859
6010,3847.985,3852.052,3842.589,3848.006,12157,8717.605280070775,1,OVERBOUGHT,OVERBOUGHT,BULLISH,11.618
6011,3847.989,3867.18,3845.79,3864.772,10959,8717.605280070775,1,OVERBOUGHT,OVERBOUGHT,BULLISH,12.289
6012,3864.731,3870.416,3861.979,3869.7,18466,8717.605280070775,2,OVERBOUGHT,OVERBOUGHT,BULLISH,11.821
6013,3869.787,3871.7,3854.858,3855.72,15559,8717.605280070775,1,NEUTRAL,OVERBOUGHT,BULLISH,11.681
6014,3855.767,3859.344,3839.471,3843.811,19015,8717.605280070775,1,NEUTRAL,OVERBOUGHT,BULLISH,11.755
6015,3843.843,3847.172,3807.567,3816.341,34235,8717.605280070775,1,OVERSOLD,NEUTRAL,BEARISH,13.596
6016,3816.366,3821.543,3793.113,3798.783,29531,8717.605280070775,1,OVERSOLD,OVERSOLD,BEARISH,14.746
6017,3798.749,3814.577,3798.202,3812.125,14971,8717.605280070775,1,OVERSOLD,OVERSOLD,BEARISH,15.531
6018,3812.012,3817.833,3804.313,3815.189,14235,8717.605280070775,1,OVERSOLD,OVERSOLD,BEARISH,15.861
6019,3815.128,3821.623,3808.828,3819.4,19172,8717.605280070775,1,NEUTRAL,OVERSOLD,BEARISH,16.25
6020,3819.357,3829.967,3811.486,3824.163,24685,8717.605280070775,1,NEUTRAL,NEUTRAL,BEARISH,17.06
6021,3824.032,3854.543,3820.381,3854.076,29061,8717.605280070775,1,OVERBOUGHT,NEUTRAL,BEARISH,18.902
6022,3854.03,3854.255,3831.177,3839.035,28791,8717.605280070775,1,OVERBOUGHT,NEUTRAL,BEARISH,19.653
6023,3839.001,3847.949,3837.779,3845.911,12646,8717.605280070775,1,OVERBOUGHT,NEUTRAL,BEARISH,19.473
6024,3845.95,3849.311,3842.655,3844.106,9726,8717.605280070775,1,OVERBOUGHT,NEUTRAL,BEARISH,19.272
6025,3844.094,3860.808,3839.656,3859.05,15638,8717.605280070775,2,OVERBOUGHT,OVERBOUGHT,BULLISH,19.255
6026,3859.09,3861.403,3850.714,3860.002,15067,8717.605280070775,2,NEUTRAL,OVERBOUGHT,BULLISH,19.416
6027,3860.046,3865.365,3858.56,3860.594,12384,9166.444459746574,2,OVERBOUGHT,OVERBOUGHT,BULLISH,18.699
6028,3860.495,3875.562,3858.013,3863.374,23496,9166.444459746574,2,OVERBOUGHT,OVERBOUGHT,BULLISH,18.533
6029,3863.274,3866.372,3855.514,3862.027,12161,9166.444459746574,1,OVERBOUGHT,OVERBOUGHT,BULLISH,16.48
6030,3862.001,3869.876,3857.379,3863.517,18767,9166.444459746574,2,OVERBOUGHT,OVERBOUGHT,BULLISH,15.342
6031,3863.463,3864.902,3853.334,3859.107,12913,9166.444459746574,1,NEUTRAL,OVERBOUGHT,BULLISH,14.999
6032,3859.18,3879.88,3858.935,3879.199,13339,9166.444459746574,1,OVERBOUGHT,OVERBOUGHT,BULLISH,15.529
6033,3879.237,3895.356,3879.002,3892.901,16511,9166.444459746574,1,OVERBOUGHT,OVERBOUGHT,BULLISH,15.783
6034,3892.921,3895.235,3883.602,3888.986,11939,9166.444459746574,1,OVERBOUGHT,OVERBOUGHT,BULLISH,15.294
6035,3889.008,3889.613,3885.145,3887.524,9810,9166.444459746574,1,OVERBOUGHT,OVERBOUGHT,BULLISH,13.173
6036,3887.635,3888.449,3878.059,3883.512,10442,9166.444459746574,1,OVERBOUGHT,OVERBOUGHT,BULLISH,12.267
6037,3883.621,3891.122,3864.487,3870.377,30007,9166.444459746574,1,NEUTRAL,OVERBOUGHT,BULLISH,13.443
6038,3870.407,3877.199,3863.693,3872.974,28791,9166.444459746574,1,OVERSOLD,NEUTRAL,BEARISH,13.932
6039,3872.906,3878.806,3856.165,3873.036,33756,9166.444459746574,1,OVERSOLD,NEUTRAL,BEARISH,14.038
6040,3872.989,3876.8,3858.04,3868.424,27946,9166.444459746574,1,OVERSOLD,NEUTRAL,BEARISH,14.615
6041,3868.393,3871.554,3860.716,3870.869,11604,9166.444459746574,1,OVERSOLD,NEUTRAL,BEARISH,14.903
6042,3870.841,3871.886,3860.643,3860.847,9249,9166.444459746574,1,OVERSOLD,NEUTRAL,BEARISH,14.453
6043,3860.842,3866.319,3854.868,3862.126,14231,9166.444459746574,1,OVERSOLD,OVERSOLD,BEARISH,14.495
6044,3862.123,3871.001,3861.305,3867.767,9559,9166.444459746574,1,NEUTRAL,OVERSOLD,BEARISH,14.295
6045,3867.731,3867.883,3858.612,3862.103,11931,9166.444459746574,2,NEUTRAL,OVERSOLD,BEARISH,14.131
6046,3862.065,3866.616,3855.925,3856.078,18734,9539.362447707217,2,OVERSOLD,OVERSOLD,BEARISH,13.398
6047,3856.042,3865.165,3852.832,3865.041,10691,9539.362447707217,1,NEUTRAL,OVERSOLD,BEARISH,13.111
6048,3865.08,3870.021,3861.572,3866.587,15152,9539.362447707217,2,NEUTRAL,OVERSOLD,BEARISH,12.884
6049,3866.587,3871.354,3861.799,3867.739,11197,9539.362447707217,2,NEUTRAL,NEUTRAL,BEARISH,13.247
6050,3867.83,3874.29,3862.059,3864.211,9610,9539.362447707217,1,NEUTRAL,NEUTRAL,BEARISH,13.379
6051,3864.167,3874.894,3861.697,3868.558,14228,9539.362447707217,1,OVERBOUGHT,NEUTRAL,BEARISH,12.419
6052,3868.459,3878.719,3864.587,3874.634,10321,9539.362447707217,1,OVERBOUGHT,NEUTRAL,BEARISH,12.463
6053,3874.594,3883.784,3873.352,3881.722,16849,9539.362447707217,2,OVERBOUGHT,OVERBOUGHT,BEARISH,11.591
6054,3881.769,3892.014,3879.752,3884.458,25539,9539.362447707217,2,OVERBOUGHT,OVERBOUGHT,BULLISH,11.127
6055,3884.524,3897.154,3873.453,3875.233,27321,9539.362447707217,1,NEUTRAL,OVERBOUGHT,BULLISH,12.046
6056,3875.289,3876.852,3825.281,3839.932,50906,9539.362447707217,1,OVERSOLD,NEUTRAL,BEARISH,14.927
6057,3839.83,3844.817,3819.335,3828.364,41536,9539.362447707217,1,OVERSOLD,OVERSOLD,BEARISH,15.929
6058,3828.316,3845.339,3827.173,3844.819,23333,9539.362447707217,1,OVERSOLD,OVERSOLD,BEARISH,16.534
6059,3844.856,3847.933,3840.611,3844.287,14646,9539.362447707217,1,OVERSOLD,OVERSOLD,BEARISH,16.395
6060,3844.288,3859.104,3843.404,3855.554,17491,9539.362447707217,2,NEUTRAL,NEUTRAL,BEARISH,16.752
6061,3855.603,3863.804,3852.146,3862.41,14599,9539.362447707217,3,OVERBOUGHT,NEUTRAL,BEARISH,16.704
6062,3862.365,3862.779,3847.306,3858.458,23162,9688.3477701478,2,OVERBOUGHT,NEUTRAL,BEARISH,17.206
6063,3858.424,3859.107,3838.019,3842.757,21829,9688.3477701478,2,NEUTRAL,NEUTRAL,BEARISH,18.03
6064,3842.711,3859.214,3841.608,3855.053,18628,9688.3477701478,2,NEUTRAL,NEUTRAL,BEARISH,18.414
6065,3855.015,3861.014,3850.842,3859.182,10383,9688.3477701478,1,NEUTRAL,NEUTRAL,BEARISH,18.198
6066,3859.168,3865.705,3856.972,3864.755,15919,9688.3477701478,2,NEUTRAL,NEUTRAL,BULLISH,17.812
6067,3864.735,3867.702,3856.834,3865.886,16027,9688.3477701478,2,NEUTRAL,NEUTRAL,BULLISH,17.843
6068,3865.866,3867.14,3854.689,3862.112,12540,9688.3477701478,1,OVERBOUGHT,NEUTRAL,BULLISH,17.856
6069,3862.141,3874.961,3860.448,3873.788,13804,9688.3477701478,1,OVERBOUGHT,NEUTRAL,BULLISH,17.2
6070,3873.897,3890.661,3869.998,3882.551,26942,9688.3477701478,1,OVERBOUGHT,OVERBOUGHT,BULLISH,14.992
6071,3882.607,3885.969,3866.235,3879.616,35908,9688.3477701478,1,OVERBOUGHT,OVERBOUGHT,BULLISH,14.582
6072,3879.585,3891.669,3873.882,3889.44,19627,9688.3477701478,1,OVERBOUGHT,OVERBOUGHT,BULLISH,14.555
6073,3889.474,3889.788,3880.48,3883.629,13122,9688.3477701478,1,OVERBOUGHT,OVERBOUGHT,BULLISH,14.697
6074,3883.676,3886.016,3876.883,3881.955,13751,9688.3477701478,1,NEUTRAL,OVERBOUGHT,BULLISH,14.228
6075,3882.021,3889.184,3879.92,3886.012,11073,9688.3477701478,1,NEUTRAL,OVERBOUGHT,BULLISH,14.057
6076,3886.07,3889.136,3882.845,3887.045,13774,9688.3477701478,2,NEUTRAL,OVERBOUGHT,BULLISH,13.401
6077,3888.624,3903.9,3884.034,3899.56,9952,8905.167823784517,1,OVERBOUGHT,OVERBOUGHT,BULLISH,13.314
6078,3899.787,3920.986,3898.418,3909.45,25207,8905.167823784517,1,OVERBOUGHT,OVERBOUGHT,BULLISH,13.668
6079,3909.487,3910.085,3898.937,3900.397,18342,9555.778824693929,1,OVERBOUGHT,OVERBOUGHT,BULLISH,13.738
6080,3900.435,3918.338,3899.673,3917.905,12851,9555.778824693929,1,OVERBOUGHT,OVERBOUGHT,BULLISH,14.447
6081,3917.975,3924.652,3917.537,3921.013,12230,9555.778824693929,1,OVERBOUGHT,OVERBOUGHT,BULLISH,14.179
6082,3920.964,3932.041,3919.861,3929.569,11492,9555.778824693929,1,OVERBOUGHT,OVERBOUGHT,BULLISH,14.16
6083,3929.584,3940.343,3928.73,3938.731,13251,9555.778824693929,1,OVERBOUGHT,OVERBOUGHT,BULLISH,13.953
6084,3938.698,3945.205,3927.364,3932.657,18301,9555.778824693929,1,OVERBOUGHT,OVERBOUGHT,BULLISH,13.751
6085,3932.744,3934.826,3922.377,3934.292,18648,9555.778824693929,1,OVERBOUGHT,OVERBOUGHT,BULLISH,13.231
6086,3934.321,3943.894,3929.272,3941.617,20697,9555.778824693929,1,OVERBOUGHT,OVERBOUGHT,BULLISH,13.005
6087,3941.651,3949.64,3935.409,3942.47,18074,9555.778824693929,1,OVERBOUGHT,OVERBOUGHT,BULLISH,13.356
6088,3942.443,3944.993,3936.535,3942.334,11904,9555.778824693929,1,NEUTRAL,OVERBOUGHT,BULLISH,13.308
6089,3942.367,3946.806,3932.551,3942.229,14436,9555.778824693929,1,OVERBOUGHT,OVERBOUGHT,BULLISH,13.664
6090,3942.113,3942.787,3930.997,3938.294,17350,9555.778824693929,1,NEUTRAL,OVERBOUGHT,BULLISH,14.057
6091,3938.256,3941.358,3926.472,3934.202,29093,9555.778824693929,1,OVERSOLD,OVERBOUGHT,BULLISH,13.702
6092,3934.227,3947.225,3927.142,3944.569,29146,9555.778824693929,1,NEUTRAL,OVERBOUGHT,BULLISH,13.524
6093,3944.537,3958.896,3940.201,3954.949,26615,9555.778824693929,1,OVERBOUGHT,OVERBOUGHT,BULLISH,14.063
6094,3954.924,3964.106,3948.056,3962.418,18896,9555.778824693929,1,OVERBOUGHT,OVERBOUGHT,BULLISH,13.876
6095,3962.454,3970.01,3945.799,3954.035,24963,9555.778824693929,1,NEUTRAL,OVERBOUGHT,BULLISH,15.097
6096,3954.066,3958.936,3951.119,3957.842,13229,9555.778824693929,1,OVERBOUGHT,OVERBOUGHT,BULLISH,14.786
6097,3957.876,3965.004,3955.881,3959.451,16227,9555.778824693929,2,OVERBOUGHT,OVERBOUGHT,BULLISH,14.608
6098,3959.415,3976.198,3957.397,3963.471,21108,9555.778824693929,2,NEUTRAL,OVERBOUGHT,BULLISH,14.677
6099,3963.433,3972.57,3961.625,3969.514,10825,9555.778824693929,1,NEUTRAL,OVERBOUGHT,BULLISH,14.569
6100,3969.556,3977.475,3961.443,3962.855,16984,10023.35147631038,1,NEUTRAL,OVERBOUGHT,BEARISH,14.67
6101,3962.822,3963.75,3955.804,3958.182,15044,10023.35147631038,1,NEUTRAL,OVERBOUGHT,BEARISH,14.221
6102,3958.135,3974.622,3957.379,3973.365,17963,10023.35147631038,2,NEUTRAL,OVERBOUGHT,BEARISH,14.848
6103,3973.409,3976.921,3960.115,3964.747,24580,10023.35147631038,2,NEUTRAL,OVERBOUGHT,BEARISH,15.031
6104,3964.624,3966.32,3953.823,3955.192,14542,10023.35147631038,1,NEUTRAL,OVERBOUGHT,BEARISH,15.081
6105,3955.223,3956.165,3943.305,3945.997,25435,10023.35147631038,1,NEUTRAL,NEUTRAL,BEARISH,14.936
6106,3945.918,3954.045,3940.82,3951.285,17310,10023.35147631038,1,NEUTRAL,NEUTRAL,BEARISH,14.447
6107,3951.283,3963.524,3951.064,3955.156,12412,10023.35147631038,1,OVERSOLD,NEUTRAL,BEARISH,14.001
6108,3955.161,3969.161,3954.06,3967.02,19973,10023.35147631038,2,NEUTRAL,NEUTRAL,BEARISH,13.933
6109,3966.967,3980.159,3964.319,3979.442,18419,10023.35147631038,1,OVERBOUGHT,NEUTRAL,BEARISH,13.335
6110,3979.374,3985.661,3970.499,3979.25,25587,10023.35147631038,1,OVERBOUGHT,OVERBOUGHT,BEARISH,13.86
6111,3979.211,3986.655,3968.988,3985.6,27295,10023.35147631038,1,OVERBOUGHT,OVERBOUGHT,BULLISH,14.47
6112,3985.635,3991.059,3961.817,3966.153,32971,10023.35147631038,1,NEUTRAL,OVERBOUGHT,BEARISH,15.216
6113,3966.174,3979.52,3963.092,3976.555,23265,10023.35147631038,1,NEUTRAL,OVERBOUGHT,BEARISH,15.608
6114,3976.665,3987.71,3976.445,3980.912,15050,10023.35147631038,1,NEUTRAL,NEUTRAL,BEARISH,15.267
6115,3980.954,3983.908,3974.076,3980.947,14175,10023.35147631038,1,NEUTRAL,OVERBOUGHT,BEARISH,15.402
6116,3981.006,3986.505,3978.451,3984.493,14476,10023.35147631038,2,NEUTRAL,OVERBOUGHT,BEARISH,14.746
6117,3983.622,3995.936,3983.44,3994.411,11686,10023.35147631038,2,OVERBOUGHT,OVERBOUGHT,BULLISH,14.438
6118,3994.367,3999.248,3989.361,3992.425,12764,10527.952923010978,1,OVERBOUGHT,OVERBOUGHT,BULLISH,14.251
6119,3992.376,4000.841,3984.478,4000.581,16255,10527.952923010978,1,OVERBOUGHT,OVERBOUGHT,BULLISH,14.502
6120,4000.535,4011.713,3995.606,4011.629,11848,10527.952923010978,1,OVERBOUGHT,OVERBOUGHT,BULLISH,14.707
6121,4011.582,4027.29,4008.891,4026.73,21395,10527.952923010978,2,OVERBOUGHT,OVERBOUGHT,BULLISH,15.132
6122,4026.685,4037.014,4024.508,4029.11,14463,10527.952923010978,1,OVERBOUGHT,OVERBOUGHT,BULLISH,14.946
6123,4029.203,4033.172,4021.329,4031.575,16445,10527.952923010978,1,OVERBOUGHT,OVERBOUGHT,BULLISH,14.661
6124,4031.634,4039.023,4030.048,4034.2,15013,10527.952923010978,1,OVERBOUGHT,OVERBOUGHT,BULLISH,14.219
6125,4034.165,4040.498,4033.141,4036.247,12410,10527.952923010978,1,OVERBOUGHT,OVERBOUGHT,BULLISH,13.482
6126,4036.218,4049.548,4030.829,4049.239,13183,10527.952923010978,1,OVERBOUGHT,OVERBOUGHT,BULLISH,12.731
6127,4049.204,4049.665,4033.557,4037.132,14608,10527.952923010978,1,NEUTRAL,OVERBOUGHT,BULLISH,12.708
6128,4037.182,4038.141,4032.037,4038.007,11730,10527.952923010978,1,NEUTRAL,OVERBOUGHT,BULLISH,12.339
6129,4037.971,4046.419,4030.954,4040.056,19075,10527.952923010978,1,NEUTRAL,OVERBOUGHT,BULLISH,12.742
6130,4039.948,4049.416,4026.342,4038.117,30159,10527.952923010978,1,NEUTRAL,OVERBOUGHT,BULLISH,13.815
6131,4038.07,4049.059,4035.619,4048.136,22425,10527.952923010978,1,NEUTRAL,OVERBOUGHT,BULLISH,13.882
6132,4048.102,4050.719,4037.242,4045.664,20591,10527.952923010978,1,OVERBOUGHT,OVERBOUGHT,BULLISH,14.138
6133,4045.694,4059.321,4044.191,4056.5,16970,10527.952923010978,1,OVERBOUGHT,OVERBOUGHT,BULLISH,14.05
6134,4056.544,4058.141,4042.84,4051.268,14307,10527.952923010978,1,NEUTRAL,OVERBOUGHT,BEARISH,13.993
6135,4051.224,4053.207,4038.492,4049.827,18165,10527.952923010978,1,NEUTRAL,OVERBOUGHT,BEARISH,13.73
6136,4049.858,4054.593,4032.088,4044.942,25815,10527.952923010978,1,NEUTRAL,OVERBOUGHT,BEARISH,14.444
6137,4044.914,4046.725,4015.448,4021.407,20530,10527.952923010978,2,OVERSOLD,NEUTRAL,BEARISH,15.832
6138,4021.435,4021.984,4001.204,4011.688,19569,10527.952923010978,1,OVERSOLD,NEUTRAL,BEARISH,16.675
6139,4011.706,4028.008,4008.628,4023.037,18933,11706.834390660726,1,OVERSOLD,OVERSOLD,BEARISH,17.534
6140,4023.061,4036.3,4008.205,4019.764,38263,11706.834390660726,1,OVERSOLD,OVERSOLD,BEARISH,18.204
6141,4019.727,4021.236,4002.498,4018.578,23366,11706.834390660726,1,OVERSOLD,NEUTRAL,BEARISH,18.391
6142,4018.56,4029.537,4017.154,4026.783,12790,11706.834390660726,1,NEUTRAL,NEUTRAL,BEARISH,18.84
6143,4026.72,4043.744,4026.72,4039.776,25345,11706.834390660726,2,OVERBOUGHT,NEUTRAL,BEARISH,18.951
6144,4039.811,4041.01,4022.631,4026.1,19071,11706.834390660726,1,NEUTRAL,NEUTRAL,BEARISH,18.616
6145,4026.133,4032.971,4024.706,4031.582,14989,11706.834390660726,1,NEUTRAL,NEUTRAL,BEARISH,18.246
6146,4031.51,4042.059,4030.183,4037.488,22276,11706.834390660726,2,OVERBOUGHT,NEUTRAL,BEARISH,18.132
6147,4037.458,4046.757,4033.459,4044.488,21997,11706.834390660726,2,NEUTRAL,NEUTRAL,BEARISH,18.001
6148,4044.45,4053.776,4037.369,4053.367,19359,11706.834390660726,1,NEUTRAL,OVERBOUGHT,BEARISH,18.08
6149,4053.342,4057.972,4016.773,4017.276,52297,11706.834390660726,1,NEUTRAL,NEUTRAL,BEARISH,19.972
6150,4017.227,4029.078,4003.929,4024.195,61312,11706.834390660726,1,NEUTRAL,NEUTRAL,BEARISH,20.161
6151,4024.155,4028.583,4006.43,4014.637,36525,11706.834390660726,1,NEUTRAL,NEUTRAL,BEARISH,19.509
6152,4014.588,4021.757,3964.007,3968.612,48020,11706.834390660726,1,OVERSOLD,OVERSOLD,BEARISH,22.15
6153,3968.655,3974.424,3944.571,3950.14,55124,11706.834390660726,1,OVERSOLD,OVERSOLD,BEARISH,22.898
6154,3950.116,3968.883,3949.489,3957.338,25531,11706.834390660726,1,OVERSOLD,OVERSOLD,BEARISH,22.276
6155,3957.294,3982.214,3955.15,3973.033,22028,11706.834390660726,1,OVERSOLD,OVERSOLD,BEARISH,22.871
6156,3973.087,3981.298,3958.514,3975.332,20078,11706.834390660726,2,OVERSOLD,OVERSOLD,BEARISH,23.614
6157,3975.406,3990.833,3974.503,3989.932,12445,11706.834390660726,1,NEUTRAL,NEUTRAL,BEARISH,23.564
6158,3989.927,3994.427,3985.492,3991.074,14405,12642.572385200974,1,OVERBOUGHT,NEUTRAL,BEARISH,22.89
6159,3991.043,3992.409,3969.907,3973.275,23720,12642.572385200974,1,NEUTRAL,NEUTRAL,BEARISH,23.907
6160,3973.316,3986.808,3973.204,3978.67,14565,12642.572385200974,1,NEUTRAL,NEUTRAL,BEARISH,24.03
6161,3978.572,3979.278,3960.795,3961.963,17693,12642.572385200974,1,NEUTRAL,OVERSOLD,BEARISH,24.4
6162,3961.934,3966.77,3946.94,3966.375,16620,12642.572385200974,1,OVERSOLD,OVERSOLD,BEARISH,24.645
6163,3966.324,3977.909,3965.61,3974.815,18834,12642.572385200974,1,NEUTRAL,OVERSOLD,BEARISH,22.581
6164,3974.923,3976.16,3962.637,3968.41,21595,12642.572385200974,1,NEUTRAL,OVERSOLD,BEARISH,21.75
6165,3968.35,3976.279,3952.594,3971.948,22162,12642.572385200974,1,NEUTRAL,NEUTRAL,BEARISH,21.86
6166,3971.998,3994.832,3970.153,3992.036,17862,12642.572385200974,1,OVERBOUGHT,NEUTRAL,BULLISH,19.497
6167,3992.079,4006.76,3990.192,3995.72,19824,12642.572385200974,1,OVERBOUGHT,OVERBOUGHT,BULLISH,18.549
6168,3995.695,4000.091,3990.725,3993.963,17023,12642.572385200974,1,OVERBOUGHT,OVERBOUGHT,BULLISH,17.832
6169,3993.919,3999.743,3983.165,3987.181,18353,12642.572385200974,1,OVERBOUGHT,OVERBOUGHT,BULLISH,17.083
6170,3987.207,3993.534,3980.231,3985.702,21714,12642.572385200974,1,OVERBOUGHT,OVERBOUGHT,BULLISH,16.406
6171,3985.714,3998.208,3975.415,3980.873,35670,12642.572385200974,1,OVERSOLD,NEUTRAL,BULLISH,16.868
6172,3980.827,3994.225,3970.604,3990.132,35910,12642.572385200974,1,NEUTRAL,NEUTRAL,BULLISH,17.917
6173,3990.098,4022.825,3988.062,3997.977,66929,12642.572385200974,1,NEUTRAL,NEUTRAL,BULLISH,18.792
6174,3998.011,3998.782,3977.371,3983.316,43274,12642.572385200974,1,NEUTRAL,NEUTRAL,BULLISH,19.35
6175,3983.36,3992.207,3974.975,3989.844,29091,12642.572385200974,1,NEUTRAL,NEUTRAL,BULLISH,19.261
6176,3989.899,4009.078,3984.163,3999.062,21134,12642.572385200974,1,NEUTRAL,NEUTRAL,BULLISH,19.624
6177,3998.931,4021.387,3995.721,4011.206,23295,12642.572385200974,1,OVERBOUGHT,NEUTRAL,BULLISH,20.579
6178,4011.247,4020.878,4005.67,4010.399,17097,12642.572385200974,1,NEUTRAL,OVERBOUGHT,BULLISH,20.699
6179,4014.463,4045.305,4008.645,4042.325,23008,11635.482158038976,1,OVERBOUGHT,OVERBOUGHT,BULLISH,21.626
6180,4042.285,4060.232,4032.129,4035.147,26627,11635.482158038976,1,OVERBOUGHT,OVERBOUGHT,BULLISH,21.871
6181,4035.195,4059.998,4024.3,4043.878,37131,12147.02353981304,1,OVERBOUGHT,OVERBOUGHT,BULLISH,23.237
6182,4043.762,4054.984,4035.739,4053.025,31288,12147.02353981304,1,OVERBOUGHT,OVERBOUGHT,BULLISH,23.943
6183,4053.102,4055.915,4041.646,4048.05,18148,12147.02353981304,1,OVERBOUGHT,OVERBOUGHT,BULLISH,23.778
6184,4048.0,4056.467,4046.279,4051.909,12928,12147.02353981304,1,NEUTRAL,OVERBOUGHT,BULLISH,23.555
6185,4051.922,4078.206,4050.974,4063.659,31894,12147.02353981304,2,OVERBOUGHT,OVERBOUGHT,BULLISH,23.872
6186,4063.702,4073.572,4059.739,4069.542,21597,12147.02353981304,1,OVERBOUGHT,OVERBOUGHT,BULLISH,23.173
6187,4069.498,4077.49,4066.446,4071.176,16754,12147.02353981304,1,OVERBOUGHT,OVERBOUGHT,BULLISH,21.479
6188,4071.111,4079.319,4069.026,4077.813,15221,12147.02353981304,1,OVERBOUGHT,OVERBOUGHT,BULLISH,20.685
6189,4077.8,4085.323,4070.283,4080.975,25019,12147.02353981304,2,OVERBOUGHT,OVERBOUGHT,BULLISH,20.528
6190,4080.878,4084.617,4073.602,4073.986,14701,12147.02353981304,1,OVERBOUGHT,OVERBOUGHT,BULLISH,19.535
6191,4073.987,4085.859,4073.189,4079.554,20164,12147.02353981304,1,OVERBOUGHT,OVERBOUGHT,BULLISH,18.607
6192,4079.599,4095.605,4078.195,4093.982,28365,12147.02353981304,1,OVERBOUGHT,OVERBOUGHT,BULLISH,18.764
6193,4093.955,4103.956,4090.645,4097.364,24096,12147.02353981304,1,OVERBOUGHT,OVERBOUGHT,BULLISH,17.097
6194,4097.312,4107.412,4091.783,4104.946,18661,12147.02353981304,1,OVERBOUGHT,OVERBOUGHT,BULLISH,16.206
6195,4104.908,4117.103,4103.835,4105.753,19229,12147.02353981304,1,OVERBOUGHT,OVERBOUGHT,BULLISH,14.603
6196,4105.775,4115.415,4100.219,4103.905,18020,12147.02353981304,1,OVERBOUGHT,OVERBOUGHT,BULLISH,14.314
6197,4103.85,4110.936,4090.701,4108.639,25928,12147.02353981304,2,OVERBOUGHT,OVERBOUGHT,BULLISH,14.74
6198,4108.532,4115.834,4106.02,4114.935,12760,12147.02353981304,2,OVERBOUGHT,OVERBOUGHT,BULLISH,14.714
6199,4114.903,4132.068,4112.756,4128.045,16256,12147.02353981304,1,OVERBOUGHT,OVERBOUGHT,BULLISH,14.148
6200,4128.091,4130.196,4119.622,4124.551,18790,13540.751456656246,1,OVERBOUGHT,OVERBOUGHT,BULLISH,13.915
6201,4124.516,4149.929,4123.052,4137.283,33815,13540.751456656246,1,OVERBOUGHT,OVERBOUGHT,BULLISH,15.046
6202,4137.224,4149.756,4136.972,4146.07,19944,13540.751456656246,1,OVERBOUGHT,OVERBOUGHT,BULLISH,15.224
6203,4145.96,4166.495,4145.172,4163.373,16693,13540.751456656246,1,OVERBOUGHT,OVERBOUGHT,BULLISH,15.673
6204,4163.414,4170.064,4155.738,4168.037,17131,13540.751456656246,1,OVERBOUGHT,OVERBOUGHT,BULLISH,15.909
6205,4168.002,4179.744,4111.08,4121.145,58096,13540.751456656246,1,NEUTRAL,OVERBOUGHT,BULLISH,19.909
6206,4121.166,4133.902,4090.542,4112.12,69904,13540.751456656246,1,NEUTRAL,NEUTRAL,BEARISH,21.762
6207,4112.095,4127.827,4102.453,4126.283,35331,13540.751456656246,1,NEUTRAL,NEUTRAL,BEARISH,22.624
6208,4126.236,4145.221,4124.656,4143.981,27377,13540.751456656246,1,NEUTRAL,NEUTRAL,BEARISH,22.977
6209,4144.051,4144.347,4121.823,4127.456,25932,13540.751456656246,1,NEUTRAL,NEUTRAL,BEARISH,23.638
6210,4127.492,4144.234,4125.003,4131.785,24510,13540.751456656246,1,NEUTRAL,NEUTRAL,BEARISH,23.926
6211,4131.739,4137.842,4125.698,4130.511,19192,13540.751456656246,1,NEUTRAL,NEUTRAL,BEARISH,23.348
6212,4130.473,4134.503,4103.487,4106.476,35700,13540.751456656246,1,NEUTRAL,NEUTRAL,BEARISH,24.862
6213,4106.506,4129.531,4097.762,4124.097,55345,13540.751456656246,1,NEUTRAL,NEUTRAL,BEARISH,25.752
6214,4124.056,4137.582,4121.137,4129.088,37411,13540.751456656246,1,NEUTRAL,NEUTRAL,BEARISH,26.172
6215,4129.137,4142.764,4126.192,4137.989,25162,13540.751456656246,1,NEUTRAL,NEUTRAL,BEARISH,25.436
6216,4138.03,4155.316,4127.9,4140.455,29554,13540.751456656246,1,NEUTRAL,NEUTRAL,BEARISH,26.481
6217,4140.406,4153.004,4137.326,4148.06,25757,13540.751456656246,1,OVERBOUGHT,NEUTRAL,BEARISH,26.077
6218,4148.097,4152.503,4143.052,4148.18,15007,13540.751456656246,1,OVERBOUGHT,NEUTRAL,BEARISH,25.729
6219,4148.182,4150.642,4134.356,4141.606,22396,13540.751456656246,1,OVERBOUGHT,NEUTRAL,BEARISH,21.988
6220,4141.564,4163.875,4139.138,4158.416,20428,13540.751456656246,2,OVERBOUGHT,OVERBOUGHT,BEARISH,20.658
6221,4158.45,4169.666,4153.849,4162.576,25899,14067.489413165174,2,OVERBOUGHT,OVERBOUGHT,BEARISH,19.975
6222,4162.604,4186.774,4162.047,4181.641,29233,14067.489413165174,1,OVERBOUGHT,OVERBOUGHT,BULLISH,20.272
6223,4181.703,4184.621,4167.039,4176.378,20521,14067.489413165174,1,OVERBOUGHT,OVERBOUGHT,BULLISH,19.919
6224,4176.415,4190.889,4173.264,4179.758,23322,14067.489413165174,2,OVERBOUGHT,OVERBOUGHT,BULLISH,19.805
6225,4179.646,4193.717,4176.539,4185.969,17024,14067.489413165174,1,OVERBOUGHT,OVERBOUGHT,BULLISH,20.164
6226,4185.873,4200.349,4184.208,4199.35,15471,14067.489413165174,1,OVERBOUGHT,OVERBOUGHT,BULLISH,19.102
6227,4199.388,4218.249,4194.569,4208.095,27927,14067.489413165174,2,OVERBOUGHT,OVERBOUGHT,BULLISH,18.524
6228,4208.169,4212.071,4164.75,4192.554,33374,14067.489413165174,1,NEUTRAL,OVERBOUGHT,BULLISH,20.729
6229,4192.449,4206.417,4190.434,4202.555,18030,14067.489413165174,1,OVERBOUGHT,OVERBOUGHT,BULLISH,20.687
6230,4202.525,4204.284,4176.187,4190.504,43155,14067.489413165174,2,NEUTRAL,OVERBOUGHT,BULLISH,20.736
6231,4190.53,4198.684,4182.851,4192.199,36491,14067.489413165174,1,NEUTRAL,OVERBOUGHT,BULLISH,20.747
6232,4192.153,4212.361,4191.439,4199.899,32939,14067.489413165174,1,NEUTRAL,OVERBOUGHT,BULLISH,21.566
6233,4199.867,4203.041,4179.677,4190.267,37022,14067.489413165174,1,NEUTRAL,OVERBOUGHT,BEARISH,22.072
6234,4190.285,4199.978,4186.244,4199.098,22760,14067.489413165174,1,NEUTRAL,OVERBOUGHT,BEARISH,21.286
6235,4199.048,4199.722,4182.548,4197.937,27555,14067.489413165174,1,NEUTRAL,NEUTRAL,BEARISH,21.383
6236,4197.895,4204.712,4195.132,4200.571,17041,14067.489413165174,1,NEUTRAL,NEUTRAL,BEARISH,20.301
6237,4200.542,4213.525,4200.368,4208.27,19835,14067.489413165174,2,NEUTRAL,OVERBOUGHT,BEARISH,19.985
6238,4211.948,4215.901,4199.612,4209.458,19390,14067.489413165174,2,OVERBOUGHT,OVERBOUGHT,BEARISH,19.89
6239,4209.491,4227.272,4204.95,4210.631,17451,14792.379310324046,1,OVERBOUGHT,OVERBOUGHT,BEARISH,20.257
6240,4210.679,4232.972,4210.679,4230.194,22494,14792.379310324046,1,OVERBOUGHT,OVERBOUGHT,BULLISH,20.7
6241,4230.221,4242.179,4225.872,4233.816,26630,14792.379310324046,2,OVERBOUGHT,OVERBOUGHT,BULLISH,20.173
6242,4233.804,4239.454,4203.508,4204.951,47527,14792.379310324046,2,NEUTRAL,OVERBOUGHT,BEARISH,19.361
6243,4204.915,4227.185,4203.661,4222.844,21733,14792.379310324046,1,NEUTRAL,NEUTRAL,BEARISH,19.899
6244,4222.776,4235.933,4222.094,4232.869,25782,14792.379310324046,2,NEUTRAL,NEUTRAL,BEARISH,18.881
6245,4232.903,4246.204,4222.062,4242.761,26347,14792.379310324046,2,NEUTRAL,OVERBOUGHT,BULLISH,19.474
6246,4242.802,4251.174,4227.664,4235.936,36944,14792.379310324046,2,NEUTRAL,OVERBOUGHT,BULLISH,19.659
6247,4235.95,4258.793,4234.754,4246.407,32866,14792.379310324046,1,OVERBOUGHT,OVERBOUGHT,BULLISH,19.707
6248,4246.383,4267.638,4245.393,4263.22,30110,14792.379310324046,1,OVERBOUGHT,OVERBOUGHT,BULLISH,20.315
6249,4263.261,4276.073,4260.83,4273.385,22793,14792.379310324046,1,OVERBOUGHT,OVERBOUGHT,BULLISH,20.177
6250,4273.438,4291.937,4261.316,4282.611,50238,14792.379310324046,1,OVERBOUGHT,OVERBOUGHT,BULLISH,21.68
6251,4282.579,4298.709,4280.062,4293.827,30567,14792.379310324046,1,OVERBOUGHT,OVERBOUGHT,BULLISH,22.072
6252,4293.796,4294.975,4273.39,4291.108,30475,14792.379310324046,1,OVERBOUGHT,OVERBOUGHT,BULLISH,22.451
6253,4291.049,4313.043,4287.719,4307.326,22262,14792.379310324046,1,OVERBOUGHT,OVERBOUGHT,BULLISH,22.665
6254,4307.373,4330.533,4307.373,4329.323,15550,14792.379310324046,1,OVERBOUGHT,OVERBOUGHT,BULLISH,22.727
6255,4345.115,4380.074,4332.624,4346.788,33629,14792.379310324046,1,OVERBOUGHT,OVERBOUGHT,BULLISH,25.187
6256,4346.812,4379.168,4341.849,4365.805,26894,14792.379310324046,1,OVERBOUGHT,OVERBOUGHT,BULLISH,25.285
6257,4365.763,4371.673,4353.488,4358.268,28160,17283.79556648366,1,OVERBOUGHT,OVERBOUGHT,BULLISH,24.904
6258,4358.303,4362.22,4278.793,4314.085,81993,17283.79556648366,1,NEUTRAL,OVERBOUGHT,BULLISH,29.875
6259,4314.012,4348.533,4312.218,4342.454,43248,17283.79556648366,1,NEUTRAL,OVERBOUGHT,BULLISH,30.744
6260,4342.504,4366.815,4338.707,4366.766,22972,17283.79556648366,1,NEUTRAL,OVERBOUGHT,BULLISH,31.073
6261,4366.703,4377.169,4355.105,4376.318,22251,17283.79556648366,1,NEUTRAL,OVERBOUGHT,BULLISH,30.931
6262,4376.281,4378.578,4342.105,4365.587,32587,17283.79556648366,1,NEUTRAL,OVERBOUGHT,BULLISH,31.948
6263,4365.63,4369.599,4346.81,4360.029,36469,17283.79556648366,1,OVERBOUGHT,OVERBOUGHT,BULLISH,32.487
6264,4360.067,4361.948,4309.025,4342.299,53350,17283.79556648366,1,NEUTRAL,OVERBOUGHT,BEARISH,34.08
6265,4342.408,4349.778,4321.101,4347.8,41168,17283.79556648366,1,NEUTRAL,OVERBOUGHT,BEARISH,34.796
6266,4347.753,4348.535,4332.263,4340.238,22713,17283.79556648366,1,OVERSOLD,NEUTRAL,BEARISH,34.417
6267,4340.196,4342.141,4319.538,4327.664,29120,17283.79556648366,1,OVERSOLD,NEUTRAL,BEARISH,34.222
6268,4327.628,4336.003,4286.685,4287.115,50221,17283.79556648366,1,OVERSOLD,NEUTRAL,BEARISH,36.087
6269,4287.178,4320.263,4283.516,4314.447,50282,17283.79556648366,1,NEUTRAL,NEUTRAL,BEARISH,35.087
6270,4314.485,4317.803,4258.315,4273.92,88492,17283.79556648366,1,OVERSOLD,OVERSOLD,BEARISH,36.671
6271,4273.883,4274.643,4216.823,4248.889,118636,17283.79556648366,1,OVERSOLD,OVERSOLD,BEARISH,39.502
6272,4248.951,4259.404,4230.971,4237.478,52490,17283.79556648366,1,OVERSOLD,OVERSOLD,BEARISH,35.574
6273,4237.54,4244.943,4200.886,4205.005,62913,17283.79556648366,1,OVERSOLD,OVERSOLD,BEARISH,36.127
6274,4205.033,4228.424,4186.194,4221.176,58459,17283.79556648366,1,OVERSOLD,OVERSOLD,BEARISH,37.135
6275,4221.212,4244.708,4218.119,4235.715,34992,17283.79556648366,1,NEUTRAL,OVERSOLD,BEARISH,37.459
6276,4235.626,4237.851,4212.62,4225.936,31266,17283.79556648366,1,NEUTRAL,OVERSOLD,BEARISH,36.656
6277,4225.895,4252.702,4220.102,4250.936,21072,17283.79556648366,1,NEUTRAL,OVERSOLD,BEARISH,37.356
6278,4264.629,4268.301,4245.444,4255.79,21741,15800.092814120137,1,OVERBOUGHT,NEUTRAL,BEARISH,35.209
6279,4255.758,4256.409,4233.246,4237.893,19177,15800.092814120137,1,NEUTRAL,NEUTRAL,BEARISH,34.815
6280,4237.865,4250.797,4218.931,4249.458,34548,16627.718895315043,1,NEUTRAL,NEUTRAL,BEARISH,35.929
6281,4249.406,4268.979,4229.569,4262.393,45375,16627.718895315043,1,OVERBOUGHT,NEUTRAL,BEARISH,37.129
6282,4262.444,4271.286,4253.389,4255.797,24438,16627.718895315043,1,NEUTRAL,NEUTRAL,BEARISH,34.885
6283,4255.821,4265.374,4248.719,4264.725,18465,16627.718895315043,1,NEUTRAL,NEUTRAL,BEARISH,33.45
6284,4264.681,4268.282,4239.782,4239.968,39428,16627.718895315043,2,NEUTRAL,NEUTRAL,BEARISH,31.236
6285,4240.003,4245.787,4221.442,4236.327,36041,16627.718895315043,1,NEUTRAL,NEUTRAL,BEARISH,28.845
6286,4236.261,4260.954,4234.778,4255.173,22673,16627.718895315043,1,NEUTRAL,NEUTRAL,BEARISH,28.684
6287,4255.137,4266.18,4252.29,4258.671,17821,16627.718895315043,1,NEUTRAL,OVERBOUGHT,BULLISH,26.529
6288,4258.706,4263.693,4245.621,4254.885,33285,16627.718895315043,2,NEUTRAL,OVERBOUGHT,BULLISH,24.804
6289,4254.846,4327.141,4250.858,4323.592,58609,16627.718895315043,2,OVERBOUGHT,OVERBOUGHT,BULLISH,28.353
6290,4323.638,4325.198,4299.445,4300.895,54206,16627.718895315043,1,OVERBOUGHT,OVERBOUGHT,BULLISH,28.39
6291,4300.862,4334.775,4292.608,4332.303,42816,16627.718895315043,1,OVERBOUGHT,OVERBOUGHT,BULLISH,29.074
6292,4332.25,4355.781,4332.25,4349.215,30748,16627.718895315043,1,OVERBOUGHT,OVERBOUGHT,BULLISH,29.122
6293,4349.18,4350.84,4342.655,4347.872,19887,16627.718895315043,1,OVERBOUGHT,OVERBOUGHT,BULLISH,28.052
6294,4347.838,4351.148,4337.366,4347.561,19905,16627.718895315043,1,NEUTRAL,OVERBOUGHT,BULLISH,26.76
6295,4347.6,4364.61,4344.535,4359.427,17759,16627.718895315043,1,OVERBOUGHT,OVERBOUGHT,BULLISH,25.379
6296,4359.463,4381.58,4359.211,4378.166,17712,16627.718895315043,1,OVERBOUGHT,OVERBOUGHT,BULLISH,25.699
6297,4378.211,4380.084,4346.475,4356.065,23618,16627.718895315043,1,NEUTRAL,OVERBOUGHT,BULLISH,26.91
6298,4364.452,4375.487,4357.543,4367.465,17850,16627.718895315043,1,NEUTRAL,OVERBOUGHT,BULLISH,26.261
6299,4367.54,4371.66,4356.143,4368.835,32700,18633.499635443768,2,NEUTRAL,OVERBOUGHT,BULLISH,25.631
6300,4368.79,4372.296,4332.867,4350.796,36202,18633.499635443768,1,NEUTRAL,OVERBOUGHT,BULLISH,26.577
6301,4350.86,4355.422,4335.163,4338.833,26770,18633.499635443768,1,OVERSOLD,OVERBOUGHT,BULLISH,27.032
6302,4338.872,4350.828,4337.165,4341.941,24341,18633.499635443768,2,NEUTRAL,OVERBOUGHT,BULLISH,26.717
6303,4341.946,4344.254,4317.151,4323.315,25589,18633.499635443768,1,OVERSOLD,NEUTRAL,BEARISH,23.205
6304,4323.285,4344.314,4317.169,4343.203,21920,18633.499635443768,1,NEUTRAL,NEUTRAL,BEARISH,23.304
6305,4343.227,4343.246,4293.421,4298.449,42294,18633.499635443768,1,OVERSOLD,NEUTRAL,BEARISH,23.851
6306,4298.422,4301.786,4244.728,4273.899,67307,18633.499635443768,1,OVERSOLD,OVERSOLD,BEARISH,26.246
6307,4273.933,4278.089,4254.6,4265.136,32116,18633.499635443768,1,OVERSOLD,OVERSOLD,BEARISH,27.339
6308,4265.17,4266.508,4249.266,4253.766,27037,18633.499635443768,1,OVERSOLD,OVERSOLD,BEARISH,27.586
6309,4253.74,4272.444,4245.513,4253.325,25181,18633.499635443768,1,OVERSOLD,OVERSOLD,BEARISH,28.076
6310,4253.353,4257.511,4205.788,4211.051,61301,18633.499635443768,1,OVERSOLD,OVERSOLD,BEARISH,30.173
6311,4211.104,4225.438,4167.546,4174.072,93124,18633.499635443768,1,OVERSOLD,OVERSOLD,BEARISH,31.907
6312,4174.028,4188.475,4080.817,4138.93,124680,18633.499635443768,1,OVERSOLD,OVERSOLD,BEARISH,38.21
6313,4138.867,4150.621,4120.016,4138.534,69918,18633.499635443768,1,OVERSOLD,OVERSOLD,BEARISH,39.287
6314,4138.576,4143.856,4101.352,4113.475,52130,18633.499635443768,1,OVERSOLD,OVERSOLD,BEARISH,39.507
6315,4113.579,4120.268,4093.562,4111.23,49244,18633.499635443768,1,OVERSOLD,OVERSOLD,BEARISH,39.967
6316,4111.195,4125.845,4106.379,4114.82,25981,18633.499635443768,1,OVERSOLD,OVERSOLD,BEARISH,40.382
6317,4114.884,4122.187,4100.376,4108.77,29343,18633.499635443768,1,OVERSOLD,OVERSOLD,BEARISH,40.004
6318,4108.82,4132.322,4105.999,4123.321,30788,18633.499635443768,2,NEUTRAL,OVERSOLD,BEARISH,39.945
6319,4123.349,4127.882,4090.142,4093.165,19136,18633.499635443768,1,NEUTRAL,OVERSOLD,BEARISH,39.082
6320,4093.182,4094.052,4004.185,4075.132,112407,20846.944114607853,1,OVERSOLD,OVERSOLD,BEARISH,41.426
6321,4075.165,4121.127,4064.368,4087.177,67388,20846.944114607853,1,NEUTRAL,OVERSOLD,BEARISH,43.802
6322,4087.217,4117.877,4087.217,4114.959,27244,20846.944114607853,1,NEUTRAL,NEUTRAL,BEARISH,44.763
6323,4115.057,4143.143,4107.312,4128.674,25169,20846.944114607853,1,NEUTRAL,NEUTRAL,BEARISH,45.399
6324,4128.682,4147.036,4107.536,4135.121,43645,20846.944114607853,2,OVERBOUGHT,NEUTRAL,BULLISH,44.526
6325,4135.068,4161.36,4127.694,4155.708,24202,20846.944114607853,1,OVERBOUGHT,NEUTRAL,BULLISH,42.795
6326,4155.667,4156.416,4129.293,4132.901,38728,20846.944114607853,1,OVERBOUGHT,OVERBOUGHT,BULLISH,37.043
6327,4132.863,4135.863,4058.578,4070.631,74410,20846.944114607853,1,NEUTRAL,NEUTRAL,BULLISH,40.377
6328,4070.588,4101.828,4061.553,4069.534,48985,20846.944114607853,1,OVERSOLD,NEUTRAL,BULLISH,40.218
6329,4069.522,4090.887,4023.736,4035.14,46453,20846.944114607853,1,OVERSOLD,NEUTRAL,BEARISH,43.107
6330,4035.165,4045.031,4015.047,4027.778,57622,20846.944114607853,1,OVERSOLD,OVERSOLD,BEARISH,43.858
6331,4027.805,4053.495,4023.053,4033.849,51699,20846.944114607853,1,OVERSOLD,OVERSOLD,BEARISH,44.475
6332,4033.885,4085.272,4033.417,4075.941,69960,20846.944114607853,1,NEUTRAL,OVERSOLD,BEARISH,46.298
6333,4075.9,4078.384,4010.942,4015.041,66524,20846.944114607853,1,NEUTRAL,OVERSOLD,BEARISH,48.42
6334,4014.994,4047.398,4014.775,4037.089,52270,20846.944114607853,1,NEUTRAL,OVERSOLD,BEARISH,44.331
6335,4037.043,4064.265,4023.139,4059.221,50054,20846.944114607853,1,NEUTRAL,OVERSOLD,BULLISH,43.215
6336,4059.185,4071.16,4043.944,4069.951,41149,20846.944114607853,1,NEUTRAL,OVERSOLD,BULLISH,42.966
6337,4070.005,4113.704,4066.557,4102.378,52016,20846.944114607853,2,NEUTRAL,NEUTRAL,BULLISH,43.774
6338,4102.333,4116.471,4088.506,4102.05,34567,20846.944114607853,2,OVERBOUGHT,NEUTRAL,BULLISH,42.95
6339,4102.076,4104.798,4065.957,4081.825,53624,20980.758960835676,2,OVERBOUGHT,NEUTRAL,BULLISH,43.32
6340,4081.866,4092.824,4071.787,4073.297,30875,20980.758960835676,1,NEUTRAL,NEUTRAL,BULLISH,42.885
6341,4073.322,4100.761,4072.192,4091.173,36787,20980.758960835676,2,NEUTRAL,NEUTRAL,BULLISH,39.405
6342,4091.195,4110.517,4079.656,4110.266,30496,20980.758960835676,2,NEUTRAL,OVERBOUGHT,BULLISH,38.733
6343,4110.224,4137.712,4110.089,4113.63,39594,20980.758960835676,1,NEUTRAL,OVERBOUGHT,BULLISH,35.909
6344,4113.583,4121.3,4091.793,4094.256,29915,20980.758960835676,1,NEUTRAL,OVERBOUGHT,BULLISH,35.875
6345,4094.318,4119.027,4094.318,4116.135,25338,20980.758960835676,1,OVERBOUGHT,OVERBOUGHT,BULLISH,35.47
6346,4116.178,4125.442,4101.72,4108.833,44280,20980.758960835676,2,NEUTRAL,OVERBOUGHT,BULLISH,33.461
6347,4108.879,4121.002,4107.654,4109.614,23554,20980.758960835676,1,NEUTRAL,OVERBOUGHT,BULLISH,29.597
6348,4109.581,4129.402,4100.14,4127.175,26121,20980.758960835676,1,NEUTRAL,OVERBOUGHT,BULLISH,29.357
6349,4127.216,4151.129,4125.784,4144.946,46478,20980.758960835676,1,OVERBOUGHT,OVERBOUGHT,BULLISH,28.23
6350,4144.905,4154.67,4135.985,4148.258,36617,20980.758960835676,1,OVERBOUGHT,OVERBOUGHT,BULLISH,27.62
6351,4148.265,4151.888,4137.135,4141.845,24057,20980.758960835676,1,OVERBOUGHT,OVERBOUGHT,BULLISH,25.306
6352,4141.816,4148.643,4125.451,4133.022,22082,20980.758960835676,1,OVERBOUGHT,OVERBOUGHT,BULLISH,24.965
6353,4132.976,4143.459,4124.777,4135.982,33720,20980.758960835676,2,NEUTRAL,OVERBOUGHT,BULLISH,23.526
6354,4136.016,4138.225,4107.377,4125.56,30379,20980.758960835676,2,OVERSOLD,OVERBOUGHT,BULLISH,24.226
6355,4131.889,4133.713,4105.847,4132.56,35331,21004.674774089424,3,OVERSOLD,OVERBOUGHT,BULLISH,24.176
6356,4132.579,4144.291,4112.115,4118.913,26899,21004.674774089424,1,OVERSOLD,NEUTRAL,BULLISH,24.27
6357,4118.87,4123.55,4107.529,4122.38,31507,21004.674774089424,2,NEUTRAL,NEUTRAL,BULLISH,23.441
6358,4122.262,4123.344,4102.836,4104.65,28901,21004.674774089424,2,OVERSOLD,NEUTRAL,BULLISH,22.798
6359,4104.612,4104.856,4081.392,4092.215,28356,21004.674774089424,1,OVERSOLD,OVERSOLD,BEARISH,22.705
6360,4092.149,4096.016,4069.547,4074.245,24487,21004.674774089424,1,OVERSOLD,OVERSOLD,BEARISH,22.901
6361,4074.396,4077.862,4047.448,4065.337,32214,21004.674774089424,1,OVERSOLD,OVERSOLD,BEARISH,24.12
6362,4065.246,4073.618,4053.48,4054.777,35651,21004.674774089424,2,OVERSOLD,OVERSOLD,BEARISH,23.469
6363,4054.814,4065.572,4043.978,4061.284,21608,21004.674774089424,1,OVERSOLD,OVERSOLD,BEARISH,23.201
6364,4061.371,4093.731,4059.819,4082.059,37675,21004.674774089424,1,NEUTRAL,OVERSOLD,BEARISH,24.288
6365,4082.055,4122.324,4079.11,4106.845,61728,21004.674774089424,1,OVERBOUGHT,NEUTRAL,BEARISH,26.321
6366,4106.682,4135.165,4102.186,4117.364,45388,21004.674774089424,1,OVERBOUGHT,NEUTRAL,BEARISH,27.02
6367,4117.339,4131.922,4113.214,4130.347,28566,21004.674774089424,1,OVERBOUGHT,OVERBOUGHT,BULLISH,27.022
6368,4130.413,4138.622,4121.668,4129.162,22458,21004.674774089424,1,OVERBOUGHT,OVERBOUGHT,BULLISH,26.03
6369,4129.208,4134.371,4105.648,4107.534,23754,21004.674774089424,1,NEUTRAL,OVERBOUGHT,BULLISH,26.091
6370,4107.585,4117.399,4101.827,4103.999,35924,21004.674774089424,2,NEUTRAL,OVERBOUGHT,BULLISH,24.905
6371,4104.036,4114.079,4071.727,4081.737,37470,19203.094636874557,2,OVERSOLD,NEUTRAL,BULLISH,26.786
6372,4081.764,4088.452,4061.912,4064.458,22393,19203.094636874557,1,OVERSOLD,NEUTRAL,BEARISH,27.217
6373,4064.532,4084.192,4058.108,4081.329,21259,19633.176893680156,1,OVERSOLD,NEUTRAL,BEARISH,27.404
6374,4081.368,4097.81,4074.984,4081.775,30612,19633.176893680156,1,OVERSOLD,NEUTRAL,BEARISH,27.144
6375,4081.709,4082.158,4065.319,4069.562,33021,19633.176893680156,2,OVERSOLD,NEUTRAL,BEARISH,26.174
6376,4069.523,4084.54,4053.805,4079.552,32632,19633.176893680156,2,NEUTRAL,NEUTRAL,BEARISH,26.931
6377,4079.522,4084.782,4064.017,4068.619,32436,19633.176893680156,2,NEUTRAL,OVERSOLD,BEARISH,26.872
6378,4068.588,4070.534,4023.351,4043.324,28137,19633.176893680156,1,OVERSOLD,OVERSOLD,BEARISH,27.82
6379,4043.408,4050.309,4030.078,4039.737,31082,19633.176893680156,1,OVERSOLD,OVERSOLD,BEARISH,26.178
6380,4039.716,4047.861,4028.795,4037.364,20688,19633.176893680156,1,OVERSOLD,OVERSOLD,BEARISH,25.184
6381,4037.407,4041.448,4015.396,4023.923,28565,19633.176893680156,1,OVERSOLD,OVERSOLD,BEARISH,25.709
6382,4023.966,4046.553,4022.293,4045.514,27690,19633.176893680156,1,NEUTRAL,OVERSOLD,BEARISH,26.231
6383,4045.564,4050.275,4013.181,4021.994,49041,19633.176893680156,1,NEUTRAL,OVERSOLD,BEARISH,26.829
6384,4021.956,4023.383,3982.877,3987.91,68902,19633.176893680156,1,OVERSOLD,OVERSOLD,BEARISH,28.61
6385,3987.954,3993.532,3971.348,3989.93,44391,19633.176893680156,1,OVERSOLD,OVERSOLD,BEARISH,27.169
6386,3990.039,4000.444,3983.978,3999.159,22365,19633.176893680156,1,NEUTRAL,OVERSOLD,BEARISH,26.449
6387,3999.255,4008.853,3990.771,4006.513,21266,19633.176893680156,1,OVERSOLD,OVERSOLD,BEARISH,25.878
6388,4006.466,4010.147,3985.575,3990.129,40525,19633.176893680156,2,OVERSOLD,OVERSOLD,BEARISH,26.002
6389,3990.176,4000.309,3979.11,3989.898,23605,19633.176893680156,2,NEUTRAL,OVERSOLD,BEARISH,26.314
6390,3989.895,4009.746,3973.043,4006.746,32393,19981.104491107442,2,NEUTRAL,OVERSOLD,BEARISH,26.74
6391,4006.712,4019.767,4004.355,4011.01,24267,19981.104491107442,1,NEUTRAL,OVERSOLD,BEARISH,26.358
6392,4011.095,4013.993,3980.663,3983.882,24278,19981.104491107442,1,NEUTRAL,OVERSOLD,BEARISH,25.368
6393,3983.838,3994.414,3963.645,3973.68,35765,19981.104491107442,2,NEUTRAL,OVERSOLD,BEARISH,26.121
6394,3973.682,3980.217,3958.982,3966.469,24493,19981.104491107442,1,NEUTRAL,OVERSOLD,BEARISH,26.276
6395,3966.492,3968.627,3938.4,3942.594,25817,19981.104491107442,1,OVERSOLD,OVERSOLD,BEARISH,26.574
6396,3942.62,3948.559,3921.754,3932.43,29161,19981.104491107442,1,OVERSOLD,OVERSOLD,BEARISH,26.756
6397,3932.477,3935.894,3896.501,3897.412,37740,19981.104491107442,1,OVERSOLD,OVERSOLD,BEARISH,26.92
6398,3897.452,3911.022,3886.535,3904.714,32705,19981.104491107442,1,OVERSOLD,OVERSOLD,BEARISH,25.776
6399,3904.702,3930.741,3899.954,3926.405,24900,19981.104491107442,1,OVERSOLD,OVERSOLD,BEARISH,26.39
6400,3926.519,3929.977,3910.787,3923.293,23583,19981.104491107442,1,NEUTRAL,OVERSOLD,BEARISH,26.585
6401,3923.248,3929.875,3905.537,3912.871,24837,19981.104491107442,1,NEUTRAL,OVERSOLD,BEARISH,27.032
6402,3912.946,3940.445,3912.412,3938.881,43156,19981.104491107442,1,OVERBOUGHT,OVERSOLD,BEARISH,27.279
6403,3938.934,3953.977,3934.699,3949.702,30893,19981.104491107442,1,OVERBOUGHT,NEUTRAL,BULLISH,27.142
6404,3949.678,3969.611,3947.11,3964.813,23294,19981.104491107442,1,OVERBOUGHT,NEUTRAL,BULLISH,26.127
6405,3964.724,3965.409,3951.101,3958.538,27639,19981.104491107442,1,OVERBOUGHT,NEUTRAL,BULLISH,26.049
6406,3958.469,3970.422,3955.104,3962.456,20978,19981.104491107442,1,OVERBOUGHT,NEUTRAL,BULLISH,24.762
6407,3962.423,3964.096,3945.144,3960.116,37463,19981.104491107442,2,OVERBOUGHT,NEUTRAL,BULLISH,23.918
6408,3960.164,3961.198,3915.99,3934.029,33161,19981.104491107442,2,NEUTRAL,NEUTRAL,BULLISH,25.63
6409,3934.044,3982.25,3933.965,3975.301,35934,20255.400095128956,2,NEUTRAL,OVERBOUGHT,BULLISH,26.92
6410,3975.258,3979.73,3966.152,3973.798,23989,20255.400095128956,1,NEUTRAL,OVERBOUGHT,BULLISH,25.975
6411,3973.775,3974.537,3944.199,3961.181,22111,20255.400095128956,1,NEUTRAL,OVERBOUGHT,BULLISH,25.329
6412,3961.27,3972.238,3951.163,3952.027,29726,20255.400095128956,2,NEUTRAL,OVERBOUGHT,BULLISH,25.085
6413,3952.044,3984.966,3950.749,3978.31,35759,20255.400095128956,2,OVERBOUGHT,OVERBOUGHT,BULLISH,25.33
6414,3978.332,4018.454,3974.965,4016.617,39281,20255.400095128956,2,OVERBOUGHT,OVERBOUGHT,BULLISH,27.066
6415,4016.592,4029.706,4013.389,4023.366,36517,20255.400095128956,2,OVERBOUGHT,OVERBOUGHT,BULLISH,26.493
6416,4023.415,4030.262,4013.39,4025.39,40463,20255.400095128956,2,OVERBOUGHT,OVERBOUGHT,BULLISH,25.695
6417,4025.357,4025.491,4002.471,4012.287,32342,20255.400095128956,1,OVERBOUGHT,OVERBOUGHT,BULLISH,25.963
6418,4012.253,4022.445,4007.362,4008.574,24208,20255.400095128956,1,OVERBOUGHT,OVERBOUGHT,BULLISH,25.433
6419,4008.543,4012.122,3989.229,3992.986,26058,20255.400095128956,1,OVERSOLD,OVERBOUGHT,BULLISH,26.046
6420,3993.009,4001.026,3985.614,3994.873,29783,20255.400095128956,2,OVERSOLD,OVERBOUGHT,BULLISH,26.053
6421,3994.835,4007.501,3942.858,3969.394,79949,20255.400095128956,1,OVERSOLD,NEUTRAL,BULLISH,29.316
6422,3969.431,3979.737,3927.91,3945.555,54061,20255.400095128956,1,OVERSOLD,NEUTRAL,BEARISH,29.789
6423,3945.528,3954.231,3917.163,3941.336,40704,20255.400095128956,2,OVERSOLD,OVERSOLD,BEARISH,28.988
6424,3941.38,3964.254,3938.026,3950.226,34349,20461.842149561122,2,OVERSOLD,OVERSOLD,BEARISH,29.892
6425,3950.21,3966.389,3945.164,3948.049,27444,20461.842149561122,1,OVERSOLD,OVERSOLD,BEARISH,29.241
6426,3947.937,3948.246,3921.643,3921.95,26021,20461.842149561122,1,OVERSOLD,OVERSOLD,BEARISH,29.636
6427,3921.953,3982.403,3915.334,3972.691,46402,20461.842149561122,2,NEUTRAL,OVERSOLD,BEARISH,31.982
6428,3972.664,3978.446,3947.087,3963.757,28721,20461.842149561122,1,NEUTRAL,NEUTRAL,BEARISH,31.116
6429,3963.644,3977.177,3956.288,3976.836,24637,20461.842149561122,1,NEUTRAL,NEUTRAL,BEARISH,31.442
6430,3976.777,3977.241,3955.865,3976.355,38113,20461.842149561122,2,NEUTRAL,NEUTRAL,BULLISH,31.764
6431,3976.396,4011.825,3975.929,3998.67,26574,20461.842149561122,1,OVERBOUGHT,NEUTRAL,BULLISH,32.684
6432,3998.624,4000.997,3973.717,3984.292,22512,20461.842149561122,1,NEUTRAL,NEUTRAL,BULLISH,33.555
6433,3984.318,3985.026,3964.005,3974.38,21285,20461.842149561122,1,NEUTRAL,OVERBOUGHT,BULLISH,33.421
6434,3974.422,3985.603,3961.008,3961.446,28859,20461.842149561122,1,NEUTRAL,NEUTRAL,BULLISH,34.077
6435,3961.408,3995.367,3960.046,3995.367,40708,20461.842149561122,1,NEUTRAL,NEUTRAL,BULLISH,31.983
6436,3995.342,4014.838,3986.728,3996.41,48644,20461.842149561122,1,NEUTRAL,OVERBOUGHT,BULLISH,30.289
6437,3996.359,4008.469,3988.385,4001.938,26941,20461.842149561122,1,NEUTRAL,OVERBOUGHT,BULLISH,29.075
6438,4001.9,4017.955,3991.38,4004.795,35220,20461.842149561122,2,OVERBOUGHT,OVERBOUGHT,BULLISH,29.1
6439,4004.839,4026.044,4000.245,4023.466,32481,20461.842149561122,2,OVERBOUGHT,OVERBOUGHT,BULLISH,29.427
6440,4023.43,4046.422,4016.328,4037.974,23609,20461.842149561122,2,OVERBOUGHT,OVERBOUGHT,BULLISH,29.676
6441,4038.012,4043.024,4018.906,4025.376,35504,20284.444484523552,2,OVERBOUGHT,OVERBOUGHT,BULLISH,26.608
6442,4025.344,4039.294,4012.93,4018.868,24978,20284.444484523552,1,NEUTRAL,OVERBOUGHT,BULLISH,26.252
6443,4018.824,4019.234,4001.508,4011.051,26612,20284.444484523552,1,NEUTRAL,NEUTRAL,BULLISH,26.026
6444,4011.118,4013.982,3991.125,3996.422,21350,20284.444484523552,1,OVERSOLD,NEUTRAL,BULLISH,26.131
6445,3996.413,4011.353,3989.079,4005.093,35364,20284.444484523552,2,OVERSOLD,NEUTRAL,BULLISH,25.158
6446,4005.121,4025.306,4002.055,4021.041,38923,20284.444484523552,2,NEUTRAL,NEUTRAL,BULLISH,24.871
6447,4021.002,4026.871,3998.795,4008.531,35078,20284.444484523552,2,NEUTRAL,NEUTRAL,BULLISH,25.375
6448,4008.522,4016.816,4001.697,4010.585,27543,20284.444484523552,2,NEUTRAL,NEUTRAL,BEARISH,24.698
6449,4010.528,4036.257,4009.075,4023.047,20509,20284.444484523552,1,OVERBOUGHT,NEUTRAL,BULLISH,24.116
6450,4023.013,4035.292,4010.09,4016.522,33702,20284.444484523552,1,NEUTRAL,NEUTRAL,BULLISH,23.909
6451,4016.568,4027.332,4010.831,4020.568,27347,20284.444484523552,1,NEUTRAL,NEUTRAL,BULLISH,23.653
6452,4020.518,4022.759,4009.409,4012.804,26053,20284.444484523552,1,NEUTRAL,NEUTRAL,BEARISH,22.708
6453,4012.734,4015.188,3972.406,3980.751,47385,20284.444484523552,1,OVERSOLD,NEUTRAL,BEARISH,23.921
6454,3980.793,4003.636,3980.453,3997.671,25324,20284.444484523552,1,NEUTRAL,OVERSOLD,BEARISH,23.427
6455,3997.706,4010.142,3991.284,4001.071,31556,20284.444484523552,2,NEUTRAL,OVERSOLD,BEARISH,23.052
6456,4001.033,4006.709,3977.946,3980.306,25397,18421.795009807025,2,OVERSOLD,NEUTRAL,BEARISH,23.223
6457,3980.254,3987.806,3962.306,3970.971,22220,18301.67167553969,1,OVERSOLD,OVERSOLD,BEARISH,23.778
6458,3971.006,4001.846,3965.367,3995.91,30225,18301.67167553969,1,NEUTRAL,OVERSOLD,BEARISH,24.751
6459,3995.811,4006.557,3990.356,4004.001,18605,18301.67167553969,1,NEUTRAL,NEUTRAL,BEARISH,24.318
6460,4004.048,4015.527,4001.717,4003.761,28562,18301.67167553969,2,NEUTRAL,NEUTRAL,BEARISH,23.643
6461,4003.762,4018.783,3997.685,4017.37,28523,18301.67167553969,2,OVERBOUGHT,NEUTRAL,BEARISH,23.145
6462,4017.343,4027.835,4011.152,4019.772,33461,18301.67167553969,2,OVERBOUGHT,NEUTRAL,BULLISH,23.257
6463,4019.803,4025.981,3992.968,4000.624,24077,18301.67167553969,1,NEUTRAL,NEUTRAL,BULLISH,23.673
6464,4000.679,4008.639,3994.258,4007.563,32593,18301.67167553969,2,NEUTRAL,NEUTRAL,BULLISH,22.9
6465,4007.556,4020.632,4001.707,4015.983,38739,18301.67167553969,2,NEUTRAL,NEUTRAL,BULLISH,23.073
6466,4016.024,4026.141,4001.745,4022.647,27756,18301.67167553969,1,NEUTRAL,OVERBOUGHT,BULLISH,23.862
6467,4022.761,4030.646,4003.44,4008.635,36556,18301.67167553969,1,NEUTRAL,OVERBOUGHT,BULLISH,22.75
6468,4008.604,4013.492,3995.327,4008.205,22716,18301.67167553969,1,NEUTRAL,OVERBOUGHT,BULLISH,22.391
6469,4008.263,4012.059,3999.551,4006.678,25231,18301.67167553969,2,NEUTRAL,NEUTRAL,BULLISH,21.938
6470,4006.658,4014.932,3995.104,4010.308,24045,18301.67167553969,2,NEUTRAL,NEUTRAL,BEARISH,21.3
6471,4010.248,4010.248,3980.963,3997.266,18543,18301.67167553969,2,OVERSOLD,NEUTRAL,BEARISH,21.574
6472,3997.301,3999.269,3978.151,3987.411,38836,18203.905325488293,2,OVERSOLD,NEUTRAL,BEARISH,20.477
6473,3987.415,3987.415,3975.467,3986.62,20219,18203.905325488293,1,OVERSOLD,OVERSOLD,BEARISH,20.173
6474,3986.668,3999.348,3981.635,3985.443,26449,18203.905325488293,2,OVERSOLD,OVERSOLD,BEARISH,20.452
6475,3985.448,3988.033,3966.773,3985.053,38057,18203.905325488293,2,OVERSOLD,OVERSOLD,BEARISH,20.464
6476,3985.174,4000.711,3982.306,3996.008,32384,18203.905325488293,2,NEUTRAL,NEUTRAL,BEARISH,20.587
6477,3995.985,3999.421,3985.891,3993.927,29262,18203.905325488293,2,OVERBOUGHT,NEUTRAL,BEARISH,19.195
6478,3993.952,4000.173,3983.43,3984.635,22856,18203.905325488293,2,NEUTRAL,NEUTRAL,BEARISH,19.364
6479,3984.606,3996.045,3971.848,3975.653,23002,18203.905325488293,1,NEUTRAL,OVERSOLD,BEARISH,19.74
6480,3975.696,3977.735,3928.81,3956.957,45108,18203.905325488293,1,OVERSOLD,OVERSOLD,BEARISH,21.492
6481,3956.958,3968.055,3941.092,3956.828,28185,18203.905325488293,1,OVERSOLD,OVERSOLD,BEARISH,21.475
6482,3956.803,3975.778,3956.677,3968.981,20250,18203.905325488293,1,OVERSOLD,NEUTRAL,BEARISH,21.542
6483,3969.031,3971.009,3952.449,3955.086,18276,18203.905325488293,1,OVERSOLD,NEUTRAL,BEARISH,21.974
6484,3954.986,3956.858,3932.068,3937.847,22707,18203.905325488293,1,OVERSOLD,OVERSOLD,BEARISH,22.328
6485,3937.882,3944.104,3931.343,3938.528,33163,18203.905325488293,2,OVERSOLD,OVERSOLD,BEARISH,21.144
6486,3938.463,3943.076,3929.598,3939.874,32832,17708.144500838614,3,NEUTRAL,OVERSOLD,BEARISH,20.598
6487,3939.908,3949.453,3934.434,3937.05,21817,17708.144500838614,1,OVERSOLD,OVERSOLD,BEARISH,20.817
6488,3936.948,3965.358,3935.484,3960.874,26942,17708.144500838614,2,NEUTRAL,OVERSOLD,BEARISH,21.686
6489,3960.841,3978.556,3959.739,3964.933,23131,17708.144500838614,2,OVERBOUGHT,NEUTRAL,BEARISH,21.512
6490,3964.965,3974.807,3961.792,3972.701,26078,17708.144500838614,2,OVERBOUGHT,NEUTRAL,BULLISH,21.127
6491,3972.734,3987.091,3963.519,3971.802,27802,17708.144500838614,2,OVERBOUGHT,NEUTRAL,BULLISH,21.844
6492,3971.835,3971.835,3956.028,3966.917,23948,17708.144500838614,2,OVERBOUGHT,NEUTRAL,BULLISH,21.777
6493,3966.874,3979.533,3962.24,3975.814,27881,17708.144500838614,2,OVERBOUGHT,NEUTRAL,BULLISH,21.284
6494,3975.922,3985.562,3969.513,3973.399,24817,17708.144500838614,1,NEUTRAL,OVERBOUGHT,BULLISH,18.936
6495,3973.333,3984.502,3963.943,3978.201,24836,17708.144500838614,1,NEUTRAL,OVERBOUGHT,BULLISH,18.478
6496,3978.243,3990.543,3974.815,3981.948,27635,17708.144500838614,2,OVERBOUGHT,OVERBOUGHT,BULLISH,18.237
6497,3982.012,3990.243,3978.815,3983.78,24041,17708.144500838614,3,OVERBOUGHT,OVERBOUGHT,BULLISH,17.728
6498,3983.774,3984.941,3966.726,3976.173,25645,17221.130738853983,3,NEUTRAL,OVERBOUGHT,BULLISH,17.258
6499,3976.231,3985.259,3964.543,3983.325,26162,17221.130738853983,2,NEUTRAL,OVERBOUGHT,BULLISH,17.826
6500,3983.354,3990.925,3979.527,3987.694,24070,17221.130738853983,3,NEUTRAL,OVERBOUGHT,BULLISH,17.678
6501,3987.737,4009.645,3982.206,4005.879,24114,17221.130738853983,2,OVERBOUGHT,OVERBOUGHT,BULLISH,18.565
6502,4005.818,4016.818,4004.713,4011.031,21798,17221.130738853983,2,OVERBOUGHT,OVERBOUGHT,BULLISH,17.296
6503,4011.077,4019.609,4004.248,4018.182,17651,17221.130738853983,2,OVERBOUGHT,OVERBOUGHT,BULLISH,17.049
6504,4018.044,4019.551,4002.899,4012.14,23798,17221.130738853983,2,OVERBOUGHT,OVERBOUGHT,BULLISH,17.309
6505,4012.148,4013.794,3988.84,3993.264,28557,17221.130738853983,1,NEUTRAL,OVERBOUGHT,BULLISH,17.407
6506,3993.312,3993.716,3975.197,3980.22,32875,17221.130738853983,1,OVERSOLD,NEUTRAL,BULLISH,17.601
6507,3980.264,3986.224,3976.478,3980.916,20853,17221.130738853983,1,OVERSOLD,NEUTRAL,BULLISH,17.062
6508,3980.95,3988.153,3965.754,3986.251,21828,17221.130738853983,1,OVERSOLD,NEUTRAL,BEARISH,17.516
6509,3986.258,3995.281,3980.189,3985.395,23334,17221.130738853983,2,OVERSOLD,NEUTRAL,BEARISH,17.125
6510,3985.35,3987.277,3976.545,3977.032,21363,17221.130738853983,2,OVERSOLD,NEUTRAL,BEARISH,16.768
6511,3977.352,4002.776,3974.354,4001.676,26342,16764.83654150281,3,OVERBOUGHT,NEUTRAL,BEARISH,17.982
6512,4001.779,4003.402,3988.217,3990.445,18364,16764.83654150281,2,NEUTRAL,NEUTRAL,BEARISH,17.766
6513,3990.413,3998.858,3985.363,3995.159,17493,16764.83654150281,2,NEUTRAL,NEUTRAL,BEARISH,17.25
6514,3995.13,4010.016,3992.412,4007.772,20347,16764.83654150281,2,NEUTRAL,NEUTRAL,BULLISH,17.693
6515,4007.836,4014.195,4003.621,4006.548,18735,16764.83654150281,2,OVERBOUGHT,NEUTRAL,BULLISH,16.489
6516,4006.595,4012.18,3993.655,4002.861,23534,16764.83654150281,2,NEUTRAL,OVERBOUGHT,BULLISH,16.947
6517,4002.935,4008.482,3991.464,3997.699,29342,16764.83654150281,2,NEUTRAL,NEUTRAL,BULLISH,17.065
6518,3997.653,4007.488,3984.426,3993.336,26791,16764.83654150281,1,NEUTRAL,NEUTRAL,BULLISH,17.523
6519,3993.315,3999.223,3984.058,3990.952,22987,16764.83654150281,1,OVERSOLD,NEUTRAL,BEARISH,16.824
6520,3990.989,4027.628,3989.915,4007.833,25704,16764.83654150281,1,NEUTRAL,NEUTRAL,BULLISH,18.195
6521,4007.859,4009.969,3992.193,4005.378,26728,16764.83654150281,1,NEUTRAL,NEUTRAL,BULLISH,18.769
6522,4005.487,4009.098,3999.722,4006.838,25778,16764.83654150281,2,NEUTRAL,NEUTRAL,BULLISH,17.839
6523,4006.811,4007.186,3994.315,4004.022,17879,16764.83654150281,1,OVERBOUGHT,NEUTRAL,BULLISH,17.68
6524,4003.986,4012.265,3998.478,4011.834,16380,15215.05845818508,2,OVERBOUGHT,NEUTRAL,BULLISH,17.898
6525,4011.87,4053.256,4011.132,4043.982,39703,15033.533049469042,2,OVERBOUGHT,OVERBOUGHT,BULLISH,18.877
6526,4043.95,4049.055,4037.717,4048.14,15993,15033.533049469042,1,OVERBOUGHT,OVERBOUGHT,BULLISH,18.602
6527,4048.206,4056.836,4044.918,4054.155,16696,15033.533049469042,2,OVERBOUGHT,OVERBOUGHT,BULLISH,18.489
6528,4054.121,4078.671,4050.074,4075.095,25237,15033.533049469042,2,OVERBOUGHT,OVERBOUGHT,BULLISH,19.275
6529,4075.04,4085.138,4072.043,4082.196,26142,15033.533049469042,2,OVERBOUGHT,OVERBOUGHT,BULLISH,19.455
6530,4082.238,4086.238,4071.595,4080.83,22497,15033.533049469042,2,OVERBOUGHT,OVERBOUGHT,BULLISH,19.177
6531,4080.87,4100.061,4075.736,4097.618,22833,15033.533049469042,2,OVERBOUGHT,OVERBOUGHT,BULLISH,19.699
6532,4097.714,4105.911,4090.31,4091.597,24774,15033.533049469042,1,OVERBOUGHT,OVERBOUGHT,BULLISH,19.166
6533,4091.634,4094.176,4074.405,4083.582,30168,15033.533049469042,1,NEUTRAL,OVERBOUGHT,BULLISH,19.495
6534,4083.545,4094.344,4077.98,4084.555,24146,15033.533049469042,1,NEUTRAL,OVERBOUGHT,BULLISH,17.97
6535,4084.509,4102.643,4081.921,4102.492,25422,15033.533049469042,2,OVERBOUGHT,OVERBOUGHT,BULLISH,18.181
6536,4102.439,4115.793,4101.49,4113.129,22251,15033.533049469042,2,NEUTRAL,OVERBOUGHT,BULLISH,18.533
6537,4113.102,4116.659,4106.58,4115.691,15466,15033.533049469042,2,OVERBOUGHT,OVERBOUGHT,BULLISH,18.333
6538,4115.42,4133.716,4114.901,4130.931,18723,14808.83148920215,2,OVERBOUGHT,OVERBOUGHT,BULLISH,18.692
6539,4130.979,4141.117,4128.008,4136.261,20102,14808.83148920215,1,OVERBOUGHT,OVERBOUGHT,BULLISH,16.62
6540,4136.225,4148.113,4129.589,4146.883,24171,14808.83148920215,2,OVERBOUGHT,OVERBOUGHT,BULLISH,17.133
6541,4146.796,4148.862,4124.518,4131.026,23843,14808.83148920215,2,NEUTRAL,OVERBOUGHT,BULLISH,18.021
6542,4130.995,4137.88,4124.863,4129.671,24383,14808.83148920215,2,NEUTRAL,OVERBOUGHT,BULLISH,16.908
6543,4129.622,4146.001,4128.805,4141.891,21941,14808.83148920215,2,NEUTRAL,OVERBOUGHT,BULLISH,17.201
6544,4141.883,4144.547,4136.799,4142.788,17985,14808.83148920215,2,NEUTRAL,OVERBOUGHT,BULLISH,16.708
6545,4142.891,4146.67,4133.217,4142.474,24303,14808.83148920215,2,NEUTRAL,OVERBOUGHT,BULLISH,15.932
6546,4142.453,4143.216,4120.002,4125.061,28023,14808.83148920215,1,NEUTRAL,OVERBOUGHT,BEARISH,16.476
6547,4125.008,4126.426,4097.107,4106.638,32956,14808.83148920215,1,OVERSOLD,NEUTRAL,BEARISH,17.158
6548,4106.671,4115.651,4105.046,4113.245,16157,14808.83148920215,1,OVERSOLD,NEUTRAL,BEARISH,16.746
6549,4113.224,4117.819,4106.719,4114.025,23762,14808.83148920215,2,OVERSOLD,NEUTRAL,BEARISH,16.059
6550,4113.907,4131.983,4112.01,4129.524,19718,14808.83148920215,2,NEUTRAL,NEUTRAL,BEARISH,16.464
6551,4129.491,4144.677,4125.678,4142.683,16202,14808.83148920215,2,NEUTRAL,NEUTRAL,BEARISH,17.101
6552,4142.574,4145.524,4126.384,4131.633,31685,14981.172934674962,2,OVERBOUGHT,OVERBOUGHT,BEARISH,17.124
6553,4131.636,4135.442,4111.79,4111.972,25360,14981.172934674962,2,NEUTRAL,NEUTRAL,BEARISH,17.877
6554,4111.934,4113.209,4098.895,4104.681,26918,14981.172934674962,2,NEUTRAL,NEUTRAL,BEARISH,17.577
6555,4104.714,4125.318,4103.201,4116.963,27281,14981.172934674962,2,NEUTRAL,OVERSOLD,BEARISH,17.418
6556,4116.94,4132.909,4112.133,4131.233,15176,14981.172934674962,1,NEUTRAL,NEUTRAL,BEARISH,17.972
6557,4131.186,4133.594,4118.079,4127.815,27200,14981.172934674962,2,NEUTRAL,NEUTRAL,BEARISH,17.852
6558,4127.841,4139.537,4123.062,4130.209,25844,14981.172934674962,2,OVERBOUGHT,NEUTRAL,BEARISH,18.475
6559,4130.25,4132.593,4122.762,4127.0,20774,14981.172934674962,1,OVERBOUGHT,NEUTRAL,BEARISH,18.216
6560,4127.007,4140.082,4125.06,4136.763,27510,14981.172934674962,1,OVERBOUGHT,OVERBOUGHT,BEARISH,17.631
6561,4136.719,4185.704,4134.546,4181.468,39713,14981.172934674962,1,OVERBOUGHT,OVERBOUGHT,BULLISH,19.191
6562,4181.381,4197.838,4180.097,4196.322,30948,14981.172934674962,1,OVERBOUGHT,OVERBOUGHT,BULLISH,19.701
6563,4196.367,4206.561,4192.175,4199.374,25072,14981.172934674962,1,OVERBOUGHT,OVERBOUGHT,BULLISH,19.936
6564,4199.41,4211.822,4190.796,4206.899,21469,14981.172934674962,1,OVERBOUGHT,OVERBOUGHT,BULLISH,20.011
6565,4206.927,4210.099,4192.209,4197.485,18241,14981.172934674962,1,OVERBOUGHT,OVERBOUGHT,BULLISH,19.932
6566,4197.44,4199.786,4190.695,4195.852,15273,14981.172934674962,1,NEUTRAL,OVERBOUGHT,BULLISH,19.214
6567,4195.92,4208.175,4187.216,4191.097,20378,14981.172934674962,2,NEUTRAL,OVERBOUGHT,BULLISH,19.021
6568,4191.055,4209.002,4185.809,4205.86,16706,15540.73979803925,1,NEUTRAL,OVERBOUGHT,BULLISH,19.656
6569,4205.907,4209.38,4179.898,4192.335,26504,15540.73979803925,1,NEUTRAL,OVERBOUGHT,BULLISH,20.182
6570,4192.23,4195.862,4183.518,4190.08,20703,15540.73979803925,1,NEUTRAL,OVERBOUGHT,BULLISH,19.58
6571,4190.123,4213.455,4190.087,4213.125,16860,15540.73979803925,1,NEUTRAL,OVERBOUGHT,BULLISH,20.141
6572,4213.094,4219.607,4203.316,4211.945,32622,15540.73979803925,2,NEUTRAL,OVERBOUGHT,BULLISH,20.128
6573,4211.918,4212.241,4203.257,4210.337,15728,15540.73979803925,1,NEUTRAL,OVERBOUGHT,BULLISH,20.067
6574,4210.383,4239.515,4208.451,4232.847,32028,15540.73979803925,2,OVERBOUGHT,OVERBOUGHT,BULLISH,21.213
6575,4232.801,4240.261,4221.804,4225.373,29192,15540.73979803925,2,OVERBOUGHT,OVERBOUGHT,BULLISH,18.877
6576,4225.424,4245.297,4219.38,4242.523,26193,15540.73979803925,2,OVERBOUGHT,OVERBOUGHT,BULLISH,19.461
6577,4242.581,4243.952,4220.174,4231.841,29577,15540.73979803925,1,NEUTRAL,OVERBOUGHT,BULLISH,20.132
6578,4231.94,4232.457,4184.533,4195.291,50392,15540.73979803925,1,NEUTRAL,NEUTRAL,BEARISH,22.054
6579,4195.337,4205.021,4186.658,4202.539,36894,15540.73979803925,1,NEUTRAL,NEUTRAL,BEARISH,22.087
6580,4202.509,4211.009,4195.735,4206.637,27415,15540.73979803925,1,NEUTRAL,NEUTRAL,BEARISH,22.529
6581,4206.591,4208.321,4193.209,4201.869,22688,15540.73979803925,1,OVERSOLD,NEUTRAL,BEARISH,22.111
6582,4201.899,4203.34,4145.366,4158.006,46236,15540.73979803925,1,OVERSOLD,OVERSOLD,BEARISH,24.596
6583,4157.926,4170.593,4145.838,4163.828,27424,15540.73979803925,1,OVERSOLD,OVERSOLD,BEARISH,24.258
6584,4163.872,4170.649,4160.284,4163.946,21064,15540.73979803925,1,OVERSOLD,OVERSOLD,BEARISH,24.117
6585,4163.972,4186.674,4161.05,4185.865,22333,15540.73979803925,2,NEUTRAL,OVERSOLD,BEARISH,24.277
6586,4185.908,4193.815,4173.688,4190.038,37145,16317.522515686309,2,NEUTRAL,NEUTRAL,BEARISH,24.551
6587,4190.153,4210.292,4188.551,4207.154,17713,16317.522515686309,1,OVERBOUGHT,NEUTRAL,BEARISH,25.463
6588,4207.19,4211.571,4196.878,4203.238,22865,16317.522515686309,2,OVERBOUGHT,NEUTRAL,BEARISH,24.293
6589,4203.239,4203.696,4184.122,4189.937,19967,16317.522515686309,1,OVERBOUGHT,NEUTRAL,BEARISH,24.373
6590,4189.833,4193.193,4169.242,4175.284,21173,16317.522515686309,1,NEUTRAL,NEUTRAL,BEARISH,24.233
6591,4175.237,4182.377,4158.836,4181.008,20556,16317.522515686309,1,NEUTRAL,NEUTRAL,BEARISH,24.216
6592,4180.973,4186.95,4169.837,4176.063,21535,16317.522515686309,1,OVERSOLD,NEUTRAL,BEARISH,22.015
6593,4175.987,4180.436,4166.491,4169.257,17198,16317.522515686309,1,OVERSOLD,NEUTRAL,BEARISH,21.699
6594,4169.317,4171.078,4130.777,4132.907,43717,16317.522515686309,2,OVERSOLD,OVERSOLD,BEARISH,23.487
6595,4132.853,4140.501,4107.245,4116.161,40188,16317.522515686309,1,OVERSOLD,OVERSOLD,BEARISH,24.783
6596,4116.12,4118.823,4041.062,4055.752,65348,16317.522515686309,1,OVERSOLD,OVERSOLD,BEARISH,26.196
6597,4055.708,4083.907,4032.194,4082.653,60542,16317.522515686309,1,OVERSOLD,OVERSOLD,BEARISH,28.122
6598,4082.694,4096.478,4068.282,4093.474,47071,16317.522515686309,1,OVERSOLD,OVERSOLD,BEARISH,29.395
6599,4093.53,4111.212,4080.825,4105.116,30573,16317.522515686309,1,NEUTRAL,NEUTRAL,BEARISH,29.736
6600,4105.076,4110.611,4093.952,4099.875,26758,16317.522515686309,1,NEUTRAL,NEUTRAL,BEARISH,29.488
6601,4099.931,4103.704,4080.789,4098.045,27656,16317.522515686309,1,OVERBOUGHT,NEUTRAL,BEARISH,29.572
6602,4098.001,4100.042,4087.704,4089.972,18418,16317.522515686309,1,NEUTRAL,NEUTRAL,BEARISH,29.404
6603,4090.015,4092.359,4075.318,4087.156,20776,16317.522515686309,1,NEUTRAL,NEUTRAL,BEARISH,29.223
6604,4087.12,4106.784,4071.875,4096.457,32466,14854.496561811422,2,NEUTRAL,NEUTRAL,BEARISH,30.005
6605,4096.528,4098.343,4080.467,4083.038,20750,15404.858000369064,1,OVERSOLD,NEUTRAL,BEARISH,29.601
6606,4083.073,4102.076,4082.488,4091.202,27593,15404.858000369064,1,NEUTRAL,NEUTRAL,BEARISH,29.778
6607,4091.191,4093.793,4080.73,4081.702,23039,15404.858000369064,1,NEUTRAL,NEUTRAL,BEARISH,29.715
6608,4081.677,4085.815,4070.05,4082.921,22789,15404.858000369064,1,NEUTRAL,NEUTRAL,BEARISH,27.962
6609,4082.897,4088.0,4049.643,4058.283,34286,15404.858000369064,2,OVERSOLD,NEUTRAL,BEARISH,28.326
6610,4058.218,4071.878,4054.582,4066.014,18983,15404.858000369064,1,NEUTRAL,NEUTRAL,BEARISH,24.007
6611,4066.024,4095.987,4065.135,4077.38,32948,15404.858000369064,2,NEUTRAL,NEUTRAL,BEARISH,22.517
6612,4077.412,4088.844,4072.22,4082.251,15973,15404.858000369064,1,NEUTRAL,NEUTRAL,BULLISH,21.691
6613,4082.202,4089.517,4068.252,4070.206,17643,15404.858000369064,1,NEUTRAL,NEUTRAL,BULLISH,21.039
6614,4070.296,4086.054,4061.026,4078.456,19310,15404.858000369064,1,OVERBOUGHT,NEUTRAL,BULLISH,21.637
6615,4078.493,4092.248,4060.66,4065.412,39484,15404.858000369064,2,NEUTRAL,NEUTRAL,BULLISH,22.256
6616,4065.272,4082.055,4060.617,4076.213,31604,15404.858000369064,1,NEUTRAL,NEUTRAL,BULLISH,22.906
6617,4076.398,4077.742,4060.758,4064.373,31257,15404.858000369064,1,NEUTRAL,NEUTRAL,BULLISH,22.902
6618,4064.304,4073.7,4052.142,4069.907,24599,15404.858000369064,1,NEUTRAL,NEUTRAL,BULLISH,21.949
6619,4069.959,4081.082,4069.705,4073.391,16955,15404.858000369064,1,NEUTRAL,NEUTRAL,BULLISH,21.485
6620,4073.423,4076.301,4062.22,4062.617,17089,15404.858000369064,1,NEUTRAL,NEUTRAL,BULLISH,21.091
6621,4062.592,4065.055,4010.749,4011.229,41867,15404.858000369064,1,OVERSOLD,OVERSOLD,BEARISH,24.037
6622,4011.258,4043.973,4006.827,4041.064,31738,15404.858000369064,1,NEUTRAL,OVERSOLD,BEARISH,25.564
6623,4040.977,4055.565,4028.586,4036.825,27292,15404.858000369064,2,NEUTRAL,OVERSOLD,BEARISH,24.752
6624,4036.862,4041.194,4027.346,4040.127,21391,15826.72866700058,1,NEUTRAL,NEUTRAL,BEARISH,24.505
6625,4040.152,4045.052,4022.302,4025.005,24241,15826.72866700058,1,NEUTRAL,NEUTRAL,BEARISH,23.927
6626,4024.96,4035.985,4015.354,4017.671,19726,15826.72866700058,1,NEUTRAL,OVERSOLD,BEARISH,24.213
6627,4017.663,4026.276,4008.202,4013.285,19893,15826.72866700058,1,OVERSOLD,OVERSOLD,BEARISH,23.985
6628,4013.316,4018.202,4004.878,4010.472,19009,15826.72866700058,1,OVERSOLD,OVERSOLD,BEARISH,23.149
6629,4010.442,4025.227,4008.119,4018.984,17088,15826.72866700058,1,OVERSOLD,OVERSOLD,BEARISH,22.115
6630,4018.953,4020.5,4007.567,4009.043,17812,15826.72866700058,1,OVERSOLD,OVERSOLD,BEARISH,21.507
6631,4009.004,4017.554,3998.037,4013.674,19204,15826.72866700058,1,NEUTRAL,OVERSOLD,BEARISH,21.688
6632,4013.648,4042.713,4010.54,4036.785,22529,15826.72866700058,1,OVERBOUGHT,OVERSOLD,BULLISH,22.446
6633,4036.765,4047.21,4030.171,4040.264,17518,15826.72866700058,1,OVERBOUGHT,NEUTRAL,BULLISH,22.851
6634,4040.134,4050.503,4037.482,4044.148,16890,15826.72866700058,1,OVERBOUGHT,NEUTRAL,BULLISH,22.775
6635,4044.194,4050.289,4029.089,4032.284,30445,15826.72866700058,2,OVERBOUGHT,NEUTRAL,BULLISH,20.41
6636,4032.329,4070.33,4031.044,4065.172,29898,15826.72866700058,1,OVERBOUGHT,OVERBOUGHT,BULLISH,20.563
6637,4065.147,4082.018,4057.977,4065.731,38013,15826.72866700058,1,OVERBOUGHT,OVERBOUGHT,BULLISH,20.353
6638,4065.782,4072.327,4048.798,4052.948,45485,15826.72866700058,1,NEUTRAL,OVERBOUGHT,BULLISH,21.045
6639,4053.001,4069.283,4040.427,4066.865,31936,15826.72866700058,1,NEUTRAL,OVERBOUGHT,BULLISH,21.481
6640,4066.835,4075.796,4059.212,4071.441,20296,15826.72866700058,1,OVERBOUGHT,OVERBOUGHT,BULLISH,21.192
6641,4071.481,4074.774,4063.184,4072.652,16947,15826.72866700058,1,NEUTRAL,OVERBOUGHT,BULLISH,20.729
6642,4072.679,4082.06,4072.561,4081.051,15879,15826.72866700058,1,NEUTRAL,OVERBOUGHT,BULLISH,20.455
6643,4081.089,4082.273,4067.19,4069.515,16469,15826.72866700058,1,OVERBOUGHT,OVERBOUGHT,BULLISH,20.311
6644,4069.469,4078.502,4064.865,4069.467,28480,16280.357682841795,3,NEUTRAL,OVERBOUGHT,BULLISH,20.361
6645,4069.504,4070.378,4056.345,4059.169,19783,16280.357682841795,1,NEUTRAL,OVERBOUGHT,BULLISH,19.969
6646,4059.219,4080.659,4055.612,4075.62,18116,16280.357682841795,1,NEUTRAL,OVERBOUGHT,BULLISH,19.46
6647,4075.52,4078.697,4064.406,4075.206,24484,16280.357682841795,2,NEUTRAL,OVERBOUGHT,BULLISH,19.264
6648,4075.221,4097.59,4074.219,4095.434,17902,16280.357682841795,1,OVERBOUGHT,OVERBOUGHT,BULLISH,20.003
6649,4095.472,4098.63,4084.857,4086.976,26916,16280.357682841795,2,NEUTRAL,OVERBOUGHT,BULLISH,19.473
6650,4086.931,4116.439,4078.212,4113.321,36779,16280.357682841795,2,OVERBOUGHT,OVERBOUGHT,BULLISH,19.397
6651,4113.364,4119.173,4107.012,4108.906,20150,16280.357682841795,1,OVERBOUGHT,OVERBOUGHT,BULLISH,18.549
6652,4108.93,4120.01,4106.488,4114.543,26831,16280.357682841795,2,OVERBOUGHT,OVERBOUGHT,BULLISH,17.834
6653,4114.57,4117.862,4100.716,4110.438,27062,16280.357682841795,1,NEUTRAL,OVERBOUGHT,BULLISH,16.997
6654,4110.482,4128.933,4101.844,4127.793,30625,16280.357682841795,1,OVERBOUGHT,OVERBOUGHT,BULLISH,17.748
6655,4127.748,4132.686,4090.012,4096.599,39998,16280.357682841795,1,NEUTRAL,OVERBOUGHT,BULLISH,19.968
6656,4096.629,4098.612,4067.574,4074.77,48378,16280.357682841795,1,OVERSOLD,NEUTRAL,BULLISH,21.507
6657,4074.731,4081.289,4055.572,4078.816,42363,16280.357682841795,1,OVERSOLD,NEUTRAL,BEARISH,22.266
6658,4078.837,4091.226,4075.738,4087.029,27460,16280.357682841795,1,NEUTRAL,NEUTRAL,BEARISH,22.398
6659,4087.089,4087.209,4068.966,4073.651,28307,16280.357682841795,1,OVERSOLD,NEUTRAL,BEARISH,22.699
6660,4073.603,4082.095,4072.242,4076.212,17616,16280.357682841795,1,OVERSOLD,NEUTRAL,BEARISH,21.614
6661,4076.156,4108.239,4065.574,4104.662,28265,16280.357682841795,2,OVERBOUGHT,NEUTRAL,BEARISH,23.64
6662,4104.692,4110.341,4080.874,4081.388,40473,17112.77996701559,2,NEUTRAL,NEUTRAL,BEARISH,24.076
6663,4081.343,4081.734,4039.865,4067.018,35539,17112.77996701559,1,NEUTRAL,NEUTRAL,BEARISH,26.083
6664,4066.913,4085.782,4064.852,4072.378,21312,17112.77996701559,1,NEUTRAL,NEUTRAL,BEARISH,24.847
6665,4072.427,4080.577,4064.506,4066.777,28071,17112.77996701559,2,NEUTRAL,NEUTRAL,BEARISH,25.127
6666,4066.733,4077.708,4058.673,4068.479,20962,17112.77996701559,1,OVERSOLD,NEUTRAL,BEARISH,25.52
6667,4068.448,4076.696,4054.032,4059.959,19755,17112.77996701559,1,OVERSOLD,OVERSOLD,BEARISH,25.915
6668,4059.901,4069.449,4038.705,4063.648,31884,17112.77996701559,1,NEUTRAL,OVERSOLD,BEARISH,26.176
6669,4063.616,4072.779,4055.632,4064.146,23399,17112.77996701559,1,OVERSOLD,OVERSOLD,BEARISH,24.352
6670,4064.193,4068.42,4051.246,4060.789,30070,17112.77996701559,2,NEUTRAL,NEUTRAL,BEARISH,23.362
6671,4060.823,4082.067,4060.084,4081.81,17684,17112.77996701559,1,NEUTRAL,NEUTRAL,BEARISH,23.095
6672,4081.728,4096.505,4067.087,4080.269,44837,17112.77996701559,1,OVERBOUGHT,NEUTRAL,BEARISH,24.09
6673,4080.24,4107.146,4072.012,4093.354,46636,17112.77996701559,1,OVERBOUGHT,NEUTRAL,BULLISH,25.297
6674,4093.265,4098.795,4070.156,4070.156,37442,17112.77996701559,1,NEUTRAL,NEUTRAL,BULLISH,26.639
6675,4070.211,4082.706,4044.773,4049.046,49385,17112.77996701559,1,NEUTRAL,NEUTRAL,BEARISH,26.301
6676,4049.086,4068.53,4043.674,4066.087,51091,17112.77996701559,1,NEUTRAL,NEUTRAL,BEARISH,25.971
6677,4066.04,4072.702,4056.201,4060.584,31783,17112.77996701559,1,NEUTRAL,OVERSOLD,BEARISH,24.159
6678,4060.608,4087.312,4058.921,4084.652,27376,17112.77996701559,1,NEUTRAL,NEUTRAL,BEARISH,24.692
6679,4084.615,4085.099,4073.28,4077.045,20718,17112.77996701559,1,NEUTRAL,NEUTRAL,BULLISH,24.388
6680,4077.091,4088.817,4072.924,4079.125,22082,17112.77996701559,2,OVERBOUGHT,NEUTRAL,BULLISH,24.164
6681,4079.174,4081.423,4060.516,4068.524,37429,17652.459652696645,2,NEUTRAL,NEUTRAL,BULLISH,24.039
6682,4068.47,4079.978,4056.697,4057.353,18299,17652.459652696645,1,NEUTRAL,NEUTRAL,BEARISH,23.505
6683,4057.377,4059.389,4049.324,4056.197,18837,17652.459652696645,1,OVERSOLD,OVERSOLD,BEARISH,23.0
6684,4056.16,4062.482,4039.848,4058.471,33781,17652.459652696645,2,OVERSOLD,OVERSOLD,BEARISH,23.39
6685,4058.51,4064.881,4029.333,4032.882,27295,17652.459652696645,1,OVERSOLD,OVERSOLD,BEARISH,24.358
6686,4032.847,4039.836,4024.81,4031.675,21493,17652.459652696645,1,OVERSOLD,OVERSOLD,BEARISH,23.33
6687,4031.705,4048.199,4022.258,4041.004,26043,17652.459652696645,1,OVERSOLD,OVERSOLD,BEARISH,22.674
6688,4041.009,4063.621,4040.227,4050.578,21542,17652.459652696645,1,NEUTRAL,OVERSOLD,BEARISH,22.299
6689,4050.556,4052.751,4032.349,4037.164,28106,17652.459652696645,1,NEUTRAL,OVERSOLD,BEARISH,21.047
6690,4037.186,4046.888,4030.923,4036.588,19001,17652.459652696645,1,NEUTRAL,OVERSOLD,BEARISH,20.412
6691,4036.553,4071.891,4034.758,4065.841,35697,17652.459652696645,1,OVERBOUGHT,NEUTRAL,BEARISH,21.886
6692,4065.908,4081.224,4059.118,4079.534,30590,17652.459652696645,1,OVERBOUGHT,NEUTRAL,BULLISH,21.437
6693,4079.488,4083.968,4061.537,4071.676,41241,17652.459652696645,1,NEUTRAL,OVERBOUGHT,BULLISH,22.195
6694,4071.567,4076.924,4054.969,4069.701,43571,17652.459652696645,1,OVERBOUGHT,OVERBOUGHT,BULLISH,22.628
6695,4069.723,4100.646,4062.91,4099.858,36642,17652.459652696645,1,OVERBOUGHT,OVERBOUGHT,BULLISH,23.83
6696,4099.823,4101.312,4078.989,4085.486,28533,17652.459652696645,1,NEUTRAL,OVERBOUGHT,BULLISH,23.761
6697,4085.439,4088.312,4076.393,4082.921,23627,17652.459652696645,1,NEUTRAL,OVERBOUGHT,BULLISH,23.894
6698,4082.996,4092.204,4055.141,4067.389,44754,17652.459652696645,2,NEUTRAL,OVERBOUGHT,BULLISH,24.924
6699,4067.339,4077.701,4054.468,4075.117,24819,16029.185717519185,2,NEUTRAL,NEUTRAL,BULLISH,24.045
6700,4075.148,4076.144,4042.648,4044.19,38518,15992.056919025295,2,OVERSOLD,NEUTRAL,BULLISH,25.364
6701,4044.123,4058.149,4040.582,4050.459,28948,15992.056919025295,2,OVERSOLD,NEUTRAL,BEARISH,24.766
6702,4050.507,4061.168,4039.842,4046.422,29458,15992.056919025295,2,OVERSOLD,OVERSOLD,BEARISH,24.618
6703,4046.301,4058.14,4045.295,4053.418,16288,15992.056919025295,1,NEUTRAL,OVERSOLD,BEARISH,24.078
6704,4053.408,4067.62,4051.428,4060.001,17153,15992.056919025295,1,NEUTRAL,NEUTRAL,BEARISH,24.095
6705,4059.9,4074.23,4059.552,4071.824,30120,15992.056919025295,2,OVERBOUGHT,NEUTRAL,BEARISH,22.491
6706,4071.862,4077.254,4063.114,4069.896,24039,15992.056919025295,2,OVERBOUGHT,NEUTRAL,BULLISH,21.922
6707,4069.86,4086.043,4065.639,4077.696,32527,15992.056919025295,2,OVERBOUGHT,NEUTRAL,BULLISH,21.777
6708,4077.664,4086.089,4068.339,4081.24,27653,15992.056919025295,1,OVERBOUGHT,NEUTRAL,BULLISH,21.477
6709,4081.272,4093.905,4081.16,4091.741,25859,15992.056919025295,1,OVERBOUGHT,OVERBOUGHT,BULLISH,19.691
6710,4091.791,4098.952,4089.732,4097.127,16632,15992.056919025295,1,OVERBOUGHT,OVERBOUGHT,BULLISH,18.756
6711,4097.171,4125.741,4088.005,4120.456,34472,15992.056919025295,2,OVERBOUGHT,OVERBOUGHT,BULLISH,20.6
6712,4120.488,4133.405,4113.913,4132.62,28586,15992.056919025295,2,OVERBOUGHT,OVERBOUGHT,BULLISH,19.345
6713,4132.634,4144.405,4125.125,4143.81,25091,15992.056919025295,2,OVERBOUGHT,OVERBOUGHT,BULLISH,19.062
6714,4143.802,4144.609,4127.612,4129.512,19383,16163.81340292765,1,OVERBOUGHT,OVERBOUGHT,BULLISH,17.884
6715,4129.563,4139.246,4122.524,4134.809,27524,16163.81340292765,1,OVERBOUGHT,OVERBOUGHT,BULLISH,17.823
6716,4134.754,4155.82,4132.707,4150.819,20394,16163.81340292765,1,OVERBOUGHT,OVERBOUGHT,BULLISH,17.951
6717,4150.912,4151.083,4139.543,4143.052,16695,16163.81340292765,1,NEUTRAL,OVERBOUGHT,BULLISH,17.858
6718,4143.026,4152.034,4139.453,4150.888,23693,16163.81340292765,2,NEUTRAL,OVERBOUGHT,BULLISH,17.6
6719,4150.921,4152.125,4138.542,4141.605,18037,16163.81340292765,1,NEUTRAL,OVERBOUGHT,BULLISH,17.522
6720,4141.571,4146.085,4130.277,4132.529,16626,16163.81340292765,1,NEUTRAL,OVERBOUGHT,BULLISH,17.641
6721,4132.614,4139.522,4109.156,4116.115,20363,16163.81340292765,1,OVERSOLD,OVERBOUGHT,BULLISH,18.352
6722,4116.158,4131.381,4113.866,4128.403,18557,16163.81340292765,1,NEUTRAL,NEUTRAL,BEARISH,18.336
6723,4128.421,4138.882,4127.461,4133.459,26263,16163.81340292765,2,NEUTRAL,NEUTRAL,BEARISH,18.241
6724,4133.502,4138.759,4115.964,4129.871,21387,16163.81340292765,1,NEUTRAL,NEUTRAL,BEARISH,19.211
6725,4129.906,4150.868,4129.392,4147.707,23231,16163.81340292765,1,NEUTRAL,OVERBOUGHT,BEARISH,18.049
6726,4147.681,4148.73,4111.034,4125.254,37215,16163.81340292765,1,NEUTRAL,NEUTRAL,BEARISH,19.349
6727,4125.305,4133.846,4117.946,4123.13,26102,16163.81340292765,1,NEUTRAL,NEUTRAL,BEARISH,19.108
6728,4123.092,4141.444,4122.107,4136.278,18260,16163.81340292765,1,NEUTRAL,NEUTRAL,BEARISH,19.275
6729,4136.279,4159.414,4135.947,4146.103,30886,16163.81340292765,1,NEUTRAL,NEUTRAL,BEARISH,19.757
6730,4146.136,4150.996,4132.539,4134.318,18685,16163.81340292765,1,NEUTRAL,NEUTRAL,BEARISH,19.424
6731,4134.36,4140.371,4128.456,4132.303,29918,16163.81340292765,2,NEUTRAL,NEUTRAL,BEARISH,19.451
6732,4132.257,4144.433,4127.675,4142.69,24434,15983.136729632954,3,OVERBOUGHT,NEUTRAL,BEARISH,19.75
6733,4142.744,4152.915,4138.507,4148.541,16425,15983.136729632954,1,NEUTRAL,NEUTRAL,BEARISH,19.809
6734,4148.494,4166.77,4147.303,4161.582,19203,15983.136729632954,1,NEUTRAL,OVERBOUGHT,BEARISH,20.07
6735,4161.631,4169.421,4156.505,4161.942,21280,15983.136729632954,2,OVERBOUGHT,OVERBOUGHT,BULLISH,18.823
6736,4161.99,4168.638,4146.627,4150.128,27646,15983.136729632954,2,OVERBOUGHT,OVERBOUGHT,BULLISH,19.145
6737,4150.16,4168.596,4149.234,4161.048,28808,15983.136729632954,2,OVERBOUGHT,OVERBOUGHT,BULLISH,19.712
6738,4161.115,4165.212,4156.121,4159.889,25257,15983.136729632954,2,NEUTRAL,OVERBOUGHT,BULLISH,18.733
6739,4159.93,4173.595,4148.744,4155.239,33218,15983.136729632954,2,NEUTRAL,OVERBOUGHT,BEARISH,18.974
6740,4155.286,4166.644,4149.052,4153.21,22378,15983.136729632954,1,NEUTRAL,OVERBOUGHT,BEARISH,17.538
6741,4153.287,4156.95,4139.824,4142.256,30990,15983.136729632954,1,NEUTRAL,NEUTRAL,BEARISH,17.626
6742,4142.185,4165.81,4136.508,4165.246,26420,15983.136729632954,1,NEUTRAL,NEUTRAL,BEARISH,18.337
6743,4165.286,4168.452,4160.647,4167.005,17371,15983.136729632954,1,NEUTRAL,NEUTRAL,BEARISH,17.219
6744,4167.037,4171.745,4157.951,4164.612,28577,15983.136729632954,2,NEUTRAL,OVERBOUGHT,BEARISH,16.886
6745,4164.656,4169.85,4161.28,4164.006,21761,15983.136729632954,2,NEUTRAL,OVERBOUGHT,BEARISH,16.647
6746,4164.045,4168.944,4161.935,4164.59,19316,15281.453072842514,3,OVERBOUGHT,OVERBOUGHT,BEARISH,15.95
6747,4164.569,4165.439,4148.719,4154.274,19711,15281.453072842514,1,OVERSOLD,NEUTRAL,BEARISH,16.115
6748,4154.308,4156.239,4144.145,4147.464,23723,15281.453072842514,2,OVERSOLD,NEUTRAL,BEARISH,15.589
6749,4147.42,4154.715,4142.601,4147.223,19017,15281.453072842514,2,OVERSOLD,NEUTRAL,BEARISH,15.532
6750,4147.187,4162.288,4147.108,4160.009,26053,15281.453072842514,2,NEUTRAL,NEUTRAL,BEARISH,15.044
6751,4160.059,4167.143,4148.261,4158.696,26081,15281.453072842514,2,NEUTRAL,NEUTRAL,BEARISH,15.009
6752,4158.73,4162.518,4152.288,4157.328,18906,15281.453072842514,2,NEUTRAL,NEUTRAL,BEARISH,15.091
6753,4157.352,4159.242,4149.176,4154.976,22789,15281.453072842514,2,OVERBOUGHT,NEUTRAL,BEARISH,14.035
6754,4155.031,4161.86,4152.724,4158.056,21426,15281.453072842514,2,OVERBOUGHT,NEUTRAL,BEARISH,13.431
6755,4158.005,4159.767,4151.443,4159.146,15796,15281.453072842514,3,NEUTRAL,NEUTRAL,BEARISH,12.802
6756,4159.154,4183.447,4157.116,4180.576,20025,14746.95357384164,3,OVERBOUGHT,OVERBOUGHT,BEARISH,12.59
6757,4180.551,4193.052,4180.507,4189.337,23281,14746.95357384164,2,OVERBOUGHT,OVERBOUGHT,BULLISH,12.928
6758,4189.379,4191.831,4155.874,4182.498,21820,14746.95357384164,3,OVERBOUGHT,OVERBOUGHT,BULLISH,14.511
6759,4182.549,4188.684,4147.529,4166.643,50271,14746.95357384164,4,NEUTRAL,OVERBOUGHT,BULLISH,16.839
6760,4166.652,4179.919,4160.879,4176.618,19256,14746.95357384164,3,NEUTRAL,NEUTRAL,BULLISH,17.698
6761,4176.622,4208.978,4168.89,4198.201,31937,14746.95357384164,2,NEUTRAL,NEUTRAL,BULLISH,19.367
6762,4198.175,4203.974,4185.674,4203.639,20478,14746.95357384164,1,NEUTRAL,OVERBOUGHT,BULLISH,19.811
6763,4203.609,4210.802,4197.605,4206.189,16469,14746.95357384164,1,OVERBOUGHT,OVERBOUGHT,BULLISH,19.888
6764,4206.213,4226.479,4204.361,4220.425,28237,14746.95357384164,2,OVERBOUGHT,OVERBOUGHT,BULLISH,20.383
6765,4220.416,4225.308,4205.841,4221.933,22435,13404.739741412277,2,OVERBOUGHT,OVERBOUGHT,BULLISH,20.425
6766,4221.906,4233.717,4218.245,4230.861,14414,13825.06214699206,1,OVERBOUGHT,OVERBOUGHT,BULLISH,20.8
6767,4230.837,4256.15,4219.735,4255.34,30298,13825.06214699206,1,OVERBOUGHT,OVERBOUGHT,BULLISH,22.682
6768,4255.314,4256.447,4234.28,4242.737,23215,13825.06214699206,1,OVERBOUGHT,OVERBOUGHT,BULLISH,23.613
6769,4242.688,4243.897,4232.526,4239.35,16453,13825.06214699206,1,NEUTRAL,OVERBOUGHT,BULLISH,23.83
6770,4239.307,4246.989,4215.434,4229.564,33463,13825.06214699206,2,NEUTRAL,OVERBOUGHT,BULLISH,24.203
6771,4229.592,4240.535,4226.22,4236.985,13939,13825.06214699206,1,NEUTRAL,OVERBOUGHT,BULLISH,24.33
6772,4237.022,4253.529,4231.86,4244.714,26975,13825.06214699206,2,NEUTRAL,OVERBOUGHT,BULLISH,23.309
6773,4244.746,4262.278,4243.677,4255.518,25058,13825.06214699206,2,NEUTRAL,OVERBOUGHT,BULLISH,21.698
6774,4255.585,4258.42,4244.276,4246.508,26030,13825.06214699206,2,NEUTRAL,OVERBOUGHT,BULLISH,21.349
6775,4246.482,4264.532,4245.498,4247.304,21388,13825.06214699206,1,OVERBOUGHT,OVERBOUGHT,BULLISH,19.845
6776,4247.33,4249.368,4219.675,4240.225,34104,13825.06214699206,1,NEUTRAL,OVERBOUGHT,BEARISH,20.658
6777,4240.185,4244.995,4219.589,4232.518,34144,13825.06214699206,1,NEUTRAL,NEUTRAL,BEARISH,21.531
6778,4232.589,4242.296,4224.958,4226.233,30717,13825.06214699206,1,OVERSOLD,NEUTRAL,BEARISH,21.189
6779,4226.259,4240.07,4223.127,4232.432,25384,13825.06214699206,1,OVERSOLD,NEUTRAL,BEARISH,21.009
6780,4232.474,4244.713,4232.474,4240.227,18498,13825.06214699206,1,NEUTRAL,NEUTRAL,BEARISH,20.781
6781,4240.259,4243.87,4229.171,4236.851,18562,13825.06214699206,1,NEUTRAL,NEUTRAL,BEARISH,19.23
6782,4236.875,4241.542,4234.443,4237.363,14829,13825.06214699206,1,NEUTRAL,NEUTRAL,BEARISH,18.153
6783,4237.325,4240.64,4224.423,4227.7,20164,13825.06214699206,2,NEUTRAL,NEUTRAL,BEARISH,18.5
6784,4227.704,4229.766,4191.183,4219.611,51813,14204.984799659485,2,OVERSOLD,NEUTRAL,BEARISH,19.002
6785,4219.585,4224.7,4214.291,4221.522,16945,14204.984799659485,1,OVERSOLD,NEUTRAL,BEARISH,18.723
6786,4221.557,4226.228,4213.586,4218.768,23513,14204.984799659485,2,OVERSOLD,NEUTRAL,BEARISH,18.078
6787,4218.709,4226.316,4203.258,4212.745,31846,14204.984799659485,2,OVERSOLD,NEUTRAL,BEARISH,18.396
6788,4212.719,4219.395,4207.135,4210.26,24978,14204.984799659485,2,OVERSOLD,NEUTRAL,BEARISH,18.262
6789,4210.295,4213.227,4180.945,4191.801,21803,14204.984799659485,1,OVERSOLD,OVERSOLD,BEARISH,19.208
6790,4191.792,4192.327,4182.241,4185.714,14322,14204.984799659485,1,OVERSOLD,OVERSOLD,BEARISH,17.807
6791,4185.682,4209.891,4184.795,4208.688,21546,14204.984799659485,2,NEUTRAL,OVERSOLD,BEARISH,17.785
6792,4208.68,4215.271,4202.044,4212.283,20844,14204.984799659485,1,NEUTRAL,NEUTRAL,BEARISH,17.492
6793,4212.305,4230.859,4212.213,4218.919,36672,14204.984799659485,1,NEUTRAL,NEUTRAL,BEARISH,17.613
6794,4218.833,4219.564,4163.566,4169.426,48150,14204.984799659485,1,NEUTRAL,NEUTRAL,BEARISH,20.736
6795,4169.474,4190.332,4166.874,4184.688,33287,14204.984799659485,1,NEUTRAL,NEUTRAL,BEARISH,21.362
6796,4184.75,4197.053,4184.574,4193.841,18663,14204.984799659485,1,NEUTRAL,OVERSOLD,BEARISH,21.746
6797,4193.809,4196.923,4183.205,4190.805,17273,14204.984799659485,1,NEUTRAL,NEUTRAL,BEARISH,21.567
6798,4190.761,4212.397,4190.761,4210.179,25289,14204.984799659485,2,NEUTRAL,NEUTRAL,BEARISH,20.357
6799,4210.11,4216.236,4202.762,4212.876,20598,14204.984799659485,2,OVERBOUGHT,NEUTRAL,BEARISH,20.576
6800,4212.913,4213.028,4204.339,4211.844,14430,14390.069580644296,1,OVERBOUGHT,OVERBOUGHT,BULLISH,20.293
6801,4211.873,4221.109,4211.556,4214.424,22043,14390.069580644296,1,OVERBOUGHT,OVERBOUGHT,BULLISH,19.329
6802,4214.376,4228.936,4214.103,4226.569,15463,14390.069580644296,1,OVERBOUGHT,OVERBOUGHT,BULLISH,19.513
6803,4226.615,4227.566,4217.285,4222.344,17685,14390.069580644296,2,OVERBOUGHT,OVERBOUGHT,BULLISH,17.941
6804,4222.287,4223.992,4203.227,4207.842,20247,14390.069580644296,1,NEUTRAL,OVERBOUGHT,BULLISH,18.704
6805,4207.782,4211.848,4204.707,4208.176,17170,14390.069580644296,1,NEUTRAL,OVERBOUGHT,BULLISH,17.421
6806,4208.216,4210.195,4199.985,4206.453,14837,14390.069580644296,1,NEUTRAL,NEUTRAL,BULLISH,17.206
6807,4206.5,4210.335,4196.979,4202.038,26954,14390.069580644296,2,OVERSOLD,NEUTRAL,BULLISH,16.828
6808,4201.996,4209.241,4194.48,4208.564,23660,14390.069580644296,2,OVERSOLD,NEUTRAL,BULLISH,13.882
6809,4208.537,4238.818,4205.121,4237.229,34571,14390.069580644296,2,OVERBOUGHT,OVERBOUGHT,BULLISH,14.614
6810,4237.256,4241.579,4205.111,4212.529,47766,14390.069580644296,1,NEUTRAL,OVERBOUGHT,BULLISH,16.327
6811,4212.56,4229.466,4206.145,4216.342,28004,14390.069580644296,1,NEUTRAL,NEUTRAL,BULLISH,17.013
6812,4216.307,4224.964,4195.758,4200.811,27554,14390.069580644296,1,NEUTRAL,NEUTRAL,BULLISH,17.554
6813,4200.714,4215.503,4200.24,4211.018,19076,14390.069580644296,1,NEUTRAL,NEUTRAL,BULLISH,17.682
6814,4211.079,4211.538,4195.225,4196.986,20672,14390.069580644296,1,OVERSOLD,OVERSOLD,BEARISH,18.226
6815,4197.017,4212.701,4196.965,4206.143,22314,14390.069580644296,2,NEUTRAL,OVERSOLD,BEARISH,18.668
6816,4206.111,4210.197,4202.395,4207.165,15115,14390.069580644296,2,NEUTRAL,OVERSOLD,BEARISH,18.166
6817,4207.102,4216.817,4204.274,4209.143,29485,14420.71771582103,2,NEUTRAL,OVERSOLD,BEARISH,18.327
6818,4209.177,4209.177,4198.882,4200.487,15459,14420.71771582103,1,NEUTRAL,OVERSOLD,BEARISH,17.579
6819,4200.508,4201.642,4187.241,4195.851,15878,14420.71771582103,1,NEUTRAL,OVERSOLD,BEARISH,18.098
6820,4195.765,4199.101,4174.868,4181.003,28999,14420.71771582103,2,OVERSOLD,OVERSOLD,BEARISH,19.1
6821,4181.103,4190.232,4178.526,4190.118,20514,14420.71771582103,1,OVERSOLD,OVERSOLD,BEARISH,18.982
6822,4190.099,4196.387,4184.733,4184.798,29525,14420.71771582103,2,OVERSOLD,OVERSOLD,BEARISH,18.76
6823,4184.751,4202.363,4183.686,4199.883,14598,14420.71771582103,1,NEUTRAL,OVERSOLD,BEARISH,17.687
6824,4199.84,4206.522,4196.63,4198.652,20898,14420.71771582103,2,NEUTRAL,NEUTRAL,BEARISH,15.789
6825,4198.625,4201.793,4185.475,4198.229,36448,14420.71771582103,2,OVERBOUGHT,NEUTRAL,BEARISH,15.288
6826,4198.271,4213.586,4193.633,4201.434,32639,14420.71771582103,1,OVERBOUGHT,NEUTRAL,BULLISH,14.628
6827,4201.381,4210.294,4191.287,4207.52,28139,14420.71771582103,1,OVERBOUGHT,NEUTRAL,BULLISH,14.895
6828,4207.493,4219.486,4206.674,4215.711,19399,14420.71771582103,1,OVERBOUGHT,OVERBOUGHT,BULLISH,14.645
6829,4215.813,4217.58,4207.369,4207.96,25603,14420.71771582103,2,NEUTRAL,OVERBOUGHT,BULLISH,14.25
6830,4207.935,4210.186,4199.599,4208.939,14467,14420.71771582103,1,OVERBOUGHT,OVERBOUGHT,BULLISH,14.449
6831,4208.921,4210.381,4203.865,4206.079,21034,14420.71771582103,3,NEUTRAL,OVERBOUGHT,BULLISH,14.019
6832,4206.077,4210.526,4194.824,4203.036,25300,14459.482695266646,2,NEUTRAL,NEUTRAL,BULLISH,14.405
6833,4203.012,4210.979,4196.713,4209.557,22906,14459.482695266646,2,NEUTRAL,OVERBOUGHT,BULLISH,14.395
6834,4209.544,4221.411,4207.863,4220.533,19821,14459.482695266646,2,OVERBOUGHT,OVERBOUGHT,BULLISH,13.632
6835,4220.436,4229.339,4218.605,4224.483,14881,14459.482695266646,1,OVERBOUGHT,OVERBOUGHT,BULLISH,13.563
6836,4224.509,4230.701,4220.53,4220.564,19563,14459.482695266646,2,OVERBOUGHT,OVERBOUGHT,BULLISH,13.457
6837,4220.598,4227.553,4215.909,4222.918,16361,14459.482695266646,2,OVERBOUGHT,OVERBOUGHT,BULLISH,12.954
6838,4222.88,4229.697,4220.002,4228.696,17035,14459.482695266646,2,OVERBOUGHT,OVERBOUGHT,BULLISH,12.94
6839,4228.675,4239.058,4221.524,4234.61,22073,14459.482695266646,1,OVERBOUGHT,OVERBOUGHT,BULLISH,13.027
6840,4234.518,4245.686,4228.277,4242.047,25018,14459.482695266646,1,OVERBOUGHT,OVERBOUGHT,BULLISH,12.845
6841,4242.203,4259.24,4234.149,4243.48,29947,14459.482695266646,1,OVERBOUGHT,OVERBOUGHT,BULLISH,13.28
6842,4243.536,4245.707,4198.651,4214.239,54744,14459.482695266646,1,NEUTRAL,NEUTRAL,BULLISH,15.726
6843,4214.196,4219.945,4206.266,4217.463,21372,14459.482695266646,1,NEUTRAL,NEUTRAL,BULLISH,15.974
6844,4217.434,4219.244,4206.714,4208.833,16737,14459.482695266646,1,OVERSOLD,OVERSOLD,BEARISH,16.113
6845,4208.869,4210.843,4199.289,4202.237,36744,14459.482695266646,2,OVERSOLD,OVERSOLD,BEARISH,16.472
6846,4202.279,4208.458,4189.804,4201.389,15553,13091.07561317776,2,OVERSOLD,OVERSOLD,BEARISH,16.683
6847,4201.433,4211.902,4197.576,4201.123,29092,12902.838253192576,2,OVERSOLD,OVERSOLD,BEARISH,16.687
6848,4201.082,4212.43,4198.448,4208.514,13143,12902.838253192576,1,NEUTRAL,OVERSOLD,BEARISH,16.718
6849,4208.411,4213.415,4206.73,4208.501,14129,12902.838253192576,2,NEUTRAL,OVERSOLD,BEARISH,16.429
6850,4208.58,4218.963,4204.603,4217.001,18890,12902.838253192576,2,OVERBOUGHT,NEUTRAL,BEARISH,16.728
6851,4217.044,4217.372,4203.166,4209.883,21308,12902.838253192576,2,NEUTRAL,NEUTRAL,BEARISH,16.911
6852,4209.772,4212.766,4200.935,4203.561,18143,12902.838253192576,2,NEUTRAL,OVERSOLD,BEARISH,17.064
6853,4203.515,4215.564,4199.622,4213.723,16714,12902.838253192576,2,NEUTRAL,OVERSOLD,BEARISH,16.95
6854,4213.81,4214.768,4197.623,4201.607,19644,12902.838253192576,1,NEUTRAL,OVERSOLD,BEARISH,16.931
6855,4201.639,4211.588,4195.474,4196.711,24222,12902.838253192576,1,OVERSOLD,OVERSOLD,BEARISH,16.29
6856,4196.74,4196.915,4176.137,4182.933,28872,12902.838253192576,1,OVERSOLD,OVERSOLD,BEARISH,14.413
6857,4182.891,4197.891,4177.118,4191.592,16914,12902.838253192576,1,NEUTRAL,OVERSOLD,BEARISH,14.92
6858,4191.629,4195.712,4184.508,4187.327,21082,12902.838253192576,2,OVERSOLD,OVERSOLD,BEARISH,14.825
6859,4187.287,4195.497,4184.122,4191.504,16454,12902.838253192576,2,NEUTRAL,NEUTRAL,BEARISH,14.812
6860,4191.537,4195.696,4188.263,4190.444,14184,13000.306038602808,3,NEUTRAL,NEUTRAL,BEARISH,14.011
6861,4190.482,4197.341,4186.012,4189.827,23550,13000.306038602808,2,NEUTRAL,NEUTRAL,BEARISH,13.797
6862,4189.869,4198.844,4184.386,4186.966,16404,13000.306038602808,2,NEUTRAL,NEUTRAL,BEARISH,13.831
6863,4186.966,4187.29,4170.097,4182.013,26853,13000.306038602808,2,NEUTRAL,OVERSOLD,BEARISH,14.581
6864,4182.069,4191.89,4175.797,4191.625,23564,13000.306038602808,2,NEUTRAL,NEUTRAL,BEARISH,14.705
6865,4191.667,4213.14,4190.812,4202.77,18846,13000.306038602808,1,OVERBOUGHT,NEUTRAL,BULLISH,15.285
6866,4202.808,4208.351,4201.2,4202.976,19894,13000.306038602808,2,OVERBOUGHT,NEUTRAL,BULLISH,14.951
6867,4203.024,4208.403,4195.763,4201.264,30325,13000.306038602808,2,OVERBOUGHT,OVERBOUGHT,BULLISH,14.715
6868,4201.238,4210.295,4189.416,4204.982,29933,13000.306038602808,1,OVERBOUGHT,OVERBOUGHT,BULLISH,14.982
6869,4204.938,4216.496,4190.099,4212.562,32094,13000.306038602808,1,OVERBOUGHT,OVERBOUGHT,BULLISH,15.717
6870,4212.522,4221.526,4210.174,4212.37,26185,13000.306038602808,1,OVERBOUGHT,OVERBOUGHT,BULLISH,15.043
6871,4212.384,4216.34,4201.544,4203.051,17783,13000.306038602808,1,NEUTRAL,OVERBOUGHT,BULLISH,14.616
6872,4202.976,4209.707,4201.215,4208.871,13744,13000.306038602808,1,NEUTRAL,OVERBOUGHT,BULLISH,14.423
6873,4208.914,4216.058,4207.131,4212.123,27894,13000.306038602808,2,NEUTRAL,OVERBOUGHT,BULLISH,14.248
6874,4212.081,4212.984,4207.159,4208.515,15151,13000.306038602808,1,NEUTRAL,OVERBOUGHT,BULLISH,14.133
6875,4208.202,4213.019,4207.063,4208.473,14101,13224.967368259684,2,NEUTRAL,OVERBOUGHT,BULLISH,13.749
6876,4208.395,4218.165,4206.902,4213.813,17894,13224.967368259684,1,OVERBOUGHT,OVERBOUGHT,BULLISH,13.521
6877,4213.786,4218.778,4203.765,4206.3,23291,13224.967368259684,2,NEUTRAL,OVERBOUGHT,BULLISH,13.365
6878,4206.378,4214.406,4201.77,4211.431,16004,13224.967368259684,2,NEUTRAL,OVERBOUGHT,BULLISH,13.118
6879,4211.354,4211.744,4203.119,4203.392,22203,13224.967368259684,2,NEUTRAL,NEUTRAL,BULLISH,12.139
6880,4203.357,4206.613,4192.542,4194.396,24247,13224.967368259684,2,OVERSOLD,NEUTRAL,BEARISH,12.634
6881,4194.353,4197.762,4187.729,4197.216,18946,13224.967368259684,2,OVERSOLD,OVERSOLD,BEARISH,12.447
6882,4197.311,4205.085,4192.922,4200.783,27021,13224.967368259684,2,NEUTRAL,OVERSOLD,BEARISH,11.825
6883,4200.819,4207.115,4191.351,4192.568,23609,13224.967368259684,1,OVERSOLD,OVERSOLD,BEARISH,11.065
6884,4192.603,4201.318,4188.957,4193.62,21769,13224.967368259684,1,NEUTRAL,OVERSOLD,BEARISH,11.138
6885,4193.715,4205.172,4192.733,4204.735,13295,13224.967368259684,1,NEUTRAL,OVERSOLD,BEARISH,10.969
6886,4204.772,4204.844,4191.955,4194.418,20636,13224.967368259684,2,NEUTRAL,NEUTRAL,BEARISH,11.283
6887,4194.381,4219.896,4181.686,4216.405,69838,13224.967368259684,1,NEUTRAL,NEUTRAL,BULLISH,13.375
6888,4216.372,4238.706,4211.013,4229.829,43333,13224.967368259684,1,OVERBOUGHT,NEUTRAL,BULLISH,14.937
6889,4229.729,4234.074,4221.196,4232.419,18404,13224.967368259684,2,OVERBOUGHT,OVERBOUGHT,BULLISH,15.431
6890,4232.502,4247.762,4231.298,4238.251,35907,14274.605396679397,2,OVERBOUGHT,OVERBOUGHT,BULLISH,15.803
6891,4238.284,4240.881,4220.392,4222.407,16597,14274.605396679397,1,OVERBOUGHT,OVERBOUGHT,BULLISH,16.194
6892,4222.331,4224.941,4209.344,4216.788,18322,14274.605396679397,1,NEUTRAL,NEUTRAL,BULLISH,16.405
6893,4216.738,4218.36,4206.155,4207.523,23506,14274.605396679397,2,OVERSOLD,NEUTRAL,BULLISH,16.661
6894,4207.486,4218.689,4204.316,4216.079,27450,14274.605396679397,2,NEUTRAL,NEUTRAL,BULLISH,16.683
6895,4216.053,4221.836,4210.327,4218.579,23080,14274.605396679397,2,OVERSOLD,NEUTRAL,BULLISH,16.788
6896,4218.51,4225.931,4211.732,4216.953,22971,14274.605396679397,1,NEUTRAL,NEUTRAL,BULLISH,16.934
6897,4216.923,4219.217,4209.648,4211.174,17718,14274.605396679397,1,NEUTRAL,NEUTRAL,BEARISH,16.491
6898,4211.197,4220.516,4208.776,4220.383,20837,14274.605396679397,1,OVERBOUGHT,NEUTRAL,BEARISH,16.447
6899,4220.473,4223.299,4205.192,4220.986,38566,14274.605396679397,1,NEUTRAL,NEUTRAL,BULLISH,16.852
6900,4221.06,4244.471,4217.824,4230.21,55585,14274.605396679397,1,OVERBOUGHT,NEUTRAL,BULLISH,17.834
6901,4230.14,4261.54,4226.155,4256.005,58062,14274.605396679397,1,OVERBOUGHT,OVERBOUGHT,BULLISH,17.632
6902,4255.933,4279.227,4250.067,4273.495,51566,14274.605396679397,1,OVERBOUGHT,OVERBOUGHT,BULLISH,17.737
6903,4273.527,4281.892,4272.104,4278.625,41647,14274.605396679397,1,OVERBOUGHT,OVERBOUGHT,BULLISH,17.517
6904,4278.603,4285.959,4266.73,4268.134,32192,14274.605396679397,1,OVERBOUGHT,OVERBOUGHT,BULLISH,17.714
6905,4268.11,4277.727,4262.962,4273.621,31499,14274.605396679397,1,OVERBOUGHT,OVERBOUGHT,BULLISH,17.305
6906,4273.598,4276.498,4264.227,4276.268,36751,14274.605396679397,1,OVERBOUGHT,OVERBOUGHT,BULLISH,17.068
6907,4276.227,4283.66,4272.525,4280.179,22296,14274.605396679397,1,NEUTRAL,OVERBOUGHT,BULLISH,16.991
6908,4282.929,4283.115,4268.83,4269.654,18336,14922.92869223374,2,NEUTRAL,OVERBOUGHT,BULLISH,16.985
6909,4269.694,4276.116,4264.738,4271.055,22252,14922.92869223374,1,NEUTRAL,OVERBOUGHT,BULLISH,16.976
6910,4271.031,4276.891,4268.665,4270.609,21728,14922.92869223374,2,NEUTRAL,OVERBOUGHT,BULLISH,16.549
6911,4270.591,4280.628,4266.085,4278.978,16569,14922.92869223374,2,NEUTRAL,OVERBOUGHT,BULLISH,16.904
6912,4279.127,4290.557,4276.641,4287.155,20214,14922.92869223374,2,NEUTRAL,OVERBOUGHT,BULLISH,17.06
6913,4287.11,4320.361,4286.981,4318.241,30974,14922.92869223374,2,OVERBOUGHT,OVERBOUGHT,BULLISH,18.151
6914,4318.279,4330.941,4314.703,4329.72,16044,14922.92869223374,1,OVERBOUGHT,OVERBOUGHT,BULLISH,17.407
6915,4329.768,4339.355,4327.004,4336.432,15980,14922.92869223374,1,OVERBOUGHT,OVERBOUGHT,BULLISH,15.762
6916,4336.503,4338.972,4324.683,4325.88,16690,14922.92869223374,1,OVERBOUGHT,OVERBOUGHT,BULLISH,14.7
6917,4325.844,4346.176,4321.322,4341.042,26736,14922.92869223374,1,OVERBOUGHT,OVERBOUGHT,BULLISH,15.776
6918,4340.998,4353.57,4330.681,4346.965,41147,14922.92869223374,1,OVERBOUGHT,OVERBOUGHT,BULLISH,16.037
6919,4346.936,4351.512,4283.082,4290.494,81339,14922.92869223374,1,OVERSOLD,OVERBOUGHT,BULLISH,19.87
6920,4290.446,4296.714,4256.958,4282.037,79271,14922.92869223374,1,OVERSOLD,NEUTRAL,BEARISH,21.834
6921,4282.062,4298.432,4271.144,4294.23,36242,14922.92869223374,1,NEUTRAL,NEUTRAL,BEARISH,22.987
6922,4294.272,4303.627,4290.488,4294.896,25678,14922.92869223374,1,OVERSOLD,NEUTRAL,BEARISH,22.905
6923,4294.931,4299.789,4289.794,4296.552,18306,14922.92869223374,1,OVERSOLD,NEUTRAL,BEARISH,22.807
6924,4296.527,4302.955,4288.403,4299.229,18801,14922.92869223374,1,NEUTRAL,NEUTRAL,BEARISH,23.259
6925,4299.285,4308.411,4298.2,4302.391,16942,13541.0823088464,2,OVERBOUGHT,NEUTRAL,BEARISH,22.949
6926,4302.431,4325.312,4300.055,4322.483,27070,13678.868120702298,2,OVERBOUGHT,NEUTRAL,BEARISH,23.759
6927,4322.4,4329.634,4319.407,4327.075,24651,13678.868120702298,2,OVERBOUGHT,NEUTRAL,BEARISH,22.105
6928,4327.147,4344.356,4323.149,4343.484,21081,13678.868120702298,2,OVERBOUGHT,OVERBOUGHT,BEARISH,22.46
6929,4343.453,4347.599,4333.62,4339.349,23971,13678.868120702298,2,OVERBOUGHT,OVERBOUGHT,BULLISH,22.577
6930,4339.305,4350.352,4338.921,4342.585,19669,13678.868120702298,2,OVERBOUGHT,OVERBOUGHT,BULLISH,22.372
6931,4342.552,4348.207,4335.333,4342.747,17689,13678.868120702298,2,OVERBOUGHT,OVERBOUGHT,BULLISH,21.517
6932,4342.845,4348.46,4330.824,4332.273,31124,13678.868120702298,2,NEUTRAL,OVERBOUGHT,BULLISH,21.142
6933,4332.3,4336.702,4317.346,4323.594,38405,13678.868120702298,1,OVERSOLD,OVERBOUGHT,BEARISH,17.636
6934,4323.555,4327.809,4311.467,4318.307,40891,13678.868120702298,1,OVERSOLD,OVERBOUGHT,BEARISH,15.964
6935,4318.339,4318.941,4285.18,4297.464,41451,13678.868120702298,1,OVERSOLD,NEUTRAL,BEARISH,16.426
6936,4297.394,4306.632,4290.69,4304.47,20116,13678.868120702298,1,OVERSOLD,NEUTRAL,BEARISH,16.626
6937,4304.436,4313.609,4299.979,4313.017,14371,13678.868120702298,1,NEUTRAL,NEUTRAL,BEARISH,16.886
6938,4313.06,4317.743,4299.462,4304.48,27815,13678.868120702298,2,NEUTRAL,NEUTRAL,BEARISH,17.152
6939,4304.45,4313.221,4300.703,4307.831,24599,13939.90845841319,3,NEUTRAL,NEUTRAL,BEARISH,17.317
6940,4307.862,4317.924,4299.075,4308.853,22676,13939.90845841319,1,OVERBOUGHT,NEUTRAL,BEARISH,16.86
6941,4308.829,4312.267,4286.46,4289.922,20875,13939.90845841319,1,NEUTRAL,OVERSOLD,BEARISH,17.972
6942,4289.948,4294.483,4280.571,4290.839,21482,13939.90845841319,1,OVERSOLD,OVERSOLD,BEARISH,17.451
6943,4290.867,4292.283,4271.599,4284.136,29262,13939.90845841319,2,OVERSOLD,OVERSOLD,BEARISH,17.93
6944,4284.185,4292.071,4279.496,4287.643,24903,13939.90845841319,2,OVERSOLD,OVERSOLD,BEARISH,18.012
6945,4287.577,4289.537,4275.426,4284.723,14704,13939.90845841319,1,OVERSOLD,OVERSOLD,BEARISH,18.1
6946,4284.767,4285.833,4274.734,4277.355,21121,13939.90845841319,2,OVERSOLD,OVERSOLD,BEARISH,17.633
6947,4277.317,4295.008,4273.752,4294.475,21222,13939.90845841319,2,NEUTRAL,OVERSOLD,BEARISH,17.769
6948,4294.503,4313.349,4290.807,4313.015,28470,13939.90845841319,1,OVERBOUGHT,NEUTRAL,BEARISH,18.212
6949,4312.974,4332.308,4311.417,4324.807,33449,13939.90845841319,1,OVERBOUGHT,OVERBOUGHT,BULLISH,17.293
6950,4324.772,4335.137,4312.222,4319.805,35889,13939.90845841319,1,OVERBOUGHT,OVERBOUGHT,BULLISH,17.791
6951,4319.758,4323.172,4291.064,4300.577,28688,13939.90845841319,1,NEUTRAL,NEUTRAL,BULLISH,19.111
6952,4300.554,4310.827,4300.095,4303.479,17086,13939.90845841319,1,NEUTRAL,NEUTRAL,BULLISH,18.571
6953,4303.446,4313.562,4298.015,4311.33,18477,13939.90845841319,1,NEUTRAL,NEUTRAL,BULLISH,18.788
6954,4311.337,4315.981,4297.382,4310.723,19343,13939.90845841319,1,NEUTRAL,NEUTRAL,BULLISH,18.77
6955,4310.676,4314.383,4300.693,4302.417,17385,13939.90845841319,2,OVERSOLD,NEUTRAL,BULLISH,17.904
6956,4302.935,4326.877,4301.745,4326.728,35067,14157.329875072252,3,OVERBOUGHT,NEUTRAL,BULLISH,18.706
6957,4326.766,4327.864,4311.204,4314.267,18097,14157.329875072252,1,NEUTRAL,NEUTRAL,BULLISH,18.418
6958,4314.303,4331.627,4312.595,4329.684,24147,14157.329875072252,2,NEUTRAL,OVERBOUGHT,BULLISH,18.88
6959,4329.645,4342.53,4328.066,4333.959,18134,14157.329875072252,1,NEUTRAL,OVERBOUGHT,BULLISH,18.905
6960,4333.988,4337.784,4324.854,4328.668,14870,14157.329875072252,1,OVERBOUGHT,OVERBOUGHT,BULLISH,19.036
6961,4328.694,4328.694,4315.555,4317.827,14730,14157.329875072252,1,NEUTRAL,OVERBOUGHT,BULLISH,18.456
6962,4317.798,4320.988,4308.276,4319.137,14977,14157.329875072252,1,NEUTRAL,NEUTRAL,BULLISH,17.754
6963,4319.072,4323.293,4306.453,4317.632,20045,14157.329875072252,2,OVERSOLD,NEUTRAL,BULLISH,17.464
6964,4317.666,4323.287,4314.921,4317.583,16913,14157.329875072252,2,OVERSOLD,NEUTRAL,BULLISH,16.425
6965,4317.471,4344.024,4315.115,4341.94,21823,14157.329875072252,1,NEUTRAL,NEUTRAL,BULLISH,16.197
6966,4342.005,4346.108,4322.856,4338.205,38288,14157.329875072252,1,OVERBOUGHT,OVERBOUGHT,BULLISH,17.091
6967,4338.154,4349.297,4324.128,4330.188,39766,14157.329875072252,1,NEUTRAL,OVERBOUGHT,BULLISH,17.778
6968,4330.239,4337.589,4320.312,4333.484,35043,14157.329875072252,1,OVERBOUGHT,OVERBOUGHT,BULLISH,17.684
6969,4333.613,4342.487,4328.597,4342.446,22557,14157.329875072252,1,OVERBOUGHT,OVERBOUGHT,BULLISH,17.698
6970,4342.474,4346.439,4328.907,4335.995,22069,14157.329875072252,1,NEUTRAL,OVERBOUGHT,BULLISH,17.155
6971,4335.953,4341.089,4330.294,4336.967,14493,14157.329875072252,1,NEUTRAL,OVERBOUGHT,BULLISH,16.736
6972,4336.935,4346.328,4335.192,4338.459,18968,14157.329875072252,2,NEUTRAL,OVERBOUGHT,BULLISH,16.172
6973,4340.111,4343.202,4333.085,4334.855,16485,14456.258775859018,2,NEUTRAL,OVERBOUGHT,BULLISH,15.862
6974,4334.803,4337.0,4324.2,4331.536,22726,14456.258775859018,1,OVERSOLD,NEUTRAL,BEARISH,15.852
6975,4331.534,4337.71,4329.852,4333.093,24377,14456.258775859018,2,NEUTRAL,NEUTRAL,BEARISH,15.475
6976,4333.196,4337.493,4328.576,4333.307,19245,14456.258775859018,2,NEUTRAL,NEUTRAL,BEARISH,15.204
6977,4333.254,4337.74,4330.022,4331.418,19518,14456.258775859018,2,OVERSOLD,NEUTRAL,BEARISH,14.553
6978,4331.379,4332.592,4320.584,4323.437,21807,14456.258775859018,2,OVERSOLD,NEUTRAL,BEARISH,14.813
6979,4323.328,4328.683,4321.962,4325.567,14807,14456.258775859018,2,OVERSOLD,NEUTRAL,BEARISH,13.228
6980,4325.572,4343.102,4314.495,4336.656,38599,14456.258775859018,2,NEUTRAL,NEUTRAL,BEARISH,13.61
6981,4336.591,4341.525,4308.654,4328.463,44876,14456.258775859018,1,NEUTRAL,NEUTRAL,BEARISH,14.161
6982,4328.563,4341.5,4324.781,4338.221,36394,14456.258775859018,1,NEUTRAL,NEUTRAL,BEARISH,14.121
6983,4338.265,4374.645,4337.739,4360.255,37006,14456.258775859018,1,OVERBOUGHT,NEUTRAL,BULLISH,15.765
6984,4360.362,4363.517,4321.657,4333.269,53621,14456.258775859018,1,NEUTRAL,NEUTRAL,BULLISH,17.502
6985,4333.236,4341.162,4325.706,4331.66,23573,14456.258775859018,1,NEUTRAL,NEUTRAL,BEARISH,17.835
6986,4331.689,4334.872,4322.719,4324.976,20015,14456.258775859018,1,NEUTRAL,NEUTRAL,BEARISH,17.908
6987,4324.992,4338.159,4324.48,4334.702,17168,14456.258775859018,1,NEUTRAL,NEUTRAL,BEARISH,18.162
6988,4334.729,4336.899,4325.608,4326.019,17720,14304.884924189906,3,OVERSOLD,NEUTRAL,BEARISH,18.055
6989,4326.058,4328.4,4309.221,4323.266,24694,14304.884924189906,1,NEUTRAL,OVERSOLD,BEARISH,18.863
6990,4323.311,4327.823,4312.848,4318.024,25793,14304.884924189906,2,OVERSOLD,OVERSOLD,BEARISH,19.296
6991,4318.031,4329.087,4316.9,4325.918,19840,14304.884924189906,2,NEUTRAL,OVERSOLD,BEARISH,19.615
6992,4325.959,4329.539,4321.625,4322.756,23931,14304.884924189906,2,OVERSOLD,OVERSOLD,BEARISH,19.323
6993,4322.716,4333.59,4321.09,4329.324,19864,14304.884924189906,2,NEUTRAL,OVERSOLD,BEARISH,19.736
6994,4329.303,4331.764,4322.288,4327.238,18889,14304.884924189906,2,NEUTRAL,OVERSOLD,BEARISH,18.369
6995,4327.29,4335.44,4320.582,4328.501,29236,14304.884924189906,2,OVERBOUGHT,OVERSOLD,BEARISH,17.082
6996,4328.526,4338.024,4319.73,4332.503,31890,14304.884924189906,1,NEUTRAL,NEUTRAL,BEARISH,17.195
6997,4332.544,4349.049,4331.988,4347.8,28007,14304.884924189906,1,OVERBOUGHT,NEUTRAL,BULLISH,15.777
6998,4347.773,4354.914,4341.968,4349.825,22717,14304.884924189906,1,OVERBOUGHT,NEUTRAL,BULLISH,13.712
6999,4349.792,4356.155,4347.146,4353.544,15779,14304.884924189906,1,OVERBOUGHT,OVERBOUGHT,BULLISH,13.252
7000,4353.498,4356.559,4343.205,4348.578,16092,14304.884924189906,1,OVERBOUGHT,OVERBOUGHT,BULLISH,13.337
7001,4348.53,4350.627,4336.832,4339.576,19504,14304.884924189906,2,NEUTRAL,OVERBOUGHT,BULLISH,13.346
7002,4339.602,4366.38,4336.637,4364.77,25979,12935.347220633157,3,NEUTRAL,OVERBOUGHT,BULLISH,14.664
7003,4364.849,4384.947,4361.297,4382.87,24498,12935.347220633157,1,OVERBOUGHT,OVERBOUGHT,BULLISH,14.983
7004,4382.903,4388.723,4378.6,4385.972,13986,12935.347220633157,1,OVERBOUGHT,OVERBOUGHT,BULLISH,14.636
7005,4386.003,4400.88,4384.225,4398.415,17872,12935.347220633157,2,OVERBOUGHT,OVERBOUGHT,BULLISH,14.956
7006,4398.388,4409.574,4396.683,4400.181,16629,12935.347220633157,1,OVERBOUGHT,OVERBOUGHT,BULLISH,15.311
7007,4400.181,4419.891,4398.827,4419.107,14756,12935.347220633157,1,OVERBOUGHT,OVERBOUGHT,BULLISH,15.923
7008,4419.145,4420.347,4406.138,4408.333,23186,12935.347220633157,2,OVERBOUGHT,OVERBOUGHT,BULLISH,16.261
7009,4408.377,4415.95,4406.278,4408.655,16260,12935.347220633157,2,OVERBOUGHT,OVERBOUGHT,BULLISH,15.89
7010,4408.694,4415.856,4406.157,4415.572,16232,12935.347220633157,2,OVERBOUGHT,OVERBOUGHT,BULLISH,15.276
7011,4415.561,4427.531,4412.798,4423.526,20065,12935.347220633157,1,OVERBOUGHT,OVERBOUGHT,BULLISH,15.11
7012,4423.642,4429.383,4414.789,4419.179,27349,12935.347220633157,1,NEUTRAL,OVERBOUGHT,BULLISH,15.228
7013,4419.22,4435.507,4411.872,4431.837,24565,12935.347220633157,1,OVERBOUGHT,OVERBOUGHT,BULLISH,16.273
7014,4431.808,4442.3,4428.043,4438.767,19584,12935.347220633157,1,OVERBOUGHT,OVERBOUGHT,BULLISH,16.337
7015,4438.73,4442.007,4429.464,4435.195,21053,12935.347220633157,2,OVERBOUGHT,OVERBOUGHT,BULLISH,16.248
7016,4435.223,4439.383,4428.766,4438.471,16092,12935.347220633157,2,OVERBOUGHT,OVERBOUGHT,BULLISH,14.882
7017,4438.523,4461.775,4438.523,4460.243,16414,12935.347220633157,2,OVERBOUGHT,OVERBOUGHT,BULLISH,14.857
7018,4460.236,4490.812,4458.033,4486.681,34746,13168.17526311254,2,OVERBOUGHT,OVERBOUGHT,BULLISH,16.475
7019,4486.749,4497.83,4481.127,4493.474,14882,13168.17526311254,1,OVERBOUGHT,OVERBOUGHT,BULLISH,16.479
7020,4493.437,4496.562,4483.117,4486.863,13547,13168.17526311254,1,OVERBOUGHT,OVERBOUGHT,BULLISH,16.518
7021,4486.824,4488.436,4474.872,4475.332,22598,13168.17526311254,2,OVERBOUGHT,OVERBOUGHT,BULLISH,15.982
7022,4475.289,4489.623,4469.518,4486.692,21841,13168.17526311254,2,OVERBOUGHT,OVERBOUGHT,BULLISH,16.404
7023,4486.656,4493.292,4478.22,4480.43,21967,13168.17526311254,2,NEUTRAL,OVERBOUGHT,BULLISH,16.789
7024,4480.391,4494.149,4479.548,4493.501,17133,13168.17526311254,2,NEUTRAL,OVERBOUGHT,BULLISH,17.139
7025,4493.464,4497.359,4473.184,4479.204,34837,13168.17526311254,2,NEUTRAL,OVERBOUGHT,BULLISH,17.814
7026,4479.238,4479.821,4441.506,4446.222,49565,13168.17526311254,1,NEUTRAL,OVERBOUGHT,BEARISH,19.508
7027,4446.308,4459.37,4430.559,4458.511,42783,13168.17526311254,1,NEUTRAL,NEUTRAL,BEARISH,19.878
7028,4458.471,4476.507,4455.894,4474.191,19311,13168.17526311254,1,NEUTRAL,NEUTRAL,BEARISH,20.332
7029,4474.229,4479.889,4469.669,4472.699,18387,13168.17526311254,1,NEUTRAL,NEUTRAL,BEARISH,20.166
7030,4472.706,4485.113,4472.706,4484.408,13798,13168.17526311254,1,NEUTRAL,NEUTRAL,BEARISH,20.294
7031,4484.443,4496.326,4484.053,4490.86,14173,13168.17526311254,1,OVERBOUGHT,OVERBOUGHT,BEARISH,19.506
7032,4490.896,4500.083,4483.568,4484.991,18645,13168.17526311254,2,OVERBOUGHT,OVERBOUGHT,BEARISH,18.345
7033,4487.444,4518.04,4486.745,4511.885,25806,13291.999841228806,2,OVERBOUGHT,OVERBOUGHT,BEARISH,19.512
7034,4511.925,4525.969,4506.823,4518.76,27884,13291.999841228806,1,OVERBOUGHT,OVERBOUGHT,BULLISH,19.919
7035,4518.794,4519.316,4475.055,4477.52,23432,13291.999841228806,1,NEUTRAL,OVERBOUGHT,BEARISH,22.112
7036,4477.545,4498.513,4468.947,4493.138,25643,13291.999841228806,1,NEUTRAL,NEUTRAL,BEARISH,22.788
7037,4493.164,4501.566,4485.268,4488.605,24768,13291.999841228806,2,NEUTRAL,NEUTRAL,BEARISH,22.875
7038,4488.639,4498.207,4483.44,4483.925,23178,13291.999841228806,2,NEUTRAL,NEUTRAL,BEARISH,22.887
7039,4483.975,4492.917,4478.091,4482.329,15986,13291.999841228806,1,OVERSOLD,NEUTRAL,BEARISH,22.22
7040,4482.373,4499.899,4481.974,4489.433,24136,13291.999841228806,2,NEUTRAL,NEUTRAL,BEARISH,20.763
7041,4489.455,4496.05,4483.082,4490.814,18783,13291.999841228806,2,NEUTRAL,NEUTRAL,BEARISH,19.631
7042,4490.845,4493.491,4474.508,4487.814,24840,13291.999841228806,1,NEUTRAL,NEUTRAL,BEARISH,19.515
7043,4487.85,4489.341,4460.347,4464.652,38256,13291.999841228806,1,OVERSOLD,OVERSOLD,BEARISH,20.856
7044,4464.694,4476.504,4448.294,4458.334,39909,13291.999841228806,1,OVERSOLD,OVERSOLD,BEARISH,21.984
7045,4458.382,4478.11,4455.887,4476.736,21624,13291.999841228806,1,NEUTRAL,OVERSOLD,BEARISH,22.695
7046,4476.762,4487.611,4475.336,4480.553,19835,13291.999841228806,1,NEUTRAL,NEUTRAL,BEARISH,22.392
7047,4480.598,4500.024,4477.299,4495.245,13623,12064.011761111777,2,NEUTRAL,NEUTRAL,BEARISH,21.655
7048,4495.172,4518.041,4492.378,4517.946,14537,12560.074133069385,1,OVERBOUGHT,NEUTRAL,BEARISH,22.12
7049,4517.905,4531.332,4497.648,4503.785,39390,12560.074133069385,1,OVERBOUGHT,OVERBOUGHT,BEARISH,21.365
7050,4503.745,4509.755,4492.303,4508.847,20911,12560.074133069385,1,OVERBOUGHT,OVERBOUGHT,BULLISH,20.5
7051,4508.838,4513.556,4497.592,4501.836,14109,12560.074133069385,1,NEUTRAL,NEUTRAL,BULLISH,20.476
7052,4501.73,4514.859,4500.527,4510.102,20954,12560.074133069385,2,NEUTRAL,OVERBOUGHT,BULLISH,20.445
7053,4510.053,4519.411,4508.147,4511.677,15503,12560.074133069385,1,NEUTRAL,OVERBOUGHT,BULLISH,20.19
7054,4511.643,4519.671,4507.385,4518.63,18869,12560.074133069385,2,OVERBOUGHT,OVERBOUGHT,BULLISH,19.787
7055,4518.696,4523.858,4511.262,4514.401,19527,12560.074133069385,2,NEUTRAL,OVERBOUGHT,BULLISH,19.761
7056,4514.396,4515.364,4502.773,4509.647,17835,12560.074133069385,1,NEUTRAL,OVERBOUGHT,BULLISH,19.304
7057,4509.611,4528.394,4503.845,4525.111,34165,12560.074133069385,2,OVERBOUGHT,OVERBOUGHT,BULLISH,18.987
7058,4525.029,4533.435,4512.754,4520.997,33790,12560.074133069385,1,NEUTRAL,OVERBOUGHT,BULLISH,18.449
7059,4521.042,4547.66,4519.608,4546.678,32624,12560.074133069385,1,OVERBOUGHT,OVERBOUGHT,BULLISH,18.865
7060,4546.631,4550.188,4531.398,4536.461,30368,12560.074133069385,1,NEUTRAL,OVERBOUGHT,BULLISH,19.331
7061,4536.494,4537.68,4509.845,4518.955,31865,12560.074133069385,1,NEUTRAL,OVERBOUGHT,BULLISH,19.696
7062,4518.996,4532.682,4514.689,4530.863,22650,12560.074133069385,1,NEUTRAL,NEUTRAL,BULLISH,19.148
7063,4530.972,4535.621,4520.031,4523.772,15109,12560.074133069385,1,NEUTRAL,NEUTRAL,BEARISH,17.855
7064,4523.8,4535.379,4521.822,4531.115,20647,12560.074133069385,1,NEUTRAL,NEUTRAL,BEARISH,17.577
7065,4531.083,4548.5,4523.347,4527.184,36980,11464.229771189763,2,NEUTRAL,NEUTRAL,BEARISH,18.234
7066,4527.21,4528.031,4472.242,4497.334,56713,13093.894396155816,1,NEUTRAL,NEUTRAL,BEARISH,21.195
7067,4497.46,4517.513,4492.175,4497.163,41467,13093.894396155816,1,OVERSOLD,NEUTRAL,BEARISH,22.2
7068,4497.131,4515.774,4496.391,4512.367,20036,13093.894396155816,1,NEUTRAL,NEUTRAL,BEARISH,22.707
7069,4512.321,4520.613,4509.488,4516.325,17317,13093.894396155816,1,NEUTRAL,NEUTRAL,BEARISH,22.602
7070,4516.34,4519.516,4505.103,4506.714,27359,13093.894396155816,2,NEUTRAL,NEUTRAL,BEARISH,22.732
7071,4506.755,4510.648,4471.283,4475.114,36826,13093.894396155816,1,NEUTRAL,NEUTRAL,BEARISH,23.79
7072,4475.152,4481.81,4444.978,4474.592,41873,13093.894396155816,1,NEUTRAL,OVERSOLD,BEARISH,24.944
7073,4474.713,4488.632,4452.543,4461.009,31234,13093.894396155816,1,OVERSOLD,OVERSOLD,BEARISH,25.518
7074,4460.977,4476.295,4459.129,4472.176,20052,13093.894396155816,1,OVERSOLD,OVERSOLD,BEARISH,25.402
7075,4472.156,4474.54,4456.99,4460.856,15664,13093.894396155816,1,OVERSOLD,OVERSOLD,BEARISH,24.667
7076,4460.865,4467.635,4434.21,4446.684,22833,13093.894396155816,1,OVERSOLD,OVERSOLD,BEARISH,25.77
7077,4446.71,4464.664,4445.621,4464.197,16771,13093.894396155816,1,NEUTRAL,OVERSOLD,BEARISH,26.016
7078,4464.14,4467.761,4406.938,4421.483,47949,13093.894396155816,1,OVERSOLD,OVERSOLD,BEARISH,29.392
7079,4421.433,4421.433,4356.544,4360.42,74340,13093.894396155816,1,OVERSOLD,OVERSOLD,BEARISH,32.234
7080,4360.3,4360.695,4302.137,4325.318,62725,13093.894396155816,1,OVERSOLD,OVERSOLD,BEARISH,32.432
7081,4325.282,4347.521,4323.439,4341.733,38679,13093.894396155816,1,OVERSOLD,OVERSOLD,BEARISH,32.342
7082,4341.841,4343.135,4314.714,4328.092,31063,13093.894396155816,1,OVERSOLD,OVERSOLD,BEARISH,32.988
7083,4328.06,4335.007,4322.894,4331.515,26351,13093.894396155816,1,OVERSOLD,OVERSOLD,BEARISH,33.058
7084,4331.543,4337.968,4327.709,4336.993,14173,13093.894396155816,1,NEUTRAL,OVERSOLD,BEARISH,32.762
7085,4337.018,4344.687,4325.845,4334.685,17826,13093.894396155816,1,NEUTRAL,OVERSOLD,BEARISH,31.296
7086,4334.596,4347.18,4323.334,4345.645,24566,13093.894396155816,2,NEUTRAL,OVERSOLD,BEARISH,30.368
7087,4345.585,4350.881,4334.551,4339.658,15362,13691.241755252087,1,OVERBOUGHT,OVERSOLD,BEARISH,28.957
7088,4339.619,4360.168,4324.41,4360.168,29824,13691.241755252087,1,OVERBOUGHT,OVERSOLD,BEARISH,30.285
7089,4360.195,4364.961,4348.944,4362.656,23266,13691.241755252087,1,OVERBOUGHT,NEUTRAL,BEARISH,30.175
7090,4362.692,4369.264,4356.298,4359.264,15276,13691.241755252087,1,OVERBOUGHT,NEUTRAL,BULLISH,28.714
7091,4359.357,4380.022,4357.584,4377.697,24897,13691.241755252087,2,OVERBOUGHT,NEUTRAL,BULLISH,28.957
7092,4377.731,4378.494,4359.882,4364.71,22923,13691.241755252087,1,OVERBOUGHT,NEUTRAL,BULLISH,25.941
7093,4364.672,4383.566,4359.177,4372.569,18299,13691.241755252087,1,NEUTRAL,NEUTRAL,BULLISH,23.045
7094,4372.625,4374.008,4350.137,4364.961,18889,13691.241755252087,1,NEUTRAL,OVERBOUGHT,BULLISH,20.567
7095,4365.015,4391.783,4364.137,4384.928,29392,13691.241755252087,2,NEUTRAL,OVERBOUGHT,BULLISH,20.822
7096,4384.858,4402.822,4381.208,4401.291,28710,13691.241755252087,2,NEUTRAL,OVERBOUGHT,BULLISH,20.336
7097,4401.329,4404.262,4376.127,4388.291,34588,13691.241755252087,1,NEUTRAL,OVERBOUGHT,BULLISH,21.48
7098,4388.34,4392.275,4355.78,4366.377,37619,13691.241755252087,1,NEUTRAL,OVERBOUGHT,BULLISH,23.354
7099,4366.305,4377.534,4359.321,4365.096,36454,13691.241755252087,1,NEUTRAL,NEUTRAL,BULLISH,23.309
7100,4365.132,4379.938,4354.864,4377.719,25444,13691.241755252087,1,NEUTRAL,NEUTRAL,BULLISH,23.397
7101,4377.778,4381.803,4364.273,4370.161,19684,13691.241755252087,1,OVERSOLD,NEUTRAL,BULLISH,23.483
7102,4370.27,4378.717,4362.438,4364.792,17809,13691.241755252087,1,OVERSOLD,NEUTRAL,BULLISH,22.091
7103,4364.87,4368.02,4337.569,4348.624,18666,13691.241755252087,1,OVERSOLD,NEUTRAL,BULLISH,23.122
7104,4348.649,4355.571,4337.901,4341.802,24013,13691.241755252087,1,OVERSOLD,OVERSOLD,BULLISH,23.458
7105,4341.764,4350.284,4328.508,4338.922,23670,13691.241755252087,2,OVERSOLD,OVERSOLD,BULLISH,23.411
7106,4338.977,4346.897,4332.467,4342.413,15968,14143.61952459316,1,OVERSOLD,OVERSOLD,BULLISH,23.112
7107,4342.377,4373.45,4336.861,4366.062,26933,14143.61952459316,1,NEUTRAL,OVERSOLD,BULLISH,23.984
7108,4366.123,4371.305,4346.689,4348.691,26461,14143.61952459316,1,NEUTRAL,NEUTRAL,BULLISH,24.037
7109,4348.764,4359.968,4340.835,4348.657,28141,14143.61952459316,1,NEUTRAL,NEUTRAL,BULLISH,23.429
7110,4348.617,4351.395,4330.733,4332.989,16094,14143.61952459316,1,NEUTRAL,OVERSOLD,BULLISH,23.361
7111,4333.039,4343.027,4275.838,4285.812,37010,14143.61952459316,1,OVERSOLD,OVERSOLD,BEARISH,26.15
7112,4285.838,4329.282,4274.341,4328.006,35451,14143.61952459316,1,NEUTRAL,OVERSOLD,BEARISH,27.468
7113,4328.054,4335.193,4323.816,4331.108,18873,14143.61952459316,1,NEUTRAL,NEUTRAL,BEARISH,26.98
7114,4331.079,4333.067,4303.336,4307.21,18320,14143.61952459316,1,NEUTRAL,NEUTRAL,BEARISH,27.312
7115,4307.292,4337.374,4306.944,4325.955,17963,14143.61952459316,1,NEUTRAL,NEUTRAL,BEARISH,28.234
7116,4325.922,4331.492,4303.736,4306.677,17970,14143.61952459316,1,NEUTRAL,NEUTRAL,BEARISH,29.054
7117,4306.625,4318.143,4303.096,4313.85,28860,14143.61952459316,2,NEUTRAL,NEUTRAL,BEARISH,27.953
7118,4313.854,4348.442,4308.075,4345.847,23059,14143.61952459316,1,NEUTRAL,NEUTRAL,BULLISH,29.575
7119,4345.787,4353.617,4332.911,4346.005,34073,14143.61952459316,1,OVERBOUGHT,NEUTRAL,BULLISH,29.498
7120,4346.059,4346.274,4326.981,4337.274,32967,14143.61952459316,1,NEUTRAL,NEUTRAL,BULLISH,29.846
7121,4337.321,4339.688,4317.127,4322.976,24014,14143.61952459316,1,NEUTRAL,NEUTRAL,BULLISH,28.844
7122,4323.006,4329.584,4318.012,4321.796,18397,14143.61952459316,1,NEUTRAL,NEUTRAL,BULLISH,27.912
7123,4321.851,4331.309,4304.157,4312.854,14817,14143.61952459316,3,OVERSOLD,NEUTRAL,BULLISH,28.485
7124,4313.034,4351.526,4307.189,4348.349,15359,12828.913696854128,2,NEUTRAL,NEUTRAL,BULLISH,30.176
7125,4348.358,4356.179,4341.279,4348.03,25300,13124.286995566434,2,NEUTRAL,OVERBOUGHT,BULLISH,26.441
7126,4348.002,4375.846,4344.852,4375.173,24101,13124.286995566434,2,OVERBOUGHT,OVERBOUGHT,BULLISH,24.73
7127,4375.13,4381.78,4370.946,4380.664,20065,13124.286995566434,2,OVERBOUGHT,OVERBOUGHT,BULLISH,24.691
7128,4380.71,4383.326,4371.949,4382.8,20718,13124.286995566434,2,OVERBOUGHT,OVERBOUGHT,BULLISH,23.38
7129,4382.763,4397.619,4380.488,4385.609,21435,13124.286995566434,2,OVERBOUGHT,OVERBOUGHT,BULLISH,22.431
7130,4385.635,4399.384,4384.555,4392.898,18752,13124.286995566434,2,OVERBOUGHT,OVERBOUGHT,BULLISH,21.507
7131,4392.891,4402.465,4361.783,4366.023,41885,13124.286995566434,2,NEUTRAL,OVERBOUGHT,BULLISH,23.338
7132,4366.066,4373.708,4348.143,4353.462,40090,13124.286995566434,1,OVERSOLD,NEUTRAL,BULLISH,22.281
7133,4353.476,4357.006,4330.24,4335.47,47192,13124.286995566434,1,OVERSOLD,NEUTRAL,BULLISH,22.714
7134,4335.417,4337.401,4314.837,4326.428,42128,13124.286995566434,1,OVERSOLD,NEUTRAL,BEARISH,22.947
7135,4326.382,4333.531,4322.76,4323.089,22205,13124.286995566434,1,OVERSOLD,OVERSOLD,BEARISH,22.105
7136,4323.015,4323.733,4309.68,4315.06,22264,13124.286995566434,1,OVERSOLD,OVERSOLD,BEARISH,22.282
7137,4315.106,4326.31,4315.106,4318.185,15775,13124.286995566434,1,OVERSOLD,OVERSOLD,BEARISH,21.147
7138,4318.228,4331.586,4317.152,4331.422,13940,13124.286995566434,1,NEUTRAL,OVERSOLD,BEARISH,19.011
7139,4331.457,4375.927,4327.07,4372.57,22139,11936.501726147406,2,OVERBOUGHT,NEUTRAL,BEARISH,21.436
7140,4372.597,4396.832,4370.227,4395.055,21190,12588.803149054002,1,OVERBOUGHT,NEUTRAL,BULLISH,21.123
7141,4395.081,4421.14,4391.224,4401.876,53050,12588.803149054002,1,OVERBOUGHT,OVERBOUGHT,BULLISH,22.486
7142,4401.913,4409.611,4388.651,4405.335,25530,12588.803149054002,1,OVERBOUGHT,OVERBOUGHT,BULLISH,23.17
7143,4405.379,4414.105,4399.69,4399.941,15774,12588.803149054002,1,OVERBOUGHT,OVERBOUGHT,BULLISH,22.976
7144,4399.909,4414.553,4397.428,4412.369,23648,12588.803149054002,2,OVERBOUGHT,OVERBOUGHT,BULLISH,23.14
7145,4412.307,4426.559,4411.208,4420.161,20097,12588.803149054002,1,OVERBOUGHT,OVERBOUGHT,BULLISH,21.331
7146,4420.279,4425.096,4416.786,4421.826,13634,12588.803149054002,1,OVERBOUGHT,OVERBOUGHT,BULLISH,20.098
7147,4421.868,4433.981,4419.336,4430.181,13958,12588.803149054002,1,OVERBOUGHT,OVERBOUGHT,BULLISH,19.233
7148,4430.172,4440.011,4425.973,4436.25,23516,12588.803149054002,2,OVERBOUGHT,OVERBOUGHT,BULLISH,18.624
7149,4436.286,4437.501,4411.073,4419.349,18626,12588.803149054002,1,NEUTRAL,OVERBOUGHT,BULLISH,19.742
7150,4419.316,4421.533,4405.439,4409.669,16746,12588.803149054002,1,NEUTRAL,OVERBOUGHT,BULLISH,19.888
7151,4409.728,4418.988,4395.895,4416.777,31829,12588.803149054002,1,NEUTRAL,OVERBOUGHT,BULLISH,20.734
7152,4416.756,4442.879,4416.756,4436.879,38722,12588.803149054002,1,NEUTRAL,OVERBOUGHT,BULLISH,21.569
7153,4436.956,4455.697,4435.453,4448.524,34762,12588.803149054002,1,NEUTRAL,OVERBOUGHT,BULLISH,19.525
7154,4448.487,4454.471,4438.476,4441.949,19400,12588.803149054002,1,OVERBOUGHT,OVERBOUGHT,BULLISH,18.767
7155,4441.992,4449.015,4432.261,4443.566,22046,12588.803149054002,1,OVERBOUGHT,OVERBOUGHT,BULLISH,17.827
7156,4443.511,4448.613,4439.808,4448.613,13599,12588.803149054002,1,OVERBOUGHT,OVERBOUGHT,BULLISH,16.959
7157,4448.64,4449.504,4434.7,4439.845,15207,12588.803149054002,1,NEUTRAL,OVERBOUGHT,BULLISH,16.986
7158,4439.805,4447.1,4437.896,4445.041,14027,12588.803149054002,1,NEUTRAL,OVERBOUGHT,BULLISH,16.421
7159,4445.092,4460.29,4436.869,4440.334,15495,12588.803149054002,2,NEUTRAL,OVERBOUGHT,BEARISH,16.997
7160,4440.426,4444.902,4430.348,4436.385,13716,12895.433007874255,1,NEUTRAL,OVERBOUGHT,BEARISH,17.443
7161,4436.336,4452.327,4427.675,4450.418,27334,12895.433007874255,1,NEUTRAL,OVERBOUGHT,BEARISH,18.158
7162,4450.515,4461.378,4448.68,4454.98,20467,12895.433007874255,1,OVERBOUGHT,OVERBOUGHT,BEARISH,18.062
7163,4455.006,4468.212,4454.095,4467.805,13275,12895.433007874255,1,OVERBOUGHT,OVERBOUGHT,BULLISH,17.183
7164,4467.682,4474.275,4449.432,4452.551,26624,12895.433007874255,2,NEUTRAL,OVERBOUGHT,BEARISH,17.808
7165,4452.575,4466.948,4451.601,4465.667,17753,12895.433007874255,1,OVERBOUGHT,OVERBOUGHT,BEARISH,17.254
7166,4465.603,4476.002,4457.239,4468.331,28425,12895.433007874255,2,NEUTRAL,OVERBOUGHT,BEARISH,16.729
7167,4468.274,4468.593,4444.803,4446.277,17337,12895.433007874255,1,NEUTRAL,NEUTRAL,BEARISH,16.982
7168,4446.398,4464.613,4442.565,4463.377,21761,12895.433007874255,2,NEUTRAL,NEUTRAL,BEARISH,17.414
7169,4463.319,4470.587,4453.975,4467.983,34093,12895.433007874255,2,NEUTRAL,NEUTRAL,BEARISH,17.404
7170,4468.012,4489.999,4464.456,4487.466,27533,12895.433007874255,1,NEUTRAL,OVERBOUGHT,BULLISH,18.6
7171,4487.493,4490.968,4462.854,4478.351,37224,12895.433007874255,1,NEUTRAL,OVERBOUGHT,BULLISH,19.55
7172,4478.32,4489.083,4471.616,4488.24,21715,12895.433007874255,1,OVERBOUGHT,OVERBOUGHT,BULLISH,20.141
7173,4488.34,4491.626,4481.675,4489.462,15994,12895.433007874255,1,OVERBOUGHT,OVERBOUGHT,BULLISH,19.179
7174,4489.42,4494.128,4482.185,4488.52,15428,12895.433007874255,1,OVERBOUGHT,OVERBOUGHT,BULLISH,18.992
7175,4488.54,4489.405,4477.399,4481.409,15263,12895.433007874255,1,NEUTRAL,OVERBOUGHT,BEARISH,18.089
7176,4481.378,4497.422,4480.296,4494.6,18309,12895.433007874255,2,OVERBOUGHT,OVERBOUGHT,BULLISH,18.405
7177,4498.082,4500.541,4482.523,4491.903,19882,13392.506848394167,2,NEUTRAL,OVERBOUGHT,BEARISH,18.684
7178,4491.878,4495.931,4460.993,4465.5,39190,13392.506848394167,1,OVERSOLD,OVERBOUGHT,BEARISH,19.405
7179,4465.482,4478.762,4459.455,4474.656,20706,13392.506848394167,1,NEUTRAL,NEUTRAL,BEARISH,19.688
7180,4474.67,4480.356,4471.815,4474.703,13952,13392.506848394167,1,NEUTRAL,NEUTRAL,BEARISH,18.957
7181,4474.645,4476.083,4463.395,4464.827,15690,13392.506848394167,1,OVERSOLD,NEUTRAL,BEARISH,18.164
7182,4464.825,4470.296,4443.17,4454.27,24606,13392.506848394167,1,OVERSOLD,NEUTRAL,BEARISH,18.527
7183,4454.232,4460.477,4441.419,4444.168,21278,13392.506848394167,1,OVERSOLD,OVERSOLD,BEARISH,18.702
7184,4444.112,4465.169,4441.509,4461.273,15288,13392.506848394167,1,NEUTRAL,OVERSOLD,BEARISH,18.567
7185,4461.183,4474.845,4459.289,4463.388,25213,13392.506848394167,2,NEUTRAL,OVERSOLD,BEARISH,17.67
7186,4463.36,4467.819,4446.584,4447.469,22732,13392.506848394167,2,NEUTRAL,OVERSOLD,BEARISH,17.939
7187,4447.441,4455.125,4439.158,4445.029,16776,13392.506848394167,1,NEUTRAL,OVERSOLD,BEARISH,18.369
7188,4445.066,4453.132,4427.817,4452.968,35506,13392.506848394167,1,NEUTRAL,OVERSOLD,BEARISH,19.324
7189,4452.923,4454.334,4435.782,4445.604,38096,13392.506848394167,1,OVERSOLD,OVERSOLD,BEARISH,19.792
7190,4445.549,4452.207,4423.563,4446.078,34294,13392.506848394167,1,OVERSOLD,OVERSOLD,BEARISH,20.615
7191,4446.044,4468.439,4443.91,4464.27,25300,13392.506848394167,1,OVERBOUGHT,NEUTRAL,BEARISH,21.08
7192,4464.309,4465.416,4449.791,4451.851,15225,13392.506848394167,1,NEUTRAL,NEUTRAL,BEARISH,19.7
7193,4451.908,4458.77,4447.231,4452.008,17130,13392.506848394167,1,NEUTRAL,NEUTRAL,BEARISH,19.145
7194,4452.071,4461.7,4445.362,4451.988,28567,13392.506848394167,2,NEUTRAL,NEUTRAL,BEARISH,19.702
7195,4452.036,4466.48,4446.637,4450.263,25589,13778.954608864564,3,NEUTRAL,NEUTRAL,BEARISH,20.213
7196,4450.259,4460.475,4441.598,4448.506,23815,13778.954608864564,1,OVERSOLD,NEUTRAL,BEARISH,19.624
7197,4448.519,4449.725,4433.334,4441.382,20420,13778.954608864564,1,OVERSOLD,NEUTRAL,BEARISH,19.434
7198,4441.397,4446.525,4437.111,4440.299,14614,13778.954608864564,1,OVERSOLD,NEUTRAL,BEARISH,18.416
7199,4440.323,4440.571,4415.511,4425.388,33964,13778.954608864564,2,OVERSOLD,OVERSOLD,BEARISH,19.095
7200,4425.449,4437.619,4415.853,4433.359,24033,13778.954608864564,1,OVERSOLD,OVERSOLD,BEARISH,19.133
7201,4433.395,4439.928,4428.495,4431.056,14959,13778.954608864564,1,OVERSOLD,OVERSOLD,BEARISH,18.809
7202,4430.976,4433.321,4419.832,4431.573,16289,13778.954608864564,1,NEUTRAL,NEUTRAL,BEARISH,17.964
7203,4431.548,4435.449,4422.964,4433.276,23208,13778.954608864564,2,NEUTRAL,NEUTRAL,BEARISH,17.531
7204,4433.315,4433.315,4407.557,4427.857,29140,13778.954608864564,2,NEUTRAL,NEUTRAL,BEARISH,17.325
7205,4427.725,4436.31,4417.267,4423.813,27357,13778.954608864564,1,OVERSOLD,NEUTRAL,BEARISH,16.933
7206,4423.771,4439.417,4418.924,4432.845,39427,13778.954608864564,1,NEUTRAL,NEUTRAL,BEARISH,17.281
7207,4432.818,4456.536,4427.799,4454.15,37093,13778.954608864564,1,OVERBOUGHT,NEUTRAL,BULLISH,18.509
7208,4454.191,4464.615,4446.895,4463.197,24987,13778.954608864564,1,OVERBOUGHT,OVERBOUGHT,BULLISH,18.608
7209,4463.116,4465.503,4457.535,4463.423,14934,13778.954608864564,1,OVERBOUGHT,OVERBOUGHT,BULLISH,17.76
7210,4463.442,4463.442,4447.882,4449.652,16463,13778.954608864564,1,OVERBOUGHT,OVERBOUGHT,BULLISH,17.523
7211,4449.642,4478.222,4444.332,4476.036,29305,13778.954608864564,2,OVERBOUGHT,OVERBOUGHT,BULLISH,18.773
7212,4475.999,4484.203,4472.63,4475.597,15681,13778.954608864564,2,OVERBOUGHT,OVERBOUGHT,BULLISH,18.927
7213,4475.632,4476.742,4452.819,4468.909,35562,13948.601788972699,2,NEUTRAL,OVERBOUGHT,BULLISH,18.846
7214,4468.941,4476.568,4465.623,4469.395,15539,13948.601788972699,1,NEUTRAL,OVERBOUGHT,BULLISH,18.073
7215,4469.365,4469.986,4460.389,4464.783,20100,13948.601788972699,2,NEUTRAL,OVERBOUGHT,BULLISH,17.941
7216,4464.788,4477.388,4458.04,4474.162,28083,13948.601788972699,2,NEUTRAL,OVERBOUGHT,BULLISH,18.36
7217,4474.204,4476.785,4463.971,4468.492,21284,13948.601788972699,2,NEUTRAL,OVERBOUGHT,BULLISH,18.384
7218,4468.445,4477.674,4467.193,4472.637,16682,13948.601788972699,2,NEUTRAL,OVERBOUGHT,BULLISH,17.292
7219,4472.67,4480.601,4460.898,4465.953,21343,13948.601788972699,2,NEUTRAL,OVERBOUGHT,BULLISH,17.339
7220,4466.057,4491.969,4458.906,4482.777,38106,13948.601788972699,1,OVERBOUGHT,OVERBOUGHT,BULLISH,18.237
7221,4482.745,4498.15,4479.269,4494.539,45921,13948.601788972699,1,OVERBOUGHT,OVERBOUGHT,BULLISH,17.533
7222,4494.513,4517.18,4490.039,4512.272,35171,13948.601788972699,1,OVERBOUGHT,OVERBOUGHT,BULLISH,18.206
7223,4512.371,4514.408,4499.838,4506.525,23418,13948.601788972699,1,OVERBOUGHT,OVERBOUGHT,BULLISH,18.678
7224,4506.513,4511.732,4482.001,4484.546,20918,13948.601788972699,1,NEUTRAL,OVERBOUGHT,BULLISH,19.69
7225,4484.503,4504.616,4482.907,4496.021,20187,13948.601788972699,1,NEUTRAL,NEUTRAL,BULLISH,18.82
7226,4496.085,4510.146,4492.7,4507.629,24882,13948.601788972699,2,NEUTRAL,NEUTRAL,BULLISH,19.239
7227,4507.6,4545.01,4505.053,4539.96,19479,12672.659555102282,2,NEUTRAL,OVERBOUGHT,BULLISH,20.385
7228,4540.027,4601.22,4536.272,4588.948,33428,13395.322930806826,1,OVERBOUGHT,OVERBOUGHT,BULLISH,24.242
7229,4588.987,4594.993,4570.14,4570.14,49209,13395.322930806826,1,OVERBOUGHT,OVERBOUGHT,BULLISH,25.332
7230,4570.108,4582.217,4561.787,4577.477,27403,13395.322930806826,1,OVERBOUGHT,OVERBOUGHT,BULLISH,25.409
7231,4577.432,4581.449,4567.651,4570.658,15857,13395.322930806826,1,OVERBOUGHT,OVERBOUGHT,BULLISH,25.479
7232,4570.695,4585.1,4563.516,4581.025,28743,13395.322930806826,2,OVERBOUGHT,OVERBOUGHT,BULLISH,26.272
7233,4580.979,4580.979,4569.639,4578.421,15361,13395.322930806826,1,NEUTRAL,OVERBOUGHT,BULLISH,25.678
7234,4578.455,4589.641,4574.626,4587.7,15755,13395.322930806826,1,OVERBOUGHT,OVERBOUGHT,BULLISH,24.389
7235,4587.743,4598.311,4579.506,4596.747,16701,13395.322930806826,1,OVERBOUGHT,OVERBOUGHT,BULLISH,24.384
7236,4596.863,4599.354,4587.759,4589.117,13433,13395.322930806826,1,OVERBOUGHT,OVERBOUGHT,BULLISH,23.273
7237,4589.166,4595.436,4581.808,4585.272,24228,13395.322930806826,2,NEUTRAL,OVERBOUGHT,BULLISH,23.206
7238,4585.261,4590.761,4578.449,4590.508,14085,13395.322930806826,1,NEUTRAL,OVERBOUGHT,BULLISH,21.962
7239,4590.435,4620.453,4588.695,4615.806,28489,13395.322930806826,1,OVERBOUGHT,OVERBOUGHT,BULLISH,22.68
7240,4615.85,4617.363,4584.885,4602.226,53552,13395.322930806826,1,NEUTRAL,OVERBOUGHT,BULLISH,23.753
7241,4602.193,4627.426,4601.81,4621.268,33511,13395.322930806826,1,OVERBOUGHT,OVERBOUGHT,BULLISH,22.729
7242,4621.242,4630.183,4607.824,4616.948,23236,13395.322930806826,1,OVERBOUGHT,OVERBOUGHT,BULLISH,19.687
7243,4616.941,4620.648,4610.771,4616.469,18282,13395.322930806826,1,OVERBOUGHT,OVERBOUGHT,BULLISH,18.617
7244,4616.477,4618.617,4600.443,4610.738,19604,13395.322930806826,1,NEUTRAL,OVERBOUGHT,BEARISH,18.456
7245,4610.794,4619.056,4591.514,4593.806,30717,13395.322930806826,2,NEUTRAL,NEUTRAL,BEARISH,19.438
7246,4593.84,4603.593,4577.934,4599.371,24661,13395.322930806826,2,OVERSOLD,NEUTRAL,BEARISH,19.729
7247,4599.408,4599.697,4575.45,4577.984,41316,13780.554080253794,2,OVERSOLD,NEUTRAL,BEARISH,20.648
7248,4577.916,4595.054,4576.696,4594.245,17021,13780.554080253794,1,NEUTRAL,OVERSOLD,BEARISH,20.886
7249,4594.211,4599.738,4592.527,4596.501,19897,13780.554080253794,2,NEUTRAL,OVERSOLD,BEARISH,20.058
7250,4596.502,4602.247,4585.601,4592.164,15655,13780.554080253794,1,NEUTRAL,NEUTRAL,BEARISH,20.419
7251,4592.102,4592.361,4573.281,4581.585,18118,13780.554080253794,1,NEUTRAL,OVERSOLD,BEARISH,20.808
7252,4581.674,4597.225,4577.482,4592.785,25467,13780.554080253794,2,NEUTRAL,OVERSOLD,BEARISH,21.339
7253,4592.752,4595.735,4580.403,4586.3,19060,13780.554080253794,2,NEUTRAL,OVERSOLD,BEARISH,20.166
7254,4586.297,4595.195,4577.847,4593.218,19865,13780.554080253794,2,NEUTRAL,NEUTRAL,BEARISH,19.085
7255,4593.188,4621.052,4590.71,4611.565,33265,13780.554080253794,1,NEUTRAL,NEUTRAL,BEARISH,19.423
7256,4611.528,4634.774,4609.05,4629.894,37348,13780.554080253794,1,OVERBOUGHT,NEUTRAL,BEARISH,19.663
7257,4629.85,4630.291,4600.864,4619.104,39974,13780.554080253794,1,OVERBOUGHT,OVERBOUGHT,BEARISH,21.06
7258,4619.001,4620.796,4592.827,4613.306,24968,13780.554080253794,1,OVERBOUGHT,OVERBOUGHT,BEARISH,21.759
7259,4613.269,4616.064,4586.704,4590.502,21339,13780.554080253794,1,NEUTRAL,NEUTRAL,BEARISH,21.889
7260,4590.452,4602.088,4581.045,4594.198,27201,13780.554080253794,1,NEUTRAL,NEUTRAL,BEARISH,21.559
7261,4594.239,4599.02,4584.153,4597.503,19009,13780.554080253794,1,OVERSOLD,NEUTRAL,BEARISH,20.889
7262,4597.539,4597.876,4569.234,4586.045,23633,13780.554080253794,1,OVERSOLD,NEUTRAL,BEARISH,21.624
7263,4586.098,4598.857,4582.708,4597.136,15430,13780.554080253794,2,NEUTRAL,NEUTRAL,BEARISH,22.262
7264,4597.181,4619.966,4597.11,4619.16,34440,14284.449723404226,2,OVERBOUGHT,NEUTRAL,BEARISH,22.706
7265,4619.143,4623.618,4614.334,4620.633,17018,14284.449723404226,1,OVERBOUGHT,NEUTRAL,BEARISH,22.006
7266,4620.571,4630.562,4613.52,4629.468,22851,14284.449723404226,2,OVERBOUGHT,OVERBOUGHT,BULLISH,21.813
7267,4629.495,4639.887,4617.789,4619.823,23742,14284.449723404226,1,OVERBOUGHT,OVERBOUGHT,BULLISH,22.297
7268,4619.766,4637.223,4618.538,4637.223,21998,14284.449723404226,1,OVERBOUGHT,OVERBOUGHT,BULLISH,22.392
7269,4637.253,4639.584,4621.938,4634.917,28814,14284.449723404226,2,NEUTRAL,OVERBOUGHT,BULLISH,21.485
7270,4634.864,4639.668,4627.052,4633.025,22316,14284.449723404226,2,NEUTRAL,OVERBOUGHT,BULLISH,20.549
7271,4632.98,4641.989,4625.93,4638.782,25684,14284.449723404226,2,NEUTRAL,OVERBOUGHT,BULLISH,19.594
7272,4638.815,4641.783,4624.312,4635.839,30070,14284.449723404226,1,OVERBOUGHT,OVERBOUGHT,BULLISH,18.844
7273,4635.872,4638.794,4606.671,4617.582,40415,14284.449723404226,1,OVERSOLD,OVERBOUGHT,BEARISH,19.042
7274,4617.552,4626.505,4599.335,4617.855,40395,14284.449723404226,1,OVERSOLD,OVERBOUGHT,BEARISH,19.479
7275,4617.892,4624.844,4608.501,4616.995,26784,14284.449723404226,1,OVERSOLD,NEUTRAL,BEARISH,19.585
7276,4617.041,4619.189,4601.076,4614.239,27551,14284.449723404226,1,OVERSOLD,NEUTRAL,BEARISH,18.833
7277,4614.214,4637.171,4612.745,4635.077,20004,14284.449723404226,1,NEUTRAL,NEUTRAL,BEARISH,19.424
7278,4635.107,4643.164,4633.272,4639.223,18543,14284.449723404226,1,OVERBOUGHT,OVERBOUGHT,BEARISH,18.498
7279,4639.221,4641.566,4625.598,4632.498,29365,14284.449723404226,1,OVERBOUGHT,OVERBOUGHT,BEARISH,18.975
7280,4632.551,4633.061,4602.84,4615.294,27725,14284.449723404226,2,NEUTRAL,NEUTRAL,BEARISH,19.916
7281,4615.256,4618.187,4583.613,4600.055,55381,14676.990225937157,2,NEUTRAL,NEUTRAL,BEARISH,20.808
7282,4599.944,4614.714,4595.584,4602.831,24827,14676.990225937157,1,OVERSOLD,NEUTRAL,BEARISH,20.839
7283,4602.87,4604.388,4581.069,4592.282,27758,14676.990225937157,1,OVERSOLD,OVERSOLD,BEARISH,21.245
7284,4592.258,4597.489,4587.018,4592.233,15159,14676.990225937157,1,OVERSOLD,OVERSOLD,BEARISH,21.091
7285,4592.274,4599.006,4580.995,4595.213,20795,14676.990225937157,1,OVERSOLD,OVERSOLD,BEARISH,21.231
7286,4595.257,4612.104,4593.665,4610.261,20245,14676.990225937157,1,NEUTRAL,OVERSOLD,BEARISH,21.3
7287,4610.216,4613.611,4597.807,4604.308,27697,14676.990225937157,2,NEUTRAL,NEUTRAL,BEARISH,20.134
7288,4604.245,4620.643,4600.656,4619.803,21968,14676.990225937157,2,OVERBOUGHT,NEUTRAL,BEARISH,19.621
7289,4619.84,4623.032,4611.726,4613.952,22344,14676.990225937157,2,OVERBOUGHT,NEUTRAL,BEARISH,19.262
7290,4613.888,4616.137,4582.0,4588.413,34780,14676.990225937157,1,NEUTRAL,NEUTRAL,BEARISH,20.406
7291,4588.437,4615.181,4583.25,4610.958,40615,14676.990225937157,1,NEUTRAL,NEUTRAL,BEARISH,20.942
7292,4611.005,4618.093,4603.867,4615.473,28708,14676.990225937157,1,NEUTRAL,NEUTRAL,BEARISH,21.252
7293,4615.438,4624.902,4601.162,4605.624,25451,14676.990225937157,1,NEUTRAL,NEUTRAL,BEARISH,21.807
7294,4605.699,4621.292,4605.643,4617.591,29942,14676.990225937157,2,NEUTRAL,NEUTRAL,BULLISH,20.767
7295,4617.621,4621.733,4600.756,4605.761,29480,14676.990225937157,2,NEUTRAL,NEUTRAL,BEARISH,19.796
7296,4605.733,4620.994,4604.438,4610.284,16597,14676.990225937157,2,NEUTRAL,NEUTRAL,BULLISH,19.612
7297,4610.243,4611.358,4593.942,4600.504,34684,15013.951474260604,2,NEUTRAL,NEUTRAL,BEARISH,19.191
7298,4600.477,4604.241,4591.237,4594.891,21686,15013.951474260604,1,NEUTRAL,NEUTRAL,BEARISH,19.372
7299,4594.918,4602.017,4592.794,4601.087,17013,15013.951474260604,2,OVERSOLD,NEUTRAL,BEARISH,18.744
7300,4601.205,4616.198,4593.851,4597.967,30331,15013.951474260604,2,NEUTRAL,NEUTRAL,BEARISH,19.023
7301,4598.052,4612.02,4596.85,4603.185,26044,15013.951474260604,2,NEUTRAL,NEUTRAL,BEARISH,18.978
7302,4603.149,4611.17,4598.843,4600.216,17468,15013.951474260604,2,NEUTRAL,NEUTRAL,BEARISH,18.431
7303,4600.25,4616.152,4597.418,4601.755,22928,15013.951474260604,2,NEUTRAL,NEUTRAL,BEARISH,18.961
7304,4601.792,4605.596,4582.677,4601.89,33599,15013.951474260604,1,NEUTRAL,NEUTRAL,BEARISH,18.16
7305,4601.909,4614.823,4596.14,4607.981,29314,15013.951474260604,1,OVERBOUGHT,NEUTRAL,BULLISH,17.214
7306,4607.952,4620.563,4536.729,4571.398,75182,15013.951474260604,1,OVERSOLD,NEUTRAL,BEARISH,22.186
7307,4571.351,4599.058,4567.96,4591.494,44034,15013.951474260604,1,NEUTRAL,NEUTRAL,BEARISH,22.711
7308,4591.506,4593.088,4576.85,4581.46,23433,15013.951474260604,1,NEUTRAL,NEUTRAL,BEARISH,22.752
7309,4581.416,4596.056,4580.011,4582.656,20368,15013.951474260604,1,NEUTRAL,NEUTRAL,BEARISH,22.4
7310,4582.63,4596.046,4580.803,4581.986,29176,15013.951474260604,2,NEUTRAL,NEUTRAL,BEARISH,22.306
7311,4581.955,4690.7,4581.955,4672.573,37371,13685.118794172295,2,OVERBOUGHT,NEUTRAL,BULLISH,28.829
7312,4672.63,4682.114,4660.973,4675.351,23759,13411.89716298128,1,OVERBOUGHT,OVERBOUGHT,BULLISH,29.41
7313,4675.381,4678.351,4656.212,4657.369,37622,13411.89716298128,1,OVERBOUGHT,OVERBOUGHT,BULLISH,30.333
7314,4657.324,4665.073,4653.138,4662.391,20359,13411.89716298128,1,OVERBOUGHT,OVERBOUGHT,BULLISH,29.589
7315,4662.416,4669.902,4658.216,4658.521,13902,13411.89716298128,1,OVERBOUGHT,OVERBOUGHT,BULLISH,29.34
7316,4658.556,4674.307,4658.134,4669.968,20583,13411.89716298128,2,NEUTRAL,OVERBOUGHT,BULLISH,29.615
7317,4669.955,4679.037,4661.873,4665.186,24232,13411.89716298128,2,NEUTRAL,OVERBOUGHT,BULLISH,29.503
7318,4665.14,4673.846,4661.683,4668.423,22535,13411.89716298128,2,NEUTRAL,OVERBOUGHT,BULLISH,28.735
7319,4668.355,4671.257,4659.587,4660.705,18990,13411.89716298128,2,NEUTRAL,OVERBOUGHT,BULLISH,28.234
7320,4660.676,4673.744,4660.078,4666.116,22597,13411.89716298128,2,NEUTRAL,OVERBOUGHT,BULLISH,23.222
7321,4666.168,4676.059,4661.511,4674.329,23629,13411.89716298128,2,NEUTRAL,OVERBOUGHT,BULLISH,22.04
7322,4674.283,4678.833,4669.195,4676.236,14372,13411.89716298128,2,OVERBOUGHT,OVERBOUGHT,BULLISH,21.568
7323,4676.237,4680.49,4664.575,4665.406,17011,13411.89716298128,3,NEUTRAL,OVERBOUGHT,BULLISH,21.559
7324,4665.371,4676.125,4659.455,4669.702,25026,13909.64108396719,2,NEUTRAL,OVERBOUGHT,BULLISH,21.661
7325,4669.667,4674.781,4665.558,4668.686,14007,13909.64108396719,1,NEUTRAL,OVERBOUGHT,BULLISH,14.552
7326,4668.676,4697.143,4666.132,4695.232,21874,13909.64108396719,2,OVERBOUGHT,OVERBOUGHT,BULLISH,15.257
7327,4695.273,4716.89,4694.235,4714.591,18815,13909.64108396719,1,OVERBOUGHT,OVERBOUGHT,BULLISH,15.294
7328,4714.551,4717.125,4705.47,4712.532,20355,13909.64108396719,1,OVERBOUGHT,OVERBOUGHT,BULLISH,15.274
7329,4712.461,4722.775,4711.405,4716.168,14607,13909.64108396719,1,OVERBOUGHT,OVERBOUGHT,BULLISH,15.251
7330,4716.195,4731.519,4714.966,4729.23,17524,13909.64108396719,1,OVERBOUGHT,OVERBOUGHT,BULLISH,15.279
7331,4729.28,4737.424,4721.184,4732.404,14700,13909.64108396719,1,OVERBOUGHT,OVERBOUGHT,BULLISH,15.213
7332,4732.418,4735.418,4721.583,4733.029,22514,13909.64108396719,2,OVERBOUGHT,OVERBOUGHT,BULLISH,15.332
7333,4732.985,4738.492,4715.232,4737.092,44718,13909.64108396719,2,OVERBOUGHT,OVERBOUGHT,BULLISH,16.16
7334,4737.157,4751.171,4728.629,4741.252,53804,13909.64108396719,1,OVERBOUGHT,OVERBOUGHT,BULLISH,16.794
7335,4741.175,4748.566,4722.354,4737.495,47587,13909.64108396719,1,OVERBOUGHT,OVERBOUGHT,BULLISH,17.627
7336,4737.464,4757.894,4729.064,4753.631,25809,13909.64108396719,1,OVERBOUGHT,OVERBOUGHT,BULLISH,18.998
7337,4753.663,4762.444,4746.094,4759.263,18994,13909.64108396719,1,OVERBOUGHT,OVERBOUGHT,BULLISH,19.029
7338,4759.298,4766.367,4752.902,4759.359,16557,13909.64108396719,1,OVERBOUGHT,OVERBOUGHT,BULLISH,18.8
7339,4759.37,4766.298,4747.418,4756.616,29673,13909.64108396719,2,OVERBOUGHT,OVERBOUGHT,BULLISH,19.49
7340,4756.641,4763.976,4756.211,4763.376,31060,13909.64108396719,1,OVERBOUGHT,OVERBOUGHT,BULLISH,17.829
7341,4762.604,4787.732,4757.789,4784.7,21733,15475.111774383013,2,OVERBOUGHT,OVERBOUGHT,BULLISH,18.35
7342,4784.65,4844.399,4783.524,4835.302,39154,15475.111774383013,1,OVERBOUGHT,OVERBOUGHT,BULLISH,21.866
7343,4835.341,4842.159,4817.232,4836.69,26804,15475.111774383013,1,OVERBOUGHT,OVERBOUGHT,BULLISH,22.834
7344,4836.618,4849.968,4827.06,4845.003,21734,15475.111774383013,1,OVERBOUGHT,OVERBOUGHT,BULLISH,23.288
7345,4845.003,4871.035,4837.906,4865.859,16369,15475.111774383013,1,OVERBOUGHT,OVERBOUGHT,BULLISH,24.494
7346,4865.937,4878.241,4858.853,4869.955,21696,15475.111774383013,1,OVERBOUGHT,OVERBOUGHT,BULLISH,24.891
7347,4870.011,4888.495,4845.479,4847.64,31974,15475.111774383013,1,NEUTRAL,OVERBOUGHT,BULLISH,26.302
7348,4847.583,4857.196,4832.476,4855.166,28575,15475.111774383013,1,NEUTRAL,OVERBOUGHT,BULLISH,26.458
7349,4855.142,4869.713,4851.529,4854.677,18434,15475.111774383013,1,NEUTRAL,OVERBOUGHT,BULLISH,25.884
7350,4854.713,4877.102,4852.333,4860.292,17030,15475.111774383013,1,NEUTRAL,OVERBOUGHT,BULLISH,25.594
7351,4860.243,4871.558,4855.195,4866.812,25367,15475.111774383013,2,NEUTRAL,OVERBOUGHT,BULLISH,25.595
7352,4866.845,4880.344,4855.777,4879.398,41985,15475.111774383013,2,OVERBOUGHT,OVERBOUGHT,BULLISH,26.388
7353,4879.338,4880.975,4839.203,4852.15,68604,15475.111774383013,1,NEUTRAL,OVERBOUGHT,BEARISH,28.023
7354,4851.99,4868.666,4812.704,4847.815,62331,15475.111774383013,1,NEUTRAL,OVERBOUGHT,BEARISH,31.466
7355,4847.861,4855.79,4819.511,4833.336,43741,15475.111774383013,1,OVERSOLD,NEUTRAL,BEARISH,31.918
7356,4833.39,4834.351,4802.543,4826.18,43978,15475.111774383013,1,OVERSOLD,NEUTRAL,BEARISH,29.842
7357,4826.147,4850.735,4819.804,4850.147,28568,15475.111774383013,1,NEUTRAL,NEUTRAL,BEARISH,30.271
7358,4850.041,4854.103,4755.85,4781.264,88936,15475.111774383013,1,OVERSOLD,NEUTRAL,BEARISH,35.653
7359,4781.229,4827.834,4772.325,4826.665,56069,15475.111774383013,1,NEUTRAL,NEUTRAL,BEARISH,37.251
7360,4826.613,4839.807,4813.273,4828.746,17192,15475.111774383013,1,NEUTRAL,NEUTRAL,BEARISH,37.762
7361,4831.025,4831.112,4777.636,4778.381,17749,15475.111774383013,1,NEUTRAL,NEUTRAL,BEARISH,38.509
7362,4778.317,4798.831,4778.121,4798.16,22540,15827.208272060821,1,NEUTRAL,NEUTRAL,BEARISH,38.223
7363,4798.089,4809.639,4772.208,4797.915,35507,15827.208272060821,1,NEUTRAL,OVERSOLD,BEARISH,39.597
7364,4797.796,4798.37,4774.904,4788.979,24098,15827.208272060821,1,OVERSOLD,NEUTRAL,BEARISH,39.504
7365,4788.965,4800.519,4784.157,4797.355,25786,15827.208272060821,2,NEUTRAL,NEUTRAL,BEARISH,39.504
7366,4797.386,4829.247,4793.688,4826.534,30740,15827.208272060821,2,OVERBOUGHT,NEUTRAL,BEARISH,40.289
7367,4826.574,4838.815,4822.389,4830.719,27816,15827.208272060821,2,OVERBOUGHT,NEUTRAL,BEARISH,38.479
7368,4830.615,4838.0,4813.895,4823.101,16108,15827.208272060821,1,OVERBOUGHT,NEUTRAL,BEARISH,36.203
7369,4823.059,4836.466,4819.211,4831.124,21871,15827.208272060821,2,OVERBOUGHT,OVERBOUGHT,BEARISH,34.845
7370,4831.108,4835.273,4810.693,4822.181,39362,15827.208272060821,2,OVERBOUGHT,OVERBOUGHT,BEARISH,34.328
7371,4822.115,4847.751,4820.386,4835.251,34055,15827.208272060821,1,NEUTRAL,OVERBOUGHT,BEARISH,34.074
7372,4835.156,4873.721,4826.868,4871.71,35419,15827.208272060821,1,OVERBOUGHT,OVERBOUGHT,BULLISH,30.402
7373,4871.756,4885.521,4868.085,4878.08,26088,15827.208272060821,1,OVERBOUGHT,OVERBOUGHT,BULLISH,27.683
7374,4877.958,4906.342,4869.724,4904.519,32530,15827.208272060821,1,OVERBOUGHT,OVERBOUGHT,BULLISH,28.403
7375,4904.48,4919.38,4901.254,4915.979,24587,15827.208272060821,1,OVERBOUGHT,OVERBOUGHT,BULLISH,25.878
7376,4915.933,4924.477,4905.936,4911.663,17274,15827.208272060821,1,OVERBOUGHT,OVERBOUGHT,BULLISH,25.723
7377,4911.7,4928.411,4911.393,4916.994,17270,15827.208272060821,1,OVERBOUGHT,OVERBOUGHT,BULLISH,24.265
7378,4916.946,4960.587,4914.521,4958.972,29080,15827.208272060821,2,OVERBOUGHT,OVERBOUGHT,BULLISH,25.879
7379,4959.011,4965.781,4947.585,4965.051,16483,16171.251928689948,1,OVERBOUGHT,OVERBOUGHT,BULLISH,26.01
7380,4965.085,4967.535,4936.266,4953.624,36778,16171.251928689948,1,OVERBOUGHT,OVERBOUGHT,BULLISH,25.704
7381,4953.581,4962.261,4938.225,4952.007,32222,16171.251928689948,2,OVERBOUGHT,OVERBOUGHT,BULLISH,26.247
7382,4951.971,4967.307,4950.184,4960.654,17155,16171.251928689948,2,OVERBOUGHT,OVERBOUGHT,BULLISH,25.749
7383,4960.628,4962.959,4945.514,4953.708,18630,16171.251928689948,1,NEUTRAL,OVERBOUGHT,BULLISH,25.762
7384,4953.733,4959.588,4901.296,4913.776,46222,16171.251928689948,2,OVERSOLD,OVERBOUGHT,BULLISH,28.17
7385,4913.884,4921.706,4899.542,4918.577,24114,16171.251928689948,1,OVERSOLD,OVERBOUGHT,BEARISH,27.799
7386,4918.538,4932.374,4911.967,4922.962,29814,16171.251928689948,2,OVERSOLD,NEUTRAL,BEARISH,25.91
7387,4922.999,4947.993,4918.292,4938.919,54332,16171.251928689948,2,NEUTRAL,NEUTRAL,BEARISH,26.786
7388,4938.979,4956.538,4932.804,4943.153,31753,16171.251928689948,1,NEUTRAL,NEUTRAL,BEARISH,25.866
7389,4943.231,4963.375,4938.434,4960.584,32005,16171.251928689948,1,OVERBOUGHT,OVERBOUGHT,BEARISH,26.352
7390,4960.611,4988.334,4959.077,4980.297,28704,16171.251928689948,1,OVERBOUGHT,OVERBOUGHT,BEARISH,27.118
7391,4980.335,4988.104,4962.064,4965.998,24711,16171.251928689948,1,OVERBOUGHT,OVERBOUGHT,BEARISH,27.762
7392,4966.032,4984.119,4958.231,4966.792,26791,16171.251928689948,1,OVERBOUGHT,OVERBOUGHT,BEARISH,26.321
7393,4966.818,4989.804,4966.818,4981.517,37808,16171.251928689948,2,OVERBOUGHT,OVERBOUGHT,BEARISH,26.665
7394,4981.478,5040.296,4978.031,5039.789,39635,14752.581110084555,2,OVERBOUGHT,OVERBOUGHT,BULLISH,28.879
7395,5039.821,5052.099,5030.552,5041.83,25017,16709.144813886025,1,OVERBOUGHT,OVERBOUGHT,BULLISH,28.701
7396,5041.689,5085.699,5029.075,5071.195,46936,16709.144813886025,1,OVERBOUGHT,OVERBOUGHT,BULLISH,31.523
7397,5071.221,5093.104,5067.022,5081.12,35245,16709.144813886025,1,OVERBOUGHT,OVERBOUGHT,BULLISH,32.14
7398,5081.06,5087.955,5070.008,5076.541,27431,16709.144813886025,1,OVERBOUGHT,OVERBOUGHT,BULLISH,29.258
7399,5076.643,5078.008,5058.121,5070.445,18144,16709.144813886025,1,OVERBOUGHT,OVERBOUGHT,BULLISH,29.095
7400,5070.362,5076.465,5052.31,5074.295,33516,16709.144813886025,1,OVERBOUGHT,OVERBOUGHT,BULLISH,29.363
7401,5074.343,5111.144,5065.319,5077.886,37987,16709.144813886025,1,NEUTRAL,OVERBOUGHT,BULLISH,30.515
7402,5077.807,5095.701,5074.034,5089.275,21291,16709.144813886025,1,NEUTRAL,OVERBOUGHT,BULLISH,30.367
7403,5089.234,5098.284,5080.015,5083.341,20438,16709.144813886025,1,NEUTRAL,OVERBOUGHT,BULLISH,29.89
7404,5083.285,5098.657,5075.446,5084.082,21494,16709.144813886025,1,OVERBOUGHT,OVERBOUGHT,BULLISH,29.458
7405,5084.113,5095.074,5078.707,5091.639,16813,16709.144813886025,1,OVERBOUGHT,OVERBOUGHT,BULLISH,28.768
7406,5091.612,5096.982,5077.224,5078.886,34555,16709.144813886025,2,NEUTRAL,OVERBOUGHT,BEARISH,28.33
7407,5078.846,5083.311,5054.528,5068.552,36255,16709.144813886025,1,OVERSOLD,OVERBOUGHT,BEARISH,28.742
7408,5068.522,5096.954,5058.257,5096.269,43817,16709.144813886025,1,NEUTRAL,OVERBOUGHT,BEARISH,27.058
7409,5096.318,5097.348,5073.834,5090.917,44425,16709.144813886025,1,NEUTRAL,OVERBOUGHT,BEARISH,27.199
7410,5090.819,5104.997,5065.288,5089.514,51170,16709.144813886025,1,NEUTRAL,OVERBOUGHT,BEARISH,25.991
7411,5089.562,5105.153,5080.781,5100.936,32925,16709.144813886025,1,NEUTRAL,OVERBOUGHT,BEARISH,25.869
7412,5100.974,5103.276,5057.875,5068.873,63472,16709.144813886025,1,NEUTRAL,NEUTRAL,BEARISH,27.83
7413,5069.015,5069.722,5008.218,5028.697,101860,16709.144813886025,1,OVERSOLD,NEUTRAL,BEARISH,30.802
7414,5028.662,5062.342,5026.17,5055.193,61356,16709.144813886025,1,NEUTRAL,NEUTRAL,BEARISH,31.661
7415,5055.251,5059.292,4989.632,5009.206,52986,16709.144813886025,1,OVERSOLD,OVERSOLD,BEARISH,33.363
7416,5029.858,5061.533,5018.873,5043.629,19983,16709.144813886025,1,NEUTRAL,NEUTRAL,BEARISH,35.553
7417,5043.588,5053.998,5013.485,5032.697,26602,18161.742133198466,1,NEUTRAL,NEUTRAL,BEARISH,37.142
7418,5032.725,5075.924,5018.832,5060.4,54816,18161.742133198466,1,NEUTRAL,NEUTRAL,BEARISH,39.562
7419,5060.365,5079.843,5049.591,5072.436,26900,18161.742133198466,1,NEUTRAL,NEUTRAL,BEARISH,40.554
7420,5072.477,5079.121,5060.201,5076.871,21932,18161.742133198466,1,OVERBOUGHT,NEUTRAL,BEARISH,40.494
7421,5076.808,5085.288,5057.336,5082.99,38951,18161.742133198466,2,OVERBOUGHT,OVERBOUGHT,BEARISH,40.435
7422,5082.906,5094.066,5076.573,5085.824,21987,18161.742133198466,1,OVERBOUGHT,OVERBOUGHT,BEARISH,38.92
7423,5085.868,5100.962,5081.597,5086.128,28270,18161.742133198466,1,OVERBOUGHT,OVERBOUGHT,BEARISH,38.624
7424,5086.063,5088.356,5073.299,5079.418,22657,18161.742133198466,1,NEUTRAL,OVERBOUGHT,BEARISH,36.863
7425,5079.353,5099.601,5077.94,5098.723,18943,18161.742133198466,1,OVERBOUGHT,OVERBOUGHT,BEARISH,36.669
7426,5098.693,5098.693,5066.82,5076.734,34763,18161.742133198466,2,NEUTRAL,OVERBOUGHT,BEARISH,35.705
7427,5076.702,5091.21,5073.588,5085.037,22364,18161.742133198466,1,NEUTRAL,OVERBOUGHT,BEARISH,32.571
7428,5085.017,5092.975,5069.493,5077.456,38719,18161.742133198466,1,NEUTRAL,OVERBOUGHT,BEARISH,31.664
7429,5077.494,5082.465,5046.496,5054.261,77522,18161.742133198466,1,NEUTRAL,OVERBOUGHT,BEARISH,29.258
7430,5054.226,5091.466,5047.509,5091.077,61699,18161.742133198466,1,NEUTRAL,OVERBOUGHT,BEARISH,28.66
7431,5091.04,5103.13,5083.378,5087.504,39432,18161.742133198466,1,NEUTRAL,OVERBOUGHT,BEARISH,27.177
7432,5087.454,5094.217,5076.677,5081.34,40614,18161.742133198466,1,NEUTRAL,OVERBOUGHT,BEARISH,24.352
7433,5081.31,5095.426,5076.186,5088.052,33045,18161.742133198466,1,NEUTRAL,OVERBOUGHT,BEARISH,23.565
7434,5088.006,5182.485,5081.171,5176.499,107680,18161.742133198466,2,OVERBOUGHT,OVERBOUGHT,BULLISH,29.451
7435,5176.597,5190.49,5169.466,5180.515,33958,18161.742133198466,1,OVERBOUGHT,OVERBOUGHT,BULLISH,28.956
7436,5177.132,5180.1,5157.059,5171.933,38407,20596.45319987798,2,OVERBOUGHT,OVERBOUGHT,BULLISH,29.382
7437,5171.877,5225.257,5168.738,5204.765,61939,20596.45319987798,1,OVERBOUGHT,OVERBOUGHT,BULLISH,32.035
7438,5204.737,5234.402,5201.611,5231.849,39956,20596.45319987798,1,OVERBOUGHT,OVERBOUGHT,BULLISH,33.302
7439,5231.804,5247.78,5224.554,5235.049,32221,20596.45319987798,1,OVERBOUGHT,OVERBOUGHT,BULLISH,33.414
7440,5234.986,5266.523,5232.359,5261.216,44838,20596.45319987798,2,OVERBOUGHT,OVERBOUGHT,BULLISH,33.575
7441,5261.187,5271.39,5252.097,5269.84,26096,20596.45319987798,1,OVERBOUGHT,OVERBOUGHT,BULLISH,33.695
7442,5269.915,5292.803,5263.0,5290.397,26428,20596.45319987798,1,OVERBOUGHT,OVERBOUGHT,BULLISH,34.146
7443,5290.353,5311.542,5280.758,5293.649,38310,20596.45319987798,1,OVERBOUGHT,OVERBOUGHT,BULLISH,33.776
7444,5293.589,5297.426,5262.838,5277.991,29899,20596.45319987798,1,OVERBOUGHT,OVERBOUGHT,BULLISH,33.107
7445,5278.033,5285.636,5269.319,5269.962,21681,20596.45319987798,1,NEUTRAL,OVERBOUGHT,BULLISH,32.861
7446,5269.973,5270.792,5238.576,5261.638,32793,20596.45319987798,1,NEUTRAL,OVERBOUGHT,BULLISH,33.91
7447,5261.7,5279.236,5251.651,5279.157,29854,20596.45319987798,1,NEUTRAL,OVERBOUGHT,BULLISH,34.506
7448,5279.124,5289.585,5257.022,5266.626,44822,20596.45319987798,1,OVERSOLD,OVERBOUGHT,BULLISH,29.595
7449,5266.654,5288.677,5248.485,5286.064,61358,20596.45319987798,1,NEUTRAL,OVERBOUGHT,BULLISH,30.964
7450,5286.172,5298.152,5235.248,5278.235,110187,20596.45319987798,1,NEUTRAL,OVERBOUGHT,BEARISH,33.782
7451,5278.276,5300.199,5274.47,5299.753,52235,20596.45319987798,1,OVERBOUGHT,OVERBOUGHT,BEARISH,31.583
7452,5299.79,5307.037,5283.043,5298.136,40330,20596.45319987798,1,NEUTRAL,OVERBOUGHT,BEARISH,30.954
7453,5298.233,5326.162,5268.483,5283.597,67780,20596.45319987798,1,NEUTRAL,OVERBOUGHT,BEARISH,33.415
7454,5283.487,5332.236,5269.346,5325.429,79199,20596.45319987798,1,OVERBOUGHT,OVERBOUGHT,BEARISH,35.467
7455,5325.374,5391.525,5320.898,5376.793,83871,20596.45319987798,1,OVERBOUGHT,OVERBOUGHT,BULLISH,39.134
7456,5376.828,5417.555,5376.828,5417.504,39541,20596.45319987798,1,OVERBOUGHT,OVERBOUGHT,BULLISH,39.916
7457,5448.139,5570.018,5432.519,5513.022,63904,20596.45319987798,1,OVERBOUGHT,OVERBOUGHT,BULLISH,48.611
7458,5512.989,5527.276,5450.422,5520.301,63928,23742.441784016584,1,OVERBOUGHT,OVERBOUGHT,BULLISH,51.63
7459,5520.413,5551.669,5445.471,5545.787,100197,23742.441784016584,1,OVERBOUGHT,OVERBOUGHT,BULLISH,58.051
7460,5545.74,5550.123,5504.551,5535.797,64838,23742.441784016584,1,OVERBOUGHT,OVERBOUGHT,BULLISH,59.005
7461,5535.774,5548.925,5508.482,5545.769,51499,23742.441784016584,1,OVERBOUGHT,OVERBOUGHT,BULLISH,59.923
7462,5545.731,5564.593,5533.596,5558.391,35391,23742.441784016584,1,OVERBOUGHT,OVERBOUGHT,BULLISH,59.811
7463,5558.328,5564.481,5516.108,5562.619,50162,23742.441784016584,1,OVERBOUGHT,OVERBOUGHT,BULLISH,60.395
7464,5562.647,5595.349,5554.806,5561.687,53457,23742.441784016584,1,OVERBOUGHT,OVERBOUGHT,BULLISH,58.798
7465,5561.609,5575.005,5536.964,5548.984,52478,23742.441784016584,1,NEUTRAL,OVERBOUGHT,BULLISH,59.678
7466,5548.949,5554.941,5473.966,5509.804,69774,23742.441784016584,1,OVERSOLD,OVERBOUGHT,BULLISH,63.748
7467,5509.714,5529.684,5498.018,5514.147,39690,23742.441784016584,1,OVERSOLD,OVERBOUGHT,BEARISH,61.89
7468,5514.115,5525.283,5482.215,5483.389,32196,23742.441784016584,1,OVERSOLD,NEUTRAL,BEARISH,60.474
7469,5483.437,5528.813,5470.739,5522.666,25864,23742.441784016584,1,NEUTRAL,NEUTRAL,BEARISH,59.577
7470,5522.639,5542.958,5500.205,5510.376,57208,23742.441784016584,2,NEUTRAL,NEUTRAL,BEARISH,59.719
7471,5510.403,5549.504,5491.126,5497.64,62166,23742.441784016584,1,NEUTRAL,NEUTRAL,BEARISH,52.995
7472,5497.341,5497.341,5094.978,5182.895,141073,23742.441784016584,1,OVERSOLD,NEUTRAL,BEARISH,76.267
7473,5182.78,5311.274,5172.031,5264.023,91933,23742.441784016584,1,OVERSOLD,OVERSOLD,BEARISH,78.628
7474,5264.077,5375.46,5264.077,5335.284,70842,23742.441784016584,1,NEUTRAL,NEUTRAL,BEARISH,83.332
7475,5335.335,5362.127,5307.978,5339.037,56535,23742.441784016584,1,NEUTRAL,NEUTRAL,BEARISH,84.311
7476,5339.098,5345.338,5290.22,5305.702,55280,23742.441784016584,1,NEUTRAL,NEUTRAL,BEARISH,86.034
7477,5305.771,5407.072,5282.791,5394.512,42425,23742.441784016584,1,OVERBOUGHT,NEUTRAL,BEARISH,91.456
7478,5394.432,5425.967,5374.608,5377.505,29968,23742.441784016584,1,OVERBOUGHT,NEUTRAL,BEARISH,92.229
7479,5400.815,5448.551,5388.252,5438.589,40200,23742.441784016584,1,OVERBOUGHT,NEUTRAL,BEARISH,94.586
7480,5438.551,5450.946,5389.899,5407.066,56105,30670.296534745165,1,NEUTRAL,NEUTRAL,BEARISH,93.163
7481,5407.098,5409.744,5291.364,5301.712,130731,30670.296534745165,1,NEUTRAL,NEUTRAL,BEARISH,99.357
7482,5301.612,5312.879,5112.046,5224.736,236819,30670.296534745165,1,OVERSOLD,NEUTRAL,BEARISH,110.626
7483,5224.816,5229.882,5150.709,5196.573,112084,30670.296534745165,1,OVERSOLD,NEUTRAL,BEARISH,112.133
7484,5196.535,5230.854,5193.79,5214.833,60827,30670.296534745165,1,OVERSOLD,OVERSOLD,BEARISH,111.726
7485,5214.771,5241.616,5180.053,5184.845,60947,30670.296534745165,1,OVERSOLD,OVERSOLD,BEARISH,111.954
7486,5184.981,5205.301,5145.544,5155.843,83815,30670.296534745165,1,OVERSOLD,OVERSOLD,BEARISH,87.461
7487,5155.919,5186.706,5117.625,5181.217,88876,30670.296534745165,1,NEUTRAL,OVERSOLD,BEARISH,82.449
7488,5181.171,5181.171,5055.99,5117.325,112051,30670.296534745165,1,OVERSOLD,OVERSOLD,BEARISH,83.434
7489,5117.33,5132.854,4940.267,5013.603,201187,30670.296534745165,1,OVERSOLD,OVERSOLD,BEARISH,93.323
7490,5013.49,5122.632,5001.005,5119.757,108273,30670.296534745165,1,NEUTRAL,OVERSOLD,BEARISH,98.073
7491,5119.702,5144.841,5089.698,5136.072,74729,30670.296534745165,1,NEUTRAL,OVERSOLD,BEARISH,93.135
7492,5136.1,5145.896,5055.443,5064.738,97324,30670.296534745165,1,NEUTRAL,NEUTRAL,BEARISH,95.927
7493,5064.541,5099.942,4991.925,5019.419,133933,30670.296534745165,1,NEUTRAL,OVERSOLD,BEARISH,98.568
7494,5019.451,5113.635,5014.309,5033.014,138792,30670.296534745165,1,NEUTRAL,OVERSOLD,BEARISH,101.302
7495,5033.129,5074.033,4980.398,5050.424,95297,30670.296534745165,1,OVERSOLD,OVERSOLD,BEARISH,99.535
7496,5050.472,5051.665,4942.06,4985.359,88315,30670.296534745165,1,OVERSOLD,OVERSOLD,BEARISH,93.018
7497,4985.286,4986.077,4801.145,4849.92,104723,30670.296534745165,1,OVERSOLD,OVERSOLD,BEARISH,100.573
7498,4849.813,4894.437,4682.526,4880.538,150026,30670.296534745165,1,OVERSOLD,OVERSOLD,BEARISH,113.062
7499,4880.573,4947.832,4840.093,4932.661,79400,30670.296534745165,1,NEUTRAL,NEUTRAL,BEARISH,116.36
7500,4932.701,4932.978,4809.015,4847.953,69644,30670.296534745165,1,OVERSOLD,NEUTRAL,BEARISH,120.946
7501,4847.569,4893.02,4831.706,4891.496,31740,30670.296534745165,1,NEUTRAL,NEUTRAL,BEARISH,120.391
7502,4793.519,4819.788,4697.912,4741.422,41133,27912.54210286467,1,NEUTRAL,OVERSOLD,BEARISH,125.274
7503,4741.564,4884.89,4740.112,4766.976,73167,30930.06587084581,1,NEUTRAL,OVERSOLD,BEARISH,121.859
7504,4766.909,4784.802,4585.331,4737.008,105103,30930.06587084581,1,OVERSOLD,OVERSOLD,BEARISH,127.419
7505,4736.896,4773.092,4698.051,4711.047,69582,30930.06587084581,1,OVERSOLD,OVERSOLD,BEARISH,128.841
7506,4711.105,4729.47,4630.285,4646.594,72551,30930.06587084581,1,OVERSOLD,OVERSOLD,BEARISH,129.464
7507,4646.496,4713.487,4603.508,4679.776,60521,30930.06587084581,1,NEUTRAL,OVERSOLD,BEARISH,129.604
7508,4679.655,4696.946,4498.094,4549.374,79473,30930.06587084581,1,OVERSOLD,OVERSOLD,BEARISH,136.713
7509,4549.337,4573.53,4401.961,4504.003,104842,30930.06587084581,1,OVERSOLD,OVERSOLD,BEARISH,142.28
7510,4504.445,4619.114,4484.777,4587.175,68088,30930.06587084581,1,NEUTRAL,OVERSOLD,BEARISH,144.047
7511,4587.237,4651.402,4561.542,4640.795,55364,30930.06587084581,1,NEUTRAL,NEUTRAL,BEARISH,137.256
7512,4640.851,4731.497,4603.466,4719.567,63725,30930.06587084581,1,NEUTRAL,NEUTRAL,BULLISH,131.264
7513,4719.534,4734.027,4657.228,4705.788,49470,30930.06587084581,1,OVERBOUGHT,NEUTRAL,BULLISH,129.054
7514,4705.763,4779.775,4703.605,4766.028,44565,30930.06587084581,1,OVERBOUGHT,NEUTRAL,BULLISH,125.641
7515,4765.857,4812.462,4743.117,4794.221,44237,30930.06587084581,1,OVERBOUGHT,OVERBOUGHT,BULLISH,126.214
7516,4794.157,4803.863,4669.435,4706.167,86680,30930.06587084581,1,NEUTRAL,OVERBOUGHT,BULLISH,121.989
7517,4706.269,4794.414,4679.993,4719.176,82737,30930.06587084581,1,NEUTRAL,OVERBOUGHT,BULLISH,119.821
7518,4719.569,4745.596,4617.049,4619.977,94439,30930.06587084581,1,NEUTRAL,NEUTRAL,BULLISH,114.755
7519,4620.053,4708.893,4596.499,4665.75,67055,30930.06587084581,1,NEUTRAL,NEUTRAL,BULLISH,117.423
7520,4665.838,4714.059,4656.421,4674.072,41627,30930.06587084581,1,OVERSOLD,NEUTRAL,BULLISH,114.455
7521,4674.129,4674.276,4618.285,4658.018,47566,30930.06587084581,1,NEUTRAL,NEUTRAL,BULLISH,110.599
7522,4657.915,4712.94,4631.413,4685.389,33422,30930.06587084581,1,NEUTRAL,NEUTRAL,BULLISH,102.218
7523,4685.485,4700.707,4647.337,4652.235,42322,30930.06587084581,1,NEUTRAL,NEUTRAL,BULLISH,93.776
7524,4652.351,4775.102,4643.759,4774.148,43781,30930.06587084581,2,OVERBOUGHT,NEUTRAL,BULLISH,93.562
7525,4774.235,4831.097,4766.164,4780.392,34837,30944.992137114463,1,OVERBOUGHT,OVERBOUGHT,BULLISH,91.781
7526,4780.29,4856.919,4766.58,4841.617,59666,30944.992137114463,1,OVERBOUGHT,OVERBOUGHT,BULLISH,89.089
7527,4841.475,4842.123,4745.469,4783.209,55601,30944.992137114463,1,NEUTRAL,OVERBOUGHT,BULLISH,90.507
7528,4783.154,4813.398,4751.924,4809.004,38040,30944.992137114463,1,OVERBOUGHT,OVERBOUGHT,BULLISH,89.457
7529,4809.176,4842.078,4800.841,4825.097,48667,30944.992137114463,2,NEUTRAL,OVERBOUGHT,BULLISH,87.45
7530,4825.18,4894.239,4816.573,4881.163,37808,30944.992137114463,1,OVERBOUGHT,OVERBOUGHT,BULLISH,83.395
7531,4881.243,4949.853,4871.77,4912.498,47927,30944.992137114463,2,NEUTRAL,OVERBOUGHT,BULLISH,80.8
7532,4912.459,4929.714,4884.691,4902.434,37915,30944.992137114463,2,OVERBOUGHT,OVERBOUGHT,BULLISH,74.834
7533,4902.506,4936.13,4883.513,4913.763,39134,30944.992137114463,2,OVERBOUGHT,OVERBOUGHT,BULLISH,70.564
7534,4913.685,4950.953,4902.328,4932.686,36802,30944.992137114463,1,OVERBOUGHT,OVERBOUGHT,BULLISH,69.92
7535,4932.831,4936.427,4893.569,4917.249,45618,30944.992137114463,1,OVERBOUGHT,OVERBOUGHT,BULLISH,68.982
7536,4916.886,4948.309,4904.555,4935.318,40809,30944.992137114463,1,NEUTRAL,OVERBOUGHT,BULLISH,66.284
7537,4935.437,4993.649,4929.848,4955.65,35123,30944.992137114463,1,OVERBOUGHT,OVERBOUGHT,BULLISH,67.029
7538,4955.536,4969.718,4907.26,4929.189,52681,30944.992137114463,1,NEUTRAL,OVERBOUGHT,BULLISH,62.109
7539,4929.116,4954.039,4884.773,4908.462,44942,30944.992137114463,1,NEUTRAL,OVERBOUGHT,BULLISH,62.418
7540,4908.54,4948.902,4880.34,4927.25,36456,30944.992137114463,1,NEUTRAL,OVERBOUGHT,BULLISH,60.863
7541,4927.168,4964.278,4902.293,4946.436,37700,30944.992137114463,2,NEUTRAL,OVERBOUGHT,BULLISH,58.386
7542,4958.639,5016.353,4909.685,5015.604,44756,30248.584155801975,2,NEUTRAL,OVERBOUGHT,BULLISH,61.614
7543,5015.609,5053.583,4985.035,5046.482,38746,30248.584155801975,1,OVERBOUGHT,OVERBOUGHT,BULLISH,63.565
7544,5046.555,5073.597,5035.511,5069.922,35657,30248.584155801975,2,OVERBOUGHT,OVERBOUGHT,BULLISH,60.738
7545,5070.008,5090.265,5050.961,5076.585,40997,30248.584155801975,3,OVERBOUGHT,OVERBOUGHT,BULLISH,57.968
7546,5076.51,5091.855,5042.818,5060.088,42172,30248.584155801975,3,OVERBOUGHT,OVERBOUGHT,BULLISH,58.255
7547,5060.183,5064.429,5013.489,5040.872,40170,30248.584155801975,3,NEUTRAL,OVERBOUGHT,BULLISH,58.135
7548,5041.024,5063.527,4966.751,4986.388,84176,30248.584155801975,2,OVERSOLD,OVERBOUGHT,BULLISH,61.574
7549,4986.189,5007.715,4887.336,4920.489,66869,30248.584155801975,1,OVERSOLD,NEUTRAL,BEARISH,67.112
7550,4920.112,4940.019,4852.203,4904.518,59542,30248.584155801975,1,OVERSOLD,NEUTRAL,BEARISH,70.259
7551,4904.436,4930.9,4888.117,4898.184,43442,30248.584155801975,1,OVERSOLD,OVERSOLD,BEARISH,68.758
7552,4898.14,4958.02,4872.884,4941.815,51274,30248.584155801975,2,OVERSOLD,OVERSOLD,BEARISH,70.378
7553,4941.764,5023.771,4914.187,5012.195,35741,30248.584155801975,3,NEUTRAL,NEUTRAL,BEARISH,73.257
7554,5012.269,5020.51,4936.06,4958.921,62840,30655.599950487504,2,NEUTRAL,NEUTRAL,BEARISH,74.392
7555,4959.011,4962.036,4804.651,4811.923,80173,30655.599950487504,1,NEUTRAL,NEUTRAL,BEARISH,81.207
7556,4811.997,4888.288,4788.571,4880.524,56606,30655.599950487504,1,NEUTRAL,OVERSOLD,BEARISH,80.71
7557,4880.448,4906.686,4826.343,4896.149,57549,30655.599950487504,2,NEUTRAL,OVERSOLD,BEARISH,81.553
7558,4896.232,4934.183,4877.697,4920.37,30842,30655.599950487504,1,NEUTRAL,NEUTRAL,BEARISH,82.867
7559,4920.229,4943.563,4895.746,4912.119,49151,30655.599950487504,2,NEUTRAL,NEUTRAL,BEARISH,83.475
7560,4912.043,4914.269,4849.283,4855.142,36221,30655.599950487504,1,NEUTRAL,NEUTRAL,BEARISH,84.614
7561,4854.969,4894.605,4847.247,4868.27,39842,30655.599950487504,2,NEUTRAL,NEUTRAL,BEARISH,84.358
7562,4868.285,4877.993,4810.728,4854.024,39981,30655.599950487504,1,NEUTRAL,OVERSOLD,BEARISH,82.25
7563,4853.946,4868.155,4802.018,4835.597,54773,30655.599950487504,1,OVERSOLD,OVERSOLD,BEARISH,78.376
7564,4835.332,4869.998,4805.773,4846.507,66626,30655.599950487504,1,OVERSOLD,OVERSOLD,BEARISH,76.691
7565,4845.979,4865.655,4800.553,4817.668,61348,30655.599950487504,1,OVERSOLD,OVERSOLD,BEARISH,78.285
7566,4817.565,4906.864,4812.275,4888.789,49972,30655.599950487504,1,NEUTRAL,OVERSOLD,BEARISH,78.96
7567,4888.647,4890.784,4859.023,4869.299,31905,30655.599950487504,1,NEUTRAL,OVERSOLD,BEARISH,73.401
7568,4869.249,4875.33,4823.399,4829.338,49660,30655.599950487504,2,NEUTRAL,NEUTRAL,BEARISH,71.079
7569,4829.446,4843.154,4759.378,4776.808,43742,30655.599950487504,2,NEUTRAL,OVERSOLD,BEARISH,65.821
7570,4761.196,4781.944,4655.213,4762.782,68445,29601.98328853631,2,NEUTRAL,OVERSOLD,BEARISH,67.75
7571,4762.707,4784.94,4693.758,4774.162,63824,29601.98328853631,1,OVERSOLD,OVERSOLD,BEARISH,68.525
7572,4774.222,4846.46,4760.338,4816.58,36778,29601.98328853631,1,NEUTRAL,NEUTRAL,BEARISH,70.642
7573,4816.509,4839.136,4800.684,4813.801,32867,29601.98328853631,2,NEUTRAL,NEUTRAL,BEARISH,69.973
7574,4813.75,4903.302,4807.641,4846.492,46874,29601.98328853631,2,OVERBOUGHT,NEUTRAL,BEARISH,72.164
7575,4846.411,4882.47,4829.588,4862.07,37327,29601.98328853631,2,OVERBOUGHT,OVERBOUGHT,BULLISH,72.558
7576,4862.042,4895.871,4838.064,4887.059,40405,29601.98328853631,3,OVERBOUGHT,OVERBOUGHT,BULLISH,71.883
7577,4887.151,4938.378,4871.117,4928.933,40087,29601.98328853631,2,OVERBOUGHT,OVERBOUGHT,BULLISH,71.963
7578,4928.902,4964.721,4894.473,4943.389,55463,29601.98328853631,2,OVERBOUGHT,OVERBOUGHT,BULLISH,72.393
7579,4943.562,4968.61,4921.855,4960.53,31431,29601.98328853631,2,OVERBOUGHT,OVERBOUGHT,BULLISH,71.083
7580,4960.314,4971.478,4936.541,4968.145,34025,29601.98328853631,4,OVERBOUGHT,OVERBOUGHT,BULLISH,66.822
7581,4967.633,5046.837,4964.697,5019.978,32168,25512.913001878176,2,OVERBOUGHT,OVERBOUGHT,BULLISH,70.42
7582,5019.925,5042.0,4975.966,4982.645,26833,25512.913001878176,1,OVERBOUGHT,OVERBOUGHT,BULLISH,71.428
7583,4982.722,5031.478,4968.921,5016.251,27789,25512.913001878176,2,OVERBOUGHT,OVERBOUGHT,BULLISH,69.912
7584,5016.188,5045.748,5007.221,5031.062,35168,25512.913001878176,3,OVERBOUGHT,OVERBOUGHT,BULLISH,63.612
7585,5031.191,5040.932,4997.244,5007.909,34461,25512.913001878176,3,NEUTRAL,OVERBOUGHT,BULLISH,60.219
7586,5007.984,5017.894,4982.047,5010.686,28590,25512.913001878176,2,NEUTRAL,OVERBOUGHT,BULLISH,56.628
7587,5010.957,5024.64,4994.983,5007.194,31096,25512.913001878176,2,NEUTRAL,OVERBOUGHT,BULLISH,56.0
7588,5007.081,5060.253,5002.253,5058.796,37395,25512.913001878176,2,OVERBOUGHT,OVERBOUGHT,BULLISH,53.31
7589,5058.847,5080.696,5040.941,5062.891,32457,25512.913001878176,3,NEUTRAL,OVERBOUGHT,BULLISH,52.372
7590,5062.838,5086.697,4987.309,5031.903,38143,25512.913001878176,4,NEUTRAL,OVERBOUGHT,BULLISH,55.342
7591,5031.829,5048.164,5008.975,5032.711,38165,24246.17922392153,2,NEUTRAL,OVERBOUGHT,BULLISH,53.337
7592,5032.613,5056.44,5016.323,5029.982,26538,24246.17922392153,2,NEUTRAL,OVERBOUGHT,BULLISH,51.185
7593,5030.086,5045.439,5011.132,5024.603,30467,24246.17922392153,3,OVERSOLD,NEUTRAL,BULLISH,50.296
7594,5024.732,5063.008,5018.388,5046.743,33140,24246.17922392153,3,NEUTRAL,NEUTRAL,BULLISH,50.988
7595,5046.943,5058.158,5019.361,5032.075,27388,24246.17922392153,3,NEUTRAL,NEUTRAL,BEARISH,47.892
7596,5032.278,5078.663,5020.474,5039.734,35664,24246.17922392153,2,NEUTRAL,NEUTRAL,BEARISH,47.331
7597,5039.651,5047.993,4998.72,5023.7,41029,24246.17922392153,2,NEUTRAL,NEUTRAL,BEARISH,46.382
7598,5023.597,5040.058,5004.513,5028.069,28026,24246.17922392153,3,NEUTRAL,NEUTRAL,BEARISH,46.169
7599,5028.027,5045.424,5020.116,5023.044,26105,24246.17922392153,2,OVERSOLD,NEUTRAL,BEARISH,44.857
7600,5027.377,5054.379,5027.377,5052.332,27386,23060.376440690907,3,NEUTRAL,NEUTRAL,BEARISH,44.534
7601,5052.429,5064.089,5032.495,5052.527,29321,23060.376440690907,4,NEUTRAL,NEUTRAL,BEARISH,44.673
7602,5052.832,5069.129,5045.655,5053.55,27673,23060.376440690907,3,OVERBOUGHT,NEUTRAL,BEARISH,42.206
7603,5053.74,5116.804,5047.061,5111.59,31279,23060.376440690907,3,OVERBOUGHT,OVERBOUGHT,BULLISH,44.348
7604,5111.667,5119.259,5019.052,5065.71,49097,23060.376440690907,2,NEUTRAL,OVERBOUGHT,BEARISH,44.407
7605,5065.691,5082.808,5035.681,5059.453,26480,23060.376440690907,1,NEUTRAL,NEUTRAL,BEARISH,44.974
7606,5059.527,5081.88,5039.122,5060.323,28148,23060.376440690907,1,NEUTRAL,NEUTRAL,BEARISH,45.163
7607,5060.176,5098.948,5042.701,5091.523,27459,23060.376440690907,2,NEUTRAL,NEUTRAL,BEARISH,46.73
7608,5091.539,5094.214,5066.571,5086.822,27984,23060.376440690907,3,NEUTRAL,NEUTRAL,BEARISH,45.517
7609,5086.894,5100.162,5049.93,5063.183,27840,22405.201700307647,3,NEUTRAL,NEUTRAL,BEARISH,46.334
7610,5062.994,5072.828,5045.111,5065.816,23641,22405.201700307647,2,NEUTRAL,NEUTRAL,BEARISH,44.157
7611,5065.894,5078.212,5046.966,5059.67,31387,22405.201700307647,4,NEUTRAL,NEUTRAL,BEARISH,42.87
7612,5059.752,5080.985,5051.732,5062.131,28064,22405.201700307647,4,OVERSOLD,NEUTRAL,BEARISH,42.42
7613,5062.032,5083.763,5048.733,5075.319,22762,22405.201700307647,3,NEUTRAL,NEUTRAL,BEARISH,43.115
7614,5075.23,5077.795,5039.03,5060.623,32534,22405.201700307647,2,NEUTRAL,NEUTRAL,BEARISH,43.645
7615,5060.528,5068.304,4878.366,4954.448,106522,22405.201700307647,1,OVERSOLD,NEUTRAL,BEARISH,54.956
7616,4954.644,4983.054,4939.469,4941.078,39589,22405.201700307647,1,OVERSOLD,NEUTRAL,BEARISH,56.392
7617,4941.015,4952.254,4906.388,4935.828,35150,22405.201700307647,1,OVERSOLD,OVERSOLD,BEARISH,54.687
7618,4935.768,4958.293,4910.94,4915.215,37415,22405.201700307647,2,OVERSOLD,OVERSOLD,BEARISH,50.911
7619,4915.089,4948.543,4887.646,4928.091,33835,21444.436459008506,3,OVERSOLD,OVERSOLD,BEARISH,51.895
7620,4928.165,4991.736,4926.962,4988.555,31697,21444.436459008506,2,NEUTRAL,OVERSOLD,BEARISH,53.468
7621,4988.415,4997.235,4944.863,4946.451,25901,21444.436459008506,3,NEUTRAL,NEUTRAL,BEARISH,53.191
7622,4946.55,4982.501,4946.273,4974.961,23519,21444.436459008506,2,NEUTRAL,NEUTRAL,BEARISH,53.804
7623,4975.092,4989.519,4946.925,4950.297,28404,21444.436459008506,3,NEUTRAL,NEUTRAL,BEARISH,53.258
7624,4950.174,4974.127,4933.494,4969.4,21666,21444.436459008506,2,NEUTRAL,NEUTRAL,BEARISH,54.181
7625,4969.493,5011.146,4957.509,4995.804,48820,21444.436459008506,2,NEUTRAL,NEUTRAL,BEARISH,55.78
7626,4995.898,5020.812,4973.736,4976.926,30529,21444.436459008506,1,NEUTRAL,NEUTRAL,BEARISH,57.053
7627,4977.129,5034.213,4975.165,5020.882,29931,21444.436459008506,2,NEUTRAL,NEUTRAL,BULLISH,58.769
7628,5020.794,5046.075,5015.181,5032.486,30549,21444.436459008506,3,OVERBOUGHT,NEUTRAL,BULLISH,58.207
7629,5032.415,5046.101,4999.755,5015.45,29178,18155.284909377333,3,NEUTRAL,OVERBOUGHT,BULLISH,47.95
7630,5015.352,5031.48,4975.014,4987.733,25989,18155.284909377333,3,NEUTRAL,OVERBOUGHT,BULLISH,48.87
7631,4987.687,5003.1,4964.573,4994.98,21270,18155.284909377333,3,NEUTRAL,OVERBOUGHT,BULLISH,48.346
7632,4994.926,5017.232,4988.881,5013.582,19649,18155.284909377333,3,NEUTRAL,OVERBOUGHT,BULLISH,46.989
7633,5013.53,5017.146,4989.553,4997.361,23743,18155.284909377333,4,OVERSOLD,NEUTRAL,BULLISH,44.61
7634,4997.23,4999.426,4968.895,4988.076,22868,18155.284909377333,3,NEUTRAL,NEUTRAL,BULLISH,42.164
7635,4987.964,5000.719,4985.349,4989.986,18732,18155.284909377333,4,NEUTRAL,NEUTRAL,BULLISH,39.521
7636,4989.899,4991.592,4922.83,4957.944,25085,17687.491902135047,2,OVERSOLD,NEUTRAL,BEARISH,41.845
7637,4957.864,4971.436,4946.776,4952.816,19104,17687.491902135047,3,OVERSOLD,NEUTRAL,BEARISH,40.564
7638,4952.982,4954.276,4858.728,4888.634,24777,17687.491902135047,1,OVERSOLD,OVERSOLD,BEARISH,44.486
7639,4888.674,4922.014,4886.528,4917.021,19124,17687.491902135047,2,OVERSOLD,OVERSOLD,BEARISH,43.19
7640,4917.0,4932.552,4912.838,4926.024,18292,17687.491902135047,2,OVERSOLD,OVERSOLD,BEARISH,41.235
7641,4925.97,4944.351,4907.59,4932.27,25377,17687.491902135047,3,NEUTRAL,NEUTRAL,BEARISH,39.643
7642,4932.173,4933.279,4869.625,4870.724,18014,17687.491902135047,1,OVERSOLD,OVERSOLD,BEARISH,41.983
7643,4870.541,4907.182,4841.149,4864.129,42349,17687.491902135047,1,NEUTRAL,OVERSOLD,BEARISH,43.39
7644,4864.061,4882.548,4848.873,4878.263,33588,17687.491902135047,1,NEUTRAL,OVERSOLD,BEARISH,41.762
7645,4878.366,4893.683,4868.386,4869.369,20829,17687.491902135047,1,OVERSOLD,OVERSOLD,BEARISH,40.817
7646,4869.462,4910.733,4849.915,4898.961,34060,17687.491902135047,2,NEUTRAL,OVERSOLD,BEARISH,43.136
7647,4899.097,4901.171,4873.239,4878.095,24306,17687.491902135047,2,NEUTRAL,OVERSOLD,BEARISH,43.16
7648,4878.025,4887.009,4853.954,4874.95,23066,16750.37362574123,3,NEUTRAL,OVERSOLD,BEARISH,43.34
7649,4874.905,4922.215,4874.564,4920.873,19614,16750.37362574123,3,NEUTRAL,NEUTRAL,BEARISH,45.646
7650,4920.888,4942.324,4918.318,4930.324,22024,16750.37362574123,4,OVERBOUGHT,NEUTRAL,BULLISH,42.449
7651,4930.402,4932.364,4909.252,4914.522,20569,16750.37362574123,3,NEUTRAL,NEUTRAL,BULLISH,42.339
7652,4914.515,4969.069,4906.242,4954.535,25519,16750.37362574123,3,OVERBOUGHT,OVERBOUGHT,BULLISH,40.001
7653,4954.57,4994.479,4952.132,4991.714,17489,16750.37362574123,1,OVERBOUGHT,OVERBOUGHT,BULLISH,40.492
7654,4991.77,5010.974,4991.305,5000.589,23845,16750.37362574123,2,OVERBOUGHT,OVERBOUGHT,BULLISH,40.488
7655,5000.678,5003.223,4980.555,4987.237,17423,16750.37362574123,2,OVERBOUGHT,OVERBOUGHT,BULLISH,39.482
7656,4987.143,4995.495,4972.896,4984.789,21466,16750.37362574123,2,OVERBOUGHT,OVERBOUGHT,BULLISH,36.549
7657,4984.69,4988.664,4960.446,4961.381,18219,15881.294391543655,3,NEUTRAL,OVERBOUGHT,BULLISH,33.848
7658,4961.073,4983.534,4960.571,4981.809,17446,15881.294391543655,3,NEUTRAL,OVERBOUGHT,BULLISH,33.083
7659,4981.607,5021.927,4976.948,5010.363,20526,15881.294391543655,4,NEUTRAL,OVERBOUGHT,BULLISH,34.489
7660,5010.29,5022.047,4981.612,4993.326,21940,15881.294391543655,3,NEUTRAL,OVERBOUGHT,BULLISH,33.033
7661,4993.105,4998.415,4971.953,4997.127,24043,15881.294391543655,3,NEUTRAL,OVERBOUGHT,BULLISH,32.928
7662,4997.095,5010.304,4963.338,5005.589,18652,15881.294391543655,1,OVERBOUGHT,OVERBOUGHT,BULLISH,33.922
7663,5005.664,5022.336,4995.972,5013.708,19091,15881.294391543655,1,OVERBOUGHT,OVERBOUGHT,BULLISH,32.401
7664,5013.792,5014.389,4982.701,4984.926,22195,15881.294391543655,2,NEUTRAL,OVERBOUGHT,BULLISH,32.95
7665,4985.004,5003.395,4975.075,5001.584,21372,15881.294391543655,3,NEUTRAL,OVERBOUGHT,BULLISH,33.322
7666,5001.671,5007.89,4985.451,5006.316,15937,15369.782227269658,3,NEUTRAL,OVERBOUGHT,BULLISH,30.437
7667,5006.397,5014.702,4981.699,4988.088,20654,15369.782227269658,3,NEUTRAL,NEUTRAL,BULLISH,29.77
7668,4988.184,5030.141,4986.715,5020.758,16606,15369.782227269658,3,NEUTRAL,NEUTRAL,BULLISH,31.466
7669,5020.642,5042.628,5005.104,5027.461,21405,15369.782227269658,3,OVERBOUGHT,OVERBOUGHT,BULLISH,32.528
7670,5027.727,5038.34,5007.088,5025.035,22067,15369.782227269658,3,NEUTRAL,OVERBOUGHT,BULLISH,33.146
7671,5025.048,5060.51,5018.215,5054.183,26853,15369.782227269658,2,OVERBOUGHT,OVERBOUGHT,BULLISH,34.151
7672,5054.078,5064.009,4988.89,5042.506,60738,15369.782227269658,1,OVERBOUGHT,OVERBOUGHT,BULLISH,37.877
7673,5042.431,5069.045,5038.405,5066.475,20461,15369.782227269658,1,OVERBOUGHT,OVERBOUGHT,BULLISH,36.852
7674,5066.556,5076.408,5054.557,5072.994,16738,15369.782227269658,1,OVERBOUGHT,OVERBOUGHT,BULLISH,35.525
7675,5072.916,5075.154,5053.792,5071.081,18228,15369.782227269658,1,OVERBOUGHT,OVERBOUGHT,BULLISH,35.161
7676,5071.154,5098.185,5068.397,5096.892,15737,15369.782227269658,2,OVERBOUGHT,OVERBOUGHT,BULLISH,33.934
7677,5096.968,5171.868,5091.769,5165.373,17353,13948.616459593182,2,OVERBOUGHT,OVERBOUGHT,BULLISH,37.772
7678,5165.366,5166.728,5129.474,5144.589,18282,13539.061717409704,1,OVERBOUGHT,OVERBOUGHT,BULLISH,38.169
7679,5144.291,5176.67,5139.976,5173.697,21186,13539.061717409704,2,OVERBOUGHT,OVERBOUGHT,BULLISH,38.768
7680,5173.708,5175.775,5151.397,5160.691,14507,13539.061717409704,2,OVERBOUGHT,OVERBOUGHT,BULLISH,38.906
7681,5160.734,5161.829,5124.932,5136.727,24575,13539.061717409704,3,NEUTRAL,OVERBOUGHT,BULLISH,39.184
7682,5136.487,5150.057,5122.192,5149.524,15513,13539.061717409704,2,NEUTRAL,OVERBOUGHT,BULLISH,38.073
7683,5149.479,5163.447,5145.008,5149.884,14575,13539.061717409704,2,NEUTRAL,OVERBOUGHT,BULLISH,36.71
7684,5149.793,5165.463,5143.5,5146.375,16402,13539.061717409704,2,OVERSOLD,OVERBOUGHT,BULLISH,36.046
7685,5146.29,5200.414,5141.232,5192.252,14872,13539.061717409704,1,NEUTRAL,OVERBOUGHT,BULLISH,37.252
7686,5192.469,5205.098,5180.724,5196.252,18947,13539.061717409704,1,OVERBOUGHT,OVERBOUGHT,BULLISH,33.628
7687,5196.135,5219.089,5175.543,5209.999,18720,13539.061717409704,1,OVERBOUGHT,OVERBOUGHT,BULLISH,34.549
7688,5210.164,5213.315,5190.918,5207.791,14505,13539.061717409704,1,OVERBOUGHT,OVERBOUGHT,BULLISH,34.588
7689,5208.063,5218.217,5201.186,5215.605,18676,13539.061717409704,2,OVERBOUGHT,OVERBOUGHT,BULLISH,34.279
7690,5215.628,5249.439,5214.887,5235.933,20799,13539.061717409704,3,OVERBOUGHT,OVERBOUGHT,BULLISH,34.619
7691,5235.839,5238.095,5144.765,5177.122,50851,13297.936791942113,2,NEUTRAL,OVERBOUGHT,BULLISH,35.564
7692,5177.202,5191.747,5165.521,5171.972,17834,13297.936791942113,2,OVERSOLD,NEUTRAL,BEARISH,34.777
7693,5171.898,5185.704,5160.916,5182.363,14775,13297.936791942113,2,NEUTRAL,NEUTRAL,BEARISH,33.926
7694,5182.507,5184.843,5156.125,5179.06,18456,13297.936791942113,2,NEUTRAL,NEUTRAL,BEARISH,34.236
7695,5179.02,5181.856,5164.834,5171.422,15549,13297.936791942113,2,OVERSOLD,NEUTRAL,BEARISH,32.817
7696,5171.428,5181.307,5144.682,5150.316,23928,13297.936791942113,3,OVERSOLD,NEUTRAL,BEARISH,33.442
7697,5150.483,5161.097,5110.63,5115.082,19152,13297.936791942113,1,OVERSOLD,OVERSOLD,BEARISH,35.73
7698,5115.001,5139.115,5093.319,5128.311,30074,13297.936791942113,1,OVERSOLD,OVERSOLD,BEARISH,37.432
7699,5128.521,5155.306,5117.962,5150.191,16169,13297.936791942113,1,NEUTRAL,OVERSOLD,BEARISH,35.873
7700,5150.171,5163.772,5130.537,5163.772,21132,13297.936791942113,2,NEUTRAL,NEUTRAL,BEARISH,36.505
7701,5163.582,5170.116,5146.172,5154.063,17015,13297.936791942113,2,NEUTRAL,NEUTRAL,BEARISH,35.105
7702,5154.169,5173.146,5140.216,5143.82,13311,13297.936791942113,2,OVERBOUGHT,NEUTRAL,BEARISH,35.858
7703,5135.424,5156.336,5127.569,5152.214,14112,12855.998367312704,2,NEUTRAL,NEUTRAL,BEARISH,36.696
7704,5152.13,5189.947,5144.07,5176.554,13943,12855.998367312704,1,NEUTRAL,NEUTRAL,BEARISH,37.505
7705,5176.86,5193.907,5166.434,5182.161,17563,12855.998367312704,2,NEUTRAL,NEUTRAL,BEARISH,32.801
7706,5182.014,5210.592,5171.775,5201.72,13065,12855.998367312704,2,OVERBOUGHT,OVERBOUGHT,BEARISH,33.7
7707,5201.697,5201.697,5180.372,5184.635,14307,12855.998367312704,2,OVERBOUGHT,OVERBOUGHT,BEARISH,33.454
7708,5184.74,5197.169,5176.281,5192.912,13649,12855.998367312704,2,OVERBOUGHT,OVERBOUGHT,BEARISH,32.895
7709,5193.001,5194.907,5154.81,5181.284,15665,12855.998367312704,2,NEUTRAL,OVERBOUGHT,BEARISH,34.543
7710,5181.193,5191.29,5177.333,5184.98,15498,12855.998367312704,2,NEUTRAL,OVERBOUGHT,BEARISH,32.924
7711,5184.741,5193.204,5158.59,5190.958,15501,12855.998367312704,1,NEUTRAL,OVERBOUGHT,BEARISH,31.792
7712,5191.174,5202.514,5172.354,5194.94,13630,12855.998367312704,1,NEUTRAL,OVERBOUGHT,BEARISH,30.675
7713,5194.853,5217.614,5189.512,5206.888,17489,12855.998367312704,2,NEUTRAL,OVERBOUGHT,BULLISH,30.015
7714,5207.073,5208.262,5191.339,5205.091,15317,12855.998367312704,2,OVERBOUGHT,OVERBOUGHT,BULLISH,28.85
7715,5204.868,5206.206,5145.78,5151.966,15983,12855.998367312704,1,OVERSOLD,NEUTRAL,BEARISH,31.456
7716,5152.05,5181.804,5150.062,5163.125,17988,12855.998367312704,2,NEUTRAL,NEUTRAL,BEARISH,31.371
7717,5163.219,5198.089,5155.321,5191.599,27196,12567.196935505142,2,NEUTRAL,NEUTRAL,BEARISH,32.371
7718,5191.332,5195.618,5173.994,5192.676,16712,12567.196935505142,2,NEUTRAL,NEUTRAL,BEARISH,30.639
7719,5192.386,5205.41,5189.694,5192.941,18604,12567.196935505142,3,NEUTRAL,NEUTRAL,BEARISH,29.799
7720,5193.016,5194.459,5167.651,5179.043,17476,12567.196935505142,2,OVERBOUGHT,NEUTRAL,BEARISH,28.941
7721,5179.208,5189.901,5165.732,5171.379,14154,12567.196935505142,2,NEUTRAL,NEUTRAL,BEARISH,29.142
7722,5171.187,5188.053,5157.754,5183.826,14977,12567.196935505142,2,NEUTRAL,NEUTRAL,BEARISH,29.815
7723,5183.821,5185.612,5139.658,5164.688,35177,12567.196935505142,2,OVERSOLD,NEUTRAL,BEARISH,30.233
7724,5164.575,5192.714,5130.47,5185.32,28051,12567.196935505142,1,NEUTRAL,NEUTRAL,BEARISH,33.682
7725,5185.685,5187.113,5172.629,5179.668,14289,12567.196935505142,1,NEUTRAL,NEUTRAL,BEARISH,32.244
7726,5179.737,5190.185,5160.52,5180.461,23791,12567.196935505142,2,NEUTRAL,NEUTRAL,BEARISH,32.209
7727,5180.539,5200.86,5179.557,5196.183,15086,12567.196935505142,2,NEUTRAL,NEUTRAL,BEARISH,31.723
7728,5196.494,5200.483,5169.971,5174.668,18957,12236.594846409416,3,NEUTRAL,NEUTRAL,BEARISH,32.694
7729,5174.763,5199.716,5166.688,5183.392,21417,12236.594846409416,2,NEUTRAL,OVERBOUGHT,BEARISH,30.737
7730,5183.44,5200.615,5180.643,5197.744,17224,12236.594846409416,3,NEUTRAL,OVERBOUGHT,BEARISH,29.896
7731,5197.674,5199.061,5175.545,5176.053,15767,12236.594846409416,2,NEUTRAL,OVERBOUGHT,BEARISH,28.521
7732,5176.114,5182.571,5172.222,5175.758,12769,12236.594846409416,2,NEUTRAL,OVERBOUGHT,BEARISH,27.716
7733,5175.833,5190.553,5168.53,5187.499,18262,12236.594846409416,3,NEUTRAL,NEUTRAL,BEARISH,28.166
7734,5187.711,5240.516,5186.819,5223.198,20755,12236.594846409416,1,OVERBOUGHT,OVERBOUGHT,BULLISH,30.087
7735,5223.124,5236.092,5213.709,5223.762,20415,12236.594846409416,1,NEUTRAL,OVERBOUGHT,BULLISH,29.959
7736,5223.838,5246.401,5214.693,5239.359,17984,12236.594846409416,1,OVERBOUGHT,OVERBOUGHT,BULLISH,30.06
7737,5239.439,5257.624,5221.887,5229.106,18145,12236.594846409416,1,OVERBOUGHT,OVERBOUGHT,BULLISH,29.33
7738,5229.185,5236.913,5220.583,5234.421,13028,12236.594846409416,1,OVERBOUGHT,OVERBOUGHT,BULLISH,26.05
7739,5234.512,5252.228,5222.637,5250.08,18575,12236.594846409416,2,OVERBOUGHT,OVERBOUGHT,BULLISH,27.13
7740,5250.155,5281.253,5248.624,5279.022,15256,12236.594846409416,2,OVERBOUGHT,OVERBOUGHT,BULLISH,27.341
7741,5319.272,5393.371,5314.681,5386.916,16153,11135.304067386298,1,OVERBOUGHT,OVERBOUGHT,BULLISH,33.987
7742,5386.641,5388.044,5340.658,5347.2,23124,11711.521140333634,1,OVERBOUGHT,OVERBOUGHT,BULLISH,35.193
7743,5347.392,5347.392,5303.109,5324.969,37675,11711.521140333634,1,OVERBOUGHT,OVERBOUGHT,BULLISH,35.997
7744,5324.89,5351.905,5316.853,5346.134,16252,11711.521140333634,1,OVERBOUGHT,OVERBOUGHT,BULLISH,37.074
7745,5346.502,5367.036,5344.537,5356.029,18814,11711.521140333634,2,NEUTRAL,OVERBOUGHT,BULLISH,37.001
7746,5356.082,5389.734,5340.487,5387.582,21350,11711.521140333634,2,NEUTRAL,OVERBOUGHT,BULLISH,39.78
7747,5387.693,5419.03,5384.796,5407.874,14765,11711.521140333634,1,OVERBOUGHT,OVERBOUGHT,BULLISH,40.652
7748,5407.709,5416.418,5391.071,5393.835,13538,11711.521140333634,1,OVERBOUGHT,OVERBOUGHT,BULLISH,38.627
7749,5394.048,5402.721,5378.983,5389.038,22313,11711.521140333634,2,OVERBOUGHT,OVERBOUGHT,BULLISH,38.724
7750,5389.116,5399.732,5375.016,5396.809,20427,11711.521140333634,2,OVERBOUGHT,OVERBOUGHT,BULLISH,38.224
7751,5396.873,5416.358,5381.887,5394.026,21870,11711.521140333634,1,NEUTRAL,OVERBOUGHT,BULLISH,38.134
7752,5393.942,5395.221,5306.32,5333.62,51196,11711.521140333634,1,OVERSOLD,OVERBOUGHT,BULLISH,43.317
7753,5333.062,5348.799,5308.129,5316.053,34371,11711.521140333634,1,OVERSOLD,NEUTRAL,BEARISH,44.109
7754,5315.968,5315.968,5260.224,5290.232,42827,11711.521140333634,1,OVERSOLD,NEUTRAL,BEARISH,45.766
7755,5290.325,5320.759,5286.686,5306.476,20354,11711.521140333634,1,OVERSOLD,OVERSOLD,BEARISH,40.032
7756,5306.627,5316.575,5289.375,5315.279,13358,11711.521140333634,1,OVERSOLD,OVERSOLD,BEARISH,38.59
7757,5315.294,5346.119,5313.739,5332.491,27517,11711.521140333634,2,NEUTRAL,NEUTRAL,BEARISH,37.74
7758,5332.486,5346.94,5321.62,5345.688,12703,11711.521140333634,2,NEUTRAL,NEUTRAL,BEARISH,37.045
7759,5345.693,5379.802,5337.019,5339.027,27542,13231.82865077805,2,OVERBOUGHT,NEUTRAL,BEARISH,38.493
7760,5339.218,5368.145,5332.635,5367.011,16140,13231.82865077805,1,OVERBOUGHT,NEUTRAL,BEARISH,37.512
7761,5367.115,5375.551,5358.809,5361.165,15900,13231.82865077805,2,OVERBOUGHT,NEUTRAL,BEARISH,36.263
7762,5361.082,5366.926,5304.905,5318.883,17955,13231.82865077805,1,NEUTRAL,NEUTRAL,BEARISH,38.882
7763,5318.982,5322.993,5279.076,5310.378,23506,13231.82865077805,1,NEUTRAL,NEUTRAL,BEARISH,40.324
7764,5310.43,5335.669,5290.025,5295.592,26679,13231.82865077805,2,OVERSOLD,NEUTRAL,BEARISH,41.819
7765,5295.479,5303.581,5225.943,5274.747,29754,13231.82865077805,1,OVERSOLD,OVERSOLD,BEARISH,44.902
7766,5274.665,5288.083,5237.926,5248.377,22365,13231.82865077805,1,OVERSOLD,OVERSOLD,BEARISH,42.135
7767,5248.186,5263.873,5072.9,5144.538,75030,13231.82865077805,1,OVERSOLD,OVERSOLD,BEARISH,52.87
7768,5144.628,5226.551,5138.053,5224.34,34879,13231.82865077805,1,NEUTRAL,OVERSOLD,BEARISH,55.204
7769,5224.452,5224.452,5127.152,5156.412,50825,13231.82865077805,1,OVERSOLD,NEUTRAL,BEARISH,59.72
7770,5156.315,5175.512,5015.763,5038.14,75913,13231.82865077805,1,OVERSOLD,OVERSOLD,BEARISH,69.188
7771,5038.231,5096.869,4995.96,5095.336,71252,13231.82865077805,1,NEUTRAL,OVERSOLD,BEARISH,74.083
7772,5095.25,5134.761,5090.315,5106.513,43733,13231.82865077805,1,NEUTRAL,OVERSOLD,BEARISH,75.449
7773,5106.899,5109.594,5065.087,5078.903,33985,13231.82865077805,1,OVERSOLD,OVERSOLD,BEARISH,75.572
7774,5078.827,5138.314,5078.717,5136.081,26067,13231.82865077805,1,NEUTRAL,OVERSOLD,BEARISH,77.293
7775,5135.993,5149.115,5099.039,5113.095,25252,13231.82865077805,1,OVERBOUGHT,NEUTRAL,BEARISH,79.674
7776,5113.248,5130.413,5085.987,5097.119,23292,13231.82865077805,1,NEUTRAL,NEUTRAL,BEARISH,78.417
7777,5097.2,5110.172,5083.111,5090.294,14543,13231.82865077805,1,NEUTRAL,OVERSOLD,BEARISH,77.213
7778,5110.94,5140.293,5084.751,5138.29,23319,13523.150525307123,2,NEUTRAL,NEUTRAL,BEARISH,77.92
7779,5138.368,5178.567,5138.277,5174.636,26829,13523.150525307123,1,NEUTRAL,NEUTRAL,BULLISH,75.252
7780,5174.556,5190.92,5153.747,5155.939,17630,13523.150525307123,1,NEUTRAL,NEUTRAL,BULLISH,74.325
7781,5156.317,5177.279,5140.828,5174.518,15440,13523.150525307123,1,OVERBOUGHT,NEUTRAL,BULLISH,63.287
7782,5174.41,5180.726,5152.011,5159.679,24606,13523.150525307123,2,OVERBOUGHT,NEUTRAL,BULLISH,59.017
7783,5159.903,5160.794,5121.344,5160.541,18112,13523.150525307123,1,NEUTRAL,OVERBOUGHT,BULLISH,54.885
7784,5160.363,5182.155,5147.193,5167.386,25316,13523.150525307123,2,NEUTRAL,OVERBOUGHT,BULLISH,45.972
7785,5167.447,5202.313,5159.317,5189.894,25069,13523.150525307123,2,OVERBOUGHT,OVERBOUGHT,BULLISH,41.835
7786,5189.817,5205.974,5156.206,5171.056,25792,13523.150525307123,2,NEUTRAL,OVERBOUGHT,BULLISH,42.215
7787,5171.093,5196.111,5167.574,5167.888,17749,13523.150525307123,1,NEUTRAL,OVERBOUGHT,BULLISH,41.075
7788,5167.997,5184.967,5138.56,5146.896,36656,13523.150525307123,1,NEUTRAL,NEUTRAL,BULLISH,40.132
7789,5147.114,5167.065,5130.921,5151.399,35298,13523.150525307123,1,NEUTRAL,NEUTRAL,BULLISH,39.137
7790,5151.515,5162.464,5138.132,5149.745,20142,13523.150525307123,1,OVERSOLD,NEUTRAL,BULLISH,37.702
7791,5149.568,5152.967,5120.061,5140.891,16261,13523.150525307123,1,OVERSOLD,NEUTRAL,BULLISH,38.119
7792,5140.917,5143.362,5108.62,5133.829,16170,13523.150525307123,1,OVERSOLD,NEUTRAL,BULLISH,36.634
7793,5134.056,5146.858,5123.36,5134.838,45805,13523.150525307123,2,OVERSOLD,NEUTRAL,BULLISH,35.434
7794,5134.689,5179.698,5129.428,5172.334,17221,13588.08063400803,3,NEUTRAL,NEUTRAL,BULLISH,36.37
7795,5172.317,5186.591,5167.128,5172.705,14769,13588.08063400803,1,OVERBOUGHT,NEUTRAL,BULLISH,35.156
7796,5172.325,5194.986,5171.643,5180.292,17339,13588.08063400803,2,OVERBOUGHT,NEUTRAL,BULLISH,34.773
7797,5180.168,5186.736,5148.227,5148.65,13891,13588.08063400803,2,NEUTRAL,NEUTRAL,BULLISH,34.706
7798,5148.729,5168.583,5120.597,5167.416,16179,13588.08063400803,1,NEUTRAL,NEUTRAL,BULLISH,35.636
7799,5167.324,5172.734,5137.536,5165.589,21971,13588.08063400803,2,NEUTRAL,NEUTRAL,BULLISH,35.079
7800,5165.393,5180.373,5146.131,5164.459,21396,13588.08063400803,2,NEUTRAL,NEUTRAL,BULLISH,33.97
7801,5164.573,5171.576,5081.391,5117.944,43016,13588.08063400803,3,OVERSOLD,NEUTRAL,BULLISH,38.373
7802,5117.865,5129.728,5090.611,5102.165,33279,13588.08063400803,1,OVERSOLD,NEUTRAL,BEARISH,37.853
7803,5102.121,5119.872,5059.812,5102.457,39121,13588.08063400803,1,OVERSOLD,OVERSOLD,BEARISH,39.561
7804,5102.438,5104.367,5053.922,5077.536,24914,13588.08063400803,1,OVERSOLD,OVERSOLD,BEARISH,41.426
7805,5077.628,5089.357,5054.827,5062.961,22525,13588.08063400803,1,OVERSOLD,OVERSOLD,BEARISH,41.542
7806,5062.754,5085.445,5050.681,5069.46,19158,13588.08063400803,1,OVERSOLD,OVERSOLD,BEARISH,41.544
7807,5069.237,5081.293,5055.605,5065.818,16329,13588.08063400803,1,OVERSOLD,OVERSOLD,BEARISH,41.7
7808,5065.647,5094.508,5061.614,5076.664,19219,13588.08063400803,1,OVERSOLD,OVERSOLD,BEARISH,40.459
7809,5076.553,5101.747,5072.01,5084.504,19671,13453.572954578696,3,NEUTRAL,OVERSOLD,BEARISH,41.193
7810,5084.249,5143.888,5066.057,5134.811,17622,13453.572954578696,1,OVERBOUGHT,NEUTRAL,BULLISH,45.085
7811,5134.734,5141.348,5121.993,5130.904,16220,13453.572954578696,2,OVERBOUGHT,NEUTRAL,BULLISH,43.717
7812,5131.144,5136.121,5109.208,5115.588,19283,13453.572954578696,3,OVERBOUGHT,NEUTRAL,BULLISH,42.211
7813,5115.544,5123.189,5096.098,5108.428,15475,13453.572954578696,2,NEUTRAL,NEUTRAL,BULLISH,41.632
7814,5108.45,5109.402,5075.521,5090.917,18859,13453.572954578696,2,NEUTRAL,NEUTRAL,BULLISH,41.607
7815,5091.013,5099.529,5062.475,5083.242,20568,13453.572954578696,2,OVERSOLD,NEUTRAL,BULLISH,37.811
7816,5083.161,5130.578,5065.319,5084.852,32748,13453.572954578696,1,OVERSOLD,NEUTRAL,BULLISH,39.679
7817,5084.761,5131.836,5080.831,5129.953,36229,13453.572954578696,1,NEUTRAL,NEUTRAL,BULLISH,39.032
7818,5130.029,5171.645,5127.761,5141.881,35434,13453.572954578696,1,NEUTRAL,NEUTRAL,BULLISH,38.563
7819,5141.817,5153.041,5125.862,5139.932,19243,13453.572954578696,1,OVERBOUGHT,OVERBOUGHT,BULLISH,38.038
7820,5139.938,5152.391,5128.78,5140.487,14802,13453.572954578696,1,OVERBOUGHT,OVERBOUGHT,BULLISH,37.242
7821,5140.545,5174.626,5138.672,5159.805,20621,13453.572954578696,2,OVERBOUGHT,OVERBOUGHT,BULLISH,37.975
7822,5159.882,5176.565,5149.496,5174.067,16399,13453.572954578696,2,OVERBOUGHT,OVERBOUGHT,BULLISH,37.559
7823,5178.794,5180.193,5103.559,5130.154,21485,12333.871562079139,1,NEUTRAL,OVERBOUGHT,BULLISH,40.909
7824,5130.045,5135.528,5044.202,5075.442,19236,12333.871562079139,1,OVERSOLD,NEUTRAL,BULLISH,41.873
7825,5075.974,5080.48,5028.284,5049.895,27447,12518.074270452555,1,OVERSOLD,NEUTRAL,BEARISH,44.218
7826,5049.76,5087.683,5014.438,5070.175,36780,12518.074270452555,1,OVERSOLD,OVERSOLD,BEARISH,47.528
7827,5070.287,5099.253,5055.539,5094.858,19947,12518.074270452555,1,OVERSOLD,NEUTRAL,BEARISH,48.715
7828,5094.706,5102.437,5081.643,5089.959,18932,12518.074270452555,2,NEUTRAL,NEUTRAL,BEARISH,47.78
7829,5090.196,5140.456,5080.803,5124.366,17486,12518.074270452555,1,OVERBOUGHT,NEUTRAL,BEARISH,49.395
7830,5124.291,5133.806,5096.972,5097.688,15933,12518.074270452555,1,OVERBOUGHT,NEUTRAL,BEARISH,47.364
7831,5097.822,5110.683,5086.938,5096.606,26023,12518.074270452555,2,NEUTRAL,NEUTRAL,BEARISH,45.417
7832,5096.585,5132.503,5094.821,5104.995,13712,12518.074270452555,1,NEUTRAL,NEUTRAL,BULLISH,44.974
7833,5105.07,5111.017,5079.336,5088.049,22241,12518.074270452555,2,NEUTRAL,NEUTRAL,BEARISH,45.296
7834,5087.997,5111.891,5067.223,5074.123,34576,12518.074270452555,2,OVERSOLD,NEUTRAL,BEARISH,46.8
7835,5074.041,5116.136,5060.618,5093.893,28610,12518.074270452555,1,NEUTRAL,NEUTRAL,BEARISH,48.197
7836,5093.857,5103.314,5079.569,5099.469,15516,12518.074270452555,1,NEUTRAL,NEUTRAL,BULLISH,47.96
7837,5099.619,5110.471,5088.924,5096.069,19296,12518.074270452555,2,NEUTRAL,NEUTRAL,BULLISH,44.025
7838,5096.142,5143.981,5092.494,5141.033,24196,12518.074270452555,2,OVERBOUGHT,OVERBOUGHT,BULLISH,41.179
7839,5141.112,5152.853,5117.827,5152.845,14893,12518.074270452555,2,OVERBOUGHT,OVERBOUGHT,BULLISH,39.953
7840,5152.902,5155.948,5124.549,5130.766,16583,12274.531482790406,2,OVERBOUGHT,OVERBOUGHT,BULLISH,36.964
7841,5130.799,5186.065,5124.661,5184.015,17913,12274.531482790406,1,OVERBOUGHT,OVERBOUGHT,BULLISH,38.227
7842,5184.093,5187.112,5155.518,5157.679,18077,12274.531482790406,2,NEUTRAL,OVERBOUGHT,BULLISH,38.999
7843,5157.473,5180.827,5154.498,5174.941,18178,12274.531482790406,3,NEUTRAL,OVERBOUGHT,BULLISH,36.618
7844,5175.03,5195.112,5158.545,5183.465,17446,12274.531482790406,2,NEUTRAL,OVERBOUGHT,BULLISH,36.599
7845,5183.545,5189.207,5156.64,5177.002,15703,12274.531482790406,2,OVERBOUGHT,OVERBOUGHT,BULLISH,37.23
7846,5177.077,5191.793,5162.55,5186.734,19761,12274.531482790406,2,NEUTRAL,OVERBOUGHT,BULLISH,36.627
7847,5186.785,5228.721,5185.939,5205.581,20645,12274.531482790406,1,OVERBOUGHT,OVERBOUGHT,BULLISH,37.42
7848,5205.621,5214.188,5185.186,5206.657,15480,12274.531482790406,1,OVERBOUGHT,OVERBOUGHT,BULLISH,36.301
7849,5206.715,5238.432,5203.05,5227.49,19055,12274.531482790406,2,OVERBOUGHT,OVERBOUGHT,BULLISH,34.862
7850,5227.412,5235.166,5160.212,5191.783,35836,12274.531482790406,2,NEUTRAL,OVERBOUGHT,BULLISH,38.52
7851,5191.861,5207.66,5179.563,5198.804,14493,12274.531482790406,1,NEUTRAL,OVERBOUGHT,BULLISH,38.988
7852,5198.657,5199.162,5182.833,5189.287,12331,12274.531482790406,2,NEUTRAL,NEUTRAL,BULLISH,36.477
7853,5189.254,5219.351,5186.676,5215.236,12478,11907.90150030243,2,NEUTRAL,OVERBOUGHT,BULLISH,36.309
7854,5215.459,5223.041,5193.948,5217.112,18629,11907.90150030243,2,NEUTRAL,OVERBOUGHT,BULLISH,36.144
7855,5217.028,5220.366,5190.293,5199.756,17091,11907.90150030243,3,NEUTRAL,OVERBOUGHT,BULLISH,33.906
7856,5199.345,5210.765,5184.365,5195.507,15268,11907.90150030243,2,NEUTRAL,NEUTRAL,BEARISH,33.535
7857,5195.324,5198.412,5175.082,5187.731,15902,11907.90150030243,2,NEUTRAL,NEUTRAL,BEARISH,33.321
7858,5187.808,5195.213,5175.135,5180.983,15553,11907.90150030243,2,OVERSOLD,NEUTRAL,BEARISH,32.143
7859,5181.124,5196.467,5166.576,5167.592,14254,11907.90150030243,1,OVERSOLD,OVERSOLD,BEARISH,31.952
7860,5167.215,5182.837,5149.167,5176.652,18718,11907.90150030243,1,OVERSOLD,OVERSOLD,BEARISH,32.268
7861,5176.575,5196.414,5174.206,5183.249,17332,11907.90150030243,1,NEUTRAL,OVERSOLD,BEARISH,30.799
7862,5183.331,5185.574,5163.772,5166.023,13275,11907.90150030243,1,OVERSOLD,OVERSOLD,BEARISH,30.284
7863,5166.247,5180.848,5154.092,5169.596,18445,11907.90150030243,2,NEUTRAL,OVERSOLD,BEARISH,29.668
7864,5169.521,5183.188,5168.933,5182.97,12854,11907.90150030243,2,NEUTRAL,OVERSOLD,BEARISH,25.333
7865,5182.885,5183.461,5129.795,5134.222,16803,11907.90150030243,3,OVERSOLD,OVERSOLD,BEARISH,27.159
7866,5134.08,5172.842,5125.375,5168.425,21429,11640.771992337119,2,NEUTRAL,NEUTRAL,BEARISH,29.383
7867,5168.572,5175.152,5145.762,5152.927,15718,11640.771992337119,2,NEUTRAL,OVERSOLD,BEARISH,29.148
7868,5153.009,5170.199,5137.024,5165.945,18056,11640.771992337119,3,NEUTRAL,NEUTRAL,BEARISH,29.44
7869,5166.263,5189.676,5164.496,5177.833,12835,11640.771992337119,2,NEUTRAL,NEUTRAL,BEARISH,29.091
7870,5178.07,5191.657,5174.375,5182.213,12818,11640.771992337119,2,OVERBOUGHT,NEUTRAL,BEARISH,28.439
7871,5182.146,5185.73,5163.419,5181.487,15394,11640.771992337119,2,NEUTRAL,OVERBOUGHT,BEARISH,28.366
7872,5181.183,5186.047,5145.877,5151.27,20336,11640.771992337119,1,NEUTRAL,NEUTRAL,BEARISH,29.802
7873,5151.193,5163.315,5138.282,5142.931,16679,11640.771992337119,1,OVERSOLD,NEUTRAL,BEARISH,29.455
7874,5142.759,5144.917,5109.486,5132.431,19054,11640.771992337119,1,OVERSOLD,OVERSOLD,BEARISH,29.58
7875,5132.109,5137.954,5121.155,5123.428,11899,11640.771992337119,1,OVERSOLD,OVERSOLD,BEARISH,29.194
7876,5123.306,5129.424,5102.383,5105.334,11753,11640.771992337119,1,OVERSOLD,OVERSOLD,BEARISH,29.568
7877,5105.228,5112.492,5079.182,5084.796,20944,11640.771992337119,2,OVERSOLD,OVERSOLD,BEARISH,30.036
7878,5084.72,5096.164,5054.751,5096.015,16029,11640.771992337119,2,OVERSOLD,OVERSOLD,BEARISH,31.976
7879,5095.737,5124.204,5089.121,5124.178,20188,11425.22624703517,3,NEUTRAL,OVERSOLD,BEARISH,30.649
7880,5124.247,5128.363,5106.097,5115.304,12342,11425.22624703517,2,NEUTRAL,NEUTRAL,BEARISH,28.849
7881,5115.599,5117.87,5085.691,5088.257,21147,11425.22624703517,3,NEUTRAL,NEUTRAL,BEARISH,29.048
7882,5088.052,5093.893,5061.251,5087.117,19268,11425.22624703517,2,NEUTRAL,NEUTRAL,BEARISH,29.01
7883,5087.291,5098.407,5079.767,5094.631,14866,11425.22624703517,2,NEUTRAL,OVERSOLD,BEARISH,28.543
7884,5095.031,5121.882,5086.158,5118.312,19130,11425.22624703517,2,NEUTRAL,NEUTRAL,BEARISH,29.86
7885,5118.131,5121.233,5096.269,5101.5,14332,11425.22624703517,1,NEUTRAL,NEUTRAL,BEARISH,30.05
7886,5101.718,5107.861,5035.303,5041.73,22487,11425.22624703517,1,OVERSOLD,OVERSOLD,BEARISH,32.363
7887,5041.535,5071.31,5031.64,5034.814,24814,11425.22624703517,1,OVERSOLD,OVERSOLD,BEARISH,33.409
7888,5034.718,5053.075,5018.84,5046.014,19947,11425.22624703517,1,OVERSOLD,OVERSOLD,BEARISH,33.323
7889,5045.924,5063.926,5043.326,5046.451,12002,11425.22624703517,1,OVERSOLD,OVERSOLD,BEARISH,33.595
7890,5046.432,5051.453,5009.525,5016.41,22122,11425.22624703517,2,OVERSOLD,OVERSOLD,BEARISH,34.658
7891,5016.494,5030.407,5000.793,5024.786,16691,10430.748350492138,2,NEUTRAL,OVERSOLD,BEARISH,34.394
7892,5024.71,5026.154,4966.796,4997.507,14851,10430.748350492138,1,OVERSOLD,OVERSOLD,BEARISH,35.676
7893,4997.434,5031.104,4996.521,5025.742,13609,10371.573904413523,1,NEUTRAL,OVERSOLD,BEARISH,35.64
7894,5025.914,5026.642,4982.525,5015.901,22972,10371.573904413523,1,NEUTRAL,OVERSOLD,BEARISH,37.201
7895,5015.873,5018.779,4997.882,5003.696,10846,10371.573904413523,1,NEUTRAL,NEUTRAL,BEARISH,36.395
7896,5003.673,5026.054,4998.233,5012.908,12615,10371.573904413523,2,NEUTRAL,OVERSOLD,BEARISH,36.051
7897,5012.811,5036.013,5003.274,5012.005,17160,10371.573904413523,2,NEUTRAL,OVERSOLD,BEARISH,37.058
7898,5012.294,5016.204,4991.674,4995.23,10547,10371.573904413523,1,OVERSOLD,OVERSOLD,BEARISH,36.258
7899,4995.312,5003.25,4984.763,4991.209,11980,10371.573904413523,1,OVERSOLD,OVERSOLD,BEARISH,35.796
7900,4990.881,4991.423,4972.214,4975.387,10825,10371.573904413523,1,OVERSOLD,OVERSOLD,BEARISH,31.985
7901,4975.464,5022.694,4970.011,4997.068,18692,10371.573904413523,2,NEUTRAL,OVERSOLD,BEARISH,32.914
7902,4997.144,5025.612,4994.242,5019.91,10459,10371.573904413523,1,NEUTRAL,NEUTRAL,BULLISH,32.71
7903,5019.927,5034.727,5013.784,5029.744,15334,10371.573904413523,1,OVERBOUGHT,NEUTRAL,BULLISH,32.734
7904,5029.517,5038.067,4987.99,4995.804,17370,10371.573904413523,1,NEUTRAL,NEUTRAL,BULLISH,33.316
7905,4995.599,5005.598,4983.907,4986.963,12694,10371.573904413523,1,NEUTRAL,NEUTRAL,BULLISH,32.75
7906,4986.936,4998.521,4973.936,4990.568,11438,10371.573904413523,1,NEUTRAL,NEUTRAL,BULLISH,30.267
7907,4990.653,5017.735,4983.858,5012.766,17341,10371.573904413523,2,NEUTRAL,NEUTRAL,BULLISH,30.216
7908,5012.624,5021.612,5004.613,5006.311,12589,10371.573904413523,2,NEUTRAL,NEUTRAL,BULLISH,28.279
7909,5007.678,5015.645,4998.002,5003.17,16526,10127.443850024933,3,NEUTRAL,NEUTRAL,BULLISH,28.047
7910,5002.965,5029.699,4994.53,5022.863,16193,10127.443850024933,2,OVERBOUGHT,NEUTRAL,BULLISH,28.572
7911,5022.763,5041.932,5020.704,5037.944,10434,10127.443850024933,2,OVERBOUGHT,OVERBOUGHT,BULLISH,27.749
7912,5038.004,5044.474,5005.153,5010.133,18361,10127.443850024933,2,NEUTRAL,OVERBOUGHT,BULLISH,28.806
7913,5010.057,5029.507,5008.805,5024.548,14044,10127.443850024933,2,NEUTRAL,OVERBOUGHT,BULLISH,28.964
7914,5024.377,5025.695,4991.665,5000.249,16151,10127.443850024933,2,NEUTRAL,NEUTRAL,BULLISH,30.023
7915,5000.192,5023.681,4996.593,5011.505,13665,10127.443850024933,2,NEUTRAL,NEUTRAL,BULLISH,28.194
7916,5011.856,5031.492,5005.253,5016.372,14085,10127.443850024933,1,NEUTRAL,NEUTRAL,BULLISH,27.828
7917,5016.393,5020.469,5002.71,5007.655,12653,10127.443850024933,1,NEUTRAL,NEUTRAL,BULLISH,27.601
7918,5007.59,5017.35,4973.345,4997.823,15809,10127.443850024933,1,OVERSOLD,NEUTRAL,BULLISH,27.167
7919,4998.045,5008.556,4991.524,5002.353,16392,10127.443850024933,2,NEUTRAL,NEUTRAL,BULLISH,26.834
7920,5002.425,5009.035,4996.276,5000.231,11949,10127.443850024933,2,NEUTRAL,NEUTRAL,BULLISH,25.989
7921,5000.363,5006.424,4999.783,5003.05,14130,10127.443850024933,1,OVERSOLD,NEUTRAL,BULLISH,24.044
7922,5004.038,5012.358,4993.262,5004.345,11973,10321.980943673352,3,NEUTRAL,NEUTRAL,BULLISH,24.194
7923,5004.418,5016.048,4990.48,4991.69,15718,10321.980943673352,2,NEUTRAL,NEUTRAL,BULLISH,24.76
7924,4991.899,4997.439,4981.594,4986.884,10569,10321.980943673352,2,OVERSOLD,OVERSOLD,BULLISH,23.379
7925,4987.042,5016.311,4984.545,5009.469,13181,10321.980943673352,2,NEUTRAL,NEUTRAL,BULLISH,24.132
7926,5009.551,5014.958,4977.089,4987.692,13756,10321.980943673352,2,NEUTRAL,NEUTRAL,BULLISH,24.028
7927,4987.33,4995.341,4958.782,4967.846,14661,10321.980943673352,2,OVERSOLD,OVERSOLD,BEARISH,25.161
7928,4967.869,4973.757,4924.849,4930.041,18538,10321.980943673352,1,OVERSOLD,OVERSOLD,BEARISH,26.224
7929,4930.332,4932.313,4870.643,4881.409,30306,10321.980943673352,1,OVERSOLD,OVERSOLD,BEARISH,28.694
7930,4881.527,4885.46,4833.975,4878.111,39205,10321.980943673352,1,OVERSOLD,OVERSOLD,BEARISH,30.497
7931,4877.959,4894.571,4856.517,4869.65,22595,10321.980943673352,1,OVERSOLD,OVERSOLD,BEARISH,31.947
7932,4869.558,4880.063,4861.209,4862.535,14008,10321.980943673352,1,OVERSOLD,OVERSOLD,BEARISH,30.15
7933,4862.609,4890.297,4860.787,4886.777,11631,10321.980943673352,1,OVERSOLD,OVERSOLD,BEARISH,31.042
7934,4886.69,4899.001,4883.938,4890.664,10596,10321.980943673352,1,NEUTRAL,OVERSOLD,BEARISH,31.206
7935,4890.753,4899.29,4852.188,4853.077,21459,10321.980943673352,1,NEUTRAL,OVERSOLD,BEARISH,34.096
7936,4852.871,4865.12,4838.097,4843.007,19598,10321.980943673352,1,NEUTRAL,OVERSOLD,BEARISH,34.663
7937,4842.961,4848.327,4806.677,4818.463,12919,10321.980943673352,1,OVERSOLD,OVERSOLD,BEARISH,35.811
7938,4828.06,4838.765,4804.247,4834.291,10553,10321.980943673352,1,OVERSOLD,OVERSOLD,BEARISH,37.145
7939,4834.337,4848.877,4828.126,4841.052,16429,11741.665298244145,2,OVERSOLD,OVERSOLD,BEARISH,36.358
7940,4841.207,4866.892,4832.656,4850.011,15129,11741.665298244145,1,NEUTRAL,OVERSOLD,BEARISH,36.099
7941,4850.082,4865.762,4841.762,4850.956,16156,11741.665298244145,2,NEUTRAL,OVERSOLD,BEARISH,35.202
7942,4850.895,4853.715,4826.987,4827.609,14252,11741.665298244145,2,NEUTRAL,OVERSOLD,BEARISH,33.617
7943,4827.538,4842.028,4747.3,4763.817,25909,11741.665298244145,1,OVERSOLD,OVERSOLD,BEARISH,35.979
7944,4763.71,4784.218,4727.077,4727.808,20019,11741.665298244145,1,OVERSOLD,OVERSOLD,BEARISH,36.383
7945,4728.013,4740.325,4686.746,4709.221,33789,11741.665298244145,1,OVERSOLD,OVERSOLD,BEARISH,37.492
7946,4709.086,4725.964,4687.875,4698.895,32352,11741.665298244145,1,OVERSOLD,OVERSOLD,BEARISH,38.866
7947,4698.768,4719.875,4666.429,4678.879,25779,11741.665298244145,1,OVERSOLD,OVERSOLD,BEARISH,40.575
7948,4678.856,4699.616,4650.613,4652.225,23123,11741.665298244145,1,OVERSOLD,OVERSOLD,BEARISH,43.0
7949,4651.867,4653.936,4531.073,4574.603,50582,11741.665298244145,1,OVERSOLD,OVERSOLD,BEARISH,48.411
7950,4574.513,4621.053,4502.61,4620.575,86511,11741.665298244145,1,OVERSOLD,OVERSOLD,BEARISH,54.941
7951,4620.859,4649.163,4580.877,4601.691,57890,11741.665298244145,1,OVERSOLD,OVERSOLD,BEARISH,56.844
7952,4601.851,4638.722,4566.091,4596.521,46659,11741.665298244145,1,OVERSOLD,OVERSOLD,BEARISH,59.566
7953,4596.365,4626.749,4576.707,4584.726,37722,11741.665298244145,1,OVERSOLD,OVERSOLD,BEARISH,61.658
7954,4584.7,4629.863,4573.683,4616.105,28472,11741.665298244145,1,NEUTRAL,OVERSOLD,BEARISH,63.226
7955,4616.019,4623.12,4595.956,4622.847,18461,11741.665298244145,1,NEUTRAL,OVERSOLD,BEARISH,63.452
7956,4622.855,4663.389,4622.855,4644.022,39714,11741.665298244145,1,OVERBOUGHT,NEUTRAL,BULLISH,64.438
7957,4643.664,4677.032,4636.235,4636.235,17211,11741.665298244145,2,OVERBOUGHT,NEUTRAL,BULLISH,60.586
7958,4636.457,4665.014,4634.231,4648.766,17009,13531.566222220892,2,OVERBOUGHT,NEUTRAL,BULLISH,58.703
7959,4648.408,4699.415,4639.284,4677.259,24547,13531.566222220892,1,OVERBOUGHT,NEUTRAL,BULLISH,59.171
7960,4677.187,4703.693,4670.239,4698.1,13941,13531.566222220892,1,OVERBOUGHT,OVERBOUGHT,BULLISH,58.84
7961,4698.202,4735.802,4693.06,4721.417,20631,13531.566222220892,2,OVERBOUGHT,OVERBOUGHT,BULLISH,58.076
7962,4721.507,4723.655,4685.75,4688.597,13893,13531.566222220892,1,OVERBOUGHT,OVERBOUGHT,BULLISH,57.283
7963,4688.515,4700.918,4661.258,4669.065,18208,13531.566222220892,1,NEUTRAL,OVERBOUGHT,BULLISH,51.34
7964,4668.902,4734.746,4667.983,4693.651,25508,13531.566222220892,2,NEUTRAL,OVERBOUGHT,BULLISH,47.649
7965,4693.804,4700.462,4659.802,4667.51,13625,13531.566222220892,1,NEUTRAL,NEUTRAL,BULLISH,45.675
7966,4667.394,4670.16,4638.135,4645.212,18694,13531.566222220892,1,OVERSOLD,NEUTRAL,BULLISH,42.775
7967,4645.388,4674.27,4636.927,4671.624,14887,13531.566222220892,1,NEUTRAL,NEUTRAL,BULLISH,41.868
7968,4671.741,4695.521,4661.926,4678.318,19469,13531.566222220892,1,NEUTRAL,NEUTRAL,BULLISH,40.255
7969,4678.117,4679.654,4612.673,4616.291,76668,13531.566222220892,1,OVERSOLD,NEUTRAL,BULLISH,43.099
7970,4616.235,4622.497,4547.772,4564.242,107620,13531.566222220892,1,OVERSOLD,OVERSOLD,BULLISH,45.54
7971,4564.192,4580.144,4540.416,4553.17,77824,13531.566222220892,1,OVERSOLD,OVERSOLD,BEARISH,45.464
7972,4553.323,4613.753,4551.683,4583.424,57314,13531.566222220892,1,OVERSOLD,OVERSOLD,BEARISH,47.699
7973,4583.368,4600.819,4554.029,4573.448,58690,13531.566222220892,1,OVERSOLD,OVERSOLD,BEARISH,46.746
7974,4573.524,4578.497,4477.057,4499.574,60797,13531.566222220892,1,OVERSOLD,OVERSOLD,BEARISH,51.602
7975,4499.63,4516.731,4485.232,4501.417,75018,13531.566222220892,1,OVERSOLD,OVERSOLD,BEARISH,50.799
7976,4501.593,4514.556,4493.411,4497.479,24617,13531.566222220892,1,OVERSOLD,OVERSOLD,BEARISH,49.602
7977,4477.751,4536.1,4449.511,4497.942,22793,12437.000391533185,1,OVERSOLD,OVERSOLD,BEARISH,52.954
7978,4497.972,4510.752,4452.439,4464.724,26134,12437.000391533185,1,OVERSOLD,OVERSOLD,BEARISH,52.35
7979,4464.563,4473.179,4319.487,4354.359,105785,19470.119401863358,1,OVERSOLD,OVERSOLD,BEARISH,60.424
7980,4354.286,4454.137,4329.725,4387.596,123349,19470.119401863358,1,OVERSOLD,OVERSOLD,BEARISH,67.023
7981,4387.468,4422.062,4354.783,4360.474,78999,19470.119401863358,1,OVERSOLD,OVERSOLD,BEARISH,69.161
7982,4360.562,4377.985,4334.807,4352.986,50502,19470.119401863358,1,OVERSOLD,OVERSOLD,BEARISH,69.846
7983,4352.913,4381.604,4349.953,4367.235,31410,19470.119401863358,1,OVERSOLD,OVERSOLD,BEARISH,67.322
7984,4367.209,4379.949,4302.194,4310.138,56991,19470.119401863358,1,NEUTRAL,OVERSOLD,BEARISH,67.539
7985,4310.269,4310.42,4162.906,4220.146,129661,19470.119401863358,1,OVERSOLD,OVERSOLD,BEARISH,75.238
7986,4220.202,4232.854,4098.357,4204.099,167224,19470.119401863358,1,OVERSOLD,OVERSOLD,BEARISH,80.411
7987,4204.149,4270.613,4202.958,4250.896,113700,19470.119401863358,1,OVERSOLD,OVERSOLD,BEARISH,81.901
7988,4250.945,4308.344,4223.403,4253.244,80597,19470.119401863358,1,OVERSOLD,OVERSOLD,BEARISH,80.723
7989,4253.343,4281.93,4240.861,4269.084,63319,19470.119401863358,1,NEUTRAL,NEUTRAL,BEARISH,81.406
7990,4269.038,4463.418,4268.994,4379.12,181376,19470.119401863358,1,OVERBOUGHT,NEUTRAL,BULLISH,93.783
7991,4378.812,4492.646,4336.637,4478.287,143057,19470.119401863358,1,OVERBOUGHT,NEUTRAL,BULLISH,98.742
7992,4478.34,4485.444,4401.409,4454.286,164487,19470.119401863358,1,OVERBOUGHT,OVERBOUGHT,BULLISH,100.579
7993,4454.132,4512.782,4453.268,4461.895,121945,19470.119401863358,1,OVERBOUGHT,OVERBOUGHT,BULLISH,93.852
7994,4461.667,4486.875,4350.961,4363.649,116825,19470.119401863358,1,NEUTRAL,OVERBOUGHT,BULLISH,94.674
7995,4363.582,4391.642,4352.407,4375.333,115117,19470.119401863358,1,NEUTRAL,OVERBOUGHT,BULLISH,92.671
7996,4375.24,4438.973,4370.696,4426.147,65802,19470.119401863358,1,NEUTRAL,NEUTRAL,BULLISH,94.464
7997,4426.196,4467.074,4402.145,4449.004,57035,19470.119401863358,1,NEUTRAL,OVERBOUGHT,BULLISH,96.841
7998,4449.029,4450.637,4392.714,4397.762,53150,19470.119401863358,1,NEUTRAL,OVERBOUGHT,BULLISH,95.424
7999,4397.675,4431.373,4361.373,4426.607,35262,19470.119401863358,2,NEUTRAL,OVERBOUGHT,BULLISH,89.887
8000,4426.65,4448.021,4330.988,4364.542,73245,22118.227077876374,2,NEUTRAL,NEUTRAL,BULLISH,88.64
8001,4364.485,4374.009,4307.759,4322.202,86779,22118.227077876374,1,OVERSOLD,NEUTRAL,BULLISH,88.539
8002,4322.256,4379.299,4305.617,4366.107,63332,22118.227077876374,1,NEUTRAL,NEUTRAL,BULLISH,87.735
8003,4366.253,4368.332,4334.882,4347.179,37659,22118.227077876374,1,NEUTRAL,NEUTRAL,BULLISH,87.191
8004,4346.924,4357.229,4326.554,4333.396,24175,22118.227077876374,1,OVERSOLD,NEUTRAL,BULLISH,75.495
8005,4333.281,4374.008,4319.453,4346.966,54030,22118.227077876374,1,NEUTRAL,OVERSOLD,BULLISH,68.248
8006,4347.02,4405.048,4342.62,4401.98,59988,22118.227077876374,1,OVERBOUGHT,OVERSOLD,BULLISH,66.705
8007,4402.202,4432.388,4399.404,4417.077,45716,22118.227077876374,1,OVERBOUGHT,NEUTRAL,BULLISH,64.81
8008,4416.949,4420.932,4391.164,4411.743,42384,22118.227077876374,1,OVERBOUGHT,NEUTRAL,BULLISH,57.228
8009,4411.761,4430.805,4395.749,4426.496,27585,22118.227077876374,1,OVERBOUGHT,NEUTRAL,BULLISH,56.929
8010,4426.587,4441.79,4414.464,4438.431,25564,22118.227077876374,1,OVERBOUGHT,OVERBOUGHT,BULLISH,54.004
8011,4438.495,4442.108,4375.204,4407.617,56233,22118.227077876374,1,NEUTRAL,OVERBOUGHT,BULLISH,54.145
8012,4407.714,4427.484,4362.016,4378.856,57315,22118.227077876374,1,OVERSOLD,NEUTRAL,BULLISH,54.684
8013,4378.805,4389.975,4351.461,4381.512,94576,22118.227077876374,1,NEUTRAL,NEUTRAL,BULLISH,52.435
8014,4381.58,4433.862,4380.549,4415.78,85964,22118.227077876374,1,NEUTRAL,NEUTRAL,BULLISH,47.884
8015,4415.802,4430.831,4396.12,4411.557,63739,22118.227077876374,1,NEUTRAL,OVERBOUGHT,BULLISH,45.631
8016,4411.696,4427.622,4402.33,4421.237,37708,22118.227077876374,1,NEUTRAL,OVERBOUGHT,BULLISH,42.175
8017,4421.299,4426.29,4372.129,4388.593,64873,22118.227077876374,1,NEUTRAL,OVERBOUGHT,BULLISH,43.654
8018,4388.416,4423.595,4383.673,4389.523,43114,22118.227077876374,1,NEUTRAL,NEUTRAL,BULLISH,44.314
8019,4389.367,4411.301,4388.419,4400.157,23800,22118.227077876374,1,NEUTRAL,NEUTRAL,BULLISH,42.052
8020,4400.392,4484.005,4397.239,4476.664,45008,22118.227077876374,1,OVERBOUGHT,NEUTRAL,BULLISH,43.791
8021,4479.586,4551.356,4455.974,4546.757,37060,22118.227077876374,2,OVERBOUGHT,OVERBOUGHT,BULLISH,48.248
8022,4546.67,4571.919,4537.33,4563.259,32693,22831.507038713546,1,OVERBOUGHT,OVERBOUGHT,BULLISH,48.592
8023,4563.199,4601.095,4552.212,4594.974,38053,22831.507038713546,1,OVERBOUGHT,OVERBOUGHT,BULLISH,49.58
8024,4594.92,4602.458,4579.642,4583.677,25291,22831.507038713546,1,OVERBOUGHT,OVERBOUGHT,BULLISH,49.257
8025,4583.482,4586.192,4565.569,4572.299,26830,22831.507038713546,2,OVERBOUGHT,OVERBOUGHT,BULLISH,45.952
8026,4572.644,4573.383,4533.157,4545.347,40779,22831.507038713546,2,NEUTRAL,OVERBOUGHT,BULLISH,44.149
8027,4545.286,4567.781,4535.624,4556.234,53885,22831.507038713546,2,NEUTRAL,OVERBOUGHT,BULLISH,43.695
8028,4556.181,4567.616,4527.474,4551.962,26925,22831.507038713546,1,OVERSOLD,OVERBOUGHT,BULLISH,42.754
8029,4551.881,4585.701,4550.933,4578.795,43377,22831.507038713546,2,NEUTRAL,OVERBOUGHT,BULLISH,42.758
8030,4578.744,4583.83,4522.03,4544.058,49775,22831.507038713546,1,NEUTRAL,OVERBOUGHT,BULLISH,45.366
8031,4543.95,4576.485,4540.743,4544.789,69336,22831.507038713546,1,NEUTRAL,OVERBOUGHT,BULLISH,44.05
8032,4544.692,4579.377,4532.875,4567.249,56505,22831.507038713546,1,NEUTRAL,OVERBOUGHT,BULLISH,44.52
8033,4567.295,4569.105,4525.001,4559.113,49661,22831.507038713546,1,NEUTRAL,OVERBOUGHT,BULLISH,46.036
8034,4559.056,4564.986,4545.138,4555.434,37889,22831.507038713546,1,NEUTRAL,OVERBOUGHT,BEARISH,41.256
8035,4555.387,4564.021,4542.581,4550.714,29773,22831.507038713546,1,NEUTRAL,NEUTRAL,BEARISH,35.974
8036,4550.647,4569.031,4530.626,4538.317,33934,22831.507038713546,1,NEUTRAL,NEUTRAL,BEARISH,36.247
8037,4538.362,4539.634,4486.821,4530.658,45023,22831.507038713546,1,OVERSOLD,NEUTRAL,BEARISH,36.528
8038,4530.594,4542.058,4494.554,4517.528,35364,22831.507038713546,2,OVERSOLD,OVERSOLD,BEARISH,38.291
8039,4517.643,4539.337,4488.884,4535.789,43617,24359.69287629638,2,NEUTRAL,NEUTRAL,BEARISH,40.422
8040,4535.742,4544.567,4522.368,4535.615,34410,24359.69287629638,1,NEUTRAL,NEUTRAL,BEARISH,39.134
8041,4535.696,4535.853,4499.955,4516.446,41911,24359.69287629638,2,NEUTRAL,NEUTRAL,BEARISH,39.401
8042,4516.5,4524.097,4438.822,4438.972,47820,24359.69287629638,2,OVERSOLD,OVERSOLD,BEARISH,42.625
8043,4439.136,4459.384,4415.73,4456.193,53624,24359.69287629638,1,OVERSOLD,OVERSOLD,BEARISH,43.26
8044,4456.336,4463.877,4438.833,4452.742,35567,24359.69287629638,1,OVERSOLD,OVERSOLD,BEARISH,40.634
8045,4452.531,4459.249,4412.354,4427.746,50859,24359.69287629638,1,OVERSOLD,OVERSOLD,BEARISH,41.431
8046,4427.766,4437.069,4414.335,4423.589,38750,24359.69287629638,1,OVERSOLD,OVERSOLD,BEARISH,39.733
8047,4423.579,4448.074,4416.975,4443.278,32829,24359.69287629638,1,NEUTRAL,OVERSOLD,BEARISH,38.804
8048,4443.333,4456.805,4418.935,4423.15,31714,24359.69287629638,1,OVERSOLD,OVERSOLD,BEARISH,40.092
8049,4423.194,4445.796,4416.248,4429.249,38563,24359.69287629638,1,NEUTRAL,OVERSOLD,BEARISH,40.671
8050,4429.137,4460.325,4420.176,4452.581,73108,24359.69287629638,1,NEUTRAL,OVERSOLD,BEARISH,40.795
8051,4452.633,4479.502,4437.213,4464.987,81385,24359.69287629638,1,OVERBOUGHT,OVERSOLD,BEARISH,40.044
8052,4464.859,4469.19,4433.705,4438.118,55987,24359.69287629638,1,NEUTRAL,OVERSOLD,BEARISH,39.185
8053,4438.071,4442.828,4366.713,4389.39,70966,24359.69287629638,1,NEUTRAL,OVERSOLD,BEARISH,41.018
8054,4389.349,4402.645,4377.372,4381.273,48595,24359.69287629638,1,OVERSOLD,OVERSOLD,BEARISH,41.238
8055,4381.223,4397.857,4367.599,4394.365,34735,24359.69287629638,1,OVERSOLD,OVERSOLD,BEARISH,40.835
8056,4394.322,4399.273,4359.008,4364.039,40291,24359.69287629638,1,OVERSOLD,OVERSOLD,BEARISH,37.62
8057,4363.973,4420.705,4350.95,4380.944,70518,24359.69287629638,1,OVERSOLD,OVERSOLD,BEARISH,39.484
8058,4382.189,4415.115,4375.187,4378.411,47012,24045.972126172914,3,NEUTRAL,OVERSOLD,BEARISH,40.547
8059,4378.434,4420.808,4377.052,4417.2,29041,24045.972126172914,1,NEUTRAL,NEUTRAL,BEARISH,40.323
8060,4417.246,4446.168,4417.014,4437.392,42716,24045.972126172914,2,NEUTRAL,NEUTRAL,BULLISH,40.782
8061,4437.553,4475.324,4431.378,4454.611,35187,24045.972126172914,2,OVERBOUGHT,NEUTRAL,BULLISH,41.699
8062,4454.56,4473.016,4451.765,4459.554,24917,24045.972126172914,1,OVERBOUGHT,OVERBOUGHT,BULLISH,40.512
8063,4459.705,4462.962,4423.694,4424.257,41651,24045.972126172914,2,NEUTRAL,OVERBOUGHT,BULLISH,41.207
8064,4424.211,4438.36,4410.478,4414.879,38425,24045.972126172914,2,NEUTRAL,NEUTRAL,BULLISH,40.33
8065,4414.76,4445.334,4404.209,4437.744,45276,24045.972126172914,2,NEUTRAL,NEUTRAL,BULLISH,40.247
8066,4437.801,4443.745,4413.404,4431.56,31426,24045.972126172914,1,NEUTRAL,NEUTRAL,BULLISH,39.88
8067,4431.614,4514.86,4430.649,4509.638,41575,24045.972126172914,1,NEUTRAL,OVERBOUGHT,BULLISH,40.458
8068,4509.765,4555.421,4501.763,4523.995,49452,24045.972126172914,1,OVERBOUGHT,OVERBOUGHT,BULLISH,42.486
8069,4524.058,4533.849,4505.59,4515.931,25210,24045.972126172914,1,OVERBOUGHT,OVERBOUGHT,BULLISH,42.343
8070,4515.996,4528.66,4486.289,4516.907,45467,24045.972126172914,2,OVERBOUGHT,OVERBOUGHT,BULLISH,42.493
8071,4516.847,4526.119,4490.79,4495.377,31521,24045.972126172914,2,OVERBOUGHT,OVERBOUGHT,BULLISH,40.034
8072,4511.704,4513.9,4443.776,4448.566,33532,21888.94303479137,2,OVERSOLD,NEUTRAL,BULLISH,42.191
8073,4448.666,4466.886,4418.467,4432.287,36043,21574.329412430285,1,OVERSOLD,NEUTRAL,BULLISH,42.524
8074,4432.095,4475.619,4431.57,4469.458,35159,21574.329412430285,1,NEUTRAL,NEUTRAL,BULLISH,43.588
8075,4469.423,4517.59,4458.802,4496.149,37453,21574.329412430285,2,NEUTRAL,NEUTRAL,BULLISH,44.648
8076,4495.938,4528.363,4486.177,4522.32,25384,21574.329412430285,2,NEUTRAL,NEUTRAL,BULLISH,46.144
8077,4522.414,4550.588,4515.673,4527.204,36546,21574.329412430285,2,OVERBOUGHT,OVERBOUGHT,BULLISH,45.833
8078,4527.084,4540.581,4523.704,4532.405,25228,21574.329412430285,2,OVERBOUGHT,OVERBOUGHT,BULLISH,45.047
8079,4532.195,4580.694,4525.408,4559.383,35495,21574.329412430285,2,OVERBOUGHT,OVERBOUGHT,BULLISH,46.058
8080,4559.444,4578.606,4516.608,4523.35,56353,21574.329412430285,2,NEUTRAL,OVERBOUGHT,BULLISH,48.319
8081,4523.29,4541.207,4512.119,4538.655,37932,21574.329412430285,1,NEUTRAL,OVERBOUGHT,BULLISH,44.382
8082,4538.706,4556.708,4524.705,4548.401,23626,21574.329412430285,1,NEUTRAL,OVERBOUGHT,BULLISH,42.835
8083,4548.345,4549.647,4511.245,4514.881,36041,21574.329412430285,2,NEUTRAL,OVERBOUGHT,BULLISH,43.56
8084,4514.817,4523.074,4492.993,4513.621,37462,21574.329412430285,2,OVERSOLD,NEUTRAL,BULLISH,42.682
8085,4513.548,4523.756,4492.358,4513.571,23330,21574.329412430285,3,NEUTRAL,NEUTRAL,BEARISH,42.401
8086,4513.54,4548.206,4482.562,4547.821,30967,21411.97264299248,1,NEUTRAL,NEUTRAL,BULLISH,42.081
8087,4547.882,4619.464,4531.96,4604.845,38954,21411.97264299248,1,OVERBOUGHT,OVERBOUGHT,BULLISH,44.873
8088,4604.893,4607.119,4565.406,4568.311,23304,21411.97264299248,1,OVERBOUGHT,OVERBOUGHT,BULLISH,44.706
8089,4568.242,4577.017,4550.304,4564.909,25549,21411.97264299248,2,NEUTRAL,OVERBOUGHT,BULLISH,42.415
8090,4564.721,4581.748,4547.704,4557.319,30774,21411.97264299248,2,NEUTRAL,NEUTRAL,BULLISH,41.833
8091,4557.381,4575.031,4543.2,4568.58,26554,21411.97264299248,2,NEUTRAL,NEUTRAL,BULLISH,41.613
8092,4568.693,4572.223,4529.263,4546.968,25665,21411.97264299248,2,OVERSOLD,NEUTRAL,BEARISH,43.476
8093,4546.89,4593.107,4540.957,4582.116,27268,21411.97264299248,1,NEUTRAL,NEUTRAL,BULLISH,43.252
8094,4582.32,4597.59,4569.069,4574.886,22184,21411.97264299248,1,NEUTRAL,NEUTRAL,BULLISH,40.861
8095,4574.941,4609.592,4567.818,4607.412,23818,21411.97264299248,1,OVERBOUGHT,OVERBOUGHT,BULLISH,41.767
8096,4607.305,4630.188,4594.738,4598.899,37033,21411.97264299248,1,NEUTRAL,OVERBOUGHT,BULLISH,42.013
8097,4599.083,4625.327,4599.083,4609.586,22059,21411.97264299248,1,OVERBOUGHT,OVERBOUGHT,BULLISH,41.158
8098,4609.528,4651.616,4606.87,4638.25,40433,21411.97264299248,1,OVERBOUGHT,OVERBOUGHT,BULLISH,42.205
8099,4638.314,4667.367,4636.421,4654.703,34519,21411.97264299248,1,OVERBOUGHT,OVERBOUGHT,BULLISH,42.173
8100,4654.663,4685.67,4653.59,4682.776,37080,21411.97264299248,2,OVERBOUGHT,OVERBOUGHT,BULLISH,39.776
8101,4682.714,4696.332,4661.87,4680.896,22453,21411.97264299248,2,OVERBOUGHT,OVERBOUGHT,BULLISH,35.987
8102,4680.988,4722.402,4671.824,4710.987,25882,20851.526835723354,2,OVERBOUGHT,OVERBOUGHT,BULLISH,36.62
8103,4711.044,4724.207,4681.262,4692.558,24717,20851.526835723354,1,OVERBOUGHT,OVERBOUGHT,BULLISH,37.78
8104,4692.627,4700.535,4678.219,4681.965,23488,20851.526835723354,2,NEUTRAL,OVERBOUGHT,BULLISH,36.942
8105,4682.039,4733.045,4667.099,4730.476,35769,20851.526835723354,3,OVERBOUGHT,OVERBOUGHT,BULLISH,39.379
8106,4730.533,4747.67,4709.633,4728.583,34209,20851.526835723354,2,OVERBOUGHT,OVERBOUGHT,BULLISH,39.027
8107,4728.641,4738.774,4713.12,4731.247,22717,20851.526835723354,2,NEUTRAL,OVERBOUGHT,BULLISH,37.135
8108,4731.186,4762.899,4724.121,4724.551,42108,20851.526835723354,2,OVERBOUGHT,OVERBOUGHT,BULLISH,37.867
8109,4724.787,4749.39,4715.923,4738.101,32936,20851.526835723354,1,OVERBOUGHT,OVERBOUGHT,BULLISH,37.274
8110,4738.22,4768.907,4724.148,4760.852,33124,20851.526835723354,1,OVERBOUGHT,OVERBOUGHT,BULLISH,37.939
8111,4760.909,4790.756,4758.161,4787.104,33110,20851.526835723354,2,OVERBOUGHT,OVERBOUGHT,BULLISH,38.379
8112,4787.252,4792.885,4741.975,4753.191,35137,20851.526835723354,2,NEUTRAL,OVERBOUGHT,BULLISH,38.82
8113,4753.3,4778.093,4750.947,4756.817,24872,20851.526835723354,2,NEUTRAL,OVERBOUGHT,BULLISH,38.548
8114,4758.857,4800.288,4756.43,4784.598,27719,21268.4092005751,3,OVERBOUGHT,OVERBOUGHT,BULLISH,39.389
8115,4784.449,4786.464,4650.353,4696.477,82421,21268.4092005751,1,NEUTRAL,NEUTRAL,BEARISH,46.65
8116,4696.444,4703.816,4655.035,4686.887,37443,21268.4092005751,1,OVERSOLD,NEUTRAL,BEARISH,46.522
8117,4686.911,4699.316,4657.042,4672.434,29108,21268.4092005751,2,OVERSOLD,OVERSOLD,BEARISH,46.474
8118,4672.494,4680.478,4585.935,4594.056,34035,21268.4092005751,1,OVERSOLD,OVERSOLD,BEARISH,51.633
8119,4594.349,4608.348,4553.758,4599.05,44240,21268.4092005751,1,OVERSOLD,OVERSOLD,BEARISH,50.822
8120,4598.99,4651.185,4597.095,4620.846,38345,21268.4092005751,2,OVERSOLD,OVERSOLD,BEARISH,51.968
8121,4620.636,4635.236,4603.862,4620.579,30053,21268.4092005751,2,OVERSOLD,OVERSOLD,BEARISH,52.377
8122,4620.434,4630.582,4592.684,4602.013,41665,21268.4092005751,2,OVERSOLD,OVERSOLD,BEARISH,52.314
8123,4602.077,4651.334,4580.323,4645.954,59678,21268.4092005751,1,OVERBOUGHT,OVERSOLD,BEARISH,54.996
8124,4646.012,4699.823,4631.623,4681.456,72385,21268.4092005751,1,OVERBOUGHT,NEUTRAL,BEARISH,56.67
8125,4681.556,4684.124,4652.564,4660.855,39191,21268.4092005751,1,NEUTRAL,NEUTRAL,BEARISH,56.596
8126,4660.917,4670.721,4642.724,4658.962,25251,21268.4092005751,1,NEUTRAL,NEUTRAL,BEARISH,54.959
8127,4658.863,4672.161,4645.679,4668.583,33564,21268.4092005751,2,OVERBOUGHT,NEUTRAL,BEARISH,54.912
8128,4668.517,4681.772,4661.433,4675.248,23235,21268.4092005751,2,NEUTRAL,NEUTRAL,BEARISH,53.232
8129,4662.786,4662.786,4605.062,4610.601,30870,19365.346419567948,2,OVERSOLD,NEUTRAL,BEARISH,48.523
8130,4610.685,4629.47,4600.547,4622.285,19433,18732.599141513856,1,OVERSOLD,NEUTRAL,BEARISH,47.105
8131,4622.149,4671.739,4620.561,4648.141,31269,18732.599141513856,2,NEUTRAL,NEUTRAL,BEARISH,47.741
8132,4648.077,4660.089,4625.196,4658.897,20032,18732.599141513856,2,NEUTRAL,NEUTRAL,BEARISH,43.48
8133,4658.903,4678.881,4643.392,4665.842,22409,18732.599141513856,2,NEUTRAL,NEUTRAL,BEARISH,42.116
8134,4665.784,4698.211,4644.963,4695.555,26664,18732.599141513856,2,OVERBOUGHT,OVERBOUGHT,BULLISH,42.056
8135,4695.623,4706.668,4684.766,4689.899,22812,18732.599141513856,2,OVERBOUGHT,OVERBOUGHT,BULLISH,41.379
8136,4689.967,4696.869,4659.499,4675.895,22341,18732.599141513856,2,OVERBOUGHT,OVERBOUGHT,BULLISH,41.341
8137,4675.715,4681.691,4659.661,4679.753,26895,18732.599141513856,1,NEUTRAL,OVERBOUGHT,BULLISH,37.843
8138,4680.125,4697.655,4660.12,4682.902,31166,18732.599141513856,1,NEUTRAL,OVERBOUGHT,BULLISH,35.652
8139,4682.976,4684.002,4652.008,4668.123,20453,18732.599141513856,1,OVERSOLD,OVERBOUGHT,BULLISH,35.683
8140,4668.204,4672.572,4645.687,4653.718,27794,18732.599141513856,2,OVERSOLD,NEUTRAL,BULLISH,35.604
8141,4653.775,4666.588,4645.399,4655.301,19997,18732.599141513856,2,OVERSOLD,NEUTRAL,BEARISH,35.226
8142,4655.267,4667.769,4649.028,4654.995,23812,18957.49049311571,4,OVERSOLD,NEUTRAL,BEARISH,35.112
8143,4654.692,4664.174,4616.266,4626.778,38652,18957.49049311571,1,OVERSOLD,NEUTRAL,BEARISH,33.52
8144,4626.75,4654.068,4619.676,4649.663,25430,18957.49049311571,2,NEUTRAL,NEUTRAL,BEARISH,33.911
8145,4649.489,4664.251,4622.779,4642.825,24281,18957.49049311571,2,NEUTRAL,NEUTRAL,BEARISH,33.218
8146,4643.142,4657.123,4636.63,4645.856,27705,18957.49049311571,2,NEUTRAL,NEUTRAL,BEARISH,32.189
8147,4646.159,4690.709,4644.148,4682.931,25250,18957.49049311571,1,NEUTRAL,NEUTRAL,BEARISH,32.98
8148,4682.909,4694.584,4649.101,4652.178,40486,18957.49049311571,2,NEUTRAL,NEUTRAL,BEARISH,32.425
8149,4652.065,4670.777,4628.627,4651.413,37076,18957.49049311571,2,NEUTRAL,NEUTRAL,BEARISH,33.872
8150,4651.751,4663.167,4635.449,4644.342,27671,18957.49049311571,1,NEUTRAL,NEUTRAL,BEARISH,33.182
8151,4644.08,4661.281,4607.254,4633.392,38226,18957.49049311571,1,NEUTRAL,NEUTRAL,BEARISH,35.468
8152,4633.326,4659.371,4624.816,4655.601,25970,18957.49049311571,1,NEUTRAL,NEUTRAL,BEARISH,35.255
8153,4655.482,4668.329,4652.411,4657.12,20209,18957.49049311571,1,NEUTRAL,NEUTRAL,BEARISH,34.107
8154,4657.1,4686.458,4653.812,4662.318,30924,18957.49049311571,2,NEUTRAL,NEUTRAL,BULLISH,34.518
8155,4662.379,4718.702,4660.69,4700.621,64887,18957.49049311571,1,OVERBOUGHT,NEUTRAL,BULLISH,37.148
8156,4700.684,4819.872,4697.178,4818.159,42965,18957.49049311571,2,OVERBOUGHT,OVERBOUGHT,BULLISH,44.574
8157,4818.321,4836.35,4801.823,4833.203,26762,18957.49049311571,1,OVERBOUGHT,OVERBOUGHT,BULLISH,43.618
8158,4833.471,4857.34,4808.753,4817.738,33056,18732.15806519993,1,OVERBOUGHT,OVERBOUGHT,BULLISH,44.632
8159,4817.682,4825.249,4788.013,4810.231,31153,18732.15806519993,1,OVERBOUGHT,OVERBOUGHT,BULLISH,44.329
8160,4810.151,4825.162,4795.008,4797.596,22972,18732.15806519993,2,OVERBOUGHT,OVERBOUGHT,BULLISH,45.019
8161,4797.615,4843.822,4790.052,4827.893,21767,18732.15806519993,2,NEUTRAL,OVERBOUGHT,BULLISH,45.534
8162,4827.35,4839.718,4805.183,4813.413,30323,18732.15806519993,2,NEUTRAL,OVERBOUGHT,BULLISH,44.752
8163,4813.481,4819.841,4776.158,4783.301,25805,18732.15806519993,2,NEUTRAL,OVERBOUGHT,BULLISH,44.862
8164,4783.257,4802.827,4770.987,4798.457,25447,18732.15806519993,2,NEUTRAL,OVERBOUGHT,BULLISH,45.156
8165,4798.509,4807.082,4768.442,4799.671,23094,18732.15806519993,1,NEUTRAL,OVERBOUGHT,BULLISH,44.057
8166,4799.571,4806.699,4767.58,4777.771,29338,18732.15806519993,1,OVERSOLD,OVERBOUGHT,BULLISH,44.383
8167,4777.822,4791.974,4732.165,4736.428,37104,18732.15806519993,1,OVERSOLD,NEUTRAL,BEARISH,47.518
8168,4736.198,4763.231,4734.248,4756.462,21663,18732.15806519993,1,NEUTRAL,NEUTRAL,BEARISH,47.256
8169,4756.609,4765.618,4731.564,4734.134,29287,18732.15806519993,2,OVERSOLD,NEUTRAL,BEARISH,45.545
8170,4734.058,4744.455,4703.423,4705.432,25625,18732.15806519993,1,OVERSOLD,OVERSOLD,BEARISH,39.712
8171,4705.251,4731.856,4699.492,4730.439,20172,18732.15806519993,1,NEUTRAL,OVERSOLD,BEARISH,39.558
8172,4730.529,4732.601,4704.566,4715.52,21390,18732.15806519993,3,NEUTRAL,OVERSOLD,BEARISH,38.09
8173,4715.678,4728.007,4698.134,4727.112,35096,18134.896979625333,2,NEUTRAL,OVERSOLD,BEARISH,37.564
8174,4727.176,4732.955,4705.164,4711.444,20019,18134.896979625333,2,NEUTRAL,OVERSOLD,BEARISH,37.395
8175,4711.554,4726.65,4703.348,4712.632,31611,18134.896979625333,3,NEUTRAL,OVERSOLD,BEARISH,35.219
8176,4712.569,4733.186,4705.647,4726.249,26019,18134.896979625333,2,NEUTRAL,OVERSOLD,BEARISH,34.719
8177,4726.212,4746.644,4723.063,4741.271,18208,18134.896979625333,2,OVERBOUGHT,OVERSOLD,BEARISH,33.283
8178,4740.971,4759.84,4734.854,4745.755,22870,18134.896979625333,2,NEUTRAL,NEUTRAL,BEARISH,32.793
8179,4745.958,4777.234,4738.555,4764.454,22793,18134.896979625333,1,OVERBOUGHT,NEUTRAL,BEARISH,32.796
8180,4764.512,4776.199,4747.006,4768.249,20185,18134.896979625333,1,OVERBOUGHT,NEUTRAL,BEARISH,32.087
8181,4768.308,4797.98,4761.112,4792.875,21452,18134.896979625333,1,OVERBOUGHT,OVERBOUGHT,BULLISH,30.449
8182,4792.938,4801.202,4784.3,4797.639,24273,18134.896979625333,2,OVERBOUGHT,OVERBOUGHT,BULLISH,29.586
8183,4797.571,4798.155,4766.847,4768.865,39741,18134.896979625333,2,NEUTRAL,OVERBOUGHT,BULLISH,29.389
8184,4768.923,4779.317,4750.691,4762.878,27380,16511.55758474038,4,NEUTRAL,OVERBOUGHT,BULLISH,28.503
